bin Ex Popul. 0- 0+ 1- 1+ 2- 2+ 3- 3+ 4- 4+ 5- 5+ 6- 6+ 7- 7+ 8- 8+ 9- 9+ 

0 0.0 6.482455937092769e-06 0.0 0.0 6.482455937092769e-06 0.0 0.0 0.0 0.0 0.0 0.0 0.0 0.0 0.0 0.0 0.0 0.0 0.0 0.0 0.0 0.0 0.0 
1 0.001 6.483134675406968e-06 0.0 0.0 6.483134675406968e-06 0.0 0.0 0.0 0.0 0.0 0.0 0.0 0.0 0.0 0.0 0.0 0.0 0.0 0.0 0.0 0.0 0.0 
2 0.002 6.484485676987396e-06 0.0 0.0 6.484485676987396e-06 0.0 0.0 0.0 0.0 0.0 0.0 0.0 0.0 0.0 0.0 0.0 0.0 0.0 0.0 0.0 0.0 0.0 
3 0.003 6.486496179453906e-06 0.0 0.0 6.486496179453906e-06 0.0 0.0 0.0 0.0 0.0 0.0 0.0 0.0 0.0 0.0 0.0 0.0 0.0 0.0 0.0 0.0 0.0 
4 0.004 6.4891474994857834e-06 0.0 0.0 6.4891474994857834e-06 0.0 0.0 0.0 0.0 0.0 0.0 0.0 0.0 0.0 0.0 0.0 0.0 0.0 0.0 0.0 0.0 0.0 
5 0.005 6.492415560416691e-06 0.0 0.0 6.492415560416691e-06 0.0 0.0 0.0 0.0 0.0 0.0 0.0 0.0 0.0 0.0 0.0 0.0 0.0 0.0 0.0 0.0 0.0 
6 0.006 6.4962715562907006e-06 0.0 0.0 6.4962715562907006e-06 0.0 0.0 0.0 0.0 0.0 0.0 0.0 0.0 0.0 0.0 0.0 0.0 0.0 0.0 0.0 0.0 0.0 
7 0.007 6.500682721986172e-06 0.0 0.0 6.500682721986172e-06 0.0 0.0 0.0 0.0 0.0 0.0 0.0 0.0 0.0 0.0 0.0 0.0 0.0 0.0 0.0 0.0 0.0 
8 0.008 6.505613175302266e-06 0.0 0.0 6.505613175302266e-06 0.0 0.0 0.0 0.0 0.0 0.0 0.0 0.0 0.0 0.0 0.0 0.0 0.0 0.0 0.0 0.0 0.0 
9 0.009 6.511024795292013e-06 0.0 0.0 6.511024795292013e-06 0.0 0.0 0.0 0.0 0.0 0.0 0.0 0.0 0.0 0.0 0.0 0.0 0.0 0.0 0.0 0.0 0.0 
10 0.01 6.5168781016128295e-06 0.0 0.0 6.5168781016128295e-06 0.0 0.0 0.0 0.0 0.0 0.0 0.0 0.0 0.0 0.0 0.0 0.0 0.0 0.0 0.0 0.0 0.0 
11 0.011 6.523133102090149e-06 0.0 0.0 6.523133102090149e-06 0.0 0.0 0.0 0.0 0.0 0.0 0.0 0.0 0.0 0.0 0.0 0.0 0.0 0.0 0.0 0.0 0.0 
12 0.012 6.529750079759442e-06 0.0 0.0 6.529750079759442e-06 0.0 0.0 0.0 0.0 0.0 0.0 0.0 0.0 0.0 0.0 0.0 0.0 0.0 0.0 0.0 0.0 0.0 
13 0.013 6.536690295972774e-06 0.0 0.0 6.536690295972774e-06 0.0 0.0 0.0 0.0 0.0 0.0 0.0 0.0 0.0 0.0 0.0 0.0 0.0 0.0 0.0 0.0 0.0 
14 0.014 6.543916592276105e-06 0.0 0.0 6.543916592276105e-06 0.0 0.0 0.0 0.0 0.0 0.0 0.0 0.0 0.0 0.0 0.0 0.0 0.0 0.0 0.0 0.0 0.0 
15 0.015 6.551393880213285e-06 0.0 0.0 6.551393880213285e-06 0.0 0.0 0.0 0.0 0.0 0.0 0.0 0.0 0.0 0.0 0.0 0.0 0.0 0.0 0.0 0.0 0.0 
16 0.016 6.5590895145461544e-06 0.0 0.0 6.5590895145461544e-06 0.0 0.0 0.0 0.0 0.0 0.0 0.0 0.0 0.0 0.0 0.0 0.0 0.0 0.0 0.0 0.0 0.0 
17 0.017 6.566973551209015e-06 0.0 0.0 6.566973551209015e-06 0.0 0.0 0.0 0.0 0.0 0.0 0.0 0.0 0.0 0.0 0.0 0.0 0.0 0.0 0.0 0.0 0.0 
18 0.018 6.575018896333461e-06 0.0 0.0 6.575018896333461e-06 0.0 0.0 0.0 0.0 0.0 0.0 0.0 0.0 0.0 0.0 0.0 0.0 0.0 0.0 0.0 0.0 0.0 
19 0.019 6.583201356677245e-06 0.0 0.0 6.583201356677245e-06 0.0 0.0 0.0 0.0 0.0 0.0 0.0 0.0 0.0 0.0 0.0 0.0 0.0 0.0 0.0 0.0 0.0 
20 0.02 6.591499604660591e-06 0.0 0.0 6.591499604660591e-06 0.0 0.0 0.0 0.0 0.0 0.0 0.0 0.0 0.0 0.0 0.0 0.0 0.0 0.0 0.0 0.0 0.0 
21 0.021 6.5998950729430586e-06 0.0 0.0 6.5998950729430586e-06 0.0 0.0 0.0 0.0 0.0 0.0 0.0 0.0 0.0 0.0 0.0 0.0 0.0 0.0 0.0 0.0 0.0 
22 0.022 6.608371794134273e-06 0.0 0.0 6.608371794134273e-06 0.0 0.0 0.0 0.0 0.0 0.0 0.0 0.0 0.0 0.0 0.0 0.0 0.0 0.0 0.0 0.0 0.0 
23 0.023 6.616916200957441e-06 0.0 0.0 6.616916200957441e-06 0.0 0.0 0.0 0.0 0.0 0.0 0.0 0.0 0.0 0.0 0.0 0.0 0.0 0.0 0.0 0.0 0.0 
24 0.024 6.6255169011528875e-06 0.0 0.0 6.6255169011528875e-06 0.0 0.0 0.0 0.0 0.0 0.0 0.0 0.0 0.0 0.0 0.0 0.0 0.0 0.0 0.0 0.0 0.0 
25 0.025 6.634164439819866e-06 0.0 0.0 6.634164439819866e-06 0.0 0.0 0.0 0.0 0.0 0.0 0.0 0.0 0.0 0.0 0.0 0.0 0.0 0.0 0.0 0.0 0.0 
26 0.026 6.642851059949413e-06 0.0 0.0 6.642851059949413e-06 0.0 0.0 0.0 0.0 0.0 0.0 0.0 0.0 0.0 0.0 0.0 0.0 0.0 0.0 0.0 0.0 0.0 
27 0.027 6.651570469787066e-06 0.0 0.0 6.651570469787066e-06 0.0 0.0 0.0 0.0 0.0 0.0 0.0 0.0 0.0 0.0 0.0 0.0 0.0 0.0 0.0 0.0 0.0 
28 0.028 6.660317623543269e-06 0.0 0.0 6.660317623543269e-06 0.0 0.0 0.0 0.0 0.0 0.0 0.0 0.0 0.0 0.0 0.0 0.0 0.0 0.0 0.0 0.0 0.0 
29 0.029 6.669088519969944e-06 0.0 0.0 6.669088519969944e-06 0.0 0.0 0.0 0.0 0.0 0.0 0.0 0.0 0.0 0.0 0.0 0.0 0.0 0.0 0.0 0.0 0.0 
30 0.03 6.677880021536909e-06 0.0 0.0 6.677880021536909e-06 0.0 0.0 0.0 0.0 0.0 0.0 0.0 0.0 0.0 0.0 0.0 0.0 0.0 0.0 0.0 0.0 0.0 
31 0.031 6.68668969542878e-06 0.0 0.0 6.68668969542878e-06 0.0 0.0 0.0 0.0 0.0 0.0 0.0 0.0 0.0 0.0 0.0 0.0 0.0 0.0 0.0 0.0 0.0 
32 0.032 6.695515676367866e-06 0.0 0.0 6.695515676367866e-06 0.0 0.0 0.0 0.0 0.0 0.0 0.0 0.0 0.0 0.0 0.0 0.0 0.0 0.0 0.0 0.0 0.0 
33 0.033 6.704356550350985e-06 0.0 0.0 6.704356550350985e-06 0.0 0.0 0.0 0.0 0.0 0.0 0.0 0.0 0.0 0.0 0.0 0.0 0.0 0.0 0.0 0.0 0.0 
34 0.034 6.713211257747683e-06 0.0 0.0 6.713211257747683e-06 0.0 0.0 0.0 0.0 0.0 0.0 0.0 0.0 0.0 0.0 0.0 0.0 0.0 0.0 0.0 0.0 0.0 
35 0.035 6.722079013810952e-06 0.0 0.0 6.722079013810952e-06 0.0 0.0 0.0 0.0 0.0 0.0 0.0 0.0 0.0 0.0 0.0 0.0 0.0 0.0 0.0 0.0 0.0 
36 0.036 6.7309592444575295e-06 0.0 0.0 6.7309592444575295e-06 0.0 0.0 0.0 0.0 0.0 0.0 0.0 0.0 0.0 0.0 0.0 0.0 0.0 0.0 0.0 0.0 0.0 
37 0.037 6.7398515351401625e-06 0.0 0.0 6.7398515351401625e-06 0.0 0.0 0.0 0.0 0.0 0.0 0.0 0.0 0.0 0.0 0.0 0.0 0.0 0.0 0.0 0.0 0.0 
38 0.038 6.748755590716607e-06 0.0 0.0 6.748755590716607e-06 0.0 0.0 0.0 0.0 0.0 0.0 0.0 0.0 0.0 0.0 0.0 0.0 0.0 0.0 0.0 0.0 0.0 
39 0.039 6.757671204381403e-06 0.0 0.0 6.757671204381403e-06 0.0 0.0 0.0 0.0 0.0 0.0 0.0 0.0 0.0 0.0 0.0 0.0 0.0 0.0 0.0 0.0 0.0 
40 0.04 6.766598233934843e-06 0.0 0.0 6.766598233934843e-06 0.0 0.0 0.0 0.0 0.0 0.0 0.0 0.0 0.0 0.0 0.0 0.0 0.0 0.0 0.0 0.0 0.0 
41 0.041 6.775536492619581e-06 0.0 0.0 6.775536492619581e-06 0.0 0.0 0.0 0.0 0.0 0.0 0.0 0.0 0.0 0.0 0.0 0.0 0.0 0.0 0.0 0.0 0.0 
42 0.042 6.78448585749078e-06 0.0 0.0 6.78448585749078e-06 0.0 0.0 0.0 0.0 0.0 0.0 0.0 0.0 0.0 0.0 0.0 0.0 0.0 0.0 0.0 0.0 0.0 
43 0.042 6.7934463411663635e-06 0.0 0.0 6.7934463411663635e-06 0.0 0.0 0.0 0.0 0.0 0.0 0.0 0.0 0.0 0.0 0.0 0.0 0.0 0.0 0.0 0.0 0.0 
44 0.043 6.8024179562765755e-06 0.0 0.0 6.8024179562765755e-06 0.0 0.0 0.0 0.0 0.0 0.0 0.0 0.0 0.0 0.0 0.0 0.0 0.0 0.0 0.0 0.0 0.0 
45 0.044 6.811400715464009e-06 0.0 0.0 6.811400715464009e-06 0.0 0.0 0.0 0.0 0.0 0.0 0.0 0.0 0.0 0.0 0.0 0.0 0.0 0.0 0.0 0.0 0.0 
46 0.045 6.820394631383604e-06 0.0 0.0 6.820394631383604e-06 0.0 0.0 0.0 0.0 0.0 0.0 0.0 0.0 0.0 0.0 0.0 0.0 0.0 0.0 0.0 0.0 0.0 
47 0.046 6.829399716702652e-06 0.0 0.0 6.829399716702652e-06 0.0 0.0 0.0 0.0 0.0 0.0 0.0 0.0 0.0 0.0 0.0 0.0 0.0 0.0 0.0 0.0 0.0 
48 0.047 6.838415984100822e-06 0.0 0.0 6.838415984100822e-06 0.0 0.0 0.0 0.0 0.0 0.0 0.0 0.0 0.0 0.0 0.0 0.0 0.0 0.0 0.0 0.0 0.0 
49 0.048 6.847443446270148e-06 0.0 0.0 6.847443446270148e-06 0.0 0.0 0.0 0.0 0.0 0.0 0.0 0.0 0.0 0.0 0.0 0.0 0.0 0.0 0.0 0.0 0.0 
50 0.049 6.85648211591505e-06 0.0 0.0 6.85648211591505e-06 0.0 0.0 0.0 0.0 0.0 0.0 0.0 0.0 0.0 0.0 0.0 0.0 0.0 0.0 0.0 0.0 0.0 
51 0.05 6.865532005752343e-06 0.0 0.0 6.865532005752343e-06 0.0 0.0 0.0 0.0 0.0 0.0 0.0 0.0 0.0 0.0 0.0 0.0 0.0 0.0 0.0 0.0 0.0 
52 0.051 6.874593128511238e-06 0.0 0.0 6.874593128511238e-06 0.0 0.0 0.0 0.0 0.0 0.0 0.0 0.0 0.0 0.0 0.0 0.0 0.0 0.0 0.0 0.0 0.0 
53 0.052 6.883665496933358e-06 0.0 0.0 6.883665496933358e-06 0.0 0.0 0.0 0.0 0.0 0.0 0.0 0.0 0.0 0.0 0.0 0.0 0.0 0.0 0.0 0.0 0.0 
54 0.053 6.8927491237727444e-06 0.0 0.0 6.8927491237727444e-06 0.0 0.0 0.0 0.0 0.0 0.0 0.0 0.0 0.0 0.0 0.0 0.0 0.0 0.0 0.0 0.0 0.0 
55 0.054 6.9018440217958595e-06 0.0 0.0 6.9018440217958595e-06 0.0 0.0 0.0 0.0 0.0 0.0 0.0 0.0 0.0 0.0 0.0 0.0 0.0 0.0 0.0 0.0 0.0 
56 0.055 6.910950203781603e-06 0.0 0.0 6.910950203781603e-06 0.0 0.0 0.0 0.0 0.0 0.0 0.0 0.0 0.0 0.0 0.0 0.0 0.0 0.0 0.0 0.0 0.0 
57 0.056 6.920067682521321e-06 0.0 0.0 6.920067682521321e-06 0.0 0.0 0.0 0.0 0.0 0.0 0.0 0.0 0.0 0.0 0.0 0.0 0.0 0.0 0.0 0.0 0.0 
58 0.057 6.92919647081881e-06 0.0 0.0 6.92919647081881e-06 0.0 0.0 0.0 0.0 0.0 0.0 0.0 0.0 0.0 0.0 0.0 0.0 0.0 0.0 0.0 0.0 0.0 
59 0.058 6.938336581490319e-06 0.0 0.0 6.938336581490319e-06 0.0 0.0 0.0 0.0 0.0 0.0 0.0 0.0 0.0 0.0 0.0 0.0 0.0 0.0 0.0 0.0 0.0 
60 0.059 6.947488027364579e-06 0.0 0.0 6.947488027364579e-06 0.0 0.0 0.0 0.0 0.0 0.0 0.0 0.0 0.0 0.0 0.0 0.0 0.0 0.0 0.0 0.0 0.0 
61 0.06 6.956650821282791e-06 0.0 0.0 6.956650821282791e-06 0.0 0.0 0.0 0.0 0.0 0.0 0.0 0.0 0.0 0.0 0.0 0.0 0.0 0.0 0.0 0.0 0.0 
62 0.061 6.9658249760986415e-06 0.0 0.0 6.9658249760986415e-06 0.0 0.0 0.0 0.0 0.0 0.0 0.0 0.0 0.0 0.0 0.0 0.0 0.0 0.0 0.0 0.0 0.0 
63 0.062 6.975010504678313e-06 0.0 0.0 6.975010504678313e-06 0.0 0.0 0.0 0.0 0.0 0.0 0.0 0.0 0.0 0.0 0.0 0.0 0.0 0.0 0.0 0.0 0.0 
64 0.063 6.984207419900492e-06 0.0 0.0 6.984207419900492e-06 0.0 0.0 0.0 0.0 0.0 0.0 0.0 0.0 0.0 0.0 0.0 0.0 0.0 0.0 0.0 0.0 0.0 
65 0.064 6.993415734656376e-06 0.0 0.0 6.993415734656376e-06 0.0 0.0 0.0 0.0 0.0 0.0 0.0 0.0 0.0 0.0 0.0 0.0 0.0 0.0 0.0 0.0 0.0 
66 0.065 7.002635461849681e-06 0.0 0.0 7.002635461849681e-06 0.0 0.0 0.0 0.0 0.0 0.0 0.0 0.0 0.0 0.0 0.0 0.0 0.0 0.0 0.0 0.0 0.0 
67 0.066 7.011866614396656e-06 0.0 0.0 7.011866614396656e-06 0.0 0.0 0.0 0.0 0.0 0.0 0.0 0.0 0.0 0.0 0.0 0.0 0.0 0.0 0.0 0.0 0.0 
68 0.067 7.021109205226082e-06 0.0 0.0 7.021109205226082e-06 0.0 0.0 0.0 0.0 0.0 0.0 0.0 0.0 0.0 0.0 0.0 0.0 0.0 0.0 0.0 0.0 0.0 
69 0.068 7.030363247279291e-06 0.0 0.0 7.030363247279291e-06 0.0 0.0 0.0 0.0 0.0 0.0 0.0 0.0 0.0 0.0 0.0 0.0 0.0 0.0 0.0 0.0 0.0 
70 0.069 7.039628753510167e-06 0.0 0.0 7.039628753510167e-06 0.0 0.0 0.0 0.0 0.0 0.0 0.0 0.0 0.0 0.0 0.0 0.0 0.0 0.0 0.0 0.0 0.0 
71 0.07 7.048905736885157e-06 0.0 0.0 7.048905736885157e-06 0.0 0.0 0.0 0.0 0.0 0.0 0.0 0.0 0.0 0.0 0.0 0.0 0.0 0.0 0.0 0.0 0.0 
72 0.071 7.058194210383277e-06 0.0 0.0 7.058194210383277e-06 0.0 0.0 0.0 0.0 0.0 0.0 0.0 0.0 0.0 0.0 0.0 0.0 0.0 0.0 0.0 0.0 0.0 
73 0.072 7.067494186996126e-06 0.0 0.0 7.067494186996126e-06 0.0 0.0 0.0 0.0 0.0 0.0 0.0 0.0 0.0 0.0 0.0 0.0 0.0 0.0 0.0 0.0 0.0 
74 0.073 7.076805679727897e-06 0.0 0.0 7.076805679727897e-06 0.0 0.0 0.0 0.0 0.0 0.0 0.0 0.0 0.0 0.0 0.0 0.0 0.0 0.0 0.0 0.0 0.0 
75 0.074 7.086128701595367e-06 0.0 0.0 7.086128701595367e-06 0.0 0.0 0.0 0.0 0.0 0.0 0.0 0.0 0.0 0.0 0.0 0.0 0.0 0.0 0.0 0.0 0.0 
76 0.075 7.095463265627932e-06 0.0 0.0 7.095463265627932e-06 0.0 0.0 0.0 0.0 0.0 0.0 0.0 0.0 0.0 0.0 0.0 0.0 0.0 0.0 0.0 0.0 0.0 
77 0.076 7.104809384867595e-06 0.0 0.0 7.104809384867595e-06 0.0 0.0 0.0 0.0 0.0 0.0 0.0 0.0 0.0 0.0 0.0 0.0 0.0 0.0 0.0 0.0 0.0 
78 0.077 7.114167072368981e-06 0.0 0.0 7.114167072368981e-06 0.0 0.0 0.0 0.0 0.0 0.0 0.0 0.0 0.0 0.0 0.0 0.0 0.0 0.0 0.0 0.0 0.0 
79 0.078 7.123536341199349e-06 0.0 0.0 7.123536341199349e-06 0.0 0.0 0.0 0.0 0.0 0.0 0.0 0.0 0.0 0.0 0.0 0.0 0.0 0.0 0.0 0.0 0.0 
80 0.079 7.132917204438602e-06 0.0 0.0 7.132917204438602e-06 0.0 0.0 0.0 0.0 0.0 0.0 0.0 0.0 0.0 0.0 0.0 0.0 0.0 0.0 0.0 0.0 0.0 
81 0.08 7.14230967517928e-06 0.0 0.0 7.14230967517928e-06 0.0 0.0 0.0 0.0 0.0 0.0 0.0 0.0 0.0 0.0 0.0 0.0 0.0 0.0 0.0 0.0 0.0 
82 0.081 7.1517137665265934e-06 0.0 0.0 7.1517137665265934e-06 0.0 0.0 0.0 0.0 0.0 0.0 0.0 0.0 0.0 0.0 0.0 0.0 0.0 0.0 0.0 0.0 0.0 
83 0.082 7.161129491598406e-06 0.0 0.0 7.161129491598406e-06 0.0 0.0 0.0 0.0 0.0 0.0 0.0 0.0 0.0 0.0 0.0 0.0 0.0 0.0 0.0 0.0 0.0 
84 0.083 7.170556863525267e-06 0.0 0.0 7.170556863525267e-06 0.0 0.0 0.0 0.0 0.0 0.0 0.0 0.0 0.0 0.0 0.0 0.0 0.0 0.0 0.0 0.0 0.0 
85 0.084 7.179995895450399e-06 0.0 0.0 7.179995895450399e-06 0.0 0.0 0.0 0.0 0.0 0.0 0.0 0.0 0.0 0.0 0.0 0.0 0.0 0.0 0.0 0.0 0.0 
86 0.085 7.189446600529718e-06 0.0 0.0 7.189446600529718e-06 0.0 0.0 0.0 0.0 0.0 0.0 0.0 0.0 0.0 0.0 0.0 0.0 0.0 0.0 0.0 0.0 0.0 
87 0.086 7.198908991931842e-06 0.0 0.0 7.198908991931842e-06 0.0 0.0 0.0 0.0 0.0 0.0 0.0 0.0 0.0 0.0 0.0 0.0 0.0 0.0 0.0 0.0 0.0 
88 0.087 7.208383082838097e-06 0.0 0.0 7.208383082838097e-06 0.0 0.0 0.0 0.0 0.0 0.0 0.0 0.0 0.0 0.0 0.0 0.0 0.0 0.0 0.0 0.0 0.0 
89 0.088 7.217868886442523e-06 0.0 0.0 7.217868886442523e-06 0.0 0.0 0.0 0.0 0.0 0.0 0.0 0.0 0.0 0.0 0.0 0.0 0.0 0.0 0.0 0.0 0.0 
90 0.089 7.227366415951886e-06 0.0 0.0 7.227366415951886e-06 0.0 0.0 0.0 0.0 0.0 0.0 0.0 0.0 0.0 0.0 0.0 0.0 0.0 0.0 0.0 0.0 0.0 
91 0.09 7.236875684585689e-06 0.0 0.0 7.236875684585689e-06 0.0 0.0 0.0 0.0 0.0 0.0 0.0 0.0 0.0 0.0 0.0 0.0 0.0 0.0 0.0 0.0 0.0 
92 0.091 7.246396705576171e-06 0.0 0.0 7.246396705576171e-06 0.0 0.0 0.0 0.0 0.0 0.0 0.0 0.0 0.0 0.0 0.0 0.0 0.0 0.0 0.0 0.0 0.0 
93 0.092 7.255929492168329e-06 0.0 0.0 7.255929492168329e-06 0.0 0.0 0.0 0.0 0.0 0.0 0.0 0.0 0.0 0.0 0.0 0.0 0.0 0.0 0.0 0.0 0.0 
94 0.093 7.265474057619913e-06 0.0 0.0 7.265474057619913e-06 0.0 0.0 0.0 0.0 0.0 0.0 0.0 0.0 0.0 0.0 0.0 0.0 0.0 0.0 0.0 0.0 0.0 
95 0.094 7.275030415201444e-06 0.0 0.0 7.275030415201444e-06 0.0 0.0 0.0 0.0 0.0 0.0 0.0 0.0 0.0 0.0 0.0 0.0 0.0 0.0 0.0 0.0 0.0 
96 0.095 7.2845985781962205e-06 0.0 0.0 7.2845985781962205e-06 0.0 0.0 0.0 0.0 0.0 0.0 0.0 0.0 0.0 0.0 0.0 0.0 0.0 0.0 0.0 0.0 0.0 
97 0.096 7.294178559900323e-06 0.0 0.0 7.294178559900323e-06 0.0 0.0 0.0 0.0 0.0 0.0 0.0 0.0 0.0 0.0 0.0 0.0 0.0 0.0 0.0 0.0 0.0 
98 0.097 7.3037703736226245e-06 0.0 0.0 7.3037703736226245e-06 0.0 0.0 0.0 0.0 0.0 0.0 0.0 0.0 0.0 0.0 0.0 0.0 0.0 0.0 0.0 0.0 0.0 
99 0.098 7.313374032684803e-06 0.0 0.0 7.313374032684803e-06 0.0 0.0 0.0 0.0 0.0 0.0 0.0 0.0 0.0 0.0 0.0 0.0 0.0 0.0 0.0 0.0 0.0 
100 0.099 7.322989550421349e-06 0.0 0.0 7.322989550421349e-06 0.0 0.0 0.0 0.0 0.0 0.0 0.0 0.0 0.0 0.0 0.0 0.0 0.0 0.0 0.0 0.0 0.0 
101 0.1 7.332616940179567e-06 0.0 0.0 7.332616940179567e-06 0.0 0.0 0.0 0.0 0.0 0.0 0.0 0.0 0.0 0.0 0.0 0.0 0.0 0.0 0.0 0.0 0.0 
102 0.101 7.342256215319585e-06 0.0 0.0 7.342256215319585e-06 0.0 0.0 0.0 0.0 0.0 0.0 0.0 0.0 0.0 0.0 0.0 0.0 0.0 0.0 0.0 0.0 0.0 
103 0.102 7.351907389214379e-06 0.0 0.0 7.351907389214379e-06 0.0 0.0 0.0 0.0 0.0 0.0 0.0 0.0 0.0 0.0 0.0 0.0 0.0 0.0 0.0 0.0 0.0 
104 0.103 7.36157047524976e-06 0.0 0.0 7.36157047524976e-06 0.0 0.0 0.0 0.0 0.0 0.0 0.0 0.0 0.0 0.0 0.0 0.0 0.0 0.0 0.0 0.0 0.0 
105 0.104 7.371245486824394e-06 0.0 0.0 7.371245486824394e-06 0.0 0.0 0.0 0.0 0.0 0.0 0.0 0.0 0.0 0.0 0.0 0.0 0.0 0.0 0.0 0.0 0.0 
106 0.105 7.380932437349807e-06 0.0 0.0 7.380932437349807e-06 0.0 0.0 0.0 0.0 0.0 0.0 0.0 0.0 0.0 0.0 0.0 0.0 0.0 0.0 0.0 0.0 0.0 
107 0.106 7.390631340250406e-06 0.0 0.0 7.390631340250406e-06 0.0 0.0 0.0 0.0 0.0 0.0 0.0 0.0 0.0 0.0 0.0 0.0 0.0 0.0 0.0 0.0 0.0 
108 0.107 7.400342208963458e-06 0.0 0.0 7.400342208963458e-06 0.0 0.0 0.0 0.0 0.0 0.0 0.0 0.0 0.0 0.0 0.0 0.0 0.0 0.0 0.0 0.0 0.0 
109 0.108 7.41006505693913e-06 0.0 0.0 7.41006505693913e-06 0.0 0.0 0.0 0.0 0.0 0.0 0.0 0.0 0.0 0.0 0.0 0.0 0.0 0.0 0.0 0.0 0.0 
110 0.109 7.4197998976404785e-06 0.0 0.0 7.4197998976404785e-06 0.0 0.0 0.0 0.0 0.0 0.0 0.0 0.0 0.0 0.0 0.0 0.0 0.0 0.0 0.0 0.0 0.0 
111 0.11 7.429546744543469e-06 0.0 0.0 7.429546744543469e-06 0.0 0.0 0.0 0.0 0.0 0.0 0.0 0.0 0.0 0.0 0.0 0.0 0.0 0.0 0.0 0.0 0.0 
112 0.111 7.439305611136976e-06 0.0 0.0 7.439305611136976e-06 0.0 0.0 0.0 0.0 0.0 0.0 0.0 0.0 0.0 0.0 0.0 0.0 0.0 0.0 0.0 0.0 0.0 
113 0.112 7.449076510922792e-06 0.0 0.0 7.449076510922792e-06 0.0 0.0 0.0 0.0 0.0 0.0 0.0 0.0 0.0 0.0 0.0 0.0 0.0 0.0 0.0 0.0 0.0 
114 0.113 7.458859457415644e-06 0.0 0.0 7.458859457415644e-06 0.0 0.0 0.0 0.0 0.0 0.0 0.0 0.0 0.0 0.0 0.0 0.0 0.0 0.0 0.0 0.0 0.0 
115 0.114 7.468654464143195e-06 0.0 0.0 7.468654464143195e-06 0.0 0.0 0.0 0.0 0.0 0.0 0.0 0.0 0.0 0.0 0.0 0.0 0.0 0.0 0.0 0.0 0.0 
116 0.115 7.478461544646054e-06 0.0 0.0 7.478461544646054e-06 0.0 0.0 0.0 0.0 0.0 0.0 0.0 0.0 0.0 0.0 0.0 0.0 0.0 0.0 0.0 0.0 0.0 
117 0.116 7.488280712477786e-06 0.0 0.0 7.488280712477786e-06 0.0 0.0 0.0 0.0 0.0 0.0 0.0 0.0 0.0 0.0 0.0 0.0 0.0 0.0 0.0 0.0 0.0 
118 0.117 7.498111981204917e-06 0.0 0.0 7.498111981204917e-06 0.0 0.0 0.0 0.0 0.0 0.0 0.0 0.0 0.0 0.0 0.0 0.0 0.0 0.0 0.0 0.0 0.0 
119 0.118 7.5079553644069445e-06 0.0 0.0 7.5079553644069445e-06 0.0 0.0 0.0 0.0 0.0 0.0 0.0 0.0 0.0 0.0 0.0 0.0 0.0 0.0 0.0 0.0 0.0 
120 0.119 7.517810875676353e-06 0.0 0.0 7.517810875676353e-06 0.0 0.0 0.0 0.0 0.0 0.0 0.0 0.0 0.0 0.0 0.0 0.0 0.0 0.0 0.0 0.0 0.0 
121 0.12 7.527678528618606e-06 0.0 0.0 7.527678528618606e-06 0.0 0.0 0.0 0.0 0.0 0.0 0.0 0.0 0.0 0.0 0.0 0.0 0.0 0.0 0.0 0.0 0.0 
122 0.121 7.537558336852168e-06 0.0 0.0 7.537558336852168e-06 0.0 0.0 0.0 0.0 0.0 0.0 0.0 0.0 0.0 0.0 0.0 0.0 0.0 0.0 0.0 0.0 0.0 
123 0.122 7.547450314008511e-06 0.0 0.0 7.547450314008511e-06 0.0 0.0 0.0 0.0 0.0 0.0 0.0 0.0 0.0 0.0 0.0 0.0 0.0 0.0 0.0 0.0 0.0 
124 0.123 7.557354473732124e-06 0.0 0.0 7.557354473732124e-06 0.0 0.0 0.0 0.0 0.0 0.0 0.0 0.0 0.0 0.0 0.0 0.0 0.0 0.0 0.0 0.0 0.0 
125 0.124 7.567270829680507e-06 0.0 0.0 7.567270829680507e-06 0.0 0.0 0.0 0.0 0.0 0.0 0.0 0.0 0.0 0.0 0.0 0.0 0.0 0.0 0.0 0.0 0.0 
126 0.125 7.577199395524206e-06 0.0 0.0 7.577199395524206e-06 0.0 0.0 0.0 0.0 0.0 0.0 0.0 0.0 0.0 0.0 0.0 0.0 0.0 0.0 0.0 0.0 0.0 
127 0.125 7.587140184946792e-06 0.0 0.0 7.587140184946792e-06 0.0 0.0 0.0 0.0 0.0 0.0 0.0 0.0 0.0 0.0 0.0 0.0 0.0 0.0 0.0 0.0 0.0 
128 0.126 7.597093211644895e-06 0.0 0.0 7.597093211644895e-06 0.0 0.0 0.0 0.0 0.0 0.0 0.0 0.0 0.0 0.0 0.0 0.0 0.0 0.0 0.0 0.0 0.0 
129 0.127 7.6070584893281965e-06 0.0 0.0 7.6070584893281965e-06 0.0 0.0 0.0 0.0 0.0 0.0 0.0 0.0 0.0 0.0 0.0 0.0 0.0 0.0 0.0 0.0 0.0 
130 0.128 7.617036031719444e-06 0.0 0.0 7.617036031719444e-06 0.0 0.0 0.0 0.0 0.0 0.0 0.0 0.0 0.0 0.0 0.0 0.0 0.0 0.0 0.0 0.0 0.0 
131 0.129 7.6270258525544595e-06 0.0 0.0 7.6270258525544595e-06 0.0 0.0 0.0 0.0 0.0 0.0 0.0 0.0 0.0 0.0 0.0 0.0 0.0 0.0 0.0 0.0 0.0 
132 0.13 7.637027965582142e-06 0.0 0.0 7.637027965582142e-06 0.0 0.0 0.0 0.0 0.0 0.0 0.0 0.0 0.0 0.0 0.0 0.0 0.0 0.0 0.0 0.0 0.0 
133 0.131 7.647042384564488e-06 0.0 0.0 7.647042384564488e-06 0.0 0.0 0.0 0.0 0.0 0.0 0.0 0.0 0.0 0.0 0.0 0.0 0.0 0.0 0.0 0.0 0.0 
134 0.132 7.657069123276586e-06 0.0 0.0 7.657069123276586e-06 0.0 0.0 0.0 0.0 0.0 0.0 0.0 0.0 0.0 0.0 0.0 0.0 0.0 0.0 0.0 0.0 0.0 
135 0.133 7.667108195506634e-06 0.0 0.0 7.667108195506634e-06 0.0 0.0 0.0 0.0 0.0 0.0 0.0 0.0 0.0 0.0 0.0 0.0 0.0 0.0 0.0 0.0 0.0 
136 0.134 7.677159615055947e-06 0.0 0.0 7.677159615055947e-06 0.0 0.0 0.0 0.0 0.0 0.0 0.0 0.0 0.0 0.0 0.0 0.0 0.0 0.0 0.0 0.0 0.0 
137 0.135 7.687223395738963e-06 0.0 0.0 7.687223395738963e-06 0.0 0.0 0.0 0.0 0.0 0.0 0.0 0.0 0.0 0.0 0.0 0.0 0.0 0.0 0.0 0.0 0.0 
138 0.136 7.697299551383253e-06 0.0 0.0 7.697299551383253e-06 0.0 0.0 0.0 0.0 0.0 0.0 0.0 0.0 0.0 0.0 0.0 0.0 0.0 0.0 0.0 0.0 0.0 
139 0.137 7.707388095829527e-06 0.0 0.0 7.707388095829527e-06 0.0 0.0 0.0 0.0 0.0 0.0 0.0 0.0 0.0 0.0 0.0 0.0 0.0 0.0 0.0 0.0 0.0 
140 0.138 7.717489042931647e-06 0.0 0.0 7.717489042931647e-06 0.0 0.0 0.0 0.0 0.0 0.0 0.0 0.0 0.0 0.0 0.0 0.0 0.0 0.0 0.0 0.0 0.0 
141 0.139 7.727602406556629e-06 0.0 0.0 7.727602406556629e-06 0.0 0.0 0.0 0.0 0.0 0.0 0.0 0.0 0.0 0.0 0.0 0.0 0.0 0.0 0.0 0.0 0.0 
142 0.14 7.73772820058466e-06 0.0 0.0 7.73772820058466e-06 0.0 0.0 0.0 0.0 0.0 0.0 0.0 0.0 0.0 0.0 0.0 0.0 0.0 0.0 0.0 0.0 0.0 
143 0.141 7.7478664389091e-06 0.0 0.0 7.7478664389091e-06 0.0 0.0 0.0 0.0 0.0 0.0 0.0 0.0 0.0 0.0 0.0 0.0 0.0 0.0 0.0 0.0 0.0 
144 0.142 7.758017135436485e-06 0.0 0.0 7.758017135436485e-06 0.0 0.0 0.0 0.0 0.0 0.0 0.0 0.0 0.0 0.0 0.0 0.0 0.0 0.0 0.0 0.0 0.0 
145 0.143 7.768180304086553e-06 0.0 0.0 7.768180304086553e-06 0.0 0.0 0.0 0.0 0.0 0.0 0.0 0.0 0.0 0.0 0.0 0.0 0.0 0.0 0.0 0.0 0.0 
146 0.144 7.778355958792238e-06 0.0 0.0 7.778355958792238e-06 0.0 0.0 0.0 0.0 0.0 0.0 0.0 0.0 0.0 0.0 0.0 0.0 0.0 0.0 0.0 0.0 0.0 
147 0.145 7.788544113499683e-06 0.0 0.0 7.788544113499683e-06 0.0 0.0 0.0 0.0 0.0 0.0 0.0 0.0 0.0 0.0 0.0 0.0 0.0 0.0 0.0 0.0 0.0 
148 0.146 7.798744782168239e-06 0.0 0.0 7.798744782168239e-06 0.0 0.0 0.0 0.0 0.0 0.0 0.0 0.0 0.0 0.0 0.0 0.0 0.0 0.0 0.0 0.0 0.0 
149 0.147 7.808957978770496e-06 0.0 0.0 7.808957978770496e-06 0.0 0.0 0.0 0.0 0.0 0.0 0.0 0.0 0.0 0.0 0.0 0.0 0.0 0.0 0.0 0.0 0.0 
150 0.148 7.819183717292272e-06 0.0 0.0 7.819183717292272e-06 0.0 0.0 0.0 0.0 0.0 0.0 0.0 0.0 0.0 0.0 0.0 0.0 0.0 0.0 0.0 0.0 0.0 
151 0.149 7.829422011732621e-06 0.0 0.0 7.829422011732621e-06 0.0 0.0 0.0 0.0 0.0 0.0 0.0 0.0 0.0 0.0 0.0 0.0 0.0 0.0 0.0 0.0 0.0 
152 0.15 7.839672876103854e-06 0.0 0.0 7.839672876103854e-06 0.0 0.0 0.0 0.0 0.0 0.0 0.0 0.0 0.0 0.0 0.0 0.0 0.0 0.0 0.0 0.0 0.0 
153 0.151 7.849936324431538e-06 0.0 0.0 7.849936324431538e-06 0.0 0.0 0.0 0.0 0.0 0.0 0.0 0.0 0.0 0.0 0.0 0.0 0.0 0.0 0.0 0.0 0.0 
154 0.152 7.860212370754513e-06 0.0 0.0 7.860212370754513e-06 0.0 0.0 0.0 0.0 0.0 0.0 0.0 0.0 0.0 0.0 0.0 0.0 0.0 0.0 0.0 0.0 0.0 
155 0.153 7.87050102912488e-06 0.0 0.0 7.87050102912488e-06 0.0 0.0 0.0 0.0 0.0 0.0 0.0 0.0 0.0 0.0 0.0 0.0 0.0 0.0 0.0 0.0 0.0 
156 0.154 7.880802313608043e-06 0.0 0.0 7.880802313608043e-06 0.0 0.0 0.0 0.0 0.0 0.0 0.0 0.0 0.0 0.0 0.0 0.0 0.0 0.0 0.0 0.0 0.0 
157 0.155 7.891116238282686e-06 0.0 0.0 7.891116238282686e-06 0.0 0.0 0.0 0.0 0.0 0.0 0.0 0.0 0.0 0.0 0.0 0.0 0.0 0.0 0.0 0.0 0.0 
158 0.156 7.90144281724079e-06 0.0 0.0 7.90144281724079e-06 0.0 0.0 0.0 0.0 0.0 0.0 0.0 0.0 0.0 0.0 0.0 0.0 0.0 0.0 0.0 0.0 0.0 
159 0.157 7.911782064587658e-06 0.0 0.0 7.911782064587658e-06 0.0 0.0 0.0 0.0 0.0 0.0 0.0 0.0 0.0 0.0 0.0 0.0 0.0 0.0 0.0 0.0 0.0 
160 0.158 7.9221339944419e-06 0.0 0.0 7.9221339944419e-06 0.0 0.0 0.0 0.0 0.0 0.0 0.0 0.0 0.0 0.0 0.0 0.0 0.0 0.0 0.0 0.0 0.0 
161 0.159 7.932498620935463e-06 0.0 0.0 7.932498620935463e-06 0.0 0.0 0.0 0.0 0.0 0.0 0.0 0.0 0.0 0.0 0.0 0.0 0.0 0.0 0.0 0.0 0.0 
162 0.16 7.94287595821361e-06 0.0 0.0 7.94287595821361e-06 0.0 0.0 0.0 0.0 0.0 0.0 0.0 0.0 0.0 0.0 0.0 0.0 0.0 0.0 0.0 0.0 0.0 
163 0.161 7.953266020434967e-06 0.0 0.0 7.953266020434967e-06 0.0 0.0 0.0 0.0 0.0 0.0 0.0 0.0 0.0 0.0 0.0 0.0 0.0 0.0 0.0 0.0 0.0 
164 0.162 7.9636688217715e-06 0.0 0.0 7.9636688217715e-06 0.0 0.0 0.0 0.0 0.0 0.0 0.0 0.0 0.0 0.0 0.0 0.0 0.0 0.0 0.0 0.0 0.0 
165 0.163 7.974084376408528e-06 0.0 0.0 7.974084376408528e-06 0.0 0.0 0.0 0.0 0.0 0.0 0.0 0.0 0.0 0.0 0.0 0.0 0.0 0.0 0.0 0.0 0.0 
166 0.164 7.984512698544754e-06 0.0 0.0 7.984512698544754e-06 0.0 0.0 0.0 0.0 0.0 0.0 0.0 0.0 0.0 0.0 0.0 0.0 0.0 0.0 0.0 0.0 0.0 
167 0.165 7.994953802392244e-06 0.0 0.0 7.994953802392244e-06 0.0 0.0 0.0 0.0 0.0 0.0 0.0 0.0 0.0 0.0 0.0 0.0 0.0 0.0 0.0 0.0 0.0 
168 0.166 8.005407702176455e-06 0.0 0.0 8.005407702176455e-06 0.0 0.0 0.0 0.0 0.0 0.0 0.0 0.0 0.0 0.0 0.0 0.0 0.0 0.0 0.0 0.0 0.0 
169 0.167 8.015874412136233e-06 0.0 0.0 8.015874412136233e-06 0.0 0.0 0.0 0.0 0.0 0.0 0.0 0.0 0.0 0.0 0.0 0.0 0.0 0.0 0.0 0.0 0.0 
170 0.168 8.026353946523828e-06 0.0 0.0 8.026353946523828e-06 0.0 0.0 0.0 0.0 0.0 0.0 0.0 0.0 0.0 0.0 0.0 0.0 0.0 0.0 0.0 0.0 0.0 
171 0.169 8.036846319604896e-06 0.0 0.0 8.036846319604896e-06 0.0 0.0 0.0 0.0 0.0 0.0 0.0 0.0 0.0 0.0 0.0 0.0 0.0 0.0 0.0 0.0 0.0 
172 0.17 8.047351545658516e-06 0.0 0.0 8.047351545658516e-06 0.0 0.0 0.0 0.0 0.0 0.0 0.0 0.0 0.0 0.0 0.0 0.0 0.0 0.0 0.0 0.0 0.0 
173 0.171 8.05786963897719e-06 0.0 0.0 8.05786963897719e-06 0.0 0.0 0.0 0.0 0.0 0.0 0.0 0.0 0.0 0.0 0.0 0.0 0.0 0.0 0.0 0.0 0.0 
174 0.172 8.068400613866851e-06 0.0 0.0 8.068400613866851e-06 0.0 0.0 0.0 0.0 0.0 0.0 0.0 0.0 0.0 0.0 0.0 0.0 0.0 0.0 0.0 0.0 0.0 
175 0.173 8.07894448464688e-06 0.0 0.0 8.07894448464688e-06 0.0 0.0 0.0 0.0 0.0 0.0 0.0 0.0 0.0 0.0 0.0 0.0 0.0 0.0 0.0 0.0 0.0 
176 0.174 8.08950126565011e-06 0.0 0.0 8.08950126565011e-06 0.0 0.0 0.0 0.0 0.0 0.0 0.0 0.0 0.0 0.0 0.0 0.0 0.0 0.0 0.0 0.0 0.0 
177 0.175 8.100070971222831e-06 0.0 0.0 8.100070971222831e-06 0.0 0.0 0.0 0.0 0.0 0.0 0.0 0.0 0.0 0.0 0.0 0.0 0.0 0.0 0.0 0.0 0.0 
178 0.176 8.1106536157248e-06 0.0 0.0 8.1106536157248e-06 0.0 0.0 0.0 0.0 0.0 0.0 0.0 0.0 0.0 0.0 0.0 0.0 0.0 0.0 0.0 0.0 0.0 
179 0.177 8.121249213529249e-06 0.0 0.0 8.121249213529249e-06 0.0 0.0 0.0 0.0 0.0 0.0 0.0 0.0 0.0 0.0 0.0 0.0 0.0 0.0 0.0 0.0 0.0 
180 0.178 8.1318577790229e-06 0.0 0.0 8.1318577790229e-06 0.0 0.0 0.0 0.0 0.0 0.0 0.0 0.0 0.0 0.0 0.0 0.0 0.0 0.0 0.0 0.0 0.0 
181 0.179 8.142479326605963e-06 0.0 0.0 8.142479326605963e-06 0.0 0.0 0.0 0.0 0.0 0.0 0.0 0.0 0.0 0.0 0.0 0.0 0.0 0.0 0.0 0.0 0.0 
182 0.18 8.153113870692148e-06 0.0 0.0 8.153113870692148e-06 0.0 0.0 0.0 0.0 0.0 0.0 0.0 0.0 0.0 0.0 0.0 0.0 0.0 0.0 0.0 0.0 0.0 
183 0.181 8.16376142570868e-06 0.0 0.0 8.16376142570868e-06 0.0 0.0 0.0 0.0 0.0 0.0 0.0 0.0 0.0 0.0 0.0 0.0 0.0 0.0 0.0 0.0 0.0 
184 0.182 8.1744220060963e-06 0.0 0.0 8.1744220060963e-06 0.0 0.0 0.0 0.0 0.0 0.0 0.0 0.0 0.0 0.0 0.0 0.0 0.0 0.0 0.0 0.0 0.0 
185 0.183 8.185095626309272e-06 0.0 0.0 8.185095626309272e-06 0.0 0.0 0.0 0.0 0.0 0.0 0.0 0.0 0.0 0.0 0.0 0.0 0.0 0.0 0.0 0.0 0.0 
186 0.184 8.195782300815396e-06 0.0 0.0 8.195782300815396e-06 0.0 0.0 0.0 0.0 0.0 0.0 0.0 0.0 0.0 0.0 0.0 0.0 0.0 0.0 0.0 0.0 0.0 
187 0.185 8.206482044096016e-06 0.0 0.0 8.206482044096016e-06 0.0 0.0 0.0 0.0 0.0 0.0 0.0 0.0 0.0 0.0 0.0 0.0 0.0 0.0 0.0 0.0 0.0 
188 0.186 8.217194870646022e-06 0.0 0.0 8.217194870646022e-06 0.0 0.0 0.0 0.0 0.0 0.0 0.0 0.0 0.0 0.0 0.0 0.0 0.0 0.0 0.0 0.0 0.0 
189 0.187 8.227920794973868e-06 0.0 0.0 8.227920794973868e-06 0.0 0.0 0.0 0.0 0.0 0.0 0.0 0.0 0.0 0.0 0.0 0.0 0.0 0.0 0.0 0.0 0.0 
190 0.188 8.238659831601578e-06 0.0 0.0 8.238659831601578e-06 0.0 0.0 0.0 0.0 0.0 0.0 0.0 0.0 0.0 0.0 0.0 0.0 0.0 0.0 0.0 0.0 0.0 
191 0.189 8.249411995064751e-06 0.0 0.0 8.249411995064751e-06 0.0 0.0 0.0 0.0 0.0 0.0 0.0 0.0 0.0 0.0 0.0 0.0 0.0 0.0 0.0 0.0 0.0 
192 0.19 8.260177299912557e-06 0.0 0.0 8.260177299912557e-06 0.0 0.0 0.0 0.0 0.0 0.0 0.0 0.0 0.0 0.0 0.0 0.0 0.0 0.0 0.0 0.0 0.0 
193 0.191 8.270955760707777e-06 0.0 0.0 8.270955760707777e-06 0.0 0.0 0.0 0.0 0.0 0.0 0.0 0.0 0.0 0.0 0.0 0.0 0.0 0.0 0.0 0.0 0.0 
194 0.192 8.281747392026781e-06 0.0 0.0 8.281747392026781e-06 0.0 0.0 0.0 0.0 0.0 0.0 0.0 0.0 0.0 0.0 0.0 0.0 0.0 0.0 0.0 0.0 0.0 
195 0.193 8.292552208459555e-06 0.0 0.0 8.292552208459555e-06 0.0 0.0 0.0 0.0 0.0 0.0 0.0 0.0 0.0 0.0 0.0 0.0 0.0 0.0 0.0 0.0 0.0 
196 0.194 8.303370224609692e-06 0.0 0.0 8.303370224609692e-06 0.0 0.0 0.0 0.0 0.0 0.0 0.0 0.0 0.0 0.0 0.0 0.0 0.0 0.0 0.0 0.0 0.0 
197 0.195 8.314201455094425e-06 0.0 0.0 8.314201455094425e-06 0.0 0.0 0.0 0.0 0.0 0.0 0.0 0.0 0.0 0.0 0.0 0.0 0.0 0.0 0.0 0.0 0.0 
198 0.196 8.325045914544608e-06 0.0 0.0 8.325045914544608e-06 0.0 0.0 0.0 0.0 0.0 0.0 0.0 0.0 0.0 0.0 0.0 0.0 0.0 0.0 0.0 0.0 0.0 
199 0.197 8.335903617604743e-06 0.0 0.0 8.335903617604743e-06 0.0 0.0 0.0 0.0 0.0 0.0 0.0 0.0 0.0 0.0 0.0 0.0 0.0 0.0 0.0 0.0 0.0 
200 0.198 8.34677457893298e-06 0.0 0.0 8.34677457893298e-06 0.0 0.0 0.0 0.0 0.0 0.0 0.0 0.0 0.0 0.0 0.0 0.0 0.0 0.0 0.0 0.0 0.0 
201 0.199 8.357658813201131e-06 0.0 0.0 8.357658813201131e-06 0.0 0.0 0.0 0.0 0.0 0.0 0.0 0.0 0.0 0.0 0.0 0.0 0.0 0.0 0.0 0.0 0.0 
202 0.2 8.36855633509467e-06 0.0 0.0 8.36855633509467e-06 0.0 0.0 0.0 0.0 0.0 0.0 0.0 0.0 0.0 0.0 0.0 0.0 0.0 0.0 0.0 0.0 0.0 
203 0.201 8.379467159312747e-06 0.0 0.0 8.379467159312747e-06 0.0 0.0 0.0 0.0 0.0 0.0 0.0 0.0 0.0 0.0 0.0 0.0 0.0 0.0 0.0 0.0 0.0 
204 0.202 8.3903913005682e-06 0.0 0.0 8.3903913005682e-06 0.0 0.0 0.0 0.0 0.0 0.0 0.0 0.0 0.0 0.0 0.0 0.0 0.0 0.0 0.0 0.0 0.0 
205 0.203 8.401328773587556e-06 0.0 0.0 8.401328773587556e-06 0.0 0.0 0.0 0.0 0.0 0.0 0.0 0.0 0.0 0.0 0.0 0.0 0.0 0.0 0.0 0.0 0.0 
206 0.204 8.412279593111033e-06 0.0 0.0 8.412279593111033e-06 0.0 0.0 0.0 0.0 0.0 0.0 0.0 0.0 0.0 0.0 0.0 0.0 0.0 0.0 0.0 0.0 0.0 
207 0.205 8.423243773892572e-06 0.0 0.0 8.423243773892572e-06 0.0 0.0 0.0 0.0 0.0 0.0 0.0 0.0 0.0 0.0 0.0 0.0 0.0 0.0 0.0 0.0 0.0 
208 0.206 8.43422133069982e-06 0.0 0.0 8.43422133069982e-06 0.0 0.0 0.0 0.0 0.0 0.0 0.0 0.0 0.0 0.0 0.0 0.0 0.0 0.0 0.0 0.0 0.0 
209 0.207 8.445212278314148e-06 0.0 0.0 8.445212278314148e-06 0.0 0.0 0.0 0.0 0.0 0.0 0.0 0.0 0.0 0.0 0.0 0.0 0.0 0.0 0.0 0.0 0.0 
210 0.208 8.45621663153067e-06 0.0 0.0 8.45621663153067e-06 0.0 0.0 0.0 0.0 0.0 0.0 0.0 0.0 0.0 0.0 0.0 0.0 0.0 0.0 0.0 0.0 0.0 
211 0.209 8.46723440515823e-06 0.0 0.0 8.46723440515823e-06 0.0 0.0 0.0 0.0 0.0 0.0 0.0 0.0 0.0 0.0 0.0 0.0 0.0 0.0 0.0 0.0 0.0 
212 0.209 8.47826561401942e-06 0.0 0.0 8.47826561401942e-06 0.0 0.0 0.0 0.0 0.0 0.0 0.0 0.0 0.0 0.0 0.0 0.0 0.0 0.0 0.0 0.0 0.0 
213 0.21 8.489310272950602e-06 0.0 0.0 8.489310272950602e-06 0.0 0.0 0.0 0.0 0.0 0.0 0.0 0.0 0.0 0.0 0.0 0.0 0.0 0.0 0.0 0.0 0.0 
214 0.211 8.500368396801884e-06 0.0 0.0 8.500368396801884e-06 0.0 0.0 0.0 0.0 0.0 0.0 0.0 0.0 0.0 0.0 0.0 0.0 0.0 0.0 0.0 0.0 0.0 
215 0.212 8.51144000043717e-06 0.0 0.0 8.51144000043717e-06 0.0 0.0 0.0 0.0 0.0 0.0 0.0 0.0 0.0 0.0 0.0 0.0 0.0 0.0 0.0 0.0 0.0 
216 0.213 8.52252509873413e-06 0.0 0.0 8.52252509873413e-06 0.0 0.0 0.0 0.0 0.0 0.0 0.0 0.0 0.0 0.0 0.0 0.0 0.0 0.0 0.0 0.0 0.0 
217 0.214 8.533623706584228e-06 0.0 0.0 8.533623706584228e-06 0.0 0.0 0.0 0.0 0.0 0.0 0.0 0.0 0.0 0.0 0.0 0.0 0.0 0.0 0.0 0.0 0.0 
218 0.215 8.544735838892726e-06 0.0 0.0 8.544735838892726e-06 0.0 0.0 0.0 0.0 0.0 0.0 0.0 0.0 0.0 0.0 0.0 0.0 0.0 0.0 0.0 0.0 0.0 
219 0.216 8.555861510578695e-06 0.0 0.0 8.555861510578695e-06 0.0 0.0 0.0 0.0 0.0 0.0 0.0 0.0 0.0 0.0 0.0 0.0 0.0 0.0 0.0 0.0 0.0 
220 0.217 8.567000736575016e-06 0.0 0.0 8.567000736575016e-06 0.0 0.0 0.0 0.0 0.0 0.0 0.0 0.0 0.0 0.0 0.0 0.0 0.0 0.0 0.0 0.0 0.0 
221 0.218 8.578153531828401e-06 0.0 0.0 8.578153531828401e-06 0.0 0.0 0.0 0.0 0.0 0.0 0.0 0.0 0.0 0.0 0.0 0.0 0.0 0.0 0.0 0.0 0.0 
222 0.219 8.589319911299383e-06 0.0 0.0 8.589319911299383e-06 0.0 0.0 0.0 0.0 0.0 0.0 0.0 0.0 0.0 0.0 0.0 0.0 0.0 0.0 0.0 0.0 0.0 
223 0.22 8.600499889962336e-06 0.0 0.0 8.600499889962336e-06 0.0 0.0 0.0 0.0 0.0 0.0 0.0 0.0 0.0 0.0 0.0 0.0 0.0 0.0 0.0 0.0 0.0 
224 0.221 8.611693482805488e-06 0.0 0.0 8.611693482805488e-06 0.0 0.0 0.0 0.0 0.0 0.0 0.0 0.0 0.0 0.0 0.0 0.0 0.0 0.0 0.0 0.0 0.0 
225 0.222 8.622900704830915e-06 0.0 0.0 8.622900704830915e-06 0.0 0.0 0.0 0.0 0.0 0.0 0.0 0.0 0.0 0.0 0.0 0.0 0.0 0.0 0.0 0.0 0.0 
226 0.223 8.634121571054565e-06 0.0 0.0 8.634121571054565e-06 0.0 0.0 0.0 0.0 0.0 0.0 0.0 0.0 0.0 0.0 0.0 0.0 0.0 0.0 0.0 0.0 0.0 
227 0.224 8.645356096506243e-06 0.0 0.0 8.645356096506243e-06 0.0 0.0 0.0 0.0 0.0 0.0 0.0 0.0 0.0 0.0 0.0 0.0 0.0 0.0 0.0 0.0 0.0 
228 0.225 8.656604296229653e-06 0.0 0.0 8.656604296229653e-06 0.0 0.0 0.0 0.0 0.0 0.0 0.0 0.0 0.0 0.0 0.0 0.0 0.0 0.0 0.0 0.0 0.0 
229 0.226 8.667866185282368e-06 0.0 0.0 8.667866185282368e-06 0.0 0.0 0.0 0.0 0.0 0.0 0.0 0.0 0.0 0.0 0.0 0.0 0.0 0.0 0.0 0.0 0.0 
230 0.227 8.679141778735871e-06 0.0 0.0 8.679141778735871e-06 0.0 0.0 0.0 0.0 0.0 0.0 0.0 0.0 0.0 0.0 0.0 0.0 0.0 0.0 0.0 0.0 0.0 
231 0.228 8.690431091675544e-06 0.0 0.0 8.690431091675544e-06 0.0 0.0 0.0 0.0 0.0 0.0 0.0 0.0 0.0 0.0 0.0 0.0 0.0 0.0 0.0 0.0 0.0 
232 0.229 8.70173413920068e-06 0.0 0.0 8.70173413920068e-06 0.0 0.0 0.0 0.0 0.0 0.0 0.0 0.0 0.0 0.0 0.0 0.0 0.0 0.0 0.0 0.0 0.0 
233 0.23 8.713050936424493e-06 0.0 0.0 8.713050936424493e-06 0.0 0.0 0.0 0.0 0.0 0.0 0.0 0.0 0.0 0.0 0.0 0.0 0.0 0.0 0.0 0.0 0.0 
234 0.231 8.72438149847413e-06 0.0 0.0 8.72438149847413e-06 0.0 0.0 0.0 0.0 0.0 0.0 0.0 0.0 0.0 0.0 0.0 0.0 0.0 0.0 0.0 0.0 0.0 
235 0.232 8.735725840490672e-06 0.0 0.0 8.735725840490672e-06 0.0 0.0 0.0 0.0 0.0 0.0 0.0 0.0 0.0 0.0 0.0 0.0 0.0 0.0 0.0 0.0 0.0 
236 0.233 8.747083977629137e-06 0.0 0.0 8.747083977629137e-06 0.0 0.0 0.0 0.0 0.0 0.0 0.0 0.0 0.0 0.0 0.0 0.0 0.0 0.0 0.0 0.0 0.0 
237 0.234 8.758455925058512e-06 0.0 0.0 8.758455925058512e-06 0.0 0.0 0.0 0.0 0.0 0.0 0.0 0.0 0.0 0.0 0.0 0.0 0.0 0.0 0.0 0.0 0.0 
238 0.235 8.76984169796173e-06 0.0 0.0 8.76984169796173e-06 0.0 0.0 0.0 0.0 0.0 0.0 0.0 0.0 0.0 0.0 0.0 0.0 0.0 0.0 0.0 0.0 0.0 
239 0.236 8.781241311535703e-06 0.0 0.0 8.781241311535703e-06 0.0 0.0 0.0 0.0 0.0 0.0 0.0 0.0 0.0 0.0 0.0 0.0 0.0 0.0 0.0 0.0 0.0 
240 0.237 8.792654780991315e-06 0.0 0.0 8.792654780991315e-06 0.0 0.0 0.0 0.0 0.0 0.0 0.0 0.0 0.0 0.0 0.0 0.0 0.0 0.0 0.0 0.0 0.0 
241 0.238 8.804082121553436e-06 0.0 0.0 8.804082121553436e-06 0.0 0.0 0.0 0.0 0.0 0.0 0.0 0.0 0.0 0.0 0.0 0.0 0.0 0.0 0.0 0.0 0.0 
242 0.239 8.815523348460933e-06 0.0 0.0 8.815523348460933e-06 0.0 0.0 0.0 0.0 0.0 0.0 0.0 0.0 0.0 0.0 0.0 0.0 0.0 0.0 0.0 0.0 0.0 
243 0.24 8.826978476966669e-06 0.0 0.0 8.826978476966669e-06 0.0 0.0 0.0 0.0 0.0 0.0 0.0 0.0 0.0 0.0 0.0 0.0 0.0 0.0 0.0 0.0 0.0 
244 0.241 8.838447522337519e-06 0.0 0.0 8.838447522337519e-06 0.0 0.0 0.0 0.0 0.0 0.0 0.0 0.0 0.0 0.0 0.0 0.0 0.0 0.0 0.0 0.0 0.0 
245 0.242 8.849930499854376e-06 0.0 0.0 8.849930499854376e-06 0.0 0.0 0.0 0.0 0.0 0.0 0.0 0.0 0.0 0.0 0.0 0.0 0.0 0.0 0.0 0.0 0.0 
246 0.243 8.861427424812161e-06 0.0 0.0 8.861427424812161e-06 0.0 0.0 0.0 0.0 0.0 0.0 0.0 0.0 0.0 0.0 0.0 0.0 0.0 0.0 0.0 0.0 0.0 
247 0.244 8.872938312519824e-06 0.0 0.0 8.872938312519824e-06 0.0 0.0 0.0 0.0 0.0 0.0 0.0 0.0 0.0 0.0 0.0 0.0 0.0 0.0 0.0 0.0 0.0 
248 0.245 8.884463178300357e-06 0.0 0.0 8.884463178300357e-06 0.0 0.0 0.0 0.0 0.0 0.0 0.0 0.0 0.0 0.0 0.0 0.0 0.0 0.0 0.0 0.0 0.0 
249 0.246 8.896002037490808e-06 0.0 0.0 8.896002037490808e-06 0.0 0.0 0.0 0.0 0.0 0.0 0.0 0.0 0.0 0.0 0.0 0.0 0.0 0.0 0.0 0.0 0.0 
250 0.247 8.907554905442278e-06 0.0 0.0 8.907554905442278e-06 0.0 0.0 0.0 0.0 0.0 0.0 0.0 0.0 0.0 0.0 0.0 0.0 0.0 0.0 0.0 0.0 0.0 
251 0.248 8.91912179751993e-06 0.0 0.0 8.91912179751993e-06 0.0 0.0 0.0 0.0 0.0 0.0 0.0 0.0 0.0 0.0 0.0 0.0 0.0 0.0 0.0 0.0 0.0 
252 0.249 8.930702729103011e-06 0.0 0.0 8.930702729103011e-06 0.0 0.0 0.0 0.0 0.0 0.0 0.0 0.0 0.0 0.0 0.0 0.0 0.0 0.0 0.0 0.0 0.0 
253 0.25 8.942297715584843e-06 0.0 0.0 8.942297715584843e-06 0.0 0.0 0.0 0.0 0.0 0.0 0.0 0.0 0.0 0.0 0.0 0.0 0.0 0.0 0.0 0.0 0.0 
254 0.251 8.953906772372836e-06 0.0 0.0 8.953906772372836e-06 0.0 0.0 0.0 0.0 0.0 0.0 0.0 0.0 0.0 0.0 0.0 0.0 0.0 0.0 0.0 0.0 0.0 
255 0.252 8.96552991488851e-06 0.0 0.0 8.96552991488851e-06 0.0 0.0 0.0 0.0 0.0 0.0 0.0 0.0 0.0 0.0 0.0 0.0 0.0 0.0 0.0 0.0 0.0 
256 0.253 8.977167158567474e-06 0.0 0.0 8.977167158567474e-06 0.0 0.0 0.0 0.0 0.0 0.0 0.0 0.0 0.0 0.0 0.0 0.0 0.0 0.0 0.0 0.0 0.0 
257 0.254 8.988818518859458e-06 0.0 0.0 8.988818518859458e-06 0.0 0.0 0.0 0.0 0.0 0.0 0.0 0.0 0.0 0.0 0.0 0.0 0.0 0.0 0.0 0.0 0.0 
258 0.255 9.000484011228322e-06 0.0 0.0 9.000484011228322e-06 0.0 0.0 0.0 0.0 0.0 0.0 0.0 0.0 0.0 0.0 0.0 0.0 0.0 0.0 0.0 0.0 0.0 
259 0.256 9.012163651152049e-06 0.0 0.0 9.012163651152049e-06 0.0 0.0 0.0 0.0 0.0 0.0 0.0 0.0 0.0 0.0 0.0 0.0 0.0 0.0 0.0 0.0 0.0 
260 0.257 9.023857454122761e-06 0.0 0.0 9.023857454122761e-06 0.0 0.0 0.0 0.0 0.0 0.0 0.0 0.0 0.0 0.0 0.0 0.0 0.0 0.0 0.0 0.0 0.0 
261 0.258 9.03556543564672e-06 0.0 0.0 9.03556543564672e-06 0.0 0.0 0.0 0.0 0.0 0.0 0.0 0.0 0.0 0.0 0.0 0.0 0.0 0.0 0.0 0.0 0.0 
262 0.259 9.047287611244359e-06 0.0 0.0 9.047287611244359e-06 0.0 0.0 0.0 0.0 0.0 0.0 0.0 0.0 0.0 0.0 0.0 0.0 0.0 0.0 0.0 0.0 0.0 
263 0.26 9.05902399645025e-06 0.0 0.0 9.05902399645025e-06 0.0 0.0 0.0 0.0 0.0 0.0 0.0 0.0 0.0 0.0 0.0 0.0 0.0 0.0 0.0 0.0 0.0 
264 0.261 9.07077460681315e-06 0.0 0.0 9.07077460681315e-06 0.0 0.0 0.0 0.0 0.0 0.0 0.0 0.0 0.0 0.0 0.0 0.0 0.0 0.0 0.0 0.0 0.0 
265 0.262 9.082539457895996e-06 0.0 0.0 9.082539457895996e-06 0.0 0.0 0.0 0.0 0.0 0.0 0.0 0.0 0.0 0.0 0.0 0.0 0.0 0.0 0.0 0.0 0.0 
266 0.263 9.094318565275902e-06 0.0 0.0 9.094318565275902e-06 0.0 0.0 0.0 0.0 0.0 0.0 0.0 0.0 0.0 0.0 0.0 0.0 0.0 0.0 0.0 0.0 0.0 
267 0.264 9.106111944544179e-06 0.0 0.0 9.106111944544179e-06 0.0 0.0 0.0 0.0 0.0 0.0 0.0 0.0 0.0 0.0 0.0 0.0 0.0 0.0 0.0 0.0 0.0 
268 0.265 9.11791961130634e-06 0.0 0.0 9.11791961130634e-06 0.0 0.0 0.0 0.0 0.0 0.0 0.0 0.0 0.0 0.0 0.0 0.0 0.0 0.0 0.0 0.0 0.0 
269 0.266 9.12974158118211e-06 0.0 0.0 9.12974158118211e-06 0.0 0.0 0.0 0.0 0.0 0.0 0.0 0.0 0.0 0.0 0.0 0.0 0.0 0.0 0.0 0.0 0.0 
270 0.267 9.141577869805426e-06 0.0 0.0 9.141577869805426e-06 0.0 0.0 0.0 0.0 0.0 0.0 0.0 0.0 0.0 0.0 0.0 0.0 0.0 0.0 0.0 0.0 0.0 
271 0.268 9.153428492824461e-06 0.0 0.0 9.153428492824461e-06 0.0 0.0 0.0 0.0 0.0 0.0 0.0 0.0 0.0 0.0 0.0 0.0 0.0 0.0 0.0 0.0 0.0 
272 0.269 9.165293465901609e-06 0.0 0.0 9.165293465901609e-06 0.0 0.0 0.0 0.0 0.0 0.0 0.0 0.0 0.0 0.0 0.0 0.0 0.0 0.0 0.0 0.0 0.0 
273 0.27 9.177172804713513e-06 0.0 0.0 9.177172804713513e-06 0.0 0.0 0.0 0.0 0.0 0.0 0.0 0.0 0.0 0.0 0.0 0.0 0.0 0.0 0.0 0.0 0.0 
274 0.271 9.189066524951068e-06 0.0 0.0 9.189066524951068e-06 0.0 0.0 0.0 0.0 0.0 0.0 0.0 0.0 0.0 0.0 0.0 0.0 0.0 0.0 0.0 0.0 0.0 
275 0.272 9.200974642319418e-06 0.0 0.0 9.200974642319418e-06 0.0 0.0 0.0 0.0 0.0 0.0 0.0 0.0 0.0 0.0 0.0 0.0 0.0 0.0 0.0 0.0 0.0 
276 0.273 9.212897172537978e-06 0.0 0.0 9.212897172537978e-06 0.0 0.0 0.0 0.0 0.0 0.0 0.0 0.0 0.0 0.0 0.0 0.0 0.0 0.0 0.0 0.0 0.0 
277 0.274 9.224834131340436e-06 0.0 0.0 9.224834131340436e-06 0.0 0.0 0.0 0.0 0.0 0.0 0.0 0.0 0.0 0.0 0.0 0.0 0.0 0.0 0.0 0.0 0.0 
278 0.275 9.236785534474754e-06 0.0 0.0 9.236785534474754e-06 0.0 0.0 0.0 0.0 0.0 0.0 0.0 0.0 0.0 0.0 0.0 0.0 0.0 0.0 0.0 0.0 0.0 
279 0.276 9.248751397703195e-06 0.0 0.0 9.248751397703195e-06 0.0 0.0 0.0 0.0 0.0 0.0 0.0 0.0 0.0 0.0 0.0 0.0 0.0 0.0 0.0 0.0 0.0 
280 0.277 9.260731736802315e-06 0.0 0.0 9.260731736802315e-06 0.0 0.0 0.0 0.0 0.0 0.0 0.0 0.0 0.0 0.0 0.0 0.0 0.0 0.0 0.0 0.0 0.0 
281 0.278 9.272726567562964e-06 0.0 0.0 9.272726567562964e-06 0.0 0.0 0.0 0.0 0.0 0.0 0.0 0.0 0.0 0.0 0.0 0.0 0.0 0.0 0.0 0.0 0.0 
282 0.279 9.284735905790315e-06 0.0 0.0 9.284735905790315e-06 0.0 0.0 0.0 0.0 0.0 0.0 0.0 0.0 0.0 0.0 0.0 0.0 0.0 0.0 0.0 0.0 0.0 
283 0.28 9.296759767303865e-06 0.0 0.0 9.296759767303865e-06 0.0 0.0 0.0 0.0 0.0 0.0 0.0 0.0 0.0 0.0 0.0 0.0 0.0 0.0 0.0 0.0 0.0 
284 0.281 9.308798167937432e-06 0.0 0.0 9.308798167937432e-06 0.0 0.0 0.0 0.0 0.0 0.0 0.0 0.0 0.0 0.0 0.0 0.0 0.0 0.0 0.0 0.0 0.0 
285 0.282 9.320851123539166e-06 0.0 0.0 9.320851123539166e-06 0.0 0.0 0.0 0.0 0.0 0.0 0.0 0.0 0.0 0.0 0.0 0.0 0.0 0.0 0.0 0.0 0.0 
286 0.283 9.332918649971572e-06 0.0 0.0 9.332918649971572e-06 0.0 0.0 0.0 0.0 0.0 0.0 0.0 0.0 0.0 0.0 0.0 0.0 0.0 0.0 0.0 0.0 0.0 
287 0.284 9.345000763111504e-06 0.0 0.0 9.345000763111504e-06 0.0 0.0 0.0 0.0 0.0 0.0 0.0 0.0 0.0 0.0 0.0 0.0 0.0 0.0 0.0 0.0 0.0 
288 0.285 9.357097478850169e-06 0.0 0.0 9.357097478850169e-06 0.0 0.0 0.0 0.0 0.0 0.0 0.0 0.0 0.0 0.0 0.0 0.0 0.0 0.0 0.0 0.0 0.0 
289 0.286 9.369208813093149e-06 0.0 0.0 9.369208813093149e-06 0.0 0.0 0.0 0.0 0.0 0.0 0.0 0.0 0.0 0.0 0.0 0.0 0.0 0.0 0.0 0.0 0.0 
290 0.287 9.381334781760396e-06 0.0 0.0 9.381334781760396e-06 0.0 0.0 0.0 0.0 0.0 0.0 0.0 0.0 0.0 0.0 0.0 0.0 0.0 0.0 0.0 0.0 0.0 
291 0.288 9.393475400786254e-06 0.0 0.0 9.393475400786254e-06 0.0 0.0 0.0 0.0 0.0 0.0 0.0 0.0 0.0 0.0 0.0 0.0 0.0 0.0 0.0 0.0 0.0 
292 0.289 9.405630686119444e-06 0.0 0.0 9.405630686119444e-06 0.0 0.0 0.0 0.0 0.0 0.0 0.0 0.0 0.0 0.0 0.0 0.0 0.0 0.0 0.0 0.0 0.0 
293 0.29 9.417800653723098e-06 0.0 0.0 9.417800653723098e-06 0.0 0.0 0.0 0.0 0.0 0.0 0.0 0.0 0.0 0.0 0.0 0.0 0.0 0.0 0.0 0.0 0.0 
294 0.291 9.42998531957475e-06 0.0 0.0 9.42998531957475e-06 0.0 0.0 0.0 0.0 0.0 0.0 0.0 0.0 0.0 0.0 0.0 0.0 0.0 0.0 0.0 0.0 0.0 
295 0.292 9.442184699666354e-06 0.0 0.0 9.442184699666354e-06 0.0 0.0 0.0 0.0 0.0 0.0 0.0 0.0 0.0 0.0 0.0 0.0 0.0 0.0 0.0 0.0 0.0 
296 0.293 9.454398810004272e-06 0.0 0.0 9.454398810004272e-06 0.0 0.0 0.0 0.0 0.0 0.0 0.0 0.0 0.0 0.0 0.0 0.0 0.0 0.0 0.0 0.0 0.0 
297 0.293 9.466627666609311e-06 0.0 0.0 9.466627666609311e-06 0.0 0.0 0.0 0.0 0.0 0.0 0.0 0.0 0.0 0.0 0.0 0.0 0.0 0.0 0.0 0.0 0.0 
298 0.294 9.47887128551671e-06 0.0 0.0 9.47887128551671e-06 0.0 0.0 0.0 0.0 0.0 0.0 0.0 0.0 0.0 0.0 0.0 0.0 0.0 0.0 0.0 0.0 0.0 
299 0.295 9.491129682776151e-06 0.0 0.0 9.491129682776151e-06 0.0 0.0 0.0 0.0 0.0 0.0 0.0 0.0 0.0 0.0 0.0 0.0 0.0 0.0 0.0 0.0 0.0 
300 0.296 9.503402874451776e-06 0.0 0.0 9.503402874451776e-06 0.0 0.0 0.0 0.0 0.0 0.0 0.0 0.0 0.0 0.0 0.0 0.0 0.0 0.0 0.0 0.0 0.0 
301 0.297 9.515690876622182e-06 0.0 0.0 9.515690876622182e-06 0.0 0.0 0.0 0.0 0.0 0.0 0.0 0.0 0.0 0.0 0.0 0.0 0.0 0.0 0.0 0.0 0.0 
302 0.298 9.527993705380438e-06 0.0 0.0 9.527993705380438e-06 0.0 0.0 0.0 0.0 0.0 0.0 0.0 0.0 0.0 0.0 0.0 0.0 0.0 0.0 0.0 0.0 0.0 
303 0.299 9.540311376834092e-06 0.0 0.0 9.540311376834092e-06 0.0 0.0 0.0 0.0 0.0 0.0 0.0 0.0 0.0 0.0 0.0 0.0 0.0 0.0 0.0 0.0 0.0 
304 0.3 9.552643907105166e-06 0.0 0.0 9.552643907105166e-06 0.0 0.0 0.0 0.0 0.0 0.0 0.0 0.0 0.0 0.0 0.0 0.0 0.0 0.0 0.0 0.0 0.0 
305 0.301 9.56499131233019e-06 0.0 0.0 9.56499131233019e-06 0.0 0.0 0.0 0.0 0.0 0.0 0.0 0.0 0.0 0.0 0.0 0.0 0.0 0.0 0.0 0.0 0.0 
306 0.302 9.577353608660179e-06 0.0 0.0 9.577353608660179e-06 0.0 0.0 0.0 0.0 0.0 0.0 0.0 0.0 0.0 0.0 0.0 0.0 0.0 0.0 0.0 0.0 0.0 
307 0.303 9.589730812260665e-06 0.0 0.0 9.589730812260665e-06 0.0 0.0 0.0 0.0 0.0 0.0 0.0 0.0 0.0 0.0 0.0 0.0 0.0 0.0 0.0 0.0 0.0 
308 0.304 9.602122939311694e-06 0.0 0.0 9.602122939311694e-06 0.0 0.0 0.0 0.0 0.0 0.0 0.0 0.0 0.0 0.0 0.0 0.0 0.0 0.0 0.0 0.0 0.0 
309 0.305 9.61453000600783e-06 0.0 0.0 9.61453000600783e-06 0.0 0.0 0.0 0.0 0.0 0.0 0.0 0.0 0.0 0.0 0.0 0.0 0.0 0.0 0.0 0.0 0.0 
310 0.306 9.626952028558178e-06 0.0 0.0 9.626952028558178e-06 0.0 0.0 0.0 0.0 0.0 0.0 0.0 0.0 0.0 0.0 0.0 0.0 0.0 0.0 0.0 0.0 0.0 
311 0.307 9.639389023186361e-06 0.0 0.0 9.639389023186361e-06 0.0 0.0 0.0 0.0 0.0 0.0 0.0 0.0 0.0 0.0 0.0 0.0 0.0 0.0 0.0 0.0 0.0 
312 0.308 9.651841006130579e-06 0.0 0.0 9.651841006130579e-06 0.0 0.0 0.0 0.0 0.0 0.0 0.0 0.0 0.0 0.0 0.0 0.0 0.0 0.0 0.0 0.0 0.0 
313 0.309 9.664307993643557e-06 0.0 0.0 9.664307993643557e-06 0.0 0.0 0.0 0.0 0.0 0.0 0.0 0.0 0.0 0.0 0.0 0.0 0.0 0.0 0.0 0.0 0.0 
314 0.31 9.676790001992597e-06 0.0 0.0 9.676790001992597e-06 0.0 0.0 0.0 0.0 0.0 0.0 0.0 0.0 0.0 0.0 0.0 0.0 0.0 0.0 0.0 0.0 0.0 
315 0.311 9.689287047459568e-06 0.0 0.0 9.689287047459568e-06 0.0 0.0 0.0 0.0 0.0 0.0 0.0 0.0 0.0 0.0 0.0 0.0 0.0 0.0 0.0 0.0 0.0 
316 0.312 9.701799146340913e-06 0.0 0.0 9.701799146340913e-06 0.0 0.0 0.0 0.0 0.0 0.0 0.0 0.0 0.0 0.0 0.0 0.0 0.0 0.0 0.0 0.0 0.0 
317 0.313 9.714326314947659e-06 0.0 0.0 9.714326314947659e-06 0.0 0.0 0.0 0.0 0.0 0.0 0.0 0.0 0.0 0.0 0.0 0.0 0.0 0.0 0.0 0.0 0.0 
318 0.314 9.726868569605431e-06 0.0 0.0 9.726868569605431e-06 0.0 0.0 0.0 0.0 0.0 0.0 0.0 0.0 0.0 0.0 0.0 0.0 0.0 0.0 0.0 0.0 0.0 
319 0.315 9.739425926654446e-06 0.0 0.0 9.739425926654446e-06 0.0 0.0 0.0 0.0 0.0 0.0 0.0 0.0 0.0 0.0 0.0 0.0 0.0 0.0 0.0 0.0 0.0 
320 0.316 9.751998402449536e-06 0.0 0.0 9.751998402449536e-06 0.0 0.0 0.0 0.0 0.0 0.0 0.0 0.0 0.0 0.0 0.0 0.0 0.0 0.0 0.0 0.0 0.0 
321 0.317 9.764586013360142e-06 0.0 0.0 9.764586013360142e-06 0.0 0.0 0.0 0.0 0.0 0.0 0.0 0.0 0.0 0.0 0.0 0.0 0.0 0.0 0.0 0.0 0.0 
322 0.318 9.777188775770333e-06 0.0 0.0 9.777188775770333e-06 0.0 0.0 0.0 0.0 0.0 0.0 0.0 0.0 0.0 0.0 0.0 0.0 0.0 0.0 0.0 0.0 0.0 
323 0.319 9.789806706078805e-06 0.0 0.0 9.789806706078805e-06 0.0 0.0 0.0 0.0 0.0 0.0 0.0 0.0 0.0 0.0 0.0 0.0 0.0 0.0 0.0 0.0 0.0 
324 0.32 9.80243982069889e-06 0.0 0.0 9.80243982069889e-06 0.0 0.0 0.0 0.0 0.0 0.0 0.0 0.0 0.0 0.0 0.0 0.0 0.0 0.0 0.0 0.0 0.0 
325 0.321 9.815088136058571e-06 0.0 0.0 9.815088136058571e-06 0.0 0.0 0.0 0.0 0.0 0.0 0.0 0.0 0.0 0.0 0.0 0.0 0.0 0.0 0.0 0.0 0.0 
326 0.322 9.827751668600487e-06 0.0 0.0 9.827751668600487e-06 0.0 0.0 0.0 0.0 0.0 0.0 0.0 0.0 0.0 0.0 0.0 0.0 0.0 0.0 0.0 0.0 0.0 
327 0.323 9.84043043478192e-06 0.0 0.0 9.84043043478192e-06 0.0 0.0 0.0 0.0 0.0 0.0 0.0 0.0 0.0 0.0 0.0 0.0 0.0 0.0 0.0 0.0 0.0 
328 0.324 9.853124451074841e-06 0.0 0.0 9.853124451074841e-06 0.0 0.0 0.0 0.0 0.0 0.0 0.0 0.0 0.0 0.0 0.0 0.0 0.0 0.0 0.0 0.0 0.0 
329 0.325 9.865833733965887e-06 0.0 0.0 9.865833733965887e-06 0.0 0.0 0.0 0.0 0.0 0.0 0.0 0.0 0.0 0.0 0.0 0.0 0.0 0.0 0.0 0.0 0.0 
330 0.326 9.878558299956382e-06 0.0 0.0 9.878558299956382e-06 0.0 0.0 0.0 0.0 0.0 0.0 0.0 0.0 0.0 0.0 0.0 0.0 0.0 0.0 0.0 0.0 0.0 
331 0.327 9.891298165562336e-06 0.0 0.0 9.891298165562336e-06 0.0 0.0 0.0 0.0 0.0 0.0 0.0 0.0 0.0 0.0 0.0 0.0 0.0 0.0 0.0 0.0 0.0 
332 0.328 9.904053347314466e-06 0.0 0.0 9.904053347314466e-06 0.0 0.0 0.0 0.0 0.0 0.0 0.0 0.0 0.0 0.0 0.0 0.0 0.0 0.0 0.0 0.0 0.0 
333 0.329 9.916823861758182e-06 0.0 0.0 9.916823861758182e-06 0.0 0.0 0.0 0.0 0.0 0.0 0.0 0.0 0.0 0.0 0.0 0.0 0.0 0.0 0.0 0.0 0.0 
334 0.33 9.929609725453628e-06 0.0 0.0 9.929609725453628e-06 0.0 0.0 0.0 0.0 0.0 0.0 0.0 0.0 0.0 0.0 0.0 0.0 0.0 0.0 0.0 0.0 0.0 
335 0.331 9.942410954975647e-06 0.0 0.0 9.942410954975647e-06 0.0 0.0 0.0 0.0 0.0 0.0 0.0 0.0 0.0 0.0 0.0 0.0 0.0 0.0 0.0 0.0 0.0 
336 0.332 9.955227566913827e-06 0.0 0.0 9.955227566913827e-06 0.0 0.0 0.0 0.0 0.0 0.0 0.0 0.0 0.0 0.0 0.0 0.0 0.0 0.0 0.0 0.0 0.0 
337 0.333 9.968059577872482e-06 0.0 0.0 9.968059577872482e-06 0.0 0.0 0.0 0.0 0.0 0.0 0.0 0.0 0.0 0.0 0.0 0.0 0.0 0.0 0.0 0.0 0.0 
338 0.334 9.980907004470681e-06 0.0 0.0 9.980907004470681e-06 0.0 0.0 0.0 0.0 0.0 0.0 0.0 0.0 0.0 0.0 0.0 0.0 0.0 0.0 0.0 0.0 0.0 
339 0.335 9.993769863342234e-06 0.0 0.0 9.993769863342234e-06 0.0 0.0 0.0 0.0 0.0 0.0 0.0 0.0 0.0 0.0 0.0 0.0 0.0 0.0 0.0 0.0 0.0 
340 0.336 1.0006648171135712e-05 0.0 0.0 1.0006648171135712e-05 0.0 0.0 0.0 0.0 0.0 0.0 0.0 0.0 0.0 0.0 0.0 0.0 0.0 0.0 0.0 0.0 0.0 
341 0.337 1.0019541944514459e-05 0.0 0.0 1.0019541944514459e-05 0.0 0.0 0.0 0.0 0.0 0.0 0.0 0.0 0.0 0.0 0.0 0.0 0.0 0.0 0.0 0.0 0.0 
342 0.338 1.0032451200156581e-05 0.0 0.0 1.0032451200156581e-05 0.0 0.0 0.0 0.0 0.0 0.0 0.0 0.0 0.0 0.0 0.0 0.0 0.0 0.0 0.0 0.0 0.0 
343 0.339 1.004537595475498e-05 0.0 0.0 1.004537595475498e-05 0.0 0.0 0.0 0.0 0.0 0.0 0.0 0.0 0.0 0.0 0.0 0.0 0.0 0.0 0.0 0.0 0.0 
344 0.34 1.0058316225017337e-05 0.0 0.0 1.0058316225017337e-05 0.0 0.0 0.0 0.0 0.0 0.0 0.0 0.0 0.0 0.0 0.0 0.0 0.0 0.0 0.0 0.0 0.0 
345 0.341 1.0071272027666132e-05 0.0 0.0 1.0071272027666132e-05 0.0 0.0 0.0 0.0 0.0 0.0 0.0 0.0 0.0 0.0 0.0 0.0 0.0 0.0 0.0 0.0 0.0 
346 0.342 1.0084243379438644e-05 0.0 0.0 1.0084243379438644e-05 0.0 0.0 0.0 0.0 0.0 0.0 0.0 0.0 0.0 0.0 0.0 0.0 0.0 0.0 0.0 0.0 0.0 
347 0.343 1.0097230297086973e-05 0.0 0.0 1.0097230297086973e-05 0.0 0.0 0.0 0.0 0.0 0.0 0.0 0.0 0.0 0.0 0.0 0.0 0.0 0.0 0.0 0.0 0.0 
348 0.344 1.011023279737803e-05 0.0 0.0 1.011023279737803e-05 0.0 0.0 0.0 0.0 0.0 0.0 0.0 0.0 0.0 0.0 0.0 0.0 0.0 0.0 0.0 0.0 0.0 
349 0.345 1.0123250897093553e-05 0.0 0.0 1.0123250897093553e-05 0.0 0.0 0.0 0.0 0.0 0.0 0.0 0.0 0.0 0.0 0.0 0.0 0.0 0.0 0.0 0.0 0.0 
350 0.346 1.0136284613030122e-05 0.0 0.0 1.0136284613030122e-05 0.0 0.0 0.0 0.0 0.0 0.0 0.0 0.0 0.0 0.0 0.0 0.0 0.0 0.0 0.0 0.0 0.0 
351 0.347 1.0149333961999138e-05 0.0 0.0 1.0149333961999138e-05 0.0 0.0 0.0 0.0 0.0 0.0 0.0 0.0 0.0 0.0 0.0 0.0 0.0 0.0 0.0 0.0 0.0 
352 0.348 1.0162398960826874e-05 0.0 0.0 1.0162398960826874e-05 0.0 0.0 0.0 0.0 0.0 0.0 0.0 0.0 0.0 0.0 0.0 0.0 0.0 0.0 0.0 0.0 0.0 
353 0.349 1.0175479626354446e-05 0.0 0.0 1.0175479626354446e-05 0.0 0.0 0.0 0.0 0.0 0.0 0.0 0.0 0.0 0.0 0.0 0.0 0.0 0.0 0.0 0.0 0.0 
354 0.35 1.0188575975437832e-05 0.0 0.0 1.0188575975437832e-05 0.0 0.0 0.0 0.0 0.0 0.0 0.0 0.0 0.0 0.0 0.0 0.0 0.0 0.0 0.0 0.0 0.0 
355 0.351 1.0201688024947886e-05 0.0 0.0 1.0201688024947886e-05 0.0 0.0 0.0 0.0 0.0 0.0 0.0 0.0 0.0 0.0 0.0 0.0 0.0 0.0 0.0 0.0 0.0 
356 0.352 1.0214815791770338e-05 0.0 0.0 1.0214815791770338e-05 0.0 0.0 0.0 0.0 0.0 0.0 0.0 0.0 0.0 0.0 0.0 0.0 0.0 0.0 0.0 0.0 0.0 
357 0.353 1.0227959292805799e-05 0.0 0.0 1.0227959292805799e-05 0.0 0.0 0.0 0.0 0.0 0.0 0.0 0.0 0.0 0.0 0.0 0.0 0.0 0.0 0.0 0.0 0.0 
358 0.354 1.024111854496978e-05 0.0 0.0 1.024111854496978e-05 0.0 0.0 0.0 0.0 0.0 0.0 0.0 0.0 0.0 0.0 0.0 0.0 0.0 0.0 0.0 0.0 0.0 
359 0.355 1.025429356519269e-05 0.0 0.0 1.025429356519269e-05 0.0 0.0 0.0 0.0 0.0 0.0 0.0 0.0 0.0 0.0 0.0 0.0 0.0 0.0 0.0 0.0 0.0 
360 0.356 1.0267484370419841e-05 0.0 0.0 1.0267484370419841e-05 0.0 0.0 0.0 0.0 0.0 0.0 0.0 0.0 0.0 0.0 0.0 0.0 0.0 0.0 0.0 0.0 0.0 
361 0.357 1.0280690977611466e-05 0.0 0.0 1.0280690977611466e-05 0.0 0.0 0.0 0.0 0.0 0.0 0.0 0.0 0.0 0.0 0.0 0.0 0.0 0.0 0.0 0.0 0.0 
362 0.358 1.0293913403742713e-05 0.0 0.0 1.0293913403742713e-05 0.0 0.0 0.0 0.0 0.0 0.0 0.0 0.0 0.0 0.0 0.0 0.0 0.0 0.0 0.0 0.0 0.0 
363 0.359 1.0307151665803666e-05 0.0 0.0 1.0307151665803666e-05 0.0 0.0 0.0 0.0 0.0 0.0 0.0 0.0 0.0 0.0 0.0 0.0 0.0 0.0 0.0 0.0 0.0 
364 0.36 1.0320405780799344e-05 0.0 0.0 1.0320405780799344e-05 0.0 0.0 0.0 0.0 0.0 0.0 0.0 0.0 0.0 0.0 0.0 0.0 0.0 0.0 0.0 0.0 0.0 
365 0.361 1.0333675765749706e-05 0.0 0.0 1.0333675765749706e-05 0.0 0.0 0.0 0.0 0.0 0.0 0.0 0.0 0.0 0.0 0.0 0.0 0.0 0.0 0.0 0.0 0.0 
366 0.362 1.0346961637689665e-05 0.0 0.0 1.0346961637689665e-05 0.0 0.0 0.0 0.0 0.0 0.0 0.0 0.0 0.0 0.0 0.0 0.0 0.0 0.0 0.0 0.0 0.0 
367 0.363 1.0360263413669096e-05 0.0 0.0 1.0360263413669096e-05 0.0 0.0 0.0 0.0 0.0 0.0 0.0 0.0 0.0 0.0 0.0 0.0 0.0 0.0 0.0 0.0 0.0 
368 0.364 1.0373581110752836e-05 0.0 0.0 1.0373581110752836e-05 0.0 0.0 0.0 0.0 0.0 0.0 0.0 0.0 0.0 0.0 0.0 0.0 0.0 0.0 0.0 0.0 0.0 
369 0.365 1.0386914746020696e-05 0.0 0.0 1.0386914746020696e-05 0.0 0.0 0.0 0.0 0.0 0.0 0.0 0.0 0.0 0.0 0.0 0.0 0.0 0.0 0.0 0.0 0.0 
370 0.366 1.0400264336567463e-05 0.0 0.0 1.0400264336567463e-05 0.0 0.0 0.0 0.0 0.0 0.0 0.0 0.0 0.0 0.0 0.0 0.0 0.0 0.0 0.0 0.0 0.0 
371 0.367 1.0413629899502922e-05 0.0 0.0 1.0413629899502922e-05 0.0 0.0 0.0 0.0 0.0 0.0 0.0 0.0 0.0 0.0 0.0 0.0 0.0 0.0 0.0 0.0 0.0 
372 0.368 1.042701145195185e-05 0.0 0.0 1.042701145195185e-05 0.0 0.0 0.0 0.0 0.0 0.0 0.0 0.0 0.0 0.0 0.0 0.0 0.0 0.0 0.0 0.0 0.0 
373 0.369 1.044040901105401e-05 0.0 0.0 1.044040901105401e-05 0.0 0.0 0.0 0.0 0.0 0.0 0.0 0.0 0.0 0.0 0.0 0.0 0.0 0.0 0.0 0.0 0.0 
374 0.37 1.0453822593964209e-05 0.0 0.0 1.0453822593964209e-05 0.0 0.0 0.0 0.0 0.0 0.0 0.0 0.0 0.0 0.0 0.0 0.0 0.0 0.0 0.0 0.0 0.0 
375 0.371 1.0467252217852228e-05 0.0 0.0 1.0467252217852228e-05 0.0 0.0 0.0 0.0 0.0 0.0 0.0 0.0 0.0 0.0 0.0 0.0 0.0 0.0 0.0 0.0 0.0 
376 0.372 1.0480697899902907e-05 0.0 0.0 1.0480697899902907e-05 0.0 0.0 0.0 0.0 0.0 0.0 0.0 0.0 0.0 0.0 0.0 0.0 0.0 0.0 0.0 0.0 0.0 
377 0.373 1.0494159657316098e-05 0.0 0.0 1.0494159657316098e-05 0.0 0.0 0.0 0.0 0.0 0.0 0.0 0.0 0.0 0.0 0.0 0.0 0.0 0.0 0.0 0.0 0.0 
378 0.374 1.0507637507306701e-05 0.0 0.0 1.0507637507306701e-05 0.0 0.0 0.0 0.0 0.0 0.0 0.0 0.0 0.0 0.0 0.0 0.0 0.0 0.0 0.0 0.0 0.0 
379 0.375 1.0521131467104657e-05 0.0 0.0 1.0521131467104657e-05 0.0 0.0 0.0 0.0 0.0 0.0 0.0 0.0 0.0 0.0 0.0 0.0 0.0 0.0 0.0 0.0 0.0 
380 0.376 1.0534641553954951e-05 0.0 0.0 1.0534641553954951e-05 0.0 0.0 0.0 0.0 0.0 0.0 0.0 0.0 0.0 0.0 0.0 0.0 0.0 0.0 0.0 0.0 0.0 
381 0.376 1.0548167785117652e-05 0.0 0.0 1.0548167785117652e-05 0.0 0.0 0.0 0.0 0.0 0.0 0.0 0.0 0.0 0.0 0.0 0.0 0.0 0.0 0.0 0.0 0.0 
382 0.377 1.056171017786787e-05 0.0 0.0 1.056171017786787e-05 0.0 0.0 0.0 0.0 0.0 0.0 0.0 0.0 0.0 0.0 0.0 0.0 0.0 0.0 0.0 0.0 0.0 
383 0.378 1.0575268749495805e-05 0.0 0.0 1.0575268749495805e-05 0.0 0.0 0.0 0.0 0.0 0.0 0.0 0.0 0.0 0.0 0.0 0.0 0.0 0.0 0.0 0.0 0.0 
384 0.379 1.0588843517306738e-05 0.0 0.0 1.0588843517306738e-05 0.0 0.0 0.0 0.0 0.0 0.0 0.0 0.0 0.0 0.0 0.0 0.0 0.0 0.0 0.0 0.0 0.0 
385 0.38 1.0602434498621025e-05 0.0 0.0 1.0602434498621025e-05 0.0 0.0 0.0 0.0 0.0 0.0 0.0 0.0 0.0 0.0 0.0 0.0 0.0 0.0 0.0 0.0 0.0 
386 0.381 1.0616041710774133e-05 0.0 0.0 1.0616041710774133e-05 0.0 0.0 0.0 0.0 0.0 0.0 0.0 0.0 0.0 0.0 0.0 0.0 0.0 0.0 0.0 0.0 0.0 
387 0.382 1.0629665171116625e-05 0.0 0.0 1.0629665171116625e-05 0.0 0.0 0.0 0.0 0.0 0.0 0.0 0.0 0.0 0.0 0.0 0.0 0.0 0.0 0.0 0.0 0.0 
388 0.383 1.0643304897014174e-05 0.0 0.0 1.0643304897014174e-05 0.0 0.0 0.0 0.0 0.0 0.0 0.0 0.0 0.0 0.0 0.0 0.0 0.0 0.0 0.0 0.0 0.0 
389 0.384 1.065696090584757e-05 0.0 0.0 1.065696090584757e-05 0.0 0.0 0.0 0.0 0.0 0.0 0.0 0.0 0.0 0.0 0.0 0.0 0.0 0.0 0.0 0.0 0.0 
390 0.385 1.0670633215012728e-05 0.0 0.0 1.0670633215012728e-05 0.0 0.0 0.0 0.0 0.0 0.0 0.0 0.0 0.0 0.0 0.0 0.0 0.0 0.0 0.0 0.0 0.0 
391 0.386 1.0684321841920696e-05 0.0 0.0 1.0684321841920696e-05 0.0 0.0 0.0 0.0 0.0 0.0 0.0 0.0 0.0 0.0 0.0 0.0 0.0 0.0 0.0 0.0 0.0 
392 0.387 1.069802680399766e-05 0.0 0.0 1.069802680399766e-05 0.0 0.0 0.0 0.0 0.0 0.0 0.0 0.0 0.0 0.0 0.0 0.0 0.0 0.0 0.0 0.0 0.0 
393 0.388 1.0711748118684944e-05 0.0 0.0 1.0711748118684944e-05 0.0 0.0 0.0 0.0 0.0 0.0 0.0 0.0 0.0 0.0 0.0 0.0 0.0 0.0 0.0 0.0 0.0 
394 0.389 1.0725485803439033e-05 0.0 0.0 1.0725485803439033e-05 0.0 0.0 0.0 0.0 0.0 0.0 0.0 0.0 0.0 0.0 0.0 0.0 0.0 0.0 0.0 0.0 0.0 
395 0.39 1.073923987573157e-05 0.0 0.0 1.073923987573157e-05 0.0 0.0 0.0 0.0 0.0 0.0 0.0 0.0 0.0 0.0 0.0 0.0 0.0 0.0 0.0 0.0 0.0 
396 0.391 1.0753010353049364e-05 0.0 0.0 1.0753010353049364e-05 0.0 0.0 0.0 0.0 0.0 0.0 0.0 0.0 0.0 0.0 0.0 0.0 0.0 0.0 0.0 0.0 0.0 
397 0.392 1.076679725289439e-05 0.0 0.0 1.076679725289439e-05 0.0 0.0 0.0 0.0 0.0 0.0 0.0 0.0 0.0 0.0 0.0 0.0 0.0 0.0 0.0 0.0 0.0 
398 0.393 1.0780600592783819e-05 0.0 0.0 1.0780600592783819e-05 0.0 0.0 0.0 0.0 0.0 0.0 0.0 0.0 0.0 0.0 0.0 0.0 0.0 0.0 0.0 0.0 0.0 
399 0.394 1.0794420390249992e-05 0.0 0.0 1.0794420390249992e-05 0.0 0.0 0.0 0.0 0.0 0.0 0.0 0.0 0.0 0.0 0.0 0.0 0.0 0.0 0.0 0.0 0.0 
400 0.395 1.0808256662840463e-05 0.0 0.0 1.0808256662840463e-05 0.0 0.0 0.0 0.0 0.0 0.0 0.0 0.0 0.0 0.0 0.0 0.0 0.0 0.0 0.0 0.0 0.0 
401 0.396 1.0822109428117974e-05 0.0 0.0 1.0822109428117974e-05 0.0 0.0 0.0 0.0 0.0 0.0 0.0 0.0 0.0 0.0 0.0 0.0 0.0 0.0 0.0 0.0 0.0 
402 0.397 1.0835978703660477e-05 0.0 0.0 1.0835978703660477e-05 0.0 0.0 0.0 0.0 0.0 0.0 0.0 0.0 0.0 0.0 0.0 0.0 0.0 0.0 0.0 0.0 0.0 
403 0.398 1.0849864507061148e-05 0.0 0.0 1.0849864507061148e-05 0.0 0.0 0.0 0.0 0.0 0.0 0.0 0.0 0.0 0.0 0.0 0.0 0.0 0.0 0.0 0.0 0.0 
404 0.399 1.0863766855928377e-05 0.0 0.0 1.0863766855928377e-05 0.0 0.0 0.0 0.0 0.0 0.0 0.0 0.0 0.0 0.0 0.0 0.0 0.0 0.0 0.0 0.0 0.0 
405 0.4 1.0877685767885787e-05 0.0 0.0 1.0877685767885787e-05 0.0 0.0 0.0 0.0 0.0 0.0 0.0 0.0 0.0 0.0 0.0 0.0 0.0 0.0 0.0 0.0 0.0 
406 0.401 1.0891621260572234e-05 0.0 0.0 1.0891621260572234e-05 0.0 0.0 0.0 0.0 0.0 0.0 0.0 0.0 0.0 0.0 0.0 0.0 0.0 0.0 0.0 0.0 0.0 
407 0.402 1.0905573351641825e-05 0.0 0.0 1.0905573351641825e-05 0.0 0.0 0.0 0.0 0.0 0.0 0.0 0.0 0.0 0.0 0.0 0.0 0.0 0.0 0.0 0.0 0.0 
408 0.403 1.0919542058763913e-05 0.0 0.0 1.0919542058763913e-05 0.0 0.0 0.0 0.0 0.0 0.0 0.0 0.0 0.0 0.0 0.0 0.0 0.0 0.0 0.0 0.0 0.0 
409 0.404 1.0933527399623104e-05 0.0 0.0 1.0933527399623104e-05 0.0 0.0 0.0 0.0 0.0 0.0 0.0 0.0 0.0 0.0 0.0 0.0 0.0 0.0 0.0 0.0 0.0 
410 0.405 1.0947529391919276e-05 0.0 0.0 1.0947529391919276e-05 0.0 0.0 0.0 0.0 0.0 0.0 0.0 0.0 0.0 0.0 0.0 0.0 0.0 0.0 0.0 0.0 0.0 
411 0.406 1.0961548053367576e-05 0.0 0.0 1.0961548053367576e-05 0.0 0.0 0.0 0.0 0.0 0.0 0.0 0.0 0.0 0.0 0.0 0.0 0.0 0.0 0.0 0.0 0.0 
412 0.407 1.0975583401698425e-05 0.0 0.0 1.0975583401698425e-05 0.0 0.0 0.0 0.0 0.0 0.0 0.0 0.0 0.0 0.0 0.0 0.0 0.0 0.0 0.0 0.0 0.0 
413 0.408 1.0989635454657528e-05 0.0 0.0 1.0989635454657528e-05 0.0 0.0 0.0 0.0 0.0 0.0 0.0 0.0 0.0 0.0 0.0 0.0 0.0 0.0 0.0 0.0 0.0 
414 0.409 1.1003704230005893e-05 0.0 0.0 1.1003704230005893e-05 0.0 0.0 0.0 0.0 0.0 0.0 0.0 0.0 0.0 0.0 0.0 0.0 0.0 0.0 0.0 0.0 0.0 
415 0.41 1.1017789745519814e-05 0.0 0.0 1.1017789745519814e-05 0.0 0.0 0.0 0.0 0.0 0.0 0.0 0.0 0.0 0.0 0.0 0.0 0.0 0.0 0.0 0.0 0.0 
416 0.411 1.1031892018990895e-05 0.0 0.0 1.1031892018990895e-05 0.0 0.0 0.0 0.0 0.0 0.0 0.0 0.0 0.0 0.0 0.0 0.0 0.0 0.0 0.0 0.0 0.0 
417 0.412 1.1046011068226058e-05 0.0 0.0 1.1046011068226058e-05 0.0 0.0 0.0 0.0 0.0 0.0 0.0 0.0 0.0 0.0 0.0 0.0 0.0 0.0 0.0 0.0 0.0 
418 0.413 1.1060146911047537e-05 0.0 0.0 1.1060146911047537e-05 0.0 0.0 0.0 0.0 0.0 0.0 0.0 0.0 0.0 0.0 0.0 0.0 0.0 0.0 0.0 0.0 0.0 
419 0.414 1.1074299565292891e-05 0.0 0.0 1.1074299565292891e-05 0.0 0.0 0.0 0.0 0.0 0.0 0.0 0.0 0.0 0.0 0.0 0.0 0.0 0.0 0.0 0.0 0.0 
420 0.415 1.1088469048815018e-05 0.0 0.0 1.1088469048815018e-05 0.0 0.0 0.0 0.0 0.0 0.0 0.0 0.0 0.0 0.0 0.0 0.0 0.0 0.0 0.0 0.0 0.0 
421 0.416 1.110265537948215e-05 0.0 0.0 1.110265537948215e-05 0.0 0.0 0.0 0.0 0.0 0.0 0.0 0.0 0.0 0.0 0.0 0.0 0.0 0.0 0.0 0.0 0.0 
422 0.417 1.1116858575177874e-05 0.0 0.0 1.1116858575177874e-05 0.0 0.0 0.0 0.0 0.0 0.0 0.0 0.0 0.0 0.0 0.0 0.0 0.0 0.0 0.0 0.0 0.0 
423 0.418 1.113107865380112e-05 0.0 0.0 1.113107865380112e-05 0.0 0.0 0.0 0.0 0.0 0.0 0.0 0.0 0.0 0.0 0.0 0.0 0.0 0.0 0.0 0.0 0.0 
424 0.419 1.1145315633266183e-05 0.0 0.0 1.1145315633266183e-05 0.0 0.0 0.0 0.0 0.0 0.0 0.0 0.0 0.0 0.0 0.0 0.0 0.0 0.0 0.0 0.0 0.0 
425 0.42 1.1159569531502723e-05 0.0 0.0 1.1159569531502723e-05 0.0 0.0 0.0 0.0 0.0 0.0 0.0 0.0 0.0 0.0 0.0 0.0 0.0 0.0 0.0 0.0 0.0 
426 0.421 1.117384036645578e-05 0.0 0.0 1.117384036645578e-05 0.0 0.0 0.0 0.0 0.0 0.0 0.0 0.0 0.0 0.0 0.0 0.0 0.0 0.0 0.0 0.0 0.0 
427 0.422 1.1188128156085764e-05 0.0 0.0 1.1188128156085764e-05 0.0 0.0 0.0 0.0 0.0 0.0 0.0 0.0 0.0 0.0 0.0 0.0 0.0 0.0 0.0 0.0 0.0 
428 0.423 1.1202432918368484e-05 0.0 0.0 1.1202432918368484e-05 0.0 0.0 0.0 0.0 0.0 0.0 0.0 0.0 0.0 0.0 0.0 0.0 0.0 0.0 0.0 0.0 0.0 
429 0.424 1.1216754671295127e-05 0.0 0.0 1.1216754671295127e-05 0.0 0.0 0.0 0.0 0.0 0.0 0.0 0.0 0.0 0.0 0.0 0.0 0.0 0.0 0.0 0.0 0.0 
430 0.425 1.1231093432872296e-05 0.0 0.0 1.1231093432872296e-05 0.0 0.0 0.0 0.0 0.0 0.0 0.0 0.0 0.0 0.0 0.0 0.0 0.0 0.0 0.0 0.0 0.0 
431 0.426 1.1245449221121994e-05 0.0 0.0 1.1245449221121994e-05 0.0 0.0 0.0 0.0 0.0 0.0 0.0 0.0 0.0 0.0 0.0 0.0 0.0 0.0 0.0 0.0 0.0 
432 0.427 1.1259822054081636e-05 0.0 0.0 1.1259822054081636e-05 0.0 0.0 0.0 0.0 0.0 0.0 0.0 0.0 0.0 0.0 0.0 0.0 0.0 0.0 0.0 0.0 0.0 
433 0.428 1.1274211949804066e-05 0.0 0.0 1.1274211949804066e-05 0.0 0.0 0.0 0.0 0.0 0.0 0.0 0.0 0.0 0.0 0.0 0.0 0.0 0.0 0.0 0.0 0.0 
434 0.429 1.1288618926357549e-05 0.0 0.0 1.1288618926357549e-05 0.0 0.0 0.0 0.0 0.0 0.0 0.0 0.0 0.0 0.0 0.0 0.0 0.0 0.0 0.0 0.0 0.0 
435 0.43 1.1303043001825782e-05 0.0 0.0 1.1303043001825782e-05 0.0 0.0 0.0 0.0 0.0 0.0 0.0 0.0 0.0 0.0 0.0 0.0 0.0 0.0 0.0 0.0 0.0 
436 0.431 1.1317484194307905e-05 0.0 0.0 1.1317484194307905e-05 0.0 0.0 0.0 0.0 0.0 0.0 0.0 0.0 0.0 0.0 0.0 0.0 0.0 0.0 0.0 0.0 0.0 
437 0.432 1.1331942521918506e-05 0.0 0.0 1.1331942521918506e-05 0.0 0.0 0.0 0.0 0.0 0.0 0.0 0.0 0.0 0.0 0.0 0.0 0.0 0.0 0.0 0.0 0.0 
438 0.433 1.134641800278763e-05 0.0 0.0 1.134641800278763e-05 0.0 0.0 0.0 0.0 0.0 0.0 0.0 0.0 0.0 0.0 0.0 0.0 0.0 0.0 0.0 0.0 0.0 
439 0.434 1.136091065506078e-05 0.0 0.0 1.136091065506078e-05 0.0 0.0 0.0 0.0 0.0 0.0 0.0 0.0 0.0 0.0 0.0 0.0 0.0 0.0 0.0 0.0 0.0 
440 0.435 1.1375420496898923e-05 0.0 0.0 1.1375420496898923e-05 0.0 0.0 0.0 0.0 0.0 0.0 0.0 0.0 0.0 0.0 0.0 0.0 0.0 0.0 0.0 0.0 0.0 
441 0.436 1.13899475464785e-05 0.0 0.0 1.13899475464785e-05 0.0 0.0 0.0 0.0 0.0 0.0 0.0 0.0 0.0 0.0 0.0 0.0 0.0 0.0 0.0 0.0 0.0 
442 0.437 1.1404491821991436e-05 0.0 0.0 1.1404491821991436e-05 0.0 0.0 0.0 0.0 0.0 0.0 0.0 0.0 0.0 0.0 0.0 0.0 0.0 0.0 0.0 0.0 0.0 
443 0.438 1.1419053341645139e-05 0.0 0.0 1.1419053341645139e-05 0.0 0.0 0.0 0.0 0.0 0.0 0.0 0.0 0.0 0.0 0.0 0.0 0.0 0.0 0.0 0.0 0.0 
444 0.439 1.1433632123662525e-05 0.0 0.0 1.1433632123662525e-05 0.0 0.0 0.0 0.0 0.0 0.0 0.0 0.0 0.0 0.0 0.0 0.0 0.0 0.0 0.0 0.0 0.0 
445 0.44 1.1448228186281986e-05 0.0 0.0 1.1448228186281986e-05 0.0 0.0 0.0 0.0 0.0 0.0 0.0 0.0 0.0 0.0 0.0 0.0 0.0 0.0 0.0 0.0 0.0 
446 0.441 1.1462841547757435e-05 0.0 0.0 1.1462841547757435e-05 0.0 0.0 0.0 0.0 0.0 0.0 0.0 0.0 0.0 0.0 0.0 0.0 0.0 0.0 0.0 0.0 0.0 
447 0.442 1.1477472226358298e-05 0.0 0.0 1.1477472226358298e-05 0.0 0.0 0.0 0.0 0.0 0.0 0.0 0.0 0.0 0.0 0.0 0.0 0.0 0.0 0.0 0.0 0.0 
448 0.443 1.1492120240369517e-05 0.0 0.0 1.1492120240369517e-05 0.0 0.0 0.0 0.0 0.0 0.0 0.0 0.0 0.0 0.0 0.0 0.0 0.0 0.0 0.0 0.0 0.0 
449 0.444 1.1506785608091568e-05 0.0 0.0 1.1506785608091568e-05 0.0 0.0 0.0 0.0 0.0 0.0 0.0 0.0 0.0 0.0 0.0 0.0 0.0 0.0 0.0 0.0 0.0 
450 0.445 1.1521468347840447e-05 0.0 0.0 1.1521468347840447e-05 0.0 0.0 0.0 0.0 0.0 0.0 0.0 0.0 0.0 0.0 0.0 0.0 0.0 0.0 0.0 0.0 0.0 
451 0.446 1.1536168477947697e-05 0.0 0.0 1.1536168477947697e-05 0.0 0.0 0.0 0.0 0.0 0.0 0.0 0.0 0.0 0.0 0.0 0.0 0.0 0.0 0.0 0.0 0.0 
452 0.447 1.1550886016760407e-05 0.0 0.0 1.1550886016760407e-05 0.0 0.0 0.0 0.0 0.0 0.0 0.0 0.0 0.0 0.0 0.0 0.0 0.0 0.0 0.0 0.0 0.0 
453 0.448 1.1565620982641216e-05 0.0 0.0 1.1565620982641216e-05 0.0 0.0 0.0 0.0 0.0 0.0 0.0 0.0 0.0 0.0 0.0 0.0 0.0 0.0 0.0 0.0 0.0 
454 0.449 1.1580373393968327e-05 0.0 0.0 1.1580373393968327e-05 0.0 0.0 0.0 0.0 0.0 0.0 0.0 0.0 0.0 0.0 0.0 0.0 0.0 0.0 0.0 0.0 0.0 
455 0.45 1.1595143269135498e-05 0.0 0.0 1.1595143269135498e-05 0.0 0.0 0.0 0.0 0.0 0.0 0.0 0.0 0.0 0.0 0.0 0.0 0.0 0.0 0.0 0.0 0.0 
456 0.451 1.1609930626552068e-05 0.0 0.0 1.1609930626552068e-05 0.0 0.0 0.0 0.0 0.0 0.0 0.0 0.0 0.0 0.0 0.0 0.0 0.0 0.0 0.0 0.0 0.0 
457 0.452 1.1624735484642948e-05 0.0 0.0 1.1624735484642948e-05 0.0 0.0 0.0 0.0 0.0 0.0 0.0 0.0 0.0 0.0 0.0 0.0 0.0 0.0 0.0 0.0 0.0 
458 0.453 1.163955786184864e-05 0.0 0.0 1.163955786184864e-05 0.0 0.0 0.0 0.0 0.0 0.0 0.0 0.0 0.0 0.0 0.0 0.0 0.0 0.0 0.0 0.0 0.0 
459 0.454 1.1654397776625224e-05 0.0 0.0 1.1654397776625224e-05 0.0 0.0 0.0 0.0 0.0 0.0 0.0 0.0 0.0 0.0 0.0 0.0 0.0 0.0 0.0 0.0 0.0 
460 0.455 1.1669255247444398e-05 0.0 0.0 1.1669255247444398e-05 0.0 0.0 0.0 0.0 0.0 0.0 0.0 0.0 0.0 0.0 0.0 0.0 0.0 0.0 0.0 0.0 0.0 
461 0.456 1.1684130292793441e-05 0.0 0.0 1.1684130292793441e-05 0.0 0.0 0.0 0.0 0.0 0.0 0.0 0.0 0.0 0.0 0.0 0.0 0.0 0.0 0.0 0.0 0.0 
462 0.457 1.169902293117526e-05 0.0 0.0 1.169902293117526e-05 0.0 0.0 0.0 0.0 0.0 0.0 0.0 0.0 0.0 0.0 0.0 0.0 0.0 0.0 0.0 0.0 0.0 
463 0.458 1.1713933181108368e-05 0.0 0.0 1.1713933181108368e-05 0.0 0.0 0.0 0.0 0.0 0.0 0.0 0.0 0.0 0.0 0.0 0.0 0.0 0.0 0.0 0.0 0.0 
464 0.459 1.1728861061126899e-05 0.0 0.0 1.1728861061126899e-05 0.0 0.0 0.0 0.0 0.0 0.0 0.0 0.0 0.0 0.0 0.0 0.0 0.0 0.0 0.0 0.0 0.0 
465 0.46 1.1743806589780634e-05 0.0 0.0 1.1743806589780634e-05 0.0 0.0 0.0 0.0 0.0 0.0 0.0 0.0 0.0 0.0 0.0 0.0 0.0 0.0 0.0 0.0 0.0 
466 0.46 1.1758769785634958e-05 0.0 0.0 1.1758769785634958e-05 0.0 0.0 0.0 0.0 0.0 0.0 0.0 0.0 0.0 0.0 0.0 0.0 0.0 0.0 0.0 0.0 0.0 
467 0.461 1.1773750667270933e-05 0.0 0.0 1.1773750667270933e-05 0.0 0.0 0.0 0.0 0.0 0.0 0.0 0.0 0.0 0.0 0.0 0.0 0.0 0.0 0.0 0.0 0.0 
468 0.462 1.1788749253285242e-05 0.0 0.0 1.1788749253285242e-05 0.0 0.0 0.0 0.0 0.0 0.0 0.0 0.0 0.0 0.0 0.0 0.0 0.0 0.0 0.0 0.0 0.0 
469 0.463 1.1803765562290235e-05 0.0 0.0 1.1803765562290235e-05 0.0 0.0 0.0 0.0 0.0 0.0 0.0 0.0 0.0 0.0 0.0 0.0 0.0 0.0 0.0 0.0 0.0 
470 0.464 1.181879961291392e-05 0.0 0.0 1.181879961291392e-05 0.0 0.0 0.0 0.0 0.0 0.0 0.0 0.0 0.0 0.0 0.0 0.0 0.0 0.0 0.0 0.0 0.0 
471 0.465 1.183385142379997e-05 0.0 0.0 1.183385142379997e-05 0.0 0.0 0.0 0.0 0.0 0.0 0.0 0.0 0.0 0.0 0.0 0.0 0.0 0.0 0.0 0.0 0.0 
472 0.466 1.1848921013607735e-05 0.0 0.0 1.1848921013607735e-05 0.0 0.0 0.0 0.0 0.0 0.0 0.0 0.0 0.0 0.0 0.0 0.0 0.0 0.0 0.0 0.0 0.0 
473 0.467 1.1864008401012244e-05 0.0 0.0 1.1864008401012244e-05 0.0 0.0 0.0 0.0 0.0 0.0 0.0 0.0 0.0 0.0 0.0 0.0 0.0 0.0 0.0 0.0 0.0 
474 0.468 1.1879113604704206e-05 0.0 0.0 1.1879113604704206e-05 0.0 0.0 0.0 0.0 0.0 0.0 0.0 0.0 0.0 0.0 0.0 0.0 0.0 0.0 0.0 0.0 0.0 
475 0.469 1.1894236643390029e-05 0.0 0.0 1.1894236643390029e-05 0.0 0.0 0.0 0.0 0.0 0.0 0.0 0.0 0.0 0.0 0.0 0.0 0.0 0.0 0.0 0.0 0.0 
476 0.47 1.1909377535791814e-05 0.0 0.0 1.1909377535791814e-05 0.0 0.0 0.0 0.0 0.0 0.0 0.0 0.0 0.0 0.0 0.0 0.0 0.0 0.0 0.0 0.0 0.0 
477 0.471 1.1924536300647366e-05 0.0 0.0 1.1924536300647366e-05 0.0 0.0 0.0 0.0 0.0 0.0 0.0 0.0 0.0 0.0 0.0 0.0 0.0 0.0 0.0 0.0 0.0 
478 0.472 1.1939712956710209e-05 0.0 0.0 1.1939712956710209e-05 0.0 0.0 0.0 0.0 0.0 0.0 0.0 0.0 0.0 0.0 0.0 0.0 0.0 0.0 0.0 0.0 0.0 
479 0.473 1.195490752274957e-05 0.0 0.0 1.195490752274957e-05 0.0 0.0 0.0 0.0 0.0 0.0 0.0 0.0 0.0 0.0 0.0 0.0 0.0 0.0 0.0 0.0 0.0 
480 0.474 1.1970120017550415e-05 0.0 0.0 1.1970120017550415e-05 0.0 0.0 0.0 0.0 0.0 0.0 0.0 0.0 0.0 0.0 0.0 0.0 0.0 0.0 0.0 0.0 0.0 
481 0.475 1.1985350459913419e-05 0.0 0.0 1.1985350459913419e-05 0.0 0.0 0.0 0.0 0.0 0.0 0.0 0.0 0.0 0.0 0.0 0.0 0.0 0.0 0.0 0.0 0.0 
482 0.476 1.2000598868655013e-05 0.0 0.0 1.2000598868655013e-05 0.0 0.0 0.0 0.0 0.0 0.0 0.0 0.0 0.0 0.0 0.0 0.0 0.0 0.0 0.0 0.0 0.0 
483 0.477 1.2015865262607355e-05 0.0 0.0 1.2015865262607355e-05 0.0 0.0 0.0 0.0 0.0 0.0 0.0 0.0 0.0 0.0 0.0 0.0 0.0 0.0 0.0 0.0 0.0 
484 0.478 1.2031149660618354e-05 0.0 0.0 1.2031149660618354e-05 0.0 0.0 0.0 0.0 0.0 0.0 0.0 0.0 0.0 0.0 0.0 0.0 0.0 0.0 0.0 0.0 0.0 
485 0.479 1.2046452081551678e-05 0.0 0.0 1.2046452081551678e-05 0.0 0.0 0.0 0.0 0.0 0.0 0.0 0.0 0.0 0.0 0.0 0.0 0.0 0.0 0.0 0.0 0.0 
486 0.48 1.2061772544286748e-05 0.0 0.0 1.2061772544286748e-05 0.0 0.0 0.0 0.0 0.0 0.0 0.0 0.0 0.0 0.0 0.0 0.0 0.0 0.0 0.0 0.0 0.0 
487 0.481 1.2077111067718746e-05 0.0 0.0 1.2077111067718746e-05 0.0 0.0 0.0 0.0 0.0 0.0 0.0 0.0 0.0 0.0 0.0 0.0 0.0 0.0 0.0 0.0 0.0 
488 0.482 1.2092467670758643e-05 0.0 0.0 1.2092467670758643e-05 0.0 0.0 0.0 0.0 0.0 0.0 0.0 0.0 0.0 0.0 0.0 0.0 0.0 0.0 0.0 0.0 0.0 
489 0.483 1.2107842372333165e-05 0.0 0.0 1.2107842372333165e-05 0.0 0.0 0.0 0.0 0.0 0.0 0.0 0.0 0.0 0.0 0.0 0.0 0.0 0.0 0.0 0.0 0.0 
490 0.484 1.2123235191384843e-05 0.0 0.0 1.2123235191384843e-05 0.0 0.0 0.0 0.0 0.0 0.0 0.0 0.0 0.0 0.0 0.0 0.0 0.0 0.0 0.0 0.0 0.0 
491 0.485 1.2138646146871988e-05 0.0 0.0 1.2138646146871988e-05 0.0 0.0 0.0 0.0 0.0 0.0 0.0 0.0 0.0 0.0 0.0 0.0 0.0 0.0 0.0 0.0 0.0 
492 0.486 1.2154075257768702e-05 0.0 0.0 1.2154075257768702e-05 0.0 0.0 0.0 0.0 0.0 0.0 0.0 0.0 0.0 0.0 0.0 0.0 0.0 0.0 0.0 0.0 0.0 
493 0.487 1.2169522543064899e-05 0.0 0.0 1.2169522543064899e-05 0.0 0.0 0.0 0.0 0.0 0.0 0.0 0.0 0.0 0.0 0.0 0.0 0.0 0.0 0.0 0.0 0.0 
494 0.488 1.2184988021766297e-05 0.0 0.0 1.2184988021766297e-05 0.0 0.0 0.0 0.0 0.0 0.0 0.0 0.0 0.0 0.0 0.0 0.0 0.0 0.0 0.0 0.0 0.0 
495 0.489 1.2200471712894423e-05 0.0 0.0 1.2200471712894423e-05 0.0 0.0 0.0 0.0 0.0 0.0 0.0 0.0 0.0 0.0 0.0 0.0 0.0 0.0 0.0 0.0 0.0 
496 0.49 1.221597363548663e-05 0.0 0.0 1.221597363548663e-05 0.0 0.0 0.0 0.0 0.0 0.0 0.0 0.0 0.0 0.0 0.0 0.0 0.0 0.0 0.0 0.0 0.0 
497 0.491 1.2231493808596094e-05 0.0 0.0 1.2231493808596094e-05 0.0 0.0 0.0 0.0 0.0 0.0 0.0 0.0 0.0 0.0 0.0 0.0 0.0 0.0 0.0 0.0 0.0 
498 0.492 1.2247032251291827e-05 0.0 0.0 1.2247032251291827e-05 0.0 0.0 0.0 0.0 0.0 0.0 0.0 0.0 0.0 0.0 0.0 0.0 0.0 0.0 0.0 0.0 0.0 
499 0.493 1.226258898265867e-05 0.0 0.0 1.226258898265867e-05 0.0 0.0 0.0 0.0 0.0 0.0 0.0 0.0 0.0 0.0 0.0 0.0 0.0 0.0 0.0 0.0 0.0 
500 0.494 1.2278164021797316e-05 0.0 0.0 1.2278164021797316e-05 0.0 0.0 0.0 0.0 0.0 0.0 0.0 0.0 0.0 0.0 0.0 0.0 0.0 0.0 0.0 0.0 0.0 
501 0.495 1.2293757387824306e-05 0.0 0.0 1.2293757387824306e-05 0.0 0.0 0.0 0.0 0.0 0.0 0.0 0.0 0.0 0.0 0.0 0.0 0.0 0.0 0.0 0.0 0.0 
502 0.496 1.2309369099872025e-05 0.0 0.0 1.2309369099872025e-05 0.0 0.0 0.0 0.0 0.0 0.0 0.0 0.0 0.0 0.0 0.0 0.0 0.0 0.0 0.0 0.0 0.0 
503 0.497 1.232499917708874e-05 0.0 0.0 1.232499917708874e-05 0.0 0.0 0.0 0.0 0.0 0.0 0.0 0.0 0.0 0.0 0.0 0.0 0.0 0.0 0.0 0.0 0.0 
504 0.498 1.234064763863857e-05 0.0 0.0 1.234064763863857e-05 0.0 0.0 0.0 0.0 0.0 0.0 0.0 0.0 0.0 0.0 0.0 0.0 0.0 0.0 0.0 0.0 0.0 
505 0.499 1.2356314503701509e-05 0.0 0.0 1.2356314503701509e-05 0.0 0.0 0.0 0.0 0.0 0.0 0.0 0.0 0.0 0.0 0.0 0.0 0.0 0.0 0.0 0.0 0.0 
506 0.5 1.2371999791473432e-05 0.0 0.0 1.2371999791473432e-05 0.0 0.0 0.0 0.0 0.0 0.0 0.0 0.0 0.0 0.0 0.0 0.0 0.0 0.0 0.0 0.0 0.0 
507 0.501 1.2387703521166106e-05 0.0 0.0 1.2387703521166106e-05 0.0 0.0 0.0 0.0 0.0 0.0 0.0 0.0 0.0 0.0 0.0 0.0 0.0 0.0 0.0 0.0 0.0 
508 0.502 1.2403425712007168e-05 0.0 0.0 1.2403425712007168e-05 0.0 0.0 0.0 0.0 0.0 0.0 0.0 0.0 0.0 0.0 0.0 0.0 0.0 0.0 0.0 0.0 0.0 
509 0.503 1.241916638324017e-05 0.0 0.0 1.241916638324017e-05 0.0 0.0 0.0 0.0 0.0 0.0 0.0 0.0 0.0 0.0 0.0 0.0 0.0 0.0 0.0 0.0 0.0 
510 0.504 1.2434925554124565e-05 0.0 0.0 1.2434925554124565e-05 0.0 0.0 0.0 0.0 0.0 0.0 0.0 0.0 0.0 0.0 0.0 0.0 0.0 0.0 0.0 0.0 0.0 
511 0.505 1.2450703243935703e-05 0.0 0.0 1.2450703243935703e-05 0.0 0.0 0.0 0.0 0.0 0.0 0.0 0.0 0.0 0.0 0.0 0.0 0.0 0.0 0.0 0.0 0.0 
512 0.506 1.2466499471964856e-05 0.0 0.0 1.2466499471964856e-05 0.0 0.0 0.0 0.0 0.0 0.0 0.0 0.0 0.0 0.0 0.0 0.0 0.0 0.0 0.0 0.0 0.0 
513 0.507 1.248231425751921e-05 0.0 0.0 1.248231425751921e-05 0.0 0.0 0.0 0.0 0.0 0.0 0.0 0.0 0.0 0.0 0.0 0.0 0.0 0.0 0.0 0.0 0.0 
514 0.508 1.2498147619921881e-05 0.0 0.0 1.2498147619921881e-05 0.0 0.0 0.0 0.0 0.0 0.0 0.0 0.0 0.0 0.0 0.0 0.0 0.0 0.0 0.0 0.0 0.0 
515 0.509 1.2513999578511917e-05 0.0 0.0 1.2513999578511917e-05 0.0 0.0 0.0 0.0 0.0 0.0 0.0 0.0 0.0 0.0 0.0 0.0 0.0 0.0 0.0 0.0 0.0 
516 0.51 1.2529870152644295e-05 0.0 0.0 1.2529870152644295e-05 0.0 0.0 0.0 0.0 0.0 0.0 0.0 0.0 0.0 0.0 0.0 0.0 0.0 0.0 0.0 0.0 0.0 
517 0.511 1.2545759361689937e-05 0.0 0.0 1.2545759361689937e-05 0.0 0.0 0.0 0.0 0.0 0.0 0.0 0.0 0.0 0.0 0.0 0.0 0.0 0.0 0.0 0.0 0.0 
518 0.512 1.256166722503572e-05 0.0 0.0 1.256166722503572e-05 0.0 0.0 0.0 0.0 0.0 0.0 0.0 0.0 0.0 0.0 0.0 0.0 0.0 0.0 0.0 0.0 0.0 
519 0.513 1.2577593762084468e-05 0.0 0.0 1.2577593762084468e-05 0.0 0.0 0.0 0.0 0.0 0.0 0.0 0.0 0.0 0.0 0.0 0.0 0.0 0.0 0.0 0.0 0.0 
520 0.514 1.2593538992254963e-05 0.0 0.0 1.2593538992254963e-05 0.0 0.0 0.0 0.0 0.0 0.0 0.0 0.0 0.0 0.0 0.0 0.0 0.0 0.0 0.0 0.0 0.0 
521 0.515 1.2609502934981954e-05 0.0 0.0 1.2609502934981954e-05 0.0 0.0 0.0 0.0 0.0 0.0 0.0 0.0 0.0 0.0 0.0 0.0 0.0 0.0 0.0 0.0 0.0 
522 0.516 1.2625485609716162e-05 0.0 0.0 1.2625485609716162e-05 0.0 0.0 0.0 0.0 0.0 0.0 0.0 0.0 0.0 0.0 0.0 0.0 0.0 0.0 0.0 0.0 0.0 
523 0.517 1.264148703592428e-05 0.0 0.0 1.264148703592428e-05 0.0 0.0 0.0 0.0 0.0 0.0 0.0 0.0 0.0 0.0 0.0 0.0 0.0 0.0 0.0 0.0 0.0 
524 0.518 1.2657507233088989e-05 0.0 0.0 1.2657507233088989e-05 0.0 0.0 0.0 0.0 0.0 0.0 0.0 0.0 0.0 0.0 0.0 0.0 0.0 0.0 0.0 0.0 0.0 
525 0.519 1.2673546220708955e-05 0.0 0.0 1.2673546220708955e-05 0.0 0.0 0.0 0.0 0.0 0.0 0.0 0.0 0.0 0.0 0.0 0.0 0.0 0.0 0.0 0.0 0.0 
526 0.52 1.2689604018298828e-05 0.0 0.0 1.2689604018298828e-05 0.0 0.0 0.0 0.0 0.0 0.0 0.0 0.0 0.0 0.0 0.0 0.0 0.0 0.0 0.0 0.0 0.0 
527 0.521 1.270568064538927e-05 0.0 0.0 1.270568064538927e-05 0.0 0.0 0.0 0.0 0.0 0.0 0.0 0.0 0.0 0.0 0.0 0.0 0.0 0.0 0.0 0.0 0.0 
528 0.522 1.2721776121526941e-05 0.0 0.0 1.2721776121526941e-05 0.0 0.0 0.0 0.0 0.0 0.0 0.0 0.0 0.0 0.0 0.0 0.0 0.0 0.0 0.0 0.0 0.0 
529 0.523 1.2737890466274512e-05 0.0 0.0 1.2737890466274512e-05 0.0 0.0 0.0 0.0 0.0 0.0 0.0 0.0 0.0 0.0 0.0 0.0 0.0 0.0 0.0 0.0 0.0 
530 0.524 1.275402369921066e-05 0.0 0.0 1.275402369921066e-05 0.0 0.0 0.0 0.0 0.0 0.0 0.0 0.0 0.0 0.0 0.0 0.0 0.0 0.0 0.0 0.0 0.0 
531 0.525 1.2770175839930098e-05 0.0 0.0 1.2770175839930098e-05 0.0 0.0 0.0 0.0 0.0 0.0 0.0 0.0 0.0 0.0 0.0 0.0 0.0 0.0 0.0 0.0 0.0 
532 0.526 1.2786346908043552e-05 0.0 0.0 1.2786346908043552e-05 0.0 0.0 0.0 0.0 0.0 0.0 0.0 0.0 0.0 0.0 0.0 0.0 0.0 0.0 0.0 0.0 0.0 
533 0.527 1.2802536923177785e-05 0.0 0.0 1.2802536923177785e-05 0.0 0.0 0.0 0.0 0.0 0.0 0.0 0.0 0.0 0.0 0.0 0.0 0.0 0.0 0.0 0.0 0.0 
534 0.528 1.2818745904975601e-05 0.0 0.0 1.2818745904975601e-05 0.0 0.0 0.0 0.0 0.0 0.0 0.0 0.0 0.0 0.0 0.0 0.0 0.0 0.0 0.0 0.0 0.0 
535 0.529 1.2834973873095842e-05 0.0 0.0 1.2834973873095842e-05 0.0 0.0 0.0 0.0 0.0 0.0 0.0 0.0 0.0 0.0 0.0 0.0 0.0 0.0 0.0 0.0 0.0 
536 0.53 1.2851220847213389e-05 0.0 0.0 1.2851220847213389e-05 0.0 0.0 0.0 0.0 0.0 0.0 0.0 0.0 0.0 0.0 0.0 0.0 0.0 0.0 0.0 0.0 0.0 
537 0.531 1.286748684701919e-05 0.0 0.0 1.286748684701919e-05 0.0 0.0 0.0 0.0 0.0 0.0 0.0 0.0 0.0 0.0 0.0 0.0 0.0 0.0 0.0 0.0 0.0 
538 0.532 1.2883771892220252e-05 0.0 0.0 1.2883771892220252e-05 0.0 0.0 0.0 0.0 0.0 0.0 0.0 0.0 0.0 0.0 0.0 0.0 0.0 0.0 0.0 0.0 0.0 
539 0.533 1.2900076002539631e-05 0.0 0.0 1.2900076002539631e-05 0.0 0.0 0.0 0.0 0.0 0.0 0.0 0.0 0.0 0.0 0.0 0.0 0.0 0.0 0.0 0.0 0.0 
540 0.534 1.2916399197716471e-05 0.0 0.0 1.2916399197716471e-05 0.0 0.0 0.0 0.0 0.0 0.0 0.0 0.0 0.0 0.0 0.0 0.0 0.0 0.0 0.0 0.0 0.0 
541 0.535 1.2932741497505975e-05 0.0 0.0 1.2932741497505975e-05 0.0 0.0 0.0 0.0 0.0 0.0 0.0 0.0 0.0 0.0 0.0 0.0 0.0 0.0 0.0 0.0 0.0 
542 0.536 1.294910292167944e-05 0.0 0.0 1.294910292167944e-05 0.0 0.0 0.0 0.0 0.0 0.0 0.0 0.0 0.0 0.0 0.0 0.0 0.0 0.0 0.0 0.0 0.0 
543 0.537 1.2965483490024232e-05 0.0 0.0 1.2965483490024232e-05 0.0 0.0 0.0 0.0 0.0 0.0 0.0 0.0 0.0 0.0 0.0 0.0 0.0 0.0 0.0 0.0 0.0 
544 0.538 1.2981883222343826e-05 0.0 0.0 1.2981883222343826e-05 0.0 0.0 0.0 0.0 0.0 0.0 0.0 0.0 0.0 0.0 0.0 0.0 0.0 0.0 0.0 0.0 0.0 
545 0.539 1.2998302138457782e-05 0.0 0.0 1.2998302138457782e-05 0.0 0.0 0.0 0.0 0.0 0.0 0.0 0.0 0.0 0.0 0.0 0.0 0.0 0.0 0.0 0.0 0.0 
546 0.54 1.3014740258201762e-05 0.0 0.0 1.3014740258201762e-05 0.0 0.0 0.0 0.0 0.0 0.0 0.0 0.0 0.0 0.0 0.0 0.0 0.0 0.0 0.0 0.0 0.0 
547 0.541 1.303119760142754e-05 0.0 0.0 1.303119760142754e-05 0.0 0.0 0.0 0.0 0.0 0.0 0.0 0.0 0.0 0.0 0.0 0.0 0.0 0.0 0.0 0.0 0.0 
548 0.542 1.3047674188002994e-05 0.0 0.0 1.3047674188002994e-05 0.0 0.0 0.0 0.0 0.0 0.0 0.0 0.0 0.0 0.0 0.0 0.0 0.0 0.0 0.0 0.0 0.0 
549 0.543 1.3064170037812127e-05 0.0 0.0 1.3064170037812127e-05 0.0 0.0 0.0 0.0 0.0 0.0 0.0 0.0 0.0 0.0 0.0 0.0 0.0 0.0 0.0 0.0 0.0 
550 0.544 1.308068517075506e-05 0.0 0.0 1.308068517075506e-05 0.0 0.0 0.0 0.0 0.0 0.0 0.0 0.0 0.0 0.0 0.0 0.0 0.0 0.0 0.0 0.0 0.0 
551 0.544 1.3097219606748041e-05 0.0 0.0 1.3097219606748041e-05 0.0 0.0 0.0 0.0 0.0 0.0 0.0 0.0 0.0 0.0 0.0 0.0 0.0 0.0 0.0 0.0 0.0 
552 0.545 1.3113773365723452e-05 0.0 0.0 1.3113773365723452e-05 0.0 0.0 0.0 0.0 0.0 0.0 0.0 0.0 0.0 0.0 0.0 0.0 0.0 0.0 0.0 0.0 0.0 
553 0.546 1.3130346467629819e-05 0.0 0.0 1.3130346467629819e-05 0.0 0.0 0.0 0.0 0.0 0.0 0.0 0.0 0.0 0.0 0.0 0.0 0.0 0.0 0.0 0.0 0.0 
554 0.547 1.3146938932431798e-05 0.0 0.0 1.3146938932431798e-05 0.0 0.0 0.0 0.0 0.0 0.0 0.0 0.0 0.0 0.0 0.0 0.0 0.0 0.0 0.0 0.0 0.0 
555 0.548 1.3163550780110208e-05 0.0 0.0 1.3163550780110208e-05 0.0 0.0 0.0 0.0 0.0 0.0 0.0 0.0 0.0 0.0 0.0 0.0 0.0 0.0 0.0 0.0 0.0 
556 0.549 1.3180182030662009e-05 0.0 0.0 1.3180182030662009e-05 0.0 0.0 0.0 0.0 0.0 0.0 0.0 0.0 0.0 0.0 0.0 0.0 0.0 0.0 0.0 0.0 0.0 
557 0.55 1.3196832704100326e-05 0.0 0.0 1.3196832704100326e-05 0.0 0.0 0.0 0.0 0.0 0.0 0.0 0.0 0.0 0.0 0.0 0.0 0.0 0.0 0.0 0.0 0.0 
558 0.551 1.3213502820454444e-05 0.0 0.0 1.3213502820454444e-05 0.0 0.0 0.0 0.0 0.0 0.0 0.0 0.0 0.0 0.0 0.0 0.0 0.0 0.0 0.0 0.0 0.0 
559 0.552 1.3230192399769828e-05 0.0 0.0 1.3230192399769828e-05 0.0 0.0 0.0 0.0 0.0 0.0 0.0 0.0 0.0 0.0 0.0 0.0 0.0 0.0 0.0 0.0 0.0 
560 0.553 1.32469014621081e-05 0.0 0.0 1.32469014621081e-05 0.0 0.0 0.0 0.0 0.0 0.0 0.0 0.0 0.0 0.0 0.0 0.0 0.0 0.0 0.0 0.0 0.0 
561 0.554 1.3263630027547072e-05 0.0 0.0 1.3263630027547072e-05 0.0 0.0 0.0 0.0 0.0 0.0 0.0 0.0 0.0 0.0 0.0 0.0 0.0 0.0 0.0 0.0 0.0 
562 0.555 1.3280378116180737e-05 0.0 0.0 1.3280378116180737e-05 0.0 0.0 0.0 0.0 0.0 0.0 0.0 0.0 0.0 0.0 0.0 0.0 0.0 0.0 0.0 0.0 0.0 
563 0.556 1.3297145748119282e-05 0.0 0.0 1.3297145748119282e-05 0.0 0.0 0.0 0.0 0.0 0.0 0.0 0.0 0.0 0.0 0.0 0.0 0.0 0.0 0.0 0.0 0.0 
564 0.557 1.3313932943489075e-05 0.0 0.0 1.3313932943489075e-05 0.0 0.0 0.0 0.0 0.0 0.0 0.0 0.0 0.0 0.0 0.0 0.0 0.0 0.0 0.0 0.0 0.0 
565 0.558 1.3330739722432696e-05 0.0 0.0 1.3330739722432696e-05 0.0 0.0 0.0 0.0 0.0 0.0 0.0 0.0 0.0 0.0 0.0 0.0 0.0 0.0 0.0 0.0 0.0 
566 0.559 1.3347566105108921e-05 0.0 0.0 1.3347566105108921e-05 0.0 0.0 0.0 0.0 0.0 0.0 0.0 0.0 0.0 0.0 0.0 0.0 0.0 0.0 0.0 0.0 0.0 
567 0.56 1.3364412111692744e-05 0.0 0.0 1.3364412111692744e-05 0.0 0.0 0.0 0.0 0.0 0.0 0.0 0.0 0.0 0.0 0.0 0.0 0.0 0.0 0.0 0.0 0.0 
568 0.561 1.3381277762375364e-05 0.0 0.0 1.3381277762375364e-05 0.0 0.0 0.0 0.0 0.0 0.0 0.0 0.0 0.0 0.0 0.0 0.0 0.0 0.0 0.0 0.0 0.0 
569 0.562 1.3398163077364202e-05 0.0 0.0 1.3398163077364202e-05 0.0 0.0 0.0 0.0 0.0 0.0 0.0 0.0 0.0 0.0 0.0 0.0 0.0 0.0 0.0 0.0 0.0 
570 0.563 1.3415068076882903e-05 0.0 0.0 1.3415068076882903e-05 0.0 0.0 0.0 0.0 0.0 0.0 0.0 0.0 0.0 0.0 0.0 0.0 0.0 0.0 0.0 0.0 0.0 
571 0.564 1.3431992781171344e-05 0.0 0.0 1.3431992781171344e-05 0.0 0.0 0.0 0.0 0.0 0.0 0.0 0.0 0.0 0.0 0.0 0.0 0.0 0.0 0.0 0.0 0.0 
572 0.565 1.3448937210485631e-05 0.0 0.0 1.3448937210485631e-05 0.0 0.0 0.0 0.0 0.0 0.0 0.0 0.0 0.0 0.0 0.0 0.0 0.0 0.0 0.0 0.0 0.0 
573 0.566 1.3465901385098102e-05 0.0 0.0 1.3465901385098102e-05 0.0 0.0 0.0 0.0 0.0 0.0 0.0 0.0 0.0 0.0 0.0 0.0 0.0 0.0 0.0 0.0 0.0 
574 0.567 1.3482885325297357e-05 0.0 0.0 1.3482885325297357e-05 0.0 0.0 0.0 0.0 0.0 0.0 0.0 0.0 0.0 0.0 0.0 0.0 0.0 0.0 0.0 0.0 0.0 
575 0.568 1.3499889051388228e-05 0.0 0.0 1.3499889051388228e-05 0.0 0.0 0.0 0.0 0.0 0.0 0.0 0.0 0.0 0.0 0.0 0.0 0.0 0.0 0.0 0.0 0.0 
576 0.569 1.3516912583691812e-05 0.0 0.0 1.3516912583691812e-05 0.0 0.0 0.0 0.0 0.0 0.0 0.0 0.0 0.0 0.0 0.0 0.0 0.0 0.0 0.0 0.0 0.0 
577 0.57 1.3533955942545453e-05 0.0 0.0 1.3533955942545453e-05 0.0 0.0 0.0 0.0 0.0 0.0 0.0 0.0 0.0 0.0 0.0 0.0 0.0 0.0 0.0 0.0 0.0 
578 0.571 1.3551019148302753e-05 0.0 0.0 1.3551019148302753e-05 0.0 0.0 0.0 0.0 0.0 0.0 0.0 0.0 0.0 0.0 0.0 0.0 0.0 0.0 0.0 0.0 0.0 
579 0.572 1.3568102221333606e-05 0.0 0.0 1.3568102221333606e-05 0.0 0.0 0.0 0.0 0.0 0.0 0.0 0.0 0.0 0.0 0.0 0.0 0.0 0.0 0.0 0.0 0.0 
580 0.573 1.3585205182024157e-05 0.0 0.0 1.3585205182024157e-05 0.0 0.0 0.0 0.0 0.0 0.0 0.0 0.0 0.0 0.0 0.0 0.0 0.0 0.0 0.0 0.0 0.0 
581 0.574 1.360232805077683e-05 0.0 0.0 1.360232805077683e-05 0.0 0.0 0.0 0.0 0.0 0.0 0.0 0.0 0.0 0.0 0.0 0.0 0.0 0.0 0.0 0.0 0.0 
582 0.575 1.361947084801034e-05 0.0 0.0 1.361947084801034e-05 0.0 0.0 0.0 0.0 0.0 0.0 0.0 0.0 0.0 0.0 0.0 0.0 0.0 0.0 0.0 0.0 0.0 
583 0.576 1.3636633594159678e-05 0.0 0.0 1.3636633594159678e-05 0.0 0.0 0.0 0.0 0.0 0.0 0.0 0.0 0.0 0.0 0.0 0.0 0.0 0.0 0.0 0.0 0.0 
584 0.577 1.3653816309676137e-05 0.0 0.0 1.3653816309676137e-05 0.0 0.0 0.0 0.0 0.0 0.0 0.0 0.0 0.0 0.0 0.0 0.0 0.0 0.0 0.0 0.0 0.0 
585 0.578 1.3671019015027295e-05 0.0 0.0 1.3671019015027295e-05 0.0 0.0 0.0 0.0 0.0 0.0 0.0 0.0 0.0 0.0 0.0 0.0 0.0 0.0 0.0 0.0 0.0 
586 0.579 1.3688241730697034e-05 0.0 0.0 1.3688241730697034e-05 0.0 0.0 0.0 0.0 0.0 0.0 0.0 0.0 0.0 0.0 0.0 0.0 0.0 0.0 0.0 0.0 0.0 
587 0.58 1.3705484477185553e-05 0.0 0.0 1.3705484477185553e-05 0.0 0.0 0.0 0.0 0.0 0.0 0.0 0.0 0.0 0.0 0.0 0.0 0.0 0.0 0.0 0.0 0.0 
588 0.581 1.3722747275009331e-05 0.0 0.0 1.3722747275009331e-05 0.0 0.0 0.0 0.0 0.0 0.0 0.0 0.0 0.0 0.0 0.0 0.0 0.0 0.0 0.0 0.0 0.0 
589 0.582 1.3740030144701202e-05 0.0 0.0 1.3740030144701202e-05 0.0 0.0 0.0 0.0 0.0 0.0 0.0 0.0 0.0 0.0 0.0 0.0 0.0 0.0 0.0 0.0 0.0 
590 0.583 1.3757333106810289e-05 0.0 0.0 1.3757333106810289e-05 0.0 0.0 0.0 0.0 0.0 0.0 0.0 0.0 0.0 0.0 0.0 0.0 0.0 0.0 0.0 0.0 0.0 
591 0.584 1.3774656181902038e-05 0.0 0.0 1.3774656181902038e-05 0.0 0.0 0.0 0.0 0.0 0.0 0.0 0.0 0.0 0.0 0.0 0.0 0.0 0.0 0.0 0.0 0.0 
592 0.585 1.3791999390558242e-05 0.0 0.0 1.3791999390558242e-05 0.0 0.0 0.0 0.0 0.0 0.0 0.0 0.0 0.0 0.0 0.0 0.0 0.0 0.0 0.0 0.0 0.0 
593 0.586 1.3809362753377014e-05 0.0 0.0 1.3809362753377014e-05 0.0 0.0 0.0 0.0 0.0 0.0 0.0 0.0 0.0 0.0 0.0 0.0 0.0 0.0 0.0 0.0 0.0 
594 0.587 1.3826746290972816e-05 0.0 0.0 1.3826746290972816e-05 0.0 0.0 0.0 0.0 0.0 0.0 0.0 0.0 0.0 0.0 0.0 0.0 0.0 0.0 0.0 0.0 0.0 
595 0.588 1.384415002397643e-05 0.0 0.0 1.384415002397643e-05 0.0 0.0 0.0 0.0 0.0 0.0 0.0 0.0 0.0 0.0 0.0 0.0 0.0 0.0 0.0 0.0 0.0 
596 0.589 1.3861573973035004e-05 0.0 0.0 1.3861573973035004e-05 0.0 0.0 0.0 0.0 0.0 0.0 0.0 0.0 0.0 0.0 0.0 0.0 0.0 0.0 0.0 0.0 0.0 
597 0.59 1.387901815881203e-05 0.0 0.0 1.387901815881203e-05 0.0 0.0 0.0 0.0 0.0 0.0 0.0 0.0 0.0 0.0 0.0 0.0 0.0 0.0 0.0 0.0 0.0 
598 0.591 1.3896482601987355e-05 0.0 0.0 1.3896482601987355e-05 0.0 0.0 0.0 0.0 0.0 0.0 0.0 0.0 0.0 0.0 0.0 0.0 0.0 0.0 0.0 0.0 0.0 
599 0.592 1.3913967323257182e-05 0.0 0.0 1.3913967323257182e-05 0.0 0.0 0.0 0.0 0.0 0.0 0.0 0.0 0.0 0.0 0.0 0.0 0.0 0.0 0.0 0.0 0.0 
600 0.593 1.3931472343334087e-05 0.0 0.0 1.3931472343334087e-05 0.0 0.0 0.0 0.0 0.0 0.0 0.0 0.0 0.0 0.0 0.0 0.0 0.0 0.0 0.0 0.0 0.0 
601 0.594 1.394899768294701e-05 0.0 0.0 1.394899768294701e-05 0.0 0.0 0.0 0.0 0.0 0.0 0.0 0.0 0.0 0.0 0.0 0.0 0.0 0.0 0.0 0.0 0.0 
602 0.595 1.3966543362841259e-05 0.0 0.0 1.3966543362841259e-05 0.0 0.0 0.0 0.0 0.0 0.0 0.0 0.0 0.0 0.0 0.0 0.0 0.0 0.0 0.0 0.0 0.0 
603 0.596 1.3984109403778526e-05 0.0 0.0 1.3984109403778526e-05 0.0 0.0 0.0 0.0 0.0 0.0 0.0 0.0 0.0 0.0 0.0 0.0 0.0 0.0 0.0 0.0 0.0 
604 0.597 1.4001695826536884e-05 0.0 0.0 1.4001695826536884e-05 0.0 0.0 0.0 0.0 0.0 0.0 0.0 0.0 0.0 0.0 0.0 0.0 0.0 0.0 0.0 0.0 0.0 
605 0.598 1.4019302651910792e-05 0.0 0.0 1.4019302651910792e-05 0.0 0.0 0.0 0.0 0.0 0.0 0.0 0.0 0.0 0.0 0.0 0.0 0.0 0.0 0.0 0.0 0.0 
606 0.599 1.4036929900711092e-05 0.0 0.0 1.4036929900711092e-05 0.0 0.0 0.0 0.0 0.0 0.0 0.0 0.0 0.0 0.0 0.0 0.0 0.0 0.0 0.0 0.0 0.0 
607 0.6 1.4054577593765032e-05 0.0 0.0 1.4054577593765032e-05 0.0 0.0 0.0 0.0 0.0 0.0 0.0 0.0 0.0 0.0 0.0 0.0 0.0 0.0 0.0 0.0 0.0 
608 0.601 1.407224575191625e-05 0.0 0.0 1.407224575191625e-05 0.0 0.0 0.0 0.0 0.0 0.0 0.0 0.0 0.0 0.0 0.0 0.0 0.0 0.0 0.0 0.0 0.0 
609 0.602 1.4089934396024791e-05 0.0 0.0 1.4089934396024791e-05 0.0 0.0 0.0 0.0 0.0 0.0 0.0 0.0 0.0 0.0 0.0 0.0 0.0 0.0 0.0 0.0 0.0 
610 0.603 1.4107643546967114e-05 0.0 0.0 1.4107643546967114e-05 0.0 0.0 0.0 0.0 0.0 0.0 0.0 0.0 0.0 0.0 0.0 0.0 0.0 0.0 0.0 0.0 0.0 
611 0.604 1.412537322563607e-05 0.0 0.0 1.412537322563607e-05 0.0 0.0 0.0 0.0 0.0 0.0 0.0 0.0 0.0 0.0 0.0 0.0 0.0 0.0 0.0 0.0 0.0 
612 0.605 1.4143123452940951e-05 0.0 0.0 1.4143123452940951e-05 0.0 0.0 0.0 0.0 0.0 0.0 0.0 0.0 0.0 0.0 0.0 0.0 0.0 0.0 0.0 0.0 0.0 
613 0.606 1.4160894249807457e-05 0.0 0.0 1.4160894249807457e-05 0.0 0.0 0.0 0.0 0.0 0.0 0.0 0.0 0.0 0.0 0.0 0.0 0.0 0.0 0.0 0.0 0.0 
614 0.607 1.4178685637177705e-05 0.0 0.0 1.4178685637177705e-05 0.0 0.0 0.0 0.0 0.0 0.0 0.0 0.0 0.0 0.0 0.0 0.0 0.0 0.0 0.0 0.0 0.0 
615 0.608 1.4196497636010247e-05 0.0 0.0 1.4196497636010247e-05 0.0 0.0 0.0 0.0 0.0 0.0 0.0 0.0 0.0 0.0 0.0 0.0 0.0 0.0 0.0 0.0 0.0 
616 0.609 1.4214330267280082e-05 0.0 0.0 1.4214330267280082e-05 0.0 0.0 0.0 0.0 0.0 0.0 0.0 0.0 0.0 0.0 0.0 0.0 0.0 0.0 0.0 0.0 0.0 
617 0.61 1.4232183551978621e-05 0.0 0.0 1.4232183551978621e-05 0.0 0.0 0.0 0.0 0.0 0.0 0.0 0.0 0.0 0.0 0.0 0.0 0.0 0.0 0.0 0.0 0.0 
618 0.611 1.4250057511113736e-05 0.0 0.0 1.4250057511113736e-05 0.0 0.0 0.0 0.0 0.0 0.0 0.0 0.0 0.0 0.0 0.0 0.0 0.0 0.0 0.0 0.0 0.0 
619 0.612 1.4267952165709728e-05 0.0 0.0 1.4267952165709728e-05 0.0 0.0 0.0 0.0 0.0 0.0 0.0 0.0 0.0 0.0 0.0 0.0 0.0 0.0 0.0 0.0 0.0 
620 0.613 1.4285867536807362e-05 0.0 0.0 1.4285867536807362e-05 0.0 0.0 0.0 0.0 0.0 0.0 0.0 0.0 0.0 0.0 0.0 0.0 0.0 0.0 0.0 0.0 0.0 
621 0.614 1.4303803645463843e-05 0.0 0.0 1.4303803645463843e-05 0.0 0.0 0.0 0.0 0.0 0.0 0.0 0.0 0.0 0.0 0.0 0.0 0.0 0.0 0.0 0.0 0.0 
622 0.615 1.4321760512752844e-05 0.0 0.0 1.4321760512752844e-05 0.0 0.0 0.0 0.0 0.0 0.0 0.0 0.0 0.0 0.0 0.0 0.0 0.0 0.0 0.0 0.0 0.0 
623 0.616 1.43397381597645e-05 0.0 0.0 1.43397381597645e-05 0.0 0.0 0.0 0.0 0.0 0.0 0.0 0.0 0.0 0.0 0.0 0.0 0.0 0.0 0.0 0.0 0.0 
624 0.617 1.4357736607605395e-05 0.0 0.0 1.4357736607605395e-05 0.0 0.0 0.0 0.0 0.0 0.0 0.0 0.0 0.0 0.0 0.0 0.0 0.0 0.0 0.0 0.0 0.0 
625 0.618 1.4375755877398598e-05 0.0 0.0 1.4375755877398598e-05 0.0 0.0 0.0 0.0 0.0 0.0 0.0 0.0 0.0 0.0 0.0 0.0 0.0 0.0 0.0 0.0 0.0 
626 0.619 1.4393795990283653e-05 0.0 0.0 1.4393795990283653e-05 0.0 0.0 0.0 0.0 0.0 0.0 0.0 0.0 0.0 0.0 0.0 0.0 0.0 0.0 0.0 0.0 0.0 
627 0.62 1.4411856967416564e-05 0.0 0.0 1.4411856967416564e-05 0.0 0.0 0.0 0.0 0.0 0.0 0.0 0.0 0.0 0.0 0.0 0.0 0.0 0.0 0.0 0.0 0.0 
628 0.621 1.4429938829969842e-05 0.0 0.0 1.4429938829969842e-05 0.0 0.0 0.0 0.0 0.0 0.0 0.0 0.0 0.0 0.0 0.0 0.0 0.0 0.0 0.0 0.0 0.0 
629 0.622 1.4448041599132465e-05 0.0 0.0 1.4448041599132465e-05 0.0 0.0 0.0 0.0 0.0 0.0 0.0 0.0 0.0 0.0 0.0 0.0 0.0 0.0 0.0 0.0 0.0 
630 0.623 1.4466165296109887e-05 0.0 0.0 1.4466165296109887e-05 0.0 0.0 0.0 0.0 0.0 0.0 0.0 0.0 0.0 0.0 0.0 0.0 0.0 0.0 0.0 0.0 0.0 
631 0.624 1.4484309942124094e-05 0.0 0.0 1.4484309942124094e-05 0.0 0.0 0.0 0.0 0.0 0.0 0.0 0.0 0.0 0.0 0.0 0.0 0.0 0.0 0.0 0.0 0.0 
632 0.625 1.4502475558413539e-05 0.0 0.0 1.4502475558413539e-05 0.0 0.0 0.0 0.0 0.0 0.0 0.0 0.0 0.0 0.0 0.0 0.0 0.0 0.0 0.0 0.0 0.0 
633 0.626 1.4520662166233173e-05 0.0 0.0 1.4520662166233173e-05 0.0 0.0 0.0 0.0 0.0 0.0 0.0 0.0 0.0 0.0 0.0 0.0 0.0 0.0 0.0 0.0 0.0 
634 0.627 1.4538869786854473e-05 0.0 0.0 1.4538869786854473e-05 0.0 0.0 0.0 0.0 0.0 0.0 0.0 0.0 0.0 0.0 0.0 0.0 0.0 0.0 0.0 0.0 0.0 
635 0.627 1.4557098441565407e-05 0.0 0.0 1.4557098441565407e-05 0.0 0.0 0.0 0.0 0.0 0.0 0.0 0.0 0.0 0.0 0.0 0.0 0.0 0.0 0.0 0.0 0.0 
636 0.628 1.457534815167047e-05 0.0 0.0 1.457534815167047e-05 0.0 0.0 0.0 0.0 0.0 0.0 0.0 0.0 0.0 0.0 0.0 0.0 0.0 0.0 0.0 0.0 0.0 
637 0.629 1.4593618938490655e-05 0.0 0.0 1.4593618938490655e-05 0.0 0.0 0.0 0.0 0.0 0.0 0.0 0.0 0.0 0.0 0.0 0.0 0.0 0.0 0.0 0.0 0.0 
638 0.63 1.4611910823363488e-05 0.0 0.0 1.4611910823363488e-05 0.0 0.0 0.0 0.0 0.0 0.0 0.0 0.0 0.0 0.0 0.0 0.0 0.0 0.0 0.0 0.0 0.0 
639 0.631 1.463022382764301e-05 0.0 0.0 1.463022382764301e-05 0.0 0.0 0.0 0.0 0.0 0.0 0.0 0.0 0.0 0.0 0.0 0.0 0.0 0.0 0.0 0.0 0.0 
640 0.632 1.4648557972699799e-05 0.0 0.0 1.4648557972699799e-05 0.0 0.0 0.0 0.0 0.0 0.0 0.0 0.0 0.0 0.0 0.0 0.0 0.0 0.0 0.0 0.0 0.0 
641 0.633 1.4666913279920949e-05 0.0 0.0 1.4666913279920949e-05 0.0 0.0 0.0 0.0 0.0 0.0 0.0 0.0 0.0 0.0 0.0 0.0 0.0 0.0 0.0 0.0 0.0 
642 0.634 1.4685289770710106e-05 0.0 0.0 1.4685289770710106e-05 0.0 0.0 0.0 0.0 0.0 0.0 0.0 0.0 0.0 0.0 0.0 0.0 0.0 0.0 0.0 0.0 0.0 
643 0.635 1.470368746648744e-05 0.0 0.0 1.470368746648744e-05 0.0 0.0 0.0 0.0 0.0 0.0 0.0 0.0 0.0 0.0 0.0 0.0 0.0 0.0 0.0 0.0 0.0 
644 0.636 1.472210638868967e-05 0.0 0.0 1.472210638868967e-05 0.0 0.0 0.0 0.0 0.0 0.0 0.0 0.0 0.0 0.0 0.0 0.0 0.0 0.0 0.0 0.0 0.0 
645 0.637 1.4740546558770057e-05 0.0 0.0 1.4740546558770057e-05 0.0 0.0 0.0 0.0 0.0 0.0 0.0 0.0 0.0 0.0 0.0 0.0 0.0 0.0 0.0 0.0 0.0 
646 0.638 1.4759007998198414e-05 0.0 0.0 1.4759007998198414e-05 0.0 0.0 0.0 0.0 0.0 0.0 0.0 0.0 0.0 0.0 0.0 0.0 0.0 0.0 0.0 0.0 0.0 
647 0.639 1.4777490728461099e-05 0.0 0.0 1.4777490728461099e-05 0.0 0.0 0.0 0.0 0.0 0.0 0.0 0.0 0.0 0.0 0.0 0.0 0.0 0.0 0.0 0.0 0.0 
648 0.64 1.4795994771061043e-05 0.0 0.0 1.4795994771061043e-05 0.0 0.0 0.0 0.0 0.0 0.0 0.0 0.0 0.0 0.0 0.0 0.0 0.0 0.0 0.0 0.0 0.0 
649 0.641 1.4814520147517716e-05 0.0 0.0 1.4814520147517716e-05 0.0 0.0 0.0 0.0 0.0 0.0 0.0 0.0 0.0 0.0 0.0 0.0 0.0 0.0 0.0 0.0 0.0 
650 0.642 1.4833066879367175e-05 0.0 0.0 1.4833066879367175e-05 0.0 0.0 0.0 0.0 0.0 0.0 0.0 0.0 0.0 0.0 0.0 0.0 0.0 0.0 0.0 0.0 0.0 
651 0.643 1.4851634988162009e-05 0.0 0.0 1.4851634988162009e-05 0.0 0.0 0.0 0.0 0.0 0.0 0.0 0.0 0.0 0.0 0.0 0.0 0.0 0.0 0.0 0.0 0.0 
652 0.644 1.4870224495471414e-05 0.0 0.0 1.4870224495471414e-05 0.0 0.0 0.0 0.0 0.0 0.0 0.0 0.0 0.0 0.0 0.0 0.0 0.0 0.0 0.0 0.0 0.0 
653 0.645 1.4888835422881136e-05 0.0 0.0 1.4888835422881136e-05 0.0 0.0 0.0 0.0 0.0 0.0 0.0 0.0 0.0 0.0 0.0 0.0 0.0 0.0 0.0 0.0 0.0 
654 0.646 1.4907467791993511e-05 0.0 0.0 1.4907467791993511e-05 0.0 0.0 0.0 0.0 0.0 0.0 0.0 0.0 0.0 0.0 0.0 0.0 0.0 0.0 0.0 0.0 0.0 
655 0.647 1.4926121624427442e-05 0.0 0.0 1.4926121624427442e-05 0.0 0.0 0.0 0.0 0.0 0.0 0.0 0.0 0.0 0.0 0.0 0.0 0.0 0.0 0.0 0.0 0.0 
656 0.648 1.4944796941818431e-05 0.0 0.0 1.4944796941818431e-05 0.0 0.0 0.0 0.0 0.0 0.0 0.0 0.0 0.0 0.0 0.0 0.0 0.0 0.0 0.0 0.0 0.0 
657 0.649 1.4963493765818563e-05 0.0 0.0 1.4963493765818563e-05 0.0 0.0 0.0 0.0 0.0 0.0 0.0 0.0 0.0 0.0 0.0 0.0 0.0 0.0 0.0 0.0 0.0 
658 0.65 1.4982212118096503e-05 0.0 0.0 1.4982212118096503e-05 0.0 0.0 0.0 0.0 0.0 0.0 0.0 0.0 0.0 0.0 0.0 0.0 0.0 0.0 0.0 0.0 0.0 
659 0.651 1.5000952020337522e-05 0.0 0.0 1.5000952020337522e-05 0.0 0.0 0.0 0.0 0.0 0.0 0.0 0.0 0.0 0.0 0.0 0.0 0.0 0.0 0.0 0.0 0.0 
660 0.652 1.5019713494243486e-05 0.0 0.0 1.5019713494243486e-05 0.0 0.0 0.0 0.0 0.0 0.0 0.0 0.0 0.0 0.0 0.0 0.0 0.0 0.0 0.0 0.0 0.0 
661 0.653 1.503849656153286e-05 0.0 0.0 1.503849656153286e-05 0.0 0.0 0.0 0.0 0.0 0.0 0.0 0.0 0.0 0.0 0.0 0.0 0.0 0.0 0.0 0.0 0.0 
662 0.654 1.5057301243940708e-05 0.0 0.0 1.5057301243940708e-05 0.0 0.0 0.0 0.0 0.0 0.0 0.0 0.0 0.0 0.0 0.0 0.0 0.0 0.0 0.0 0.0 0.0 
663 0.655 1.5076127563218715e-05 0.0 0.0 1.5076127563218715e-05 0.0 0.0 0.0 0.0 0.0 0.0 0.0 0.0 0.0 0.0 0.0 0.0 0.0 0.0 0.0 0.0 0.0 
664 0.656 1.509497554113516e-05 0.0 0.0 1.509497554113516e-05 0.0 0.0 0.0 0.0 0.0 0.0 0.0 0.0 0.0 0.0 0.0 0.0 0.0 0.0 0.0 0.0 0.0 
665 0.657 1.5113845199474954e-05 0.0 0.0 1.5113845199474954e-05 0.0 0.0 0.0 0.0 0.0 0.0 0.0 0.0 0.0 0.0 0.0 0.0 0.0 0.0 0.0 0.0 0.0 
666 0.658 1.5132736560039608e-05 0.0 0.0 1.5132736560039608e-05 0.0 0.0 0.0 0.0 0.0 0.0 0.0 0.0 0.0 0.0 0.0 0.0 0.0 0.0 0.0 0.0 0.0 
667 0.659 1.5151649644647259e-05 0.0 0.0 1.5151649644647259e-05 0.0 0.0 0.0 0.0 0.0 0.0 0.0 0.0 0.0 0.0 0.0 0.0 0.0 0.0 0.0 0.0 0.0 
668 0.66 1.5170584475132674e-05 0.0 0.0 1.5170584475132674e-05 0.0 0.0 0.0 0.0 0.0 0.0 0.0 0.0 0.0 0.0 0.0 0.0 0.0 0.0 0.0 0.0 0.0 
669 0.661 1.5189541073347237e-05 0.0 0.0 1.5189541073347237e-05 0.0 0.0 0.0 0.0 0.0 0.0 0.0 0.0 0.0 0.0 0.0 0.0 0.0 0.0 0.0 0.0 0.0 
670 0.662 1.5208519461158955e-05 0.0 0.0 1.5208519461158955e-05 0.0 0.0 0.0 0.0 0.0 0.0 0.0 0.0 0.0 0.0 0.0 0.0 0.0 0.0 0.0 0.0 0.0 
671 0.663 1.52275196604525e-05 0.0 0.0 1.52275196604525e-05 0.0 0.0 0.0 0.0 0.0 0.0 0.0 0.0 0.0 0.0 0.0 0.0 0.0 0.0 0.0 0.0 0.0 
672 0.664 1.5246541693129142e-05 0.0 0.0 1.5246541693129142e-05 0.0 0.0 0.0 0.0 0.0 0.0 0.0 0.0 0.0 0.0 0.0 0.0 0.0 0.0 0.0 0.0 0.0 
673 0.665 1.526558558110681e-05 0.0 0.0 1.526558558110681e-05 0.0 0.0 0.0 0.0 0.0 0.0 0.0 0.0 0.0 0.0 0.0 0.0 0.0 0.0 0.0 0.0 0.0 
674 0.666 1.5284651346320065e-05 0.0 0.0 1.5284651346320065e-05 0.0 0.0 0.0 0.0 0.0 0.0 0.0 0.0 0.0 0.0 0.0 0.0 0.0 0.0 0.0 0.0 0.0 
675 0.667 1.5303739010720134e-05 0.0 0.0 1.5303739010720134e-05 0.0 0.0 0.0 0.0 0.0 0.0 0.0 0.0 0.0 0.0 0.0 0.0 0.0 0.0 0.0 0.0 0.0 
676 0.668 1.532284859627486e-05 0.0 0.0 1.532284859627486e-05 0.0 0.0 0.0 0.0 0.0 0.0 0.0 0.0 0.0 0.0 0.0 0.0 0.0 0.0 0.0 0.0 0.0 
677 0.669 1.5341980124968763e-05 0.0 0.0 1.5341980124968763e-05 0.0 0.0 0.0 0.0 0.0 0.0 0.0 0.0 0.0 0.0 0.0 0.0 0.0 0.0 0.0 0.0 0.0 
678 0.67 1.5361133618802997e-05 0.0 0.0 1.5361133618802997e-05 0.0 0.0 0.0 0.0 0.0 0.0 0.0 0.0 0.0 0.0 0.0 0.0 0.0 0.0 0.0 0.0 0.0 
679 0.671 1.53803090997954e-05 0.0 0.0 1.53803090997954e-05 0.0 0.0 0.0 0.0 0.0 0.0 0.0 0.0 0.0 0.0 0.0 0.0 0.0 0.0 0.0 0.0 0.0 
680 0.672 1.5399506589980437e-05 0.0 0.0 1.5399506589980437e-05 0.0 0.0 0.0 0.0 0.0 0.0 0.0 0.0 0.0 0.0 0.0 0.0 0.0 0.0 0.0 0.0 0.0 
681 0.673 1.5418726111409254e-05 0.0 0.0 1.5418726111409254e-05 0.0 0.0 0.0 0.0 0.0 0.0 0.0 0.0 0.0 0.0 0.0 0.0 0.0 0.0 0.0 0.0 0.0 
682 0.674 1.543796768614967e-05 0.0 0.0 1.543796768614967e-05 0.0 0.0 0.0 0.0 0.0 0.0 0.0 0.0 0.0 0.0 0.0 0.0 0.0 0.0 0.0 0.0 0.0 
683 0.675 1.5457231336286154e-05 0.0 0.0 1.5457231336286154e-05 0.0 0.0 0.0 0.0 0.0 0.0 0.0 0.0 0.0 0.0 0.0 0.0 0.0 0.0 0.0 0.0 0.0 
684 0.676 1.5476517083919853e-05 0.0 0.0 1.5476517083919853e-05 0.0 0.0 0.0 0.0 0.0 0.0 0.0 0.0 0.0 0.0 0.0 0.0 0.0 0.0 0.0 0.0 0.0 
685 0.677 1.5495824951168595e-05 0.0 0.0 1.5495824951168595e-05 0.0 0.0 0.0 0.0 0.0 0.0 0.0 0.0 0.0 0.0 0.0 0.0 0.0 0.0 0.0 0.0 0.0 
686 0.678 1.5515154960166873e-05 0.0 0.0 1.5515154960166873e-05 0.0 0.0 0.0 0.0 0.0 0.0 0.0 0.0 0.0 0.0 0.0 0.0 0.0 0.0 0.0 0.0 0.0 
687 0.679 1.5534507133065875e-05 0.0 0.0 1.5534507133065875e-05 0.0 0.0 0.0 0.0 0.0 0.0 0.0 0.0 0.0 0.0 0.0 0.0 0.0 0.0 0.0 0.0 0.0 
688 0.68 1.555388149203345e-05 0.0 0.0 1.555388149203345e-05 0.0 0.0 0.0 0.0 0.0 0.0 0.0 0.0 0.0 0.0 0.0 0.0 0.0 0.0 0.0 0.0 0.0 
689 0.681 1.557327805925416e-05 0.0 0.0 1.557327805925416e-05 0.0 0.0 0.0 0.0 0.0 0.0 0.0 0.0 0.0 0.0 0.0 0.0 0.0 0.0 0.0 0.0 0.0 
690 0.682 1.559269685692923e-05 0.0 0.0 1.559269685692923e-05 0.0 0.0 0.0 0.0 0.0 0.0 0.0 0.0 0.0 0.0 0.0 0.0 0.0 0.0 0.0 0.0 0.0 
691 0.683 1.5612137907276587e-05 0.0 0.0 1.5612137907276587e-05 0.0 0.0 0.0 0.0 0.0 0.0 0.0 0.0 0.0 0.0 0.0 0.0 0.0 0.0 0.0 0.0 0.0 
692 0.684 1.563160123253084e-05 0.0 0.0 1.563160123253084e-05 0.0 0.0 0.0 0.0 0.0 0.0 0.0 0.0 0.0 0.0 0.0 0.0 0.0 0.0 0.0 0.0 0.0 
693 0.685 1.5651086854943315e-05 0.0 0.0 1.5651086854943315e-05 0.0 0.0 0.0 0.0 0.0 0.0 0.0 0.0 0.0 0.0 0.0 0.0 0.0 0.0 0.0 0.0 0.0 
694 0.686 1.5670594796782025e-05 0.0 0.0 1.5670594796782025e-05 0.0 0.0 0.0 0.0 0.0 0.0 0.0 0.0 0.0 0.0 0.0 0.0 0.0 0.0 0.0 0.0 0.0 
695 0.687 1.5690125080331675e-05 0.0 0.0 1.5690125080331675e-05 0.0 0.0 0.0 0.0 0.0 0.0 0.0 0.0 0.0 0.0 0.0 0.0 0.0 0.0 0.0 0.0 0.0 
696 0.688 1.5709677727893687e-05 0.0 0.0 1.5709677727893687e-05 0.0 0.0 0.0 0.0 0.0 0.0 0.0 0.0 0.0 0.0 0.0 0.0 0.0 0.0 0.0 0.0 0.0 
697 0.689 1.5729252761786177e-05 0.0 0.0 1.5729252761786177e-05 0.0 0.0 0.0 0.0 0.0 0.0 0.0 0.0 0.0 0.0 0.0 0.0 0.0 0.0 0.0 0.0 0.0 
698 0.69 1.574885020434399e-05 0.0 0.0 1.574885020434399e-05 0.0 0.0 0.0 0.0 0.0 0.0 0.0 0.0 0.0 0.0 0.0 0.0 0.0 0.0 0.0 0.0 0.0 
699 0.691 1.5768470077918653e-05 0.0 0.0 1.5768470077918653e-05 0.0 0.0 0.0 0.0 0.0 0.0 0.0 0.0 0.0 0.0 0.0 0.0 0.0 0.0 0.0 0.0 0.0 
700 0.692 1.5788112404878433e-05 0.0 0.0 1.5788112404878433e-05 0.0 0.0 0.0 0.0 0.0 0.0 0.0 0.0 0.0 0.0 0.0 0.0 0.0 0.0 0.0 0.0 0.0 
701 0.693 1.5807777207608306e-05 0.0 0.0 1.5807777207608306e-05 0.0 0.0 0.0 0.0 0.0 0.0 0.0 0.0 0.0 0.0 0.0 0.0 0.0 0.0 0.0 0.0 0.0 
702 0.694 1.5827464508509954e-05 0.0 0.0 1.5827464508509954e-05 0.0 0.0 0.0 0.0 0.0 0.0 0.0 0.0 0.0 0.0 0.0 0.0 0.0 0.0 0.0 0.0 0.0 
703 0.695 1.5847174330001795e-05 0.0 0.0 1.5847174330001795e-05 0.0 0.0 0.0 0.0 0.0 0.0 0.0 0.0 0.0 0.0 0.0 0.0 0.0 0.0 0.0 0.0 0.0 
704 0.696 1.5866906694518965e-05 0.0 0.0 1.5866906694518965e-05 0.0 0.0 0.0 0.0 0.0 0.0 0.0 0.0 0.0 0.0 0.0 0.0 0.0 0.0 0.0 0.0 0.0 
705 0.697 1.5886661624513318e-05 0.0 0.0 1.5886661624513318e-05 0.0 0.0 0.0 0.0 0.0 0.0 0.0 0.0 0.0 0.0 0.0 0.0 0.0 0.0 0.0 0.0 0.0 
706 0.698 1.590643914245346e-05 0.0 0.0 1.590643914245346e-05 0.0 0.0 0.0 0.0 0.0 0.0 0.0 0.0 0.0 0.0 0.0 0.0 0.0 0.0 0.0 0.0 0.0 
707 0.699 1.5926239270824694e-05 0.0 0.0 1.5926239270824694e-05 0.0 0.0 0.0 0.0 0.0 0.0 0.0 0.0 0.0 0.0 0.0 0.0 0.0 0.0 0.0 0.0 0.0 
708 0.7 1.594606203212909e-05 0.0 0.0 1.594606203212909e-05 0.0 0.0 0.0 0.0 0.0 0.0 0.0 0.0 0.0 0.0 0.0 0.0 0.0 0.0 0.0 0.0 0.0 
709 0.701 1.5965907448885427e-05 0.0 0.0 1.5965907448885427e-05 0.0 0.0 0.0 0.0 0.0 0.0 0.0 0.0 0.0 0.0 0.0 0.0 0.0 0.0 0.0 0.0 0.0 
710 0.702 1.5985775543629232e-05 0.0 0.0 1.5985775543629232e-05 0.0 0.0 0.0 0.0 0.0 0.0 0.0 0.0 0.0 0.0 0.0 0.0 0.0 0.0 0.0 0.0 0.0 
711 0.703 1.600566633891278e-05 0.0 0.0 1.600566633891278e-05 0.0 0.0 0.0 0.0 0.0 0.0 0.0 0.0 0.0 0.0 0.0 0.0 0.0 0.0 0.0 0.0 0.0 
712 0.704 1.602557985730506e-05 0.0 0.0 1.602557985730506e-05 0.0 0.0 0.0 0.0 0.0 0.0 0.0 0.0 0.0 0.0 0.0 0.0 0.0 0.0 0.0 0.0 0.0 
713 0.705 1.6045516121391847e-05 0.0 0.0 1.6045516121391847e-05 0.0 0.0 0.0 0.0 0.0 0.0 0.0 0.0 0.0 0.0 0.0 0.0 0.0 0.0 0.0 0.0 0.0 
714 0.706 1.6065475153775622e-05 0.0 0.0 1.6065475153775622e-05 0.0 0.0 0.0 0.0 0.0 0.0 0.0 0.0 0.0 0.0 0.0 0.0 0.0 0.0 0.0 0.0 0.0 
715 0.707 1.6085456977075635e-05 0.0 0.0 1.6085456977075635e-05 0.0 0.0 0.0 0.0 0.0 0.0 0.0 0.0 0.0 0.0 0.0 0.0 0.0 0.0 0.0 0.0 0.0 
716 0.708 1.6105461613927888e-05 0.0 0.0 1.6105461613927888e-05 0.0 0.0 0.0 0.0 0.0 0.0 0.0 0.0 0.0 0.0 0.0 0.0 0.0 0.0 0.0 0.0 0.0 
717 0.709 1.612548908698513e-05 0.0 0.0 1.612548908698513e-05 0.0 0.0 0.0 0.0 0.0 0.0 0.0 0.0 0.0 0.0 0.0 0.0 0.0 0.0 0.0 0.0 0.0 
718 0.71 1.6145539418916864e-05 0.0 0.0 1.6145539418916864e-05 0.0 0.0 0.0 0.0 0.0 0.0 0.0 0.0 0.0 0.0 0.0 0.0 0.0 0.0 0.0 0.0 0.0 
719 0.711 1.6165612632409353e-05 0.0 0.0 1.6165612632409353e-05 0.0 0.0 0.0 0.0 0.0 0.0 0.0 0.0 0.0 0.0 0.0 0.0 0.0 0.0 0.0 0.0 0.0 
720 0.711 1.6185708750165617e-05 0.0 0.0 1.6185708750165617e-05 0.0 0.0 0.0 0.0 0.0 0.0 0.0 0.0 0.0 0.0 0.0 0.0 0.0 0.0 0.0 0.0 0.0 
721 0.712 1.620582779490544e-05 0.0 0.0 1.620582779490544e-05 0.0 0.0 0.0 0.0 0.0 0.0 0.0 0.0 0.0 0.0 0.0 0.0 0.0 0.0 0.0 0.0 0.0 
722 0.713 1.622596978936536e-05 0.0 0.0 1.622596978936536e-05 0.0 0.0 0.0 0.0 0.0 0.0 0.0 0.0 0.0 0.0 0.0 0.0 0.0 0.0 0.0 0.0 0.0 
723 0.714 1.6246134756298696e-05 0.0 0.0 1.6246134756298696e-05 0.0 0.0 0.0 0.0 0.0 0.0 0.0 0.0 0.0 0.0 0.0 0.0 0.0 0.0 0.0 0.0 0.0 
724 0.715 1.6266322718475515e-05 0.0 0.0 1.6266322718475515e-05 0.0 0.0 0.0 0.0 0.0 0.0 0.0 0.0 0.0 0.0 0.0 0.0 0.0 0.0 0.0 0.0 0.0 
725 0.716 1.628653369868267e-05 0.0 0.0 1.628653369868267e-05 0.0 0.0 0.0 0.0 0.0 0.0 0.0 0.0 0.0 0.0 0.0 0.0 0.0 0.0 0.0 0.0 0.0 
726 0.717 1.630676771972377e-05 0.0 0.0 1.630676771972377e-05 0.0 0.0 0.0 0.0 0.0 0.0 0.0 0.0 0.0 0.0 0.0 0.0 0.0 0.0 0.0 0.0 0.0 
727 0.718 1.6327024804419208e-05 0.0 0.0 1.6327024804419208e-05 0.0 0.0 0.0 0.0 0.0 0.0 0.0 0.0 0.0 0.0 0.0 0.0 0.0 0.0 0.0 0.0 0.0 
728 0.719 1.6347304975606145e-05 0.0 0.0 1.6347304975606145e-05 0.0 0.0 0.0 0.0 0.0 0.0 0.0 0.0 0.0 0.0 0.0 0.0 0.0 0.0 0.0 0.0 0.0 
729 0.72 1.6367608256138522e-05 0.0 0.0 1.6367608256138522e-05 0.0 0.0 0.0 0.0 0.0 0.0 0.0 0.0 0.0 0.0 0.0 0.0 0.0 0.0 0.0 0.0 0.0 
730 0.721 1.6387934668887047e-05 0.0 0.0 1.6387934668887047e-05 0.0 0.0 0.0 0.0 0.0 0.0 0.0 0.0 0.0 0.0 0.0 0.0 0.0 0.0 0.0 0.0 0.0 
731 0.722 1.6408284236739234e-05 0.0 0.0 1.6408284236739234e-05 0.0 0.0 0.0 0.0 0.0 0.0 0.0 0.0 0.0 0.0 0.0 0.0 0.0 0.0 0.0 0.0 0.0 
732 0.723 1.6428656982599344e-05 0.0 0.0 1.6428656982599344e-05 0.0 0.0 0.0 0.0 0.0 0.0 0.0 0.0 0.0 0.0 0.0 0.0 0.0 0.0 0.0 0.0 0.0 
733 0.724 1.644905292938845e-05 0.0 0.0 1.644905292938845e-05 0.0 0.0 0.0 0.0 0.0 0.0 0.0 0.0 0.0 0.0 0.0 0.0 0.0 0.0 0.0 0.0 0.0 
734 0.725 1.64694721000444e-05 0.0 0.0 1.64694721000444e-05 0.0 0.0 0.0 0.0 0.0 0.0 0.0 0.0 0.0 0.0 0.0 0.0 0.0 0.0 0.0 0.0 0.0 
735 0.726 1.6489914517521814e-05 0.0 0.0 1.6489914517521814e-05 0.0 0.0 0.0 0.0 0.0 0.0 0.0 0.0 0.0 0.0 0.0 0.0 0.0 0.0 0.0 0.0 0.0 
736 0.727 1.6510380204792132e-05 0.0 0.0 1.6510380204792132e-05 0.0 0.0 0.0 0.0 0.0 0.0 0.0 0.0 0.0 0.0 0.0 0.0 0.0 0.0 0.0 0.0 0.0 
737 0.728 1.6530869184843555e-05 0.0 0.0 1.6530869184843555e-05 0.0 0.0 0.0 0.0 0.0 0.0 0.0 0.0 0.0 0.0 0.0 0.0 0.0 0.0 0.0 0.0 0.0 
738 0.729 1.655138148068109e-05 0.0 0.0 1.655138148068109e-05 0.0 0.0 0.0 0.0 0.0 0.0 0.0 0.0 0.0 0.0 0.0 0.0 0.0 0.0 0.0 0.0 0.0 
739 0.73 1.6571917115326537e-05 0.0 0.0 1.6571917115326537e-05 0.0 0.0 0.0 0.0 0.0 0.0 0.0 0.0 0.0 0.0 0.0 0.0 0.0 0.0 0.0 0.0 0.0 
740 0.731 1.659247611181849e-05 0.0 0.0 1.659247611181849e-05 0.0 0.0 0.0 0.0 0.0 0.0 0.0 0.0 0.0 0.0 0.0 0.0 0.0 0.0 0.0 0.0 0.0 
741 0.732 1.6613058493212324e-05 0.0 0.0 1.6613058493212324e-05 0.0 0.0 0.0 0.0 0.0 0.0 0.0 0.0 0.0 0.0 0.0 0.0 0.0 0.0 0.0 0.0 0.0 
742 0.733 1.6633664282580238e-05 0.0 0.0 1.6633664282580238e-05 0.0 0.0 0.0 0.0 0.0 0.0 0.0 0.0 0.0 0.0 0.0 0.0 0.0 0.0 0.0 0.0 0.0 
743 0.734 1.665429350301122e-05 0.0 0.0 1.665429350301122e-05 0.0 0.0 0.0 0.0 0.0 0.0 0.0 0.0 0.0 0.0 0.0 0.0 0.0 0.0 0.0 0.0 0.0 
744 0.735 1.667494617761105e-05 0.0 0.0 1.667494617761105e-05 0.0 0.0 0.0 0.0 0.0 0.0 0.0 0.0 0.0 0.0 0.0 0.0 0.0 0.0 0.0 0.0 0.0 
745 0.736 1.669562232950232e-05 0.0 0.0 1.669562232950232e-05 0.0 0.0 0.0 0.0 0.0 0.0 0.0 0.0 0.0 0.0 0.0 0.0 0.0 0.0 0.0 0.0 0.0 
746 0.737 1.6716321981824423e-05 0.0 0.0 1.6716321981824423e-05 0.0 0.0 0.0 0.0 0.0 0.0 0.0 0.0 0.0 0.0 0.0 0.0 0.0 0.0 0.0 0.0 0.0 
747 0.738 1.6737045157733556e-05 0.0 0.0 1.6737045157733556e-05 0.0 0.0 0.0 0.0 0.0 0.0 0.0 0.0 0.0 0.0 0.0 0.0 0.0 0.0 0.0 0.0 0.0 
748 0.739 1.6757791880402728e-05 0.0 0.0 1.6757791880402728e-05 0.0 0.0 0.0 0.0 0.0 0.0 0.0 0.0 0.0 0.0 0.0 0.0 0.0 0.0 0.0 0.0 0.0 
749 0.74 1.6778562173021748e-05 0.0 0.0 1.6778562173021748e-05 0.0 0.0 0.0 0.0 0.0 0.0 0.0 0.0 0.0 0.0 0.0 0.0 0.0 0.0 0.0 0.0 0.0 
750 0.741 1.6799356058797243e-05 0.0 0.0 1.6799356058797243e-05 0.0 0.0 0.0 0.0 0.0 0.0 0.0 0.0 0.0 0.0 0.0 0.0 0.0 0.0 0.0 0.0 0.0 
751 0.742 1.6820173560952636e-05 0.0 0.0 1.6820173560952636e-05 0.0 0.0 0.0 0.0 0.0 0.0 0.0 0.0 0.0 0.0 0.0 0.0 0.0 0.0 0.0 0.0 0.0 
752 0.743 1.6841014702728174e-05 0.0 0.0 1.6841014702728174e-05 0.0 0.0 0.0 0.0 0.0 0.0 0.0 0.0 0.0 0.0 0.0 0.0 0.0 0.0 0.0 0.0 0.0 
753 0.744 1.686187950738093e-05 0.0 0.0 1.686187950738093e-05 0.0 0.0 0.0 0.0 0.0 0.0 0.0 0.0 0.0 0.0 0.0 0.0 0.0 0.0 0.0 0.0 0.0 
754 0.745 1.6882767998184757e-05 0.0 0.0 1.6882767998184757e-05 0.0 0.0 0.0 0.0 0.0 0.0 0.0 0.0 0.0 0.0 0.0 0.0 0.0 0.0 0.0 0.0 0.0 
755 0.746 1.6903680198430357e-05 0.0 0.0 1.6903680198430357e-05 0.0 0.0 0.0 0.0 0.0 0.0 0.0 0.0 0.0 0.0 0.0 0.0 0.0 0.0 0.0 0.0 0.0 
756 0.747 1.6924616131425223e-05 0.0 0.0 1.6924616131425223e-05 0.0 0.0 0.0 0.0 0.0 0.0 0.0 0.0 0.0 0.0 0.0 0.0 0.0 0.0 0.0 0.0 0.0 
757 0.748 1.6945575820493685e-05 0.0 0.0 1.6945575820493685e-05 0.0 0.0 0.0 0.0 0.0 0.0 0.0 0.0 0.0 0.0 0.0 0.0 0.0 0.0 0.0 0.0 0.0 
758 0.749 1.6966559288976873e-05 0.0 0.0 1.6966559288976873e-05 0.0 0.0 0.0 0.0 0.0 0.0 0.0 0.0 0.0 0.0 0.0 0.0 0.0 0.0 0.0 0.0 0.0 
759 0.75 1.698756656023277e-05 0.0 0.0 1.698756656023277e-05 0.0 0.0 0.0 0.0 0.0 0.0 0.0 0.0 0.0 0.0 0.0 0.0 0.0 0.0 0.0 0.0 0.0 
760 0.751 1.700859765763613e-05 0.0 0.0 1.700859765763613e-05 0.0 0.0 0.0 0.0 0.0 0.0 0.0 0.0 0.0 0.0 0.0 0.0 0.0 0.0 0.0 0.0 0.0 
761 0.752 1.7029652604578578e-05 0.0 0.0 1.7029652604578578e-05 0.0 0.0 0.0 0.0 0.0 0.0 0.0 0.0 0.0 0.0 0.0 0.0 0.0 0.0 0.0 0.0 0.0 
762 0.753 1.7050731424468536e-05 0.0 0.0 1.7050731424468536e-05 0.0 0.0 0.0 0.0 0.0 0.0 0.0 0.0 0.0 0.0 0.0 0.0 0.0 0.0 0.0 0.0 0.0 
763 0.754 1.7071834140731252e-05 0.0 0.0 1.7071834140731252e-05 0.0 0.0 0.0 0.0 0.0 0.0 0.0 0.0 0.0 0.0 0.0 0.0 0.0 0.0 0.0 0.0 0.0 
764 0.755 1.7092960776808818e-05 0.0 0.0 1.7092960776808818e-05 0.0 0.0 0.0 0.0 0.0 0.0 0.0 0.0 0.0 0.0 0.0 0.0 0.0 0.0 0.0 0.0 0.0 
765 0.756 1.711411135616012e-05 0.0 0.0 1.711411135616012e-05 0.0 0.0 0.0 0.0 0.0 0.0 0.0 0.0 0.0 0.0 0.0 0.0 0.0 0.0 0.0 0.0 0.0 
766 0.757 1.71352859022609e-05 0.0 0.0 1.71352859022609e-05 0.0 0.0 0.0 0.0 0.0 0.0 0.0 0.0 0.0 0.0 0.0 0.0 0.0 0.0 0.0 0.0 0.0 
767 0.758 1.715648443860371e-05 0.0 0.0 1.715648443860371e-05 0.0 0.0 0.0 0.0 0.0 0.0 0.0 0.0 0.0 0.0 0.0 0.0 0.0 0.0 0.0 0.0 0.0 
768 0.759 1.717770698869794e-05 0.0 0.0 1.717770698869794e-05 0.0 0.0 0.0 0.0 0.0 0.0 0.0 0.0 0.0 0.0 0.0 0.0 0.0 0.0 0.0 0.0 0.0 
769 0.76 1.7198953576069805e-05 0.0 0.0 1.7198953576069805e-05 0.0 0.0 0.0 0.0 0.0 0.0 0.0 0.0 0.0 0.0 0.0 0.0 0.0 0.0 0.0 0.0 0.0 
770 0.761 1.722022422426236e-05 0.0 0.0 1.722022422426236e-05 0.0 0.0 0.0 0.0 0.0 0.0 0.0 0.0 0.0 0.0 0.0 0.0 0.0 0.0 0.0 0.0 0.0 
771 0.762 1.724151895683548e-05 0.0 0.0 1.724151895683548e-05 0.0 0.0 0.0 0.0 0.0 0.0 0.0 0.0 0.0 0.0 0.0 0.0 0.0 0.0 0.0 0.0 0.0 
772 0.763 1.726283779736587e-05 0.0 0.0 1.726283779736587e-05 0.0 0.0 0.0 0.0 0.0 0.0 0.0 0.0 0.0 0.0 0.0 0.0 0.0 0.0 0.0 0.0 0.0 
773 0.764 1.728418076944709e-05 0.0 0.0 1.728418076944709e-05 0.0 0.0 0.0 0.0 0.0 0.0 0.0 0.0 0.0 0.0 0.0 0.0 0.0 0.0 0.0 0.0 0.0 
774 0.765 1.7305547896689502e-05 0.0 0.0 1.7305547896689502e-05 0.0 0.0 0.0 0.0 0.0 0.0 0.0 0.0 0.0 0.0 0.0 0.0 0.0 0.0 0.0 0.0 0.0 
775 0.766 1.732693920272033e-05 0.0 0.0 1.732693920272033e-05 0.0 0.0 0.0 0.0 0.0 0.0 0.0 0.0 0.0 0.0 0.0 0.0 0.0 0.0 0.0 0.0 0.0 
776 0.767 1.734835471118361e-05 0.0 0.0 1.734835471118361e-05 0.0 0.0 0.0 0.0 0.0 0.0 0.0 0.0 0.0 0.0 0.0 0.0 0.0 0.0 0.0 0.0 0.0 
777 0.768 1.7369794445740238e-05 0.0 0.0 1.7369794445740238e-05 0.0 0.0 0.0 0.0 0.0 0.0 0.0 0.0 0.0 0.0 0.0 0.0 0.0 0.0 0.0 0.0 0.0 
778 0.769 1.7391258430067917e-05 0.0 0.0 1.7391258430067917e-05 0.0 0.0 0.0 0.0 0.0 0.0 0.0 0.0 0.0 0.0 0.0 0.0 0.0 0.0 0.0 0.0 0.0 
779 0.77 1.741274668786122e-05 0.0 0.0 1.741274668786122e-05 0.0 0.0 0.0 0.0 0.0 0.0 0.0 0.0 0.0 0.0 0.0 0.0 0.0 0.0 0.0 0.0 0.0 
780 0.771 1.7434259242831527e-05 0.0 0.0 1.7434259242831527e-05 0.0 0.0 0.0 0.0 0.0 0.0 0.0 0.0 0.0 0.0 0.0 0.0 0.0 0.0 0.0 0.0 0.0 
781 0.772 1.7455796118707072e-05 0.0 0.0 1.7455796118707072e-05 0.0 0.0 0.0 0.0 0.0 0.0 0.0 0.0 0.0 0.0 0.0 0.0 0.0 0.0 0.0 0.0 0.0 
782 0.773 1.7477357339232933e-05 0.0 0.0 1.7477357339232933e-05 0.0 0.0 0.0 0.0 0.0 0.0 0.0 0.0 0.0 0.0 0.0 0.0 0.0 0.0 0.0 0.0 0.0 
783 0.774 1.7498942928171003e-05 0.0 0.0 1.7498942928171003e-05 0.0 0.0 0.0 0.0 0.0 0.0 0.0 0.0 0.0 0.0 0.0 0.0 0.0 0.0 0.0 0.0 0.0 
784 0.775 1.7520552909300042e-05 0.0 0.0 1.7520552909300042e-05 0.0 0.0 0.0 0.0 0.0 0.0 0.0 0.0 0.0 0.0 0.0 0.0 0.0 0.0 0.0 0.0 0.0 
785 0.776 1.7542187306415633e-05 0.0 0.0 1.7542187306415633e-05 0.0 0.0 0.0 0.0 0.0 0.0 0.0 0.0 0.0 0.0 0.0 0.0 0.0 0.0 0.0 0.0 0.0 
786 0.777 1.7563846143330198e-05 0.0 0.0 1.7563846143330198e-05 0.0 0.0 0.0 0.0 0.0 0.0 0.0 0.0 0.0 0.0 0.0 0.0 0.0 0.0 0.0 0.0 0.0 
787 0.778 1.7585529443873015e-05 0.0 0.0 1.7585529443873015e-05 0.0 0.0 0.0 0.0 0.0 0.0 0.0 0.0 0.0 0.0 0.0 0.0 0.0 0.0 0.0 0.0 0.0 
788 0.779 1.7607237231890188e-05 0.0 0.0 1.7607237231890188e-05 0.0 0.0 0.0 0.0 0.0 0.0 0.0 0.0 0.0 0.0 0.0 0.0 0.0 0.0 0.0 0.0 0.0 
789 0.78 1.762896953124467e-05 0.0 0.0 1.762896953124467e-05 0.0 0.0 0.0 0.0 0.0 0.0 0.0 0.0 0.0 0.0 0.0 0.0 0.0 0.0 0.0 0.0 0.0 
790 0.781 1.765072636581625e-05 0.0 0.0 1.765072636581625e-05 0.0 0.0 0.0 0.0 0.0 0.0 0.0 0.0 0.0 0.0 0.0 0.0 0.0 0.0 0.0 0.0 0.0 
791 0.782 1.767250775950156e-05 0.0 0.0 1.767250775950156e-05 0.0 0.0 0.0 0.0 0.0 0.0 0.0 0.0 0.0 0.0 0.0 0.0 0.0 0.0 0.0 0.0 0.0 
792 0.783 1.7694313736214078e-05 0.0 0.0 1.7694313736214078e-05 0.0 0.0 0.0 0.0 0.0 0.0 0.0 0.0 0.0 0.0 0.0 0.0 0.0 0.0 0.0 0.0 0.0 
793 0.784 1.771614431988412e-05 0.0 0.0 1.771614431988412e-05 0.0 0.0 0.0 0.0 0.0 0.0 0.0 0.0 0.0 0.0 0.0 0.0 0.0 0.0 0.0 0.0 0.0 
794 0.785 1.7737999534458853e-05 0.0 0.0 1.7737999534458853e-05 0.0 0.0 0.0 0.0 0.0 0.0 0.0 0.0 0.0 0.0 0.0 0.0 0.0 0.0 0.0 0.0 0.0 
795 0.786 1.775987940390227e-05 0.0 0.0 1.775987940390227e-05 0.0 0.0 0.0 0.0 0.0 0.0 0.0 0.0 0.0 0.0 0.0 0.0 0.0 0.0 0.0 0.0 0.0 
796 0.787 1.7781783952195218e-05 0.0 0.0 1.7781783952195218e-05 0.0 0.0 0.0 0.0 0.0 0.0 0.0 0.0 0.0 0.0 0.0 0.0 0.0 0.0 0.0 0.0 0.0 
797 0.788 1.7803713203335395e-05 0.0 0.0 1.7803713203335395e-05 0.0 0.0 0.0 0.0 0.0 0.0 0.0 0.0 0.0 0.0 0.0 0.0 0.0 0.0 0.0 0.0 0.0 
798 0.789 1.7825667181337317e-05 0.0 0.0 1.7825667181337317e-05 0.0 0.0 0.0 0.0 0.0 0.0 0.0 0.0 0.0 0.0 0.0 0.0 0.0 0.0 0.0 0.0 0.0 
799 0.79 1.7847645910232367e-05 0.0 0.0 1.7847645910232367e-05 0.0 0.0 0.0 0.0 0.0 0.0 0.0 0.0 0.0 0.0 0.0 0.0 0.0 0.0 0.0 0.0 0.0 
800 0.791 1.7869649414068763e-05 0.0 0.0 1.7869649414068763e-05 0.0 0.0 0.0 0.0 0.0 0.0 0.0 0.0 0.0 0.0 0.0 0.0 0.0 0.0 0.0 0.0 0.0 
801 0.792 1.789167771691156e-05 0.0 0.0 1.789167771691156e-05 0.0 0.0 0.0 0.0 0.0 0.0 0.0 0.0 0.0 0.0 0.0 0.0 0.0 0.0 0.0 0.0 0.0 
802 0.793 1.7913730842842665e-05 0.0 0.0 1.7913730842842665e-05 0.0 0.0 0.0 0.0 0.0 0.0 0.0 0.0 0.0 0.0 0.0 0.0 0.0 0.0 0.0 0.0 0.0 
803 0.794 1.793580881596082e-05 0.0 0.0 1.793580881596082e-05 0.0 0.0 0.0 0.0 0.0 0.0 0.0 0.0 0.0 0.0 0.0 0.0 0.0 0.0 0.0 0.0 0.0 
804 0.794 1.7957911660381617e-05 0.0 0.0 1.7957911660381617e-05 0.0 0.0 0.0 0.0 0.0 0.0 0.0 0.0 0.0 0.0 0.0 0.0 0.0 0.0 0.0 0.0 0.0 
805 0.795 1.7980039400237488e-05 0.0 0.0 1.7980039400237488e-05 0.0 0.0 0.0 0.0 0.0 0.0 0.0 0.0 0.0 0.0 0.0 0.0 0.0 0.0 0.0 0.0 0.0 
806 0.796 1.80021920596777e-05 0.0 0.0 1.80021920596777e-05 0.0 0.0 0.0 0.0 0.0 0.0 0.0 0.0 0.0 0.0 0.0 0.0 0.0 0.0 0.0 0.0 0.0 
807 0.797 1.8024369662868372e-05 0.0 0.0 1.8024369662868372e-05 0.0 0.0 0.0 0.0 0.0 0.0 0.0 0.0 0.0 0.0 0.0 0.0 0.0 0.0 0.0 0.0 0.0 
808 0.798 1.8046572233992466e-05 0.0 0.0 1.8046572233992466e-05 0.0 0.0 0.0 0.0 0.0 0.0 0.0 0.0 0.0 0.0 0.0 0.0 0.0 0.0 0.0 0.0 0.0 
809 0.799 1.8068799797249774e-05 0.0 0.0 1.8068799797249774e-05 0.0 0.0 0.0 0.0 0.0 0.0 0.0 0.0 0.0 0.0 0.0 0.0 0.0 0.0 0.0 0.0 0.0 
810 0.8 1.8091052376856948e-05 0.0 0.0 1.8091052376856948e-05 0.0 0.0 0.0 0.0 0.0 0.0 0.0 0.0 0.0 0.0 0.0 0.0 0.0 0.0 0.0 0.0 0.0 
811 0.801 1.811332999704746e-05 0.0 0.0 1.811332999704746e-05 0.0 0.0 0.0 0.0 0.0 0.0 0.0 0.0 0.0 0.0 0.0 0.0 0.0 0.0 0.0 0.0 0.0 
812 0.802 1.813563268207164e-05 0.0 0.0 1.813563268207164e-05 0.0 0.0 0.0 0.0 0.0 0.0 0.0 0.0 0.0 0.0 0.0 0.0 0.0 0.0 0.0 0.0 0.0 
813 0.803 1.8157960456196646e-05 0.0 0.0 1.8157960456196646e-05 0.0 0.0 0.0 0.0 0.0 0.0 0.0 0.0 0.0 0.0 0.0 0.0 0.0 0.0 0.0 0.0 0.0 
814 0.804 1.8180313343706497e-05 0.0 0.0 1.8180313343706497e-05 0.0 0.0 0.0 0.0 0.0 0.0 0.0 0.0 0.0 0.0 0.0 0.0 0.0 0.0 0.0 0.0 0.0 
815 0.805 1.8202691368902022e-05 0.0 0.0 1.8202691368902022e-05 0.0 0.0 0.0 0.0 0.0 0.0 0.0 0.0 0.0 0.0 0.0 0.0 0.0 0.0 0.0 0.0 0.0 
816 0.806 1.822509455610091e-05 0.0 0.0 1.822509455610091e-05 0.0 0.0 0.0 0.0 0.0 0.0 0.0 0.0 0.0 0.0 0.0 0.0 0.0 0.0 0.0 0.0 0.0 
817 0.807 1.824752292963769e-05 0.0 0.0 1.824752292963769e-05 0.0 0.0 0.0 0.0 0.0 0.0 0.0 0.0 0.0 0.0 0.0 0.0 0.0 0.0 0.0 0.0 0.0 
818 0.808 1.8269976513863715e-05 0.0 0.0 1.8269976513863715e-05 0.0 0.0 0.0 0.0 0.0 0.0 0.0 0.0 0.0 0.0 0.0 0.0 0.0 0.0 0.0 0.0 0.0 
819 0.809 1.8292455333147187e-05 0.0 0.0 1.8292455333147187e-05 0.0 0.0 0.0 0.0 0.0 0.0 0.0 0.0 0.0 0.0 0.0 0.0 0.0 0.0 0.0 0.0 0.0 
820 0.81 1.8314959411873157e-05 0.0 0.0 1.8314959411873157e-05 0.0 0.0 0.0 0.0 0.0 0.0 0.0 0.0 0.0 0.0 0.0 0.0 0.0 0.0 0.0 0.0 0.0 
821 0.811 1.8337488774443476e-05 0.0 0.0 1.8337488774443476e-05 0.0 0.0 0.0 0.0 0.0 0.0 0.0 0.0 0.0 0.0 0.0 0.0 0.0 0.0 0.0 0.0 0.0 
822 0.812 1.836004344527687e-05 0.0 0.0 1.836004344527687e-05 0.0 0.0 0.0 0.0 0.0 0.0 0.0 0.0 0.0 0.0 0.0 0.0 0.0 0.0 0.0 0.0 0.0 
823 0.813 1.8382623448808876e-05 0.0 0.0 1.8382623448808876e-05 0.0 0.0 0.0 0.0 0.0 0.0 0.0 0.0 0.0 0.0 0.0 0.0 0.0 0.0 0.0 0.0 0.0 
824 0.814 1.8405228809491882e-05 0.0 0.0 1.8405228809491882e-05 0.0 0.0 0.0 0.0 0.0 0.0 0.0 0.0 0.0 0.0 0.0 0.0 0.0 0.0 0.0 0.0 0.0 
825 0.815 1.8427859551795095e-05 0.0 0.0 1.8427859551795095e-05 0.0 0.0 0.0 0.0 0.0 0.0 0.0 0.0 0.0 0.0 0.0 0.0 0.0 0.0 0.0 0.0 0.0 
826 0.816 1.845051570020458e-05 0.0 0.0 1.845051570020458e-05 0.0 0.0 0.0 0.0 0.0 0.0 0.0 0.0 0.0 0.0 0.0 0.0 0.0 0.0 0.0 0.0 0.0 
827 0.817 1.8473197279223205e-05 0.0 0.0 1.8473197279223205e-05 0.0 0.0 0.0 0.0 0.0 0.0 0.0 0.0 0.0 0.0 0.0 0.0 0.0 0.0 0.0 0.0 0.0 
828 0.818 1.8495904313370682e-05 0.0 0.0 1.8495904313370682e-05 0.0 0.0 0.0 0.0 0.0 0.0 0.0 0.0 0.0 0.0 0.0 0.0 0.0 0.0 0.0 0.0 0.0 
829 0.819 1.8518636827183565e-05 0.0 0.0 1.8518636827183565e-05 0.0 0.0 0.0 0.0 0.0 0.0 0.0 0.0 0.0 0.0 0.0 0.0 0.0 0.0 0.0 0.0 0.0 
830 0.82 1.8541394845215223e-05 0.0 0.0 1.8541394845215223e-05 0.0 0.0 0.0 0.0 0.0 0.0 0.0 0.0 0.0 0.0 0.0 0.0 0.0 0.0 0.0 0.0 0.0 
831 0.821 1.8564178392035865e-05 0.0 0.0 1.8564178392035865e-05 0.0 0.0 0.0 0.0 0.0 0.0 0.0 0.0 0.0 0.0 0.0 0.0 0.0 0.0 0.0 0.0 0.0 
832 0.822 1.8586987492232524e-05 0.0 0.0 1.8586987492232524e-05 0.0 0.0 0.0 0.0 0.0 0.0 0.0 0.0 0.0 0.0 0.0 0.0 0.0 0.0 0.0 0.0 0.0 
833 0.823 1.8609822170409066e-05 0.0 0.0 1.8609822170409066e-05 0.0 0.0 0.0 0.0 0.0 0.0 0.0 0.0 0.0 0.0 0.0 0.0 0.0 0.0 0.0 0.0 0.0 
834 0.824 1.8632682451186163e-05 0.0 0.0 1.8632682451186163e-05 0.0 0.0 0.0 0.0 0.0 0.0 0.0 0.0 0.0 0.0 0.0 0.0 0.0 0.0 0.0 0.0 0.0 
835 0.825 1.8655568359201347e-05 0.0 0.0 1.8655568359201347e-05 0.0 0.0 0.0 0.0 0.0 0.0 0.0 0.0 0.0 0.0 0.0 0.0 0.0 0.0 0.0 0.0 0.0 
836 0.826 1.8678479919108953e-05 0.0 0.0 1.8678479919108953e-05 0.0 0.0 0.0 0.0 0.0 0.0 0.0 0.0 0.0 0.0 0.0 0.0 0.0 0.0 0.0 0.0 0.0 
837 0.827 1.8701417155580135e-05 0.0 0.0 1.8701417155580135e-05 0.0 0.0 0.0 0.0 0.0 0.0 0.0 0.0 0.0 0.0 0.0 0.0 0.0 0.0 0.0 0.0 0.0 
838 0.828 1.872438009330288e-05 0.0 0.0 1.872438009330288e-05 0.0 0.0 0.0 0.0 0.0 0.0 0.0 0.0 0.0 0.0 0.0 0.0 0.0 0.0 0.0 0.0 0.0 
839 0.829 1.8747368756982003e-05 0.0 0.0 1.8747368756982003e-05 0.0 0.0 0.0 0.0 0.0 0.0 0.0 0.0 0.0 0.0 0.0 0.0 0.0 0.0 0.0 0.0 0.0 
840 0.83 1.8770383171339128e-05 0.0 0.0 1.8770383171339128e-05 0.0 0.0 0.0 0.0 0.0 0.0 0.0 0.0 0.0 0.0 0.0 0.0 0.0 0.0 0.0 0.0 0.0 
841 0.831 1.8793423361112695e-05 0.0 0.0 1.8793423361112695e-05 0.0 0.0 0.0 0.0 0.0 0.0 0.0 0.0 0.0 0.0 0.0 0.0 0.0 0.0 0.0 0.0 0.0 
842 0.832 1.8816489351057977e-05 0.0 0.0 1.8816489351057977e-05 0.0 0.0 0.0 0.0 0.0 0.0 0.0 0.0 0.0 0.0 0.0 0.0 0.0 0.0 0.0 0.0 0.0 
843 0.833 1.883958116594705e-05 0.0 0.0 1.883958116594705e-05 0.0 0.0 0.0 0.0 0.0 0.0 0.0 0.0 0.0 0.0 0.0 0.0 0.0 0.0 0.0 0.0 0.0 
844 0.834 1.886269883056881e-05 0.0 0.0 1.886269883056881e-05 0.0 0.0 0.0 0.0 0.0 0.0 0.0 0.0 0.0 0.0 0.0 0.0 0.0 0.0 0.0 0.0 0.0 
845 0.835 1.8885842369728976e-05 0.0 0.0 1.8885842369728976e-05 0.0 0.0 0.0 0.0 0.0 0.0 0.0 0.0 0.0 0.0 0.0 0.0 0.0 0.0 0.0 0.0 0.0 
846 0.836 1.8909011808250065e-05 0.0 0.0 1.8909011808250065e-05 0.0 0.0 0.0 0.0 0.0 0.0 0.0 0.0 0.0 0.0 0.0 0.0 0.0 0.0 0.0 0.0 0.0 
847 0.837 1.8932207170971412e-05 0.0 0.0 1.8932207170971412e-05 0.0 0.0 0.0 0.0 0.0 0.0 0.0 0.0 0.0 0.0 0.0 0.0 0.0 0.0 0.0 0.0 0.0 
848 0.838 1.8955428482749167e-05 0.0 0.0 1.8955428482749167e-05 0.0 0.0 0.0 0.0 0.0 0.0 0.0 0.0 0.0 0.0 0.0 0.0 0.0 0.0 0.0 0.0 0.0 
849 0.839 1.897867576845629e-05 0.0 0.0 1.897867576845629e-05 0.0 0.0 0.0 0.0 0.0 0.0 0.0 0.0 0.0 0.0 0.0 0.0 0.0 0.0 0.0 0.0 0.0 
850 0.84 1.900194905298253e-05 0.0 0.0 1.900194905298253e-05 0.0 0.0 0.0 0.0 0.0 0.0 0.0 0.0 0.0 0.0 0.0 0.0 0.0 0.0 0.0 0.0 0.0 
851 0.841 1.902524836123446e-05 0.0 0.0 1.902524836123446e-05 0.0 0.0 0.0 0.0 0.0 0.0 0.0 0.0 0.0 0.0 0.0 0.0 0.0 0.0 0.0 0.0 0.0 
852 0.842 1.904857371813546e-05 0.0 0.0 1.904857371813546e-05 0.0 0.0 0.0 0.0 0.0 0.0 0.0 0.0 0.0 0.0 0.0 0.0 0.0 0.0 0.0 0.0 0.0 
853 0.843 1.9071925148625698e-05 0.0 0.0 1.9071925148625698e-05 0.0 0.0 0.0 0.0 0.0 0.0 0.0 0.0 0.0 0.0 0.0 0.0 0.0 0.0 0.0 0.0 0.0 
854 0.844 1.9095302677662156e-05 0.0 0.0 1.9095302677662156e-05 0.0 0.0 0.0 0.0 0.0 0.0 0.0 0.0 0.0 0.0 0.0 0.0 0.0 0.0 0.0 0.0 0.0 
855 0.845 1.9118706330218603e-05 0.0 0.0 1.9118706330218603e-05 0.0 0.0 0.0 0.0 0.0 0.0 0.0 0.0 0.0 0.0 0.0 0.0 0.0 0.0 0.0 0.0 0.0 
856 0.846 1.9142136131285624e-05 0.0 0.0 1.9142136131285624e-05 0.0 0.0 0.0 0.0 0.0 0.0 0.0 0.0 0.0 0.0 0.0 0.0 0.0 0.0 0.0 0.0 0.0 
857 0.847 1.9165592105870583e-05 0.0 0.0 1.9165592105870583e-05 0.0 0.0 0.0 0.0 0.0 0.0 0.0 0.0 0.0 0.0 0.0 0.0 0.0 0.0 0.0 0.0 0.0 
858 0.848 1.9189074278997648e-05 0.0 0.0 1.9189074278997648e-05 0.0 0.0 0.0 0.0 0.0 0.0 0.0 0.0 0.0 0.0 0.0 0.0 0.0 0.0 0.0 0.0 0.0 
859 0.849 1.9212582675707778e-05 0.0 0.0 1.9212582675707778e-05 0.0 0.0 0.0 0.0 0.0 0.0 0.0 0.0 0.0 0.0 0.0 0.0 0.0 0.0 0.0 0.0 0.0 
860 0.85 1.9236117321058725e-05 0.0 0.0 1.9236117321058725e-05 0.0 0.0 0.0 0.0 0.0 0.0 0.0 0.0 0.0 0.0 0.0 0.0 0.0 0.0 0.0 0.0 0.0 
861 0.851 1.925967824012503e-05 0.0 0.0 1.925967824012503e-05 0.0 0.0 0.0 0.0 0.0 0.0 0.0 0.0 0.0 0.0 0.0 0.0 0.0 0.0 0.0 0.0 0.0 
862 0.852 1.928326545799802e-05 0.0 0.0 1.928326545799802e-05 0.0 0.0 0.0 0.0 0.0 0.0 0.0 0.0 0.0 0.0 0.0 0.0 0.0 0.0 0.0 0.0 0.0 
863 0.853 1.93068789997858e-05 0.0 0.0 1.93068789997858e-05 0.0 0.0 0.0 0.0 0.0 0.0 0.0 0.0 0.0 0.0 0.0 0.0 0.0 0.0 0.0 0.0 0.0 
864 0.854 1.9330518890613273e-05 0.0 0.0 1.9330518890613273e-05 0.0 0.0 0.0 0.0 0.0 0.0 0.0 0.0 0.0 0.0 0.0 0.0 0.0 0.0 0.0 0.0 0.0 
865 0.855 1.9354185155622125e-05 0.0 0.0 1.9354185155622125e-05 0.0 0.0 0.0 0.0 0.0 0.0 0.0 0.0 0.0 0.0 0.0 0.0 0.0 0.0 0.0 0.0 0.0 
866 0.856 1.937787781997081e-05 0.0 0.0 1.937787781997081e-05 0.0 0.0 0.0 0.0 0.0 0.0 0.0 0.0 0.0 0.0 0.0 0.0 0.0 0.0 0.0 0.0 0.0 
867 0.857 1.9401596908834565e-05 0.0 0.0 1.9401596908834565e-05 0.0 0.0 0.0 0.0 0.0 0.0 0.0 0.0 0.0 0.0 0.0 0.0 0.0 0.0 0.0 0.0 0.0 
868 0.858 1.942534244740541e-05 0.0 0.0 1.942534244740541e-05 0.0 0.0 0.0 0.0 0.0 0.0 0.0 0.0 0.0 0.0 0.0 0.0 0.0 0.0 0.0 0.0 0.0 
869 0.859 1.9449114460892122e-05 0.0 0.0 1.9449114460892122e-05 0.0 0.0 0.0 0.0 0.0 0.0 0.0 0.0 0.0 0.0 0.0 0.0 0.0 0.0 0.0 0.0 0.0 
870 0.86 1.947291297452027e-05 0.0 0.0 1.947291297452027e-05 0.0 0.0 0.0 0.0 0.0 0.0 0.0 0.0 0.0 0.0 0.0 0.0 0.0 0.0 0.0 0.0 0.0 
871 0.861 1.9496738013532185e-05 0.0 0.0 1.9496738013532185e-05 0.0 0.0 0.0 0.0 0.0 0.0 0.0 0.0 0.0 0.0 0.0 0.0 0.0 0.0 0.0 0.0 0.0 
872 0.862 1.952058960318696e-05 0.0 0.0 1.952058960318696e-05 0.0 0.0 0.0 0.0 0.0 0.0 0.0 0.0 0.0 0.0 0.0 0.0 0.0 0.0 0.0 0.0 0.0 
873 0.863 1.9544467768760464e-05 0.0 0.0 1.9544467768760464e-05 0.0 0.0 0.0 0.0 0.0 0.0 0.0 0.0 0.0 0.0 0.0 0.0 0.0 0.0 0.0 0.0 0.0 
874 0.864 1.9568372535545313e-05 0.0 0.0 1.9568372535545313e-05 0.0 0.0 0.0 0.0 0.0 0.0 0.0 0.0 0.0 0.0 0.0 0.0 0.0 0.0 0.0 0.0 0.0 
875 0.865 1.959230392885091e-05 0.0 0.0 1.959230392885091e-05 0.0 0.0 0.0 0.0 0.0 0.0 0.0 0.0 0.0 0.0 0.0 0.0 0.0 0.0 0.0 0.0 0.0 
876 0.866 1.9616261974003397e-05 0.0 0.0 1.9616261974003397e-05 0.0 0.0 0.0 0.0 0.0 0.0 0.0 0.0 0.0 0.0 0.0 0.0 0.0 0.0 0.0 0.0 0.0 
877 0.867 1.9640246696345675e-05 0.0 0.0 1.9640246696345675e-05 0.0 0.0 0.0 0.0 0.0 0.0 0.0 0.0 0.0 0.0 0.0 0.0 0.0 0.0 0.0 0.0 0.0 
878 0.868 1.966425812123741e-05 0.0 0.0 1.966425812123741e-05 0.0 0.0 0.0 0.0 0.0 0.0 0.0 0.0 0.0 0.0 0.0 0.0 0.0 0.0 0.0 0.0 0.0 
879 0.869 1.9688296274055e-05 0.0 0.0 1.9688296274055e-05 0.0 0.0 0.0 0.0 0.0 0.0 0.0 0.0 0.0 0.0 0.0 0.0 0.0 0.0 0.0 0.0 0.0 
880 0.87 1.9712361180191614e-05 0.0 0.0 1.9712361180191614e-05 0.0 0.0 0.0 0.0 0.0 0.0 0.0 0.0 0.0 0.0 0.0 0.0 0.0 0.0 0.0 0.0 0.0 
881 0.871 1.9736452865057163e-05 0.0 0.0 1.9736452865057163e-05 0.0 0.0 0.0 0.0 0.0 0.0 0.0 0.0 0.0 0.0 0.0 0.0 0.0 0.0 0.0 0.0 0.0 
882 0.872 1.9760571354078284e-05 0.0 0.0 1.9760571354078284e-05 0.0 0.0 0.0 0.0 0.0 0.0 0.0 0.0 0.0 0.0 0.0 0.0 0.0 0.0 0.0 0.0 0.0 
883 0.873 1.978471667269839e-05 0.0 0.0 1.978471667269839e-05 0.0 0.0 0.0 0.0 0.0 0.0 0.0 0.0 0.0 0.0 0.0 0.0 0.0 0.0 0.0 0.0 0.0 
884 0.874 1.98088888463776e-05 0.0 0.0 1.98088888463776e-05 0.0 0.0 0.0 0.0 0.0 0.0 0.0 0.0 0.0 0.0 0.0 0.0 0.0 0.0 0.0 0.0 0.0 
885 0.875 1.9833087900592788e-05 0.0 0.0 1.9833087900592788e-05 0.0 0.0 0.0 0.0 0.0 0.0 0.0 0.0 0.0 0.0 0.0 0.0 0.0 0.0 0.0 0.0 0.0 
886 0.876 1.9857313860837564e-05 0.0 0.0 1.9857313860837564e-05 0.0 0.0 0.0 0.0 0.0 0.0 0.0 0.0 0.0 0.0 0.0 0.0 0.0 0.0 0.0 0.0 0.0 
887 0.877 1.988156675262227e-05 0.0 0.0 1.988156675262227e-05 0.0 0.0 0.0 0.0 0.0 0.0 0.0 0.0 0.0 0.0 0.0 0.0 0.0 0.0 0.0 0.0 0.0 
888 0.878 1.9905846601473956e-05 0.0 0.0 1.9905846601473956e-05 0.0 0.0 0.0 0.0 0.0 0.0 0.0 0.0 0.0 0.0 0.0 0.0 0.0 0.0 0.0 0.0 0.0 
889 0.878 1.9930153432936428e-05 0.0 0.0 1.9930153432936428e-05 0.0 0.0 0.0 0.0 0.0 0.0 0.0 0.0 0.0 0.0 0.0 0.0 0.0 0.0 0.0 0.0 0.0 
890 0.879 1.995448727257021e-05 0.0 0.0 1.995448727257021e-05 0.0 0.0 0.0 0.0 0.0 0.0 0.0 0.0 0.0 0.0 0.0 0.0 0.0 0.0 0.0 0.0 0.0 
891 0.88 1.9978848145952522e-05 0.0 0.0 1.9978848145952522e-05 0.0 0.0 0.0 0.0 0.0 0.0 0.0 0.0 0.0 0.0 0.0 0.0 0.0 0.0 0.0 0.0 0.0 
892 0.881 2.0003236078677337e-05 0.0 0.0 2.0003236078677337e-05 0.0 0.0 0.0 0.0 0.0 0.0 0.0 0.0 0.0 0.0 0.0 0.0 0.0 0.0 0.0 0.0 0.0 
893 0.882 2.0027651096355318e-05 0.0 0.0 2.0027651096355318e-05 0.0 0.0 0.0 0.0 0.0 0.0 0.0 0.0 0.0 0.0 0.0 0.0 0.0 0.0 0.0 0.0 0.0 
894 0.883 2.0052093224613847e-05 0.0 0.0 2.0052093224613847e-05 0.0 0.0 0.0 0.0 0.0 0.0 0.0 0.0 0.0 0.0 0.0 0.0 0.0 0.0 0.0 0.0 0.0 
895 0.884 2.007656248909703e-05 0.0 0.0 2.007656248909703e-05 0.0 0.0 0.0 0.0 0.0 0.0 0.0 0.0 0.0 0.0 0.0 0.0 0.0 0.0 0.0 0.0 0.0 
896 0.885 2.010105891546566e-05 0.0 0.0 2.010105891546566e-05 0.0 0.0 0.0 0.0 0.0 0.0 0.0 0.0 0.0 0.0 0.0 0.0 0.0 0.0 0.0 0.0 0.0 
897 0.886 2.0125582529397242e-05 0.0 0.0 2.0125582529397242e-05 0.0 0.0 0.0 0.0 0.0 0.0 0.0 0.0 0.0 0.0 0.0 0.0 0.0 0.0 0.0 0.0 0.0 
898 0.887 2.0150133356585986e-05 0.0 0.0 2.0150133356585986e-05 0.0 0.0 0.0 0.0 0.0 0.0 0.0 0.0 0.0 0.0 0.0 0.0 0.0 0.0 0.0 0.0 0.0 
899 0.888 2.0174711422742796e-05 0.0 0.0 2.0174711422742796e-05 0.0 0.0 0.0 0.0 0.0 0.0 0.0 0.0 0.0 0.0 0.0 0.0 0.0 0.0 0.0 0.0 0.0 
900 0.889 2.019931675359527e-05 0.0 0.0 2.019931675359527e-05 0.0 0.0 0.0 0.0 0.0 0.0 0.0 0.0 0.0 0.0 0.0 0.0 0.0 0.0 0.0 0.0 0.0 
901 0.89 2.0223949374887694e-05 0.0 0.0 2.0223949374887694e-05 0.0 0.0 0.0 0.0 0.0 0.0 0.0 0.0 0.0 0.0 0.0 0.0 0.0 0.0 0.0 0.0 0.0 
902 0.891 2.0248609312381047e-05 0.0 0.0 2.0248609312381047e-05 0.0 0.0 0.0 0.0 0.0 0.0 0.0 0.0 0.0 0.0 0.0 0.0 0.0 0.0 0.0 0.0 0.0 
903 0.892 2.027329659185301e-05 0.0 0.0 2.027329659185301e-05 0.0 0.0 0.0 0.0 0.0 0.0 0.0 0.0 0.0 0.0 0.0 0.0 0.0 0.0 0.0 0.0 0.0 
904 0.893 2.0298011239097907e-05 0.0 0.0 2.0298011239097907e-05 0.0 0.0 0.0 0.0 0.0 0.0 0.0 0.0 0.0 0.0 0.0 0.0 0.0 0.0 0.0 0.0 0.0 
905 0.894 2.0322753279926767e-05 0.0 0.0 2.0322753279926767e-05 0.0 0.0 0.0 0.0 0.0 0.0 0.0 0.0 0.0 0.0 0.0 0.0 0.0 0.0 0.0 0.0 0.0 
906 0.895 2.0347522740167308e-05 0.0 0.0 2.0347522740167308e-05 0.0 0.0 0.0 0.0 0.0 0.0 0.0 0.0 0.0 0.0 0.0 0.0 0.0 0.0 0.0 0.0 0.0 
907 0.896 2.0372319645663885e-05 0.0 0.0 2.0372319645663885e-05 0.0 0.0 0.0 0.0 0.0 0.0 0.0 0.0 0.0 0.0 0.0 0.0 0.0 0.0 0.0 0.0 0.0 
908 0.897 2.0397144022277555e-05 0.0 0.0 2.0397144022277555e-05 0.0 0.0 0.0 0.0 0.0 0.0 0.0 0.0 0.0 0.0 0.0 0.0 0.0 0.0 0.0 0.0 0.0 
909 0.898 2.0421995895886015e-05 0.0 0.0 2.0421995895886015e-05 0.0 0.0 0.0 0.0 0.0 0.0 0.0 0.0 0.0 0.0 0.0 0.0 0.0 0.0 0.0 0.0 0.0 
910 0.899 2.044687529238364e-05 0.0 0.0 2.044687529238364e-05 0.0 0.0 0.0 0.0 0.0 0.0 0.0 0.0 0.0 0.0 0.0 0.0 0.0 0.0 0.0 0.0 0.0 
911 0.9 2.047178223768146e-05 0.0 0.0 2.047178223768146e-05 0.0 0.0 0.0 0.0 0.0 0.0 0.0 0.0 0.0 0.0 0.0 0.0 0.0 0.0 0.0 0.0 0.0 
912 0.901 2.0496716757707164e-05 0.0 0.0 2.0496716757707164e-05 0.0 0.0 0.0 0.0 0.0 0.0 0.0 0.0 0.0 0.0 0.0 0.0 0.0 0.0 0.0 0.0 0.0 
913 0.902 2.0521678878405076e-05 0.0 0.0 2.0521678878405076e-05 0.0 0.0 0.0 0.0 0.0 0.0 0.0 0.0 0.0 0.0 0.0 0.0 0.0 0.0 0.0 0.0 0.0 
914 0.903 2.0546668625736195e-05 0.0 0.0 2.0546668625736195e-05 0.0 0.0 0.0 0.0 0.0 0.0 0.0 0.0 0.0 0.0 0.0 0.0 0.0 0.0 0.0 0.0 0.0 
915 0.904 2.0571686025678143e-05 0.0 0.0 2.0571686025678143e-05 0.0 0.0 0.0 0.0 0.0 0.0 0.0 0.0 0.0 0.0 0.0 0.0 0.0 0.0 0.0 0.0 0.0 
916 0.905 2.0596731104225192e-05 0.0 0.0 2.0596731104225192e-05 0.0 0.0 0.0 0.0 0.0 0.0 0.0 0.0 0.0 0.0 0.0 0.0 0.0 0.0 0.0 0.0 0.0 
917 0.906 2.0621803887388248e-05 0.0 0.0 2.0621803887388248e-05 0.0 0.0 0.0 0.0 0.0 0.0 0.0 0.0 0.0 0.0 0.0 0.0 0.0 0.0 0.0 0.0 0.0 
918 0.907 2.0646904401194856e-05 0.0 0.0 2.0646904401194856e-05 0.0 0.0 0.0 0.0 0.0 0.0 0.0 0.0 0.0 0.0 0.0 0.0 0.0 0.0 0.0 0.0 0.0 
919 0.908 2.0672032671689188e-05 0.0 0.0 2.0672032671689188e-05 0.0 0.0 0.0 0.0 0.0 0.0 0.0 0.0 0.0 0.0 0.0 0.0 0.0 0.0 0.0 0.0 0.0 
920 0.909 2.0697188724932046e-05 0.0 0.0 2.0697188724932046e-05 0.0 0.0 0.0 0.0 0.0 0.0 0.0 0.0 0.0 0.0 0.0 0.0 0.0 0.0 0.0 0.0 0.0 
921 0.91 2.0722372587000836e-05 0.0 0.0 2.0722372587000836e-05 0.0 0.0 0.0 0.0 0.0 0.0 0.0 0.0 0.0 0.0 0.0 0.0 0.0 0.0 0.0 0.0 0.0 
922 0.911 2.0747584283989616e-05 0.0 0.0 2.0747584283989616e-05 0.0 0.0 0.0 0.0 0.0 0.0 0.0 0.0 0.0 0.0 0.0 0.0 0.0 0.0 0.0 0.0 0.0 
923 0.912 2.0772823842009034e-05 0.0 0.0 2.0772823842009034e-05 0.0 0.0 0.0 0.0 0.0 0.0 0.0 0.0 0.0 0.0 0.0 0.0 0.0 0.0 0.0 0.0 0.0 
924 0.913 2.0798091287186347e-05 0.0 0.0 2.0798091287186347e-05 0.0 0.0 0.0 0.0 0.0 0.0 0.0 0.0 0.0 0.0 0.0 0.0 0.0 0.0 0.0 0.0 0.0 
925 0.914 2.082338664566544e-05 0.0 0.0 2.082338664566544e-05 0.0 0.0 0.0 0.0 0.0 0.0 0.0 0.0 0.0 0.0 0.0 0.0 0.0 0.0 0.0 0.0 0.0 
926 0.915 2.0848709943606776e-05 0.0 0.0 2.0848709943606776e-05 0.0 0.0 0.0 0.0 0.0 0.0 0.0 0.0 0.0 0.0 0.0 0.0 0.0 0.0 0.0 0.0 0.0 
927 0.916 2.0874061207187434e-05 0.0 0.0 2.0874061207187434e-05 0.0 0.0 0.0 0.0 0.0 0.0 0.0 0.0 0.0 0.0 0.0 0.0 0.0 0.0 0.0 0.0 0.0 
928 0.917 2.0899440462601086e-05 0.0 0.0 2.0899440462601086e-05 0.0 0.0 0.0 0.0 0.0 0.0 0.0 0.0 0.0 0.0 0.0 0.0 0.0 0.0 0.0 0.0 0.0 
929 0.918 2.0924847736057986e-05 0.0 0.0 2.0924847736057986e-05 0.0 0.0 0.0 0.0 0.0 0.0 0.0 0.0 0.0 0.0 0.0 0.0 0.0 0.0 0.0 0.0 0.0 
930 0.919 2.0950283053784985e-05 0.0 0.0 2.0950283053784985e-05 0.0 0.0 0.0 0.0 0.0 0.0 0.0 0.0 0.0 0.0 0.0 0.0 0.0 0.0 0.0 0.0 0.0 
931 0.92 2.097574644202551e-05 0.0 0.0 2.097574644202551e-05 0.0 0.0 0.0 0.0 0.0 0.0 0.0 0.0 0.0 0.0 0.0 0.0 0.0 0.0 0.0 0.0 0.0 
932 0.921 2.1001237927039576e-05 0.0 0.0 2.1001237927039576e-05 0.0 0.0 0.0 0.0 0.0 0.0 0.0 0.0 0.0 0.0 0.0 0.0 0.0 0.0 0.0 0.0 0.0 
933 0.922 2.1026757535103743e-05 0.0 0.0 2.1026757535103743e-05 0.0 0.0 0.0 0.0 0.0 0.0 0.0 0.0 0.0 0.0 0.0 0.0 0.0 0.0 0.0 0.0 0.0 
934 0.923 2.1052305292511196e-05 0.0 0.0 2.1052305292511196e-05 0.0 0.0 0.0 0.0 0.0 0.0 0.0 0.0 0.0 0.0 0.0 0.0 0.0 0.0 0.0 0.0 0.0 
935 0.924 2.1077881225571625e-05 0.0 0.0 2.1077881225571625e-05 0.0 0.0 0.0 0.0 0.0 0.0 0.0 0.0 0.0 0.0 0.0 0.0 0.0 0.0 0.0 0.0 0.0 
936 0.925 2.1103485360611315e-05 0.0 0.0 2.1103485360611315e-05 0.0 0.0 0.0 0.0 0.0 0.0 0.0 0.0 0.0 0.0 0.0 0.0 0.0 0.0 0.0 0.0 0.0 
937 0.926 2.1129117723973108e-05 0.0 0.0 2.1129117723973108e-05 0.0 0.0 0.0 0.0 0.0 0.0 0.0 0.0 0.0 0.0 0.0 0.0 0.0 0.0 0.0 0.0 0.0 
938 0.927 2.115477834201639e-05 0.0 0.0 2.115477834201639e-05 0.0 0.0 0.0 0.0 0.0 0.0 0.0 0.0 0.0 0.0 0.0 0.0 0.0 0.0 0.0 0.0 0.0 
939 0.928 2.1180467241117088e-05 0.0 0.0 2.1180467241117088e-05 0.0 0.0 0.0 0.0 0.0 0.0 0.0 0.0 0.0 0.0 0.0 0.0 0.0 0.0 0.0 0.0 0.0 
940 0.929 2.120618444766769e-05 0.0 0.0 2.120618444766769e-05 0.0 0.0 0.0 0.0 0.0 0.0 0.0 0.0 0.0 0.0 0.0 0.0 0.0 0.0 0.0 0.0 0.0 
941 0.93 2.1231929988077216e-05 0.0 0.0 2.1231929988077216e-05 0.0 0.0 0.0 0.0 0.0 0.0 0.0 0.0 0.0 0.0 0.0 0.0 0.0 0.0 0.0 0.0 0.0 
942 0.931 2.1257703888771214e-05 0.0 0.0 2.1257703888771214e-05 0.0 0.0 0.0 0.0 0.0 0.0 0.0 0.0 0.0 0.0 0.0 0.0 0.0 0.0 0.0 0.0 0.0 
943 0.932 2.1283506176191764e-05 0.0 0.0 2.1283506176191764e-05 0.0 0.0 0.0 0.0 0.0 0.0 0.0 0.0 0.0 0.0 0.0 0.0 0.0 0.0 0.0 0.0 0.0 
944 0.933 2.130933687679748e-05 0.0 0.0 2.130933687679748e-05 0.0 0.0 0.0 0.0 0.0 0.0 0.0 0.0 0.0 0.0 0.0 0.0 0.0 0.0 0.0 0.0 0.0 
945 0.934 2.1335196017063497e-05 0.0 0.0 2.1335196017063497e-05 0.0 0.0 0.0 0.0 0.0 0.0 0.0 0.0 0.0 0.0 0.0 0.0 0.0 0.0 0.0 0.0 0.0 
946 0.935 2.136108362348144e-05 0.0 0.0 2.136108362348144e-05 0.0 0.0 0.0 0.0 0.0 0.0 0.0 0.0 0.0 0.0 0.0 0.0 0.0 0.0 0.0 0.0 0.0 
947 0.936 2.138699972255949e-05 0.0 0.0 2.138699972255949e-05 0.0 0.0 0.0 0.0 0.0 0.0 0.0 0.0 0.0 0.0 0.0 0.0 0.0 0.0 0.0 0.0 0.0 
948 0.937 2.1412944340822287e-05 0.0 0.0 2.1412944340822287e-05 0.0 0.0 0.0 0.0 0.0 0.0 0.0 0.0 0.0 0.0 0.0 0.0 0.0 0.0 0.0 0.0 0.0 
949 0.938 2.143891750481101e-05 0.0 0.0 2.143891750481101e-05 0.0 0.0 0.0 0.0 0.0 0.0 0.0 0.0 0.0 0.0 0.0 0.0 0.0 0.0 0.0 0.0 0.0 
950 0.939 2.1464919241083297e-05 0.0 0.0 2.1464919241083297e-05 0.0 0.0 0.0 0.0 0.0 0.0 0.0 0.0 0.0 0.0 0.0 0.0 0.0 0.0 0.0 0.0 0.0 
951 0.94 2.149094957621333e-05 0.0 0.0 2.149094957621333e-05 0.0 0.0 0.0 0.0 0.0 0.0 0.0 0.0 0.0 0.0 0.0 0.0 0.0 0.0 0.0 0.0 0.0 
952 0.941 2.1517008536791737e-05 0.0 0.0 2.1517008536791737e-05 0.0 0.0 0.0 0.0 0.0 0.0 0.0 0.0 0.0 0.0 0.0 0.0 0.0 0.0 0.0 0.0 0.0 
953 0.942 2.154309614942563e-05 0.0 0.0 2.154309614942563e-05 0.0 0.0 0.0 0.0 0.0 0.0 0.0 0.0 0.0 0.0 0.0 0.0 0.0 0.0 0.0 0.0 0.0 
954 0.943 2.1569212440738608e-05 0.0 0.0 2.1569212440738608e-05 0.0 0.0 0.0 0.0 0.0 0.0 0.0 0.0 0.0 0.0 0.0 0.0 0.0 0.0 0.0 0.0 0.0 
955 0.944 2.1595357437370754e-05 0.0 0.0 2.1595357437370754e-05 0.0 0.0 0.0 0.0 0.0 0.0 0.0 0.0 0.0 0.0 0.0 0.0 0.0 0.0 0.0 0.0 0.0 
956 0.945 2.162153116597859e-05 0.0 0.0 2.162153116597859e-05 0.0 0.0 0.0 0.0 0.0 0.0 0.0 0.0 0.0 0.0 0.0 0.0 0.0 0.0 0.0 0.0 0.0 
957 0.946 2.164773365323512e-05 0.0 0.0 2.164773365323512e-05 0.0 0.0 0.0 0.0 0.0 0.0 0.0 0.0 0.0 0.0 0.0 0.0 0.0 0.0 0.0 0.0 0.0 
958 0.947 2.1673964925829798e-05 0.0 0.0 2.1673964925829798e-05 0.0 0.0 0.0 0.0 0.0 0.0 0.0 0.0 0.0 0.0 0.0 0.0 0.0 0.0 0.0 0.0 0.0 
959 0.948 2.170022501046854e-05 0.0 0.0 2.170022501046854e-05 0.0 0.0 0.0 0.0 0.0 0.0 0.0 0.0 0.0 0.0 0.0 0.0 0.0 0.0 0.0 0.0 0.0 
960 0.949 2.1726513933873674e-05 0.0 0.0 2.1726513933873674e-05 0.0 0.0 0.0 0.0 0.0 0.0 0.0 0.0 0.0 0.0 0.0 0.0 0.0 0.0 0.0 0.0 0.0 
961 0.95 2.1752831722784013e-05 0.0 0.0 2.1752831722784013e-05 0.0 0.0 0.0 0.0 0.0 0.0 0.0 0.0 0.0 0.0 0.0 0.0 0.0 0.0 0.0 0.0 0.0 
962 0.951 2.1779178403954776e-05 0.0 0.0 2.1779178403954776e-05 0.0 0.0 0.0 0.0 0.0 0.0 0.0 0.0 0.0 0.0 0.0 0.0 0.0 0.0 0.0 0.0 0.0 
963 0.952 2.180555400415762e-05 0.0 0.0 2.180555400415762e-05 0.0 0.0 0.0 0.0 0.0 0.0 0.0 0.0 0.0 0.0 0.0 0.0 0.0 0.0 0.0 0.0 0.0 
964 0.953 2.183195855018064e-05 0.0 0.0 2.183195855018064e-05 0.0 0.0 0.0 0.0 0.0 0.0 0.0 0.0 0.0 0.0 0.0 0.0 0.0 0.0 0.0 0.0 0.0 
965 0.954 2.1858392068828324e-05 0.0 0.0 2.1858392068828324e-05 0.0 0.0 0.0 0.0 0.0 0.0 0.0 0.0 0.0 0.0 0.0 0.0 0.0 0.0 0.0 0.0 0.0 
966 0.955 2.1884854586921596e-05 0.0 0.0 2.1884854586921596e-05 0.0 0.0 0.0 0.0 0.0 0.0 0.0 0.0 0.0 0.0 0.0 0.0 0.0 0.0 0.0 0.0 0.0 
967 0.956 2.1911346131297778e-05 0.0 0.0 2.1911346131297778e-05 0.0 0.0 0.0 0.0 0.0 0.0 0.0 0.0 0.0 0.0 0.0 0.0 0.0 0.0 0.0 0.0 0.0 
968 0.957 2.193786672881059e-05 0.0 0.0 2.193786672881059e-05 0.0 0.0 0.0 0.0 0.0 0.0 0.0 0.0 0.0 0.0 0.0 0.0 0.0 0.0 0.0 0.0 0.0 
969 0.958 2.1964416406330165e-05 0.0 0.0 2.1964416406330165e-05 0.0 0.0 0.0 0.0 0.0 0.0 0.0 0.0 0.0 0.0 0.0 0.0 0.0 0.0 0.0 0.0 0.0 
970 0.959 2.1990995190743017e-05 0.0 0.0 2.1990995190743017e-05 0.0 0.0 0.0 0.0 0.0 0.0 0.0 0.0 0.0 0.0 0.0 0.0 0.0 0.0 0.0 0.0 0.0 
971 0.96 2.2017603108952055e-05 0.0 0.0 2.2017603108952055e-05 0.0 0.0 0.0 0.0 0.0 0.0 0.0 0.0 0.0 0.0 0.0 0.0 0.0 0.0 0.0 0.0 0.0 
972 0.961 2.2044240187876537e-05 0.0 0.0 2.2044240187876537e-05 0.0 0.0 0.0 0.0 0.0 0.0 0.0 0.0 0.0 0.0 0.0 0.0 0.0 0.0 0.0 0.0 0.0 
973 0.962 2.2070906454452142e-05 0.0 0.0 2.2070906454452142e-05 0.0 0.0 0.0 0.0 0.0 0.0 0.0 0.0 0.0 0.0 0.0 0.0 0.0 0.0 0.0 0.0 0.0 
974 0.962 2.2097601935630882e-05 0.0 0.0 2.2097601935630882e-05 0.0 0.0 0.0 0.0 0.0 0.0 0.0 0.0 0.0 0.0 0.0 0.0 0.0 0.0 0.0 0.0 0.0 
975 0.963 2.2124326658381165e-05 0.0 0.0 2.2124326658381165e-05 0.0 0.0 0.0 0.0 0.0 0.0 0.0 0.0 0.0 0.0 0.0 0.0 0.0 0.0 0.0 0.0 0.0 
976 0.964 2.2151080649687702e-05 0.0 0.0 2.2151080649687702e-05 0.0 0.0 0.0 0.0 0.0 0.0 0.0 0.0 0.0 0.0 0.0 0.0 0.0 0.0 0.0 0.0 0.0 
977 0.965 2.2177863936551613e-05 0.0 0.0 2.2177863936551613e-05 0.0 0.0 0.0 0.0 0.0 0.0 0.0 0.0 0.0 0.0 0.0 0.0 0.0 0.0 0.0 0.0 0.0 
978 0.966 2.2204676545990328e-05 0.0 0.0 2.2204676545990328e-05 0.0 0.0 0.0 0.0 0.0 0.0 0.0 0.0 0.0 0.0 0.0 0.0 0.0 0.0 0.0 0.0 0.0 
979 0.967 2.223151850503764e-05 0.0 0.0 2.223151850503764e-05 0.0 0.0 0.0 0.0 0.0 0.0 0.0 0.0 0.0 0.0 0.0 0.0 0.0 0.0 0.0 0.0 0.0 
980 0.968 2.2258389840743657e-05 0.0 0.0 2.2258389840743657e-05 0.0 0.0 0.0 0.0 0.0 0.0 0.0 0.0 0.0 0.0 0.0 0.0 0.0 0.0 0.0 0.0 0.0 
981 0.969 2.228529058017481e-05 0.0 0.0 2.228529058017481e-05 0.0 0.0 0.0 0.0 0.0 0.0 0.0 0.0 0.0 0.0 0.0 0.0 0.0 0.0 0.0 0.0 0.0 
982 0.97 2.231222075041386e-05 0.0 0.0 2.231222075041386e-05 0.0 0.0 0.0 0.0 0.0 0.0 0.0 0.0 0.0 0.0 0.0 0.0 0.0 0.0 0.0 0.0 0.0 
983 0.971 2.2339180378559898e-05 0.0 0.0 2.2339180378559898e-05 0.0 0.0 0.0 0.0 0.0 0.0 0.0 0.0 0.0 0.0 0.0 0.0 0.0 0.0 0.0 0.0 0.0 
984 0.972 2.23661694917283e-05 0.0 0.0 2.23661694917283e-05 0.0 0.0 0.0 0.0 0.0 0.0 0.0 0.0 0.0 0.0 0.0 0.0 0.0 0.0 0.0 0.0 0.0 
985 0.973 2.2393188117050746e-05 0.0 0.0 2.2393188117050746e-05 0.0 0.0 0.0 0.0 0.0 0.0 0.0 0.0 0.0 0.0 0.0 0.0 0.0 0.0 0.0 0.0 0.0 
986 0.974 2.242023628167523e-05 0.0 0.0 2.242023628167523e-05 0.0 0.0 0.0 0.0 0.0 0.0 0.0 0.0 0.0 0.0 0.0 0.0 0.0 0.0 0.0 0.0 0.0 
987 0.975 2.244731401276602e-05 0.0 0.0 2.244731401276602e-05 0.0 0.0 0.0 0.0 0.0 0.0 0.0 0.0 0.0 0.0 0.0 0.0 0.0 0.0 0.0 0.0 0.0 
988 0.976 2.247442133750367e-05 0.0 0.0 2.247442133750367e-05 0.0 0.0 0.0 0.0 0.0 0.0 0.0 0.0 0.0 0.0 0.0 0.0 0.0 0.0 0.0 0.0 0.0 
989 0.977 2.250155828308502e-05 0.0 0.0 2.250155828308502e-05 0.0 0.0 0.0 0.0 0.0 0.0 0.0 0.0 0.0 0.0 0.0 0.0 0.0 0.0 0.0 0.0 0.0 
990 0.978 2.2528724876723172e-05 0.0 0.0 2.2528724876723172e-05 0.0 0.0 0.0 0.0 0.0 0.0 0.0 0.0 0.0 0.0 0.0 0.0 0.0 0.0 0.0 0.0 0.0 
991 0.979 2.255592114564749e-05 0.0 0.0 2.255592114564749e-05 0.0 0.0 0.0 0.0 0.0 0.0 0.0 0.0 0.0 0.0 0.0 0.0 0.0 0.0 0.0 0.0 0.0 
992 0.98 2.258314711710361e-05 0.0 0.0 2.258314711710361e-05 0.0 0.0 0.0 0.0 0.0 0.0 0.0 0.0 0.0 0.0 0.0 0.0 0.0 0.0 0.0 0.0 0.0 
993 0.981 2.2610402818353396e-05 0.0 0.0 2.2610402818353396e-05 0.0 0.0 0.0 0.0 0.0 0.0 0.0 0.0 0.0 0.0 0.0 0.0 0.0 0.0 0.0 0.0 0.0 
994 0.982 2.2637688276674983e-05 0.0 0.0 2.2637688276674983e-05 0.0 0.0 0.0 0.0 0.0 0.0 0.0 0.0 0.0 0.0 0.0 0.0 0.0 0.0 0.0 0.0 0.0 
995 0.983 2.2665003519362723e-05 0.0 0.0 2.2665003519362723e-05 0.0 0.0 0.0 0.0 0.0 0.0 0.0 0.0 0.0 0.0 0.0 0.0 0.0 0.0 0.0 0.0 0.0 
996 0.984 2.2692348573727214e-05 0.0 0.0 2.2692348573727214e-05 0.0 0.0 0.0 0.0 0.0 0.0 0.0 0.0 0.0 0.0 0.0 0.0 0.0 0.0 0.0 0.0 0.0 
997 0.985 2.271972346709527e-05 0.0 0.0 2.271972346709527e-05 0.0 0.0 0.0 0.0 0.0 0.0 0.0 0.0 0.0 0.0 0.0 0.0 0.0 0.0 0.0 0.0 0.0 
998 0.986 2.2747128226809922e-05 0.0 0.0 2.2747128226809922e-05 0.0 0.0 0.0 0.0 0.0 0.0 0.0 0.0 0.0 0.0 0.0 0.0 0.0 0.0 0.0 0.0 0.0 
999 0.987 2.2774562880230418e-05 0.0 0.0 2.2774562880230418e-05 0.0 0.0 0.0 0.0 0.0 0.0 0.0 0.0 0.0 0.0 0.0 0.0 0.0 0.0 0.0 0.0 0.0 
1000 0.988 2.2802027454732203e-05 0.0 0.0 2.2802027454732203e-05 0.0 0.0 0.0 0.0 0.0 0.0 0.0 0.0 0.0 0.0 0.0 0.0 0.0 0.0 0.0 0.0 0.0 
1001 0.989 2.2829521977706922e-05 0.0 0.0 2.2829521977706922e-05 0.0 0.0 0.0 0.0 0.0 0.0 0.0 0.0 0.0 0.0 0.0 0.0 0.0 0.0 0.0 0.0 0.0 
1002 0.99 2.2857046476562424e-05 0.0 0.0 2.2857046476562424e-05 0.0 0.0 0.0 0.0 0.0 0.0 0.0 0.0 0.0 0.0 0.0 0.0 0.0 0.0 0.0 0.0 0.0 
1003 0.991 2.2884600978722723e-05 0.0 0.0 2.2884600978722723e-05 0.0 0.0 0.0 0.0 0.0 0.0 0.0 0.0 0.0 0.0 0.0 0.0 0.0 0.0 0.0 0.0 0.0 
1004 0.992 2.291218551162801e-05 0.0 0.0 2.291218551162801e-05 0.0 0.0 0.0 0.0 0.0 0.0 0.0 0.0 0.0 0.0 0.0 0.0 0.0 0.0 0.0 0.0 0.0 
1005 0.993 2.2939800102734665e-05 0.0 0.0 2.2939800102734665e-05 0.0 0.0 0.0 0.0 0.0 0.0 0.0 0.0 0.0 0.0 0.0 0.0 0.0 0.0 0.0 0.0 0.0 
1006 0.994 2.2967444779515206e-05 0.0 0.0 2.2967444779515206e-05 0.0 0.0 0.0 0.0 0.0 0.0 0.0 0.0 0.0 0.0 0.0 0.0 0.0 0.0 0.0 0.0 0.0 
1007 0.995 2.2995119569458317e-05 0.0 0.0 2.2995119569458317e-05 0.0 0.0 0.0 0.0 0.0 0.0 0.0 0.0 0.0 0.0 0.0 0.0 0.0 0.0 0.0 0.0 0.0 
1008 0.996 2.302282450006883e-05 0.0 0.0 2.302282450006883e-05 0.0 0.0 0.0 0.0 0.0 0.0 0.0 0.0 0.0 0.0 0.0 0.0 0.0 0.0 0.0 0.0 0.0 
1009 0.997 2.3050559598867724e-05 0.0 0.0 2.3050559598867724e-05 0.0 0.0 0.0 0.0 0.0 0.0 0.0 0.0 0.0 0.0 0.0 0.0 0.0 0.0 0.0 0.0 0.0 
1010 0.998 2.3078324893392105e-05 0.0 0.0 2.3078324893392105e-05 0.0 0.0 0.0 0.0 0.0 0.0 0.0 0.0 0.0 0.0 0.0 0.0 0.0 0.0 0.0 0.0 0.0 
1011 0.999 2.31061204111952e-05 0.0 0.0 2.31061204111952e-05 0.0 0.0 0.0 0.0 0.0 0.0 0.0 0.0 0.0 0.0 0.0 0.0 0.0 0.0 0.0 0.0 0.0 
1012 1.0 2.313394617984636e-05 0.0 0.0 2.313394617984636e-05 0.0 0.0 0.0 0.0 0.0 0.0 0.0 0.0 0.0 0.0 0.0 0.0 0.0 0.0 0.0 0.0 0.0 
1013 1.001 2.3161802226931058e-05 0.0 0.0 2.3161802226931058e-05 0.0 0.0 0.0 0.0 0.0 0.0 0.0 0.0 0.0 0.0 0.0 0.0 0.0 0.0 0.0 0.0 0.0 
1014 1.002 2.3189688580050852e-05 0.0 0.0 2.3189688580050852e-05 0.0 0.0 0.0 0.0 0.0 0.0 0.0 0.0 0.0 0.0 0.0 0.0 0.0 0.0 0.0 0.0 0.0 
1015 1.003 2.3217605266823415e-05 0.0 0.0 2.3217605266823415e-05 0.0 0.0 0.0 0.0 0.0 0.0 0.0 0.0 0.0 0.0 0.0 0.0 0.0 0.0 0.0 0.0 0.0 
1016 1.004 2.324555231488249e-05 0.0 0.0 2.324555231488249e-05 0.0 0.0 0.0 0.0 0.0 0.0 0.0 0.0 0.0 0.0 0.0 0.0 0.0 0.0 0.0 0.0 0.0 
1017 1.005 2.3273529751877923e-05 0.0 0.0 2.3273529751877923e-05 0.0 0.0 0.0 0.0 0.0 0.0 0.0 0.0 0.0 0.0 0.0 0.0 0.0 0.0 0.0 0.0 0.0 
1018 1.006 2.3301537605475615e-05 0.0 0.0 2.3301537605475615e-05 0.0 0.0 0.0 0.0 0.0 0.0 0.0 0.0 0.0 0.0 0.0 0.0 0.0 0.0 0.0 0.0 0.0 
1019 1.007 2.332957590335754e-05 0.0 0.0 2.332957590335754e-05 0.0 0.0 0.0 0.0 0.0 0.0 0.0 0.0 0.0 0.0 0.0 0.0 0.0 0.0 0.0 0.0 0.0 
1020 1.008 2.3357644673221744e-05 0.0 0.0 2.3357644673221744e-05 0.0 0.0 0.0 0.0 0.0 0.0 0.0 0.0 0.0 0.0 0.0 0.0 0.0 0.0 0.0 0.0 0.0 
1021 1.009 2.33857439427823e-05 0.0 0.0 2.33857439427823e-05 0.0 0.0 0.0 0.0 0.0 0.0 0.0 0.0 0.0 0.0 0.0 0.0 0.0 0.0 0.0 0.0 0.0 
1022 1.01 2.3413873739769342e-05 0.0 0.0 2.3413873739769342e-05 0.0 0.0 0.0 0.0 0.0 0.0 0.0 0.0 0.0 0.0 0.0 0.0 0.0 0.0 0.0 0.0 0.0 
1023 1.011 2.3442034091929035e-05 0.0 0.0 2.3442034091929035e-05 0.0 0.0 0.0 0.0 0.0 0.0 0.0 0.0 0.0 0.0 0.0 0.0 0.0 0.0 0.0 0.0 0.0 
1024 1.012 2.347022502702357e-05 0.0 0.0 2.347022502702357e-05 0.0 0.0 0.0 0.0 0.0 0.0 0.0 0.0 0.0 0.0 0.0 0.0 0.0 0.0 0.0 0.0 0.0 
1025 1.013 2.3498446572831144e-05 0.0 0.0 2.3498446572831144e-05 0.0 0.0 0.0 0.0 0.0 0.0 0.0 0.0 0.0 0.0 0.0 0.0 0.0 0.0 0.0 0.0 0.0 
1026 1.014 2.352669875714601e-05 0.0 0.0 2.352669875714601e-05 0.0 0.0 0.0 0.0 0.0 0.0 0.0 0.0 0.0 0.0 0.0 0.0 0.0 0.0 0.0 0.0 0.0 
1027 1.015 2.355498160777837e-05 0.0 0.0 2.355498160777837e-05 0.0 0.0 0.0 0.0 0.0 0.0 0.0 0.0 0.0 0.0 0.0 0.0 0.0 0.0 0.0 0.0 0.0 
1028 1.016 2.3583295152554454e-05 0.0 0.0 2.3583295152554454e-05 0.0 0.0 0.0 0.0 0.0 0.0 0.0 0.0 0.0 0.0 0.0 0.0 0.0 0.0 0.0 0.0 0.0 
1029 1.017 2.3611639419316474e-05 0.0 0.0 2.3611639419316474e-05 0.0 0.0 0.0 0.0 0.0 0.0 0.0 0.0 0.0 0.0 0.0 0.0 0.0 0.0 0.0 0.0 0.0 
1030 1.018 2.364001443592262e-05 0.0 0.0 2.364001443592262e-05 0.0 0.0 0.0 0.0 0.0 0.0 0.0 0.0 0.0 0.0 0.0 0.0 0.0 0.0 0.0 0.0 0.0 
1031 1.019 2.3668420230247045e-05 0.0 0.0 2.3668420230247045e-05 0.0 0.0 0.0 0.0 0.0 0.0 0.0 0.0 0.0 0.0 0.0 0.0 0.0 0.0 0.0 0.0 0.0 
1032 1.02 2.369685683017988e-05 0.0 0.0 2.369685683017988e-05 0.0 0.0 0.0 0.0 0.0 0.0 0.0 0.0 0.0 0.0 0.0 0.0 0.0 0.0 0.0 0.0 0.0 
1033 1.021 2.3725324263627218e-05 0.0 0.0 2.3725324263627218e-05 0.0 0.0 0.0 0.0 0.0 0.0 0.0 0.0 0.0 0.0 0.0 0.0 0.0 0.0 0.0 0.0 0.0 
1034 1.022 2.3753822558511055e-05 0.0 0.0 2.3753822558511055e-05 0.0 0.0 0.0 0.0 0.0 0.0 0.0 0.0 0.0 0.0 0.0 0.0 0.0 0.0 0.0 0.0 0.0 
1035 1.023 2.3782351742769375e-05 0.0 0.0 2.3782351742769375e-05 0.0 0.0 0.0 0.0 0.0 0.0 0.0 0.0 0.0 0.0 0.0 0.0 0.0 0.0 0.0 0.0 0.0 
1036 1.024 2.3810911844356072e-05 0.0 0.0 2.3810911844356072e-05 0.0 0.0 0.0 0.0 0.0 0.0 0.0 0.0 0.0 0.0 0.0 0.0 0.0 0.0 0.0 0.0 0.0 
1037 1.025 2.383950289124096e-05 0.0 0.0 2.383950289124096e-05 0.0 0.0 0.0 0.0 0.0 0.0 0.0 0.0 0.0 0.0 0.0 0.0 0.0 0.0 0.0 0.0 0.0 
1038 1.026 2.3868124911409764e-05 0.0 0.0 2.3868124911409764e-05 0.0 0.0 0.0 0.0 0.0 0.0 0.0 0.0 0.0 0.0 0.0 0.0 0.0 0.0 0.0 0.0 0.0 
1039 1.027 2.3896777932864116e-05 0.0 0.0 2.3896777932864116e-05 0.0 0.0 0.0 0.0 0.0 0.0 0.0 0.0 0.0 0.0 0.0 0.0 0.0 0.0 0.0 0.0 0.0 
1040 1.028 2.392546198362155e-05 0.0 0.0 2.392546198362155e-05 0.0 0.0 0.0 0.0 0.0 0.0 0.0 0.0 0.0 0.0 0.0 0.0 0.0 0.0 0.0 0.0 0.0 
1041 1.029 2.3954177091715486e-05 0.0 0.0 2.3954177091715486e-05 0.0 0.0 0.0 0.0 0.0 0.0 0.0 0.0 0.0 0.0 0.0 0.0 0.0 0.0 0.0 0.0 0.0 
1042 1.03 2.3982923285195214e-05 0.0 0.0 2.3982923285195214e-05 0.0 0.0 0.0 0.0 0.0 0.0 0.0 0.0 0.0 0.0 0.0 0.0 0.0 0.0 0.0 0.0 0.0 
1043 1.031 2.4011700592125903e-05 0.0 0.0 2.4011700592125903e-05 0.0 0.0 0.0 0.0 0.0 0.0 0.0 0.0 0.0 0.0 0.0 0.0 0.0 0.0 0.0 0.0 0.0 
1044 1.032 2.4040509040588578e-05 0.0 0.0 2.4040509040588578e-05 0.0 0.0 0.0 0.0 0.0 0.0 0.0 0.0 0.0 0.0 0.0 0.0 0.0 0.0 0.0 0.0 0.0 
1045 1.033 2.406934865868012e-05 0.0 0.0 2.406934865868012e-05 0.0 0.0 0.0 0.0 0.0 0.0 0.0 0.0 0.0 0.0 0.0 0.0 0.0 0.0 0.0 0.0 0.0 
1046 1.034 2.4098219474513255e-05 0.0 0.0 2.4098219474513255e-05 0.0 0.0 0.0 0.0 0.0 0.0 0.0 0.0 0.0 0.0 0.0 0.0 0.0 0.0 0.0 0.0 0.0 
1047 1.035 2.412712151621653e-05 0.0 0.0 2.412712151621653e-05 0.0 0.0 0.0 0.0 0.0 0.0 0.0 0.0 0.0 0.0 0.0 0.0 0.0 0.0 0.0 0.0 0.0 
1048 1.036 2.4156054811934343e-05 0.0 0.0 2.4156054811934343e-05 0.0 0.0 0.0 0.0 0.0 0.0 0.0 0.0 0.0 0.0 0.0 0.0 0.0 0.0 0.0 0.0 0.0 
1049 1.037 2.4185019389826878e-05 0.0 0.0 2.4185019389826878e-05 0.0 0.0 0.0 0.0 0.0 0.0 0.0 0.0 0.0 0.0 0.0 0.0 0.0 0.0 0.0 0.0 0.0 
1050 1.038 2.421401527807017e-05 0.0 0.0 2.421401527807017e-05 0.0 0.0 0.0 0.0 0.0 0.0 0.0 0.0 0.0 0.0 0.0 0.0 0.0 0.0 0.0 0.0 0.0 
1051 1.039 2.4243042504856007e-05 0.0 0.0 2.4243042504856007e-05 0.0 0.0 0.0 0.0 0.0 0.0 0.0 0.0 0.0 0.0 0.0 0.0 0.0 0.0 0.0 0.0 0.0 
1052 1.04 2.427210109839199e-05 0.0 0.0 2.427210109839199e-05 0.0 0.0 0.0 0.0 0.0 0.0 0.0 0.0 0.0 0.0 0.0 0.0 0.0 0.0 0.0 0.0 0.0 
1053 1.041 2.4301191086901504e-05 0.0 0.0 2.4301191086901504e-05 0.0 0.0 0.0 0.0 0.0 0.0 0.0 0.0 0.0 0.0 0.0 0.0 0.0 0.0 0.0 0.0 0.0 
1054 1.042 2.4330312498623694e-05 0.0 0.0 2.4330312498623694e-05 0.0 0.0 0.0 0.0 0.0 0.0 0.0 0.0 0.0 0.0 0.0 0.0 0.0 0.0 0.0 0.0 0.0 
1055 1.043 2.4359465361813478e-05 0.0 0.0 2.4359465361813478e-05 0.0 0.0 0.0 0.0 0.0 0.0 0.0 0.0 0.0 0.0 0.0 0.0 0.0 0.0 0.0 0.0 0.0 
1056 1.044 2.438864970474151e-05 0.0 0.0 2.438864970474151e-05 0.0 0.0 0.0 0.0 0.0 0.0 0.0 0.0 0.0 0.0 0.0 0.0 0.0 0.0 0.0 0.0 0.0 
1057 1.045 2.4417865555694206e-05 0.0 0.0 2.4417865555694206e-05 0.0 0.0 0.0 0.0 0.0 0.0 0.0 0.0 0.0 0.0 0.0 0.0 0.0 0.0 0.0 0.0 0.0 
1058 1.045 2.444711294297371e-05 0.0 0.0 2.444711294297371e-05 0.0 0.0 0.0 0.0 0.0 0.0 0.0 0.0 0.0 0.0 0.0 0.0 0.0 0.0 0.0 0.0 0.0 
1059 1.046 2.4476391894897892e-05 0.0 0.0 2.4476391894897892e-05 0.0 0.0 0.0 0.0 0.0 0.0 0.0 0.0 0.0 0.0 0.0 0.0 0.0 0.0 0.0 0.0 0.0 
1060 1.047 2.4505702439800337e-05 0.0 0.0 2.4505702439800337e-05 0.0 0.0 0.0 0.0 0.0 0.0 0.0 0.0 0.0 0.0 0.0 0.0 0.0 0.0 0.0 0.0 0.0 
1061 1.048 2.4535044606030327e-05 0.0 0.0 2.4535044606030327e-05 0.0 0.0 0.0 0.0 0.0 0.0 0.0 0.0 0.0 0.0 0.0 0.0 0.0 0.0 0.0 0.0 0.0 
1062 1.049 2.4564418421952848e-05 0.0 0.0 2.4564418421952848e-05 0.0 0.0 0.0 0.0 0.0 0.0 0.0 0.0 0.0 0.0 0.0 0.0 0.0 0.0 0.0 0.0 0.0 
1063 1.05 2.4593823915948572e-05 0.0 0.0 2.4593823915948572e-05 0.0 0.0 0.0 0.0 0.0 0.0 0.0 0.0 0.0 0.0 0.0 0.0 0.0 0.0 0.0 0.0 0.0 
1064 1.051 2.462326111641386e-05 0.0 0.0 2.462326111641386e-05 0.0 0.0 0.0 0.0 0.0 0.0 0.0 0.0 0.0 0.0 0.0 0.0 0.0 0.0 0.0 0.0 0.0 
1065 1.052 2.4652730051760727e-05 0.0 0.0 2.4652730051760727e-05 0.0 0.0 0.0 0.0 0.0 0.0 0.0 0.0 0.0 0.0 0.0 0.0 0.0 0.0 0.0 0.0 0.0 
1066 1.053 2.4682230750416836e-05 0.0 0.0 2.4682230750416836e-05 0.0 0.0 0.0 0.0 0.0 0.0 0.0 0.0 0.0 0.0 0.0 0.0 0.0 0.0 0.0 0.0 0.0 
1067 1.054 2.471176324082552e-05 0.0 0.0 2.471176324082552e-05 0.0 0.0 0.0 0.0 0.0 0.0 0.0 0.0 0.0 0.0 0.0 0.0 0.0 0.0 0.0 0.0 0.0 
1068 1.055 2.474132755144574e-05 0.0 0.0 2.474132755144574e-05 0.0 0.0 0.0 0.0 0.0 0.0 0.0 0.0 0.0 0.0 0.0 0.0 0.0 0.0 0.0 0.0 0.0 
1069 1.056 2.477092371075208e-05 0.0 0.0 2.477092371075208e-05 0.0 0.0 0.0 0.0 0.0 0.0 0.0 0.0 0.0 0.0 0.0 0.0 0.0 0.0 0.0 0.0 0.0 
1070 1.057 2.480055174723474e-05 0.0 0.0 2.480055174723474e-05 0.0 0.0 0.0 0.0 0.0 0.0 0.0 0.0 0.0 0.0 0.0 0.0 0.0 0.0 0.0 0.0 0.0 
1071 1.058 2.483021168939955e-05 0.0 0.0 2.483021168939955e-05 0.0 0.0 0.0 0.0 0.0 0.0 0.0 0.0 0.0 0.0 0.0 0.0 0.0 0.0 0.0 0.0 0.0 
1072 1.059 2.4859903565767923e-05 0.0 0.0 2.4859903565767923e-05 0.0 0.0 0.0 0.0 0.0 0.0 0.0 0.0 0.0 0.0 0.0 0.0 0.0 0.0 0.0 0.0 0.0 
1073 1.06 2.4889627404876843e-05 0.0 0.0 2.4889627404876843e-05 0.0 0.0 0.0 0.0 0.0 0.0 0.0 0.0 0.0 0.0 0.0 0.0 0.0 0.0 0.0 0.0 0.0 
1074 1.061 2.4919383235278913e-05 0.0 0.0 2.4919383235278913e-05 0.0 0.0 0.0 0.0 0.0 0.0 0.0 0.0 0.0 0.0 0.0 0.0 0.0 0.0 0.0 0.0 0.0 
1075 1.062 2.4949171085542256e-05 0.0 0.0 2.4949171085542256e-05 0.0 0.0 0.0 0.0 0.0 0.0 0.0 0.0 0.0 0.0 0.0 0.0 0.0 0.0 0.0 0.0 0.0 
1076 1.063 2.49789909842506e-05 0.0 0.0 2.49789909842506e-05 0.0 0.0 0.0 0.0 0.0 0.0 0.0 0.0 0.0 0.0 0.0 0.0 0.0 0.0 0.0 0.0 0.0 
1077 1.064 2.5008842960003193e-05 0.0 0.0 2.5008842960003193e-05 0.0 0.0 0.0 0.0 0.0 0.0 0.0 0.0 0.0 0.0 0.0 0.0 0.0 0.0 0.0 0.0 0.0 
1078 1.065 2.50387270414148e-05 0.0 0.0 2.50387270414148e-05 0.0 0.0 0.0 0.0 0.0 0.0 0.0 0.0 0.0 0.0 0.0 0.0 0.0 0.0 0.0 0.0 0.0 
1079 1.066 2.506864325711577e-05 0.0 0.0 2.506864325711577e-05 0.0 0.0 0.0 0.0 0.0 0.0 0.0 0.0 0.0 0.0 0.0 0.0 0.0 0.0 0.0 0.0 0.0 
1080 1.067 2.509859163575192e-05 0.0 0.0 2.509859163575192e-05 0.0 0.0 0.0 0.0 0.0 0.0 0.0 0.0 0.0 0.0 0.0 0.0 0.0 0.0 0.0 0.0 0.0 
1081 1.068 2.5128572205984584e-05 0.0 0.0 2.5128572205984584e-05 0.0 0.0 0.0 0.0 0.0 0.0 0.0 0.0 0.0 0.0 0.0 0.0 0.0 0.0 0.0 0.0 0.0 
1082 1.069 2.515858499649061e-05 0.0 0.0 2.515858499649061e-05 0.0 0.0 0.0 0.0 0.0 0.0 0.0 0.0 0.0 0.0 0.0 0.0 0.0 0.0 0.0 0.0 0.0 
1083 1.07 2.5188630035962315e-05 0.0 0.0 2.5188630035962315e-05 0.0 0.0 0.0 0.0 0.0 0.0 0.0 0.0 0.0 0.0 0.0 0.0 0.0 0.0 0.0 0.0 0.0 
1084 1.071 2.5218707353107472e-05 0.0 0.0 2.5218707353107472e-05 0.0 0.0 0.0 0.0 0.0 0.0 0.0 0.0 0.0 0.0 0.0 0.0 0.0 0.0 0.0 0.0 0.0 
1085 1.072 2.5248816976649356e-05 0.0 0.0 2.5248816976649356e-05 0.0 0.0 0.0 0.0 0.0 0.0 0.0 0.0 0.0 0.0 0.0 0.0 0.0 0.0 0.0 0.0 0.0 
1086 1.073 2.5278958935326674e-05 0.0 0.0 2.5278958935326674e-05 0.0 0.0 0.0 0.0 0.0 0.0 0.0 0.0 0.0 0.0 0.0 0.0 0.0 0.0 0.0 0.0 0.0 
1087 1.074 2.530913325789357e-05 0.0 0.0 2.530913325789357e-05 0.0 0.0 0.0 0.0 0.0 0.0 0.0 0.0 0.0 0.0 0.0 0.0 0.0 0.0 0.0 0.0 0.0 
1088 1.075 2.5339339973119636e-05 0.0 0.0 2.5339339973119636e-05 0.0 0.0 0.0 0.0 0.0 0.0 0.0 0.0 0.0 0.0 0.0 0.0 0.0 0.0 0.0 0.0 0.0 
1089 1.076 2.5369579109789864e-05 0.0 0.0 2.5369579109789864e-05 0.0 0.0 0.0 0.0 0.0 0.0 0.0 0.0 0.0 0.0 0.0 0.0 0.0 0.0 0.0 0.0 0.0 
1090 1.077 2.539985069670467e-05 0.0 0.0 2.539985069670467e-05 0.0 0.0 0.0 0.0 0.0 0.0 0.0 0.0 0.0 0.0 0.0 0.0 0.0 0.0 0.0 0.0 0.0 
1091 1.078 2.543015476267987e-05 0.0 0.0 2.543015476267987e-05 0.0 0.0 0.0 0.0 0.0 0.0 0.0 0.0 0.0 0.0 0.0 0.0 0.0 0.0 0.0 0.0 0.0 
1092 1.079 2.5460491336546675e-05 0.0 0.0 2.5460491336546675e-05 0.0 0.0 0.0 0.0 0.0 0.0 0.0 0.0 0.0 0.0 0.0 0.0 0.0 0.0 0.0 0.0 0.0 
1093 1.08 2.5490860447151628e-05 0.0 0.0 2.5490860447151628e-05 0.0 0.0 0.0 0.0 0.0 0.0 0.0 0.0 0.0 0.0 0.0 0.0 0.0 0.0 0.0 0.0 0.0 
1094 1.081 2.5521262123356696e-05 0.0 0.0 2.5521262123356696e-05 0.0 0.0 0.0 0.0 0.0 0.0 0.0 0.0 0.0 0.0 0.0 0.0 0.0 0.0 0.0 0.0 0.0 
1095 1.082 2.5551696394039165e-05 0.0 0.0 2.5551696394039165e-05 0.0 0.0 0.0 0.0 0.0 0.0 0.0 0.0 0.0 0.0 0.0 0.0 0.0 0.0 0.0 0.0 0.0 
1096 1.083 2.5582163288091683e-05 0.0 0.0 2.5582163288091683e-05 0.0 0.0 0.0 0.0 0.0 0.0 0.0 0.0 0.0 0.0 0.0 0.0 0.0 0.0 0.0 0.0 0.0 
1097 1.084 2.561266283442221e-05 0.0 0.0 2.561266283442221e-05 0.0 0.0 0.0 0.0 0.0 0.0 0.0 0.0 0.0 0.0 0.0 0.0 0.0 0.0 0.0 0.0 0.0 
1098 1.085 2.564319506195403e-05 0.0 0.0 2.564319506195403e-05 0.0 0.0 0.0 0.0 0.0 0.0 0.0 0.0 0.0 0.0 0.0 0.0 0.0 0.0 0.0 0.0 0.0 
1099 1.086 2.5673759999625766e-05 0.0 0.0 2.5673759999625766e-05 0.0 0.0 0.0 0.0 0.0 0.0 0.0 0.0 0.0 0.0 0.0 0.0 0.0 0.0 0.0 0.0 0.0 
1100 1.087 2.5704357676391306e-05 0.0 0.0 2.5704357676391306e-05 0.0 0.0 0.0 0.0 0.0 0.0 0.0 0.0 0.0 0.0 0.0 0.0 0.0 0.0 0.0 0.0 0.0 
1101 1.088 2.573498812121983e-05 0.0 0.0 2.573498812121983e-05 0.0 0.0 0.0 0.0 0.0 0.0 0.0 0.0 0.0 0.0 0.0 0.0 0.0 0.0 0.0 0.0 0.0 
1102 1.089 2.5765651363095803e-05 0.0 0.0 2.5765651363095803e-05 0.0 0.0 0.0 0.0 0.0 0.0 0.0 0.0 0.0 0.0 0.0 0.0 0.0 0.0 0.0 0.0 0.0 
1103 1.09 2.579634743101895e-05 0.0 0.0 2.579634743101895e-05 0.0 0.0 0.0 0.0 0.0 0.0 0.0 0.0 0.0 0.0 0.0 0.0 0.0 0.0 0.0 0.0 0.0 
1104 1.091 2.5827076354004247e-05 0.0 0.0 2.5827076354004247e-05 0.0 0.0 0.0 0.0 0.0 0.0 0.0 0.0 0.0 0.0 0.0 0.0 0.0 0.0 0.0 0.0 0.0 
1105 1.092 2.5857838161081915e-05 0.0 0.0 2.5857838161081915e-05 0.0 0.0 0.0 0.0 0.0 0.0 0.0 0.0 0.0 0.0 0.0 0.0 0.0 0.0 0.0 0.0 0.0 
1106 1.093 2.5888632881297387e-05 0.0 0.0 2.5888632881297387e-05 0.0 0.0 0.0 0.0 0.0 0.0 0.0 0.0 0.0 0.0 0.0 0.0 0.0 0.0 0.0 0.0 0.0 
1107 1.094 2.591946054371133e-05 0.0 0.0 2.591946054371133e-05 0.0 0.0 0.0 0.0 0.0 0.0 0.0 0.0 0.0 0.0 0.0 0.0 0.0 0.0 0.0 0.0 0.0 
1108 1.095 2.5950321177399618e-05 0.0 0.0 2.5950321177399618e-05 0.0 0.0 0.0 0.0 0.0 0.0 0.0 0.0 0.0 0.0 0.0 0.0 0.0 0.0 0.0 0.0 0.0 
1109 1.096 2.59812148114533e-05 0.0 0.0 2.59812148114533e-05 0.0 0.0 0.0 0.0 0.0 0.0 0.0 0.0 0.0 0.0 0.0 0.0 0.0 0.0 0.0 0.0 0.0 
1110 1.097 2.6012141474978624e-05 0.0 0.0 2.6012141474978624e-05 0.0 0.0 0.0 0.0 0.0 0.0 0.0 0.0 0.0 0.0 0.0 0.0 0.0 0.0 0.0 0.0 0.0 
1111 1.098 2.604310119709701e-05 0.0 0.0 2.604310119709701e-05 0.0 0.0 0.0 0.0 0.0 0.0 0.0 0.0 0.0 0.0 0.0 0.0 0.0 0.0 0.0 0.0 0.0 
1112 1.099 2.6074094006945008e-05 0.0 0.0 2.6074094006945008e-05 0.0 0.0 0.0 0.0 0.0 0.0 0.0 0.0 0.0 0.0 0.0 0.0 0.0 0.0 0.0 0.0 0.0 
1113 1.1 2.6105119933674345e-05 0.0 0.0 2.6105119933674345e-05 0.0 0.0 0.0 0.0 0.0 0.0 0.0 0.0 0.0 0.0 0.0 0.0 0.0 0.0 0.0 0.0 0.0 
1114 1.101 2.6136179006451865e-05 0.0 0.0 2.6136179006451865e-05 0.0 0.0 0.0 0.0 0.0 0.0 0.0 0.0 0.0 0.0 0.0 0.0 0.0 0.0 0.0 0.0 0.0 
1115 1.102 2.6167271254459536e-05 0.0 0.0 2.6167271254459536e-05 0.0 0.0 0.0 0.0 0.0 0.0 0.0 0.0 0.0 0.0 0.0 0.0 0.0 0.0 0.0 0.0 0.0 
1116 1.103 2.6198396706894438e-05 0.0 0.0 2.6198396706894438e-05 0.0 0.0 0.0 0.0 0.0 0.0 0.0 0.0 0.0 0.0 0.0 0.0 0.0 0.0 0.0 0.0 0.0 
1117 1.104 2.6229555392968743e-05 0.0 0.0 2.6229555392968743e-05 0.0 0.0 0.0 0.0 0.0 0.0 0.0 0.0 0.0 0.0 0.0 0.0 0.0 0.0 0.0 0.0 0.0 
1118 1.105 2.6260747341909714e-05 0.0 0.0 2.6260747341909714e-05 0.0 0.0 0.0 0.0 0.0 0.0 0.0 0.0 0.0 0.0 0.0 0.0 0.0 0.0 0.0 0.0 0.0 
1119 1.106 2.6291972582959687e-05 0.0 0.0 2.6291972582959687e-05 0.0 0.0 0.0 0.0 0.0 0.0 0.0 0.0 0.0 0.0 0.0 0.0 0.0 0.0 0.0 0.0 0.0 
1120 1.107 2.6323231145376038e-05 0.0 0.0 2.6323231145376038e-05 0.0 0.0 0.0 0.0 0.0 0.0 0.0 0.0 0.0 0.0 0.0 0.0 0.0 0.0 0.0 0.0 0.0 
1121 1.108 2.6354523058431215e-05 0.0 0.0 2.6354523058431215e-05 0.0 0.0 0.0 0.0 0.0 0.0 0.0 0.0 0.0 0.0 0.0 0.0 0.0 0.0 0.0 0.0 0.0 
1122 1.109 2.6385848351412698e-05 0.0 0.0 2.6385848351412698e-05 0.0 0.0 0.0 0.0 0.0 0.0 0.0 0.0 0.0 0.0 0.0 0.0 0.0 0.0 0.0 0.0 0.0 
1123 1.11 2.6417207053622973e-05 0.0 0.0 2.6417207053622973e-05 0.0 0.0 0.0 0.0 0.0 0.0 0.0 0.0 0.0 0.0 0.0 0.0 0.0 0.0 0.0 0.0 0.0 
1124 1.111 2.6448599194379554e-05 0.0 0.0 2.6448599194379554e-05 0.0 0.0 0.0 0.0 0.0 0.0 0.0 0.0 0.0 0.0 0.0 0.0 0.0 0.0 0.0 0.0 0.0 
1125 1.112 2.648002480301493e-05 0.0 0.0 2.648002480301493e-05 0.0 0.0 0.0 0.0 0.0 0.0 0.0 0.0 0.0 0.0 0.0 0.0 0.0 0.0 0.0 0.0 0.0 
1126 1.113 2.6511483908876604e-05 0.0 0.0 2.6511483908876604e-05 0.0 0.0 0.0 0.0 0.0 0.0 0.0 0.0 0.0 0.0 0.0 0.0 0.0 0.0 0.0 0.0 0.0 
1127 1.114 2.654297654132703e-05 0.0 0.0 2.654297654132703e-05 0.0 0.0 0.0 0.0 0.0 0.0 0.0 0.0 0.0 0.0 0.0 0.0 0.0 0.0 0.0 0.0 0.0 
1128 1.115 2.657450272974362e-05 0.0 0.0 2.657450272974362e-05 0.0 0.0 0.0 0.0 0.0 0.0 0.0 0.0 0.0 0.0 0.0 0.0 0.0 0.0 0.0 0.0 0.0 
1129 1.116 2.6606062503518744e-05 0.0 0.0 2.6606062503518744e-05 0.0 0.0 0.0 0.0 0.0 0.0 0.0 0.0 0.0 0.0 0.0 0.0 0.0 0.0 0.0 0.0 0.0 
1130 1.117 2.6637655892059685e-05 0.0 0.0 2.6637655892059685e-05 0.0 0.0 0.0 0.0 0.0 0.0 0.0 0.0 0.0 0.0 0.0 0.0 0.0 0.0 0.0 0.0 0.0 
1131 1.118 2.6669282924788684e-05 0.0 0.0 2.6669282924788684e-05 0.0 0.0 0.0 0.0 0.0 0.0 0.0 0.0 0.0 0.0 0.0 0.0 0.0 0.0 0.0 0.0 0.0 
1132 1.119 2.670094363114284e-05 0.0 0.0 2.670094363114284e-05 0.0 0.0 0.0 0.0 0.0 0.0 0.0 0.0 0.0 0.0 0.0 0.0 0.0 0.0 0.0 0.0 0.0 
1133 1.12 2.673263804057419e-05 0.0 0.0 2.673263804057419e-05 0.0 0.0 0.0 0.0 0.0 0.0 0.0 0.0 0.0 0.0 0.0 0.0 0.0 0.0 0.0 0.0 0.0 
1134 1.121 2.676436618254962e-05 0.0 0.0 2.676436618254962e-05 0.0 0.0 0.0 0.0 0.0 0.0 0.0 0.0 0.0 0.0 0.0 0.0 0.0 0.0 0.0 0.0 0.0 
1135 1.122 2.6796128086550913e-05 0.0 0.0 2.6796128086550913e-05 0.0 0.0 0.0 0.0 0.0 0.0 0.0 0.0 0.0 0.0 0.0 0.0 0.0 0.0 0.0 0.0 0.0 
1136 1.123 2.682792378207466e-05 0.0 0.0 2.682792378207466e-05 0.0 0.0 0.0 0.0 0.0 0.0 0.0 0.0 0.0 0.0 0.0 0.0 0.0 0.0 0.0 0.0 0.0 
1137 1.124 2.6859753298632346e-05 0.0 0.0 2.6859753298632346e-05 0.0 0.0 0.0 0.0 0.0 0.0 0.0 0.0 0.0 0.0 0.0 0.0 0.0 0.0 0.0 0.0 0.0 
1138 1.125 2.6891616665750264e-05 0.0 0.0 2.6891616665750264e-05 0.0 0.0 0.0 0.0 0.0 0.0 0.0 0.0 0.0 0.0 0.0 0.0 0.0 0.0 0.0 0.0 0.0 
1139 1.126 2.69235139129695e-05 0.0 0.0 2.69235139129695e-05 0.0 0.0 0.0 0.0 0.0 0.0 0.0 0.0 0.0 0.0 0.0 0.0 0.0 0.0 0.0 0.0 0.0 
1140 1.127 2.695544506984598e-05 0.0 0.0 2.695544506984598e-05 0.0 0.0 0.0 0.0 0.0 0.0 0.0 0.0 0.0 0.0 0.0 0.0 0.0 0.0 0.0 0.0 0.0 
1141 1.128 2.6987410165950376e-05 0.0 0.0 2.6987410165950376e-05 0.0 0.0 0.0 0.0 0.0 0.0 0.0 0.0 0.0 0.0 0.0 0.0 0.0 0.0 0.0 0.0 0.0 
1142 1.129 2.701940923086817e-05 0.0 0.0 2.701940923086817e-05 0.0 0.0 0.0 0.0 0.0 0.0 0.0 0.0 0.0 0.0 0.0 0.0 0.0 0.0 0.0 0.0 0.0 
1143 1.129 2.7051442294199593e-05 0.0 0.0 2.7051442294199593e-05 0.0 0.0 0.0 0.0 0.0 0.0 0.0 0.0 0.0 0.0 0.0 0.0 0.0 0.0 0.0 0.0 0.0 
1144 1.13 2.7083509385559603e-05 0.0 0.0 2.7083509385559603e-05 0.0 0.0 0.0 0.0 0.0 0.0 0.0 0.0 0.0 0.0 0.0 0.0 0.0 0.0 0.0 0.0 0.0 
1145 1.131 2.7115610534577925e-05 0.0 0.0 2.7115610534577925e-05 0.0 0.0 0.0 0.0 0.0 0.0 0.0 0.0 0.0 0.0 0.0 0.0 0.0 0.0 0.0 0.0 0.0 
1146 1.132 2.714774577089897e-05 0.0 0.0 2.714774577089897e-05 0.0 0.0 0.0 0.0 0.0 0.0 0.0 0.0 0.0 0.0 0.0 0.0 0.0 0.0 0.0 0.0 0.0 
1147 1.133 2.7179915124181882e-05 0.0 0.0 2.7179915124181882e-05 0.0 0.0 0.0 0.0 0.0 0.0 0.0 0.0 0.0 0.0 0.0 0.0 0.0 0.0 0.0 0.0 0.0 
1148 1.134 2.721211862410048e-05 0.0 0.0 2.721211862410048e-05 0.0 0.0 0.0 0.0 0.0 0.0 0.0 0.0 0.0 0.0 0.0 0.0 0.0 0.0 0.0 0.0 0.0 
1149 1.135 2.7244356300343266e-05 0.0 0.0 2.7244356300343266e-05 0.0 0.0 0.0 0.0 0.0 0.0 0.0 0.0 0.0 0.0 0.0 0.0 0.0 0.0 0.0 0.0 0.0 
1150 1.136 2.72766281826134e-05 0.0 0.0 2.72766281826134e-05 0.0 0.0 0.0 0.0 0.0 0.0 0.0 0.0 0.0 0.0 0.0 0.0 0.0 0.0 0.0 0.0 0.0 
1151 1.137 2.7308934300628712e-05 0.0 0.0 2.7308934300628712e-05 0.0 0.0 0.0 0.0 0.0 0.0 0.0 0.0 0.0 0.0 0.0 0.0 0.0 0.0 0.0 0.0 0.0 
1152 1.138 2.734127468412164e-05 0.0 0.0 2.734127468412164e-05 0.0 0.0 0.0 0.0 0.0 0.0 0.0 0.0 0.0 0.0 0.0 0.0 0.0 0.0 0.0 0.0 0.0 
1153 1.139 2.7373649362839264e-05 0.0 0.0 2.7373649362839264e-05 0.0 0.0 0.0 0.0 0.0 0.0 0.0 0.0 0.0 0.0 0.0 0.0 0.0 0.0 0.0 0.0 0.0 
1154 1.14 2.7406058366543252e-05 0.0 0.0 2.7406058366543252e-05 0.0 0.0 0.0 0.0 0.0 0.0 0.0 0.0 0.0 0.0 0.0 0.0 0.0 0.0 0.0 0.0 0.0 
1155 1.141 2.743850172500989e-05 0.0 0.0 2.743850172500989e-05 0.0 0.0 0.0 0.0 0.0 0.0 0.0 0.0 0.0 0.0 0.0 0.0 0.0 0.0 0.0 0.0 0.0 
1156 1.142 2.7470979468030035e-05 0.0 0.0 2.7470979468030035e-05 0.0 0.0 0.0 0.0 0.0 0.0 0.0 0.0 0.0 0.0 0.0 0.0 0.0 0.0 0.0 0.0 0.0 
1157 1.143 2.7503491625409074e-05 0.0 0.0 2.7503491625409074e-05 0.0 0.0 0.0 0.0 0.0 0.0 0.0 0.0 0.0 0.0 0.0 0.0 0.0 0.0 0.0 0.0 0.0 
1158 1.144 2.7536038226966997e-05 0.0 0.0 2.7536038226966997e-05 0.0 0.0 0.0 0.0 0.0 0.0 0.0 0.0 0.0 0.0 0.0 0.0 0.0 0.0 0.0 0.0 0.0 
1159 1.145 2.75686193025383e-05 0.0 0.0 2.75686193025383e-05 0.0 0.0 0.0 0.0 0.0 0.0 0.0 0.0 0.0 0.0 0.0 0.0 0.0 0.0 0.0 0.0 0.0 
1160 1.146 2.760123488197201e-05 0.0 0.0 2.760123488197201e-05 0.0 0.0 0.0 0.0 0.0 0.0 0.0 0.0 0.0 0.0 0.0 0.0 0.0 0.0 0.0 0.0 0.0 
1161 1.147 2.7633884995131643e-05 0.0 0.0 2.7633884995131643e-05 0.0 0.0 0.0 0.0 0.0 0.0 0.0 0.0 0.0 0.0 0.0 0.0 0.0 0.0 0.0 0.0 0.0 
1162 1.148 2.766656967189523e-05 0.0 0.0 2.766656967189523e-05 0.0 0.0 0.0 0.0 0.0 0.0 0.0 0.0 0.0 0.0 0.0 0.0 0.0 0.0 0.0 0.0 0.0 
1163 1.149 2.7699288942155267e-05 0.0 0.0 2.7699288942155267e-05 0.0 0.0 0.0 0.0 0.0 0.0 0.0 0.0 0.0 0.0 0.0 0.0 0.0 0.0 0.0 0.0 0.0 
1164 1.15 2.773204283581872e-05 0.0 0.0 2.773204283581872e-05 0.0 0.0 0.0 0.0 0.0 0.0 0.0 0.0 0.0 0.0 0.0 0.0 0.0 0.0 0.0 0.0 0.0 
1165 1.151 2.776483138280699e-05 0.0 0.0 2.776483138280699e-05 0.0 0.0 0.0 0.0 0.0 0.0 0.0 0.0 0.0 0.0 0.0 0.0 0.0 0.0 0.0 0.0 0.0 
1166 1.152 2.7797654613055922e-05 0.0 0.0 2.7797654613055922e-05 0.0 0.0 0.0 0.0 0.0 0.0 0.0 0.0 0.0 0.0 0.0 0.0 0.0 0.0 0.0 0.0 0.0 
1167 1.153 2.7830512556515774e-05 0.0 0.0 2.7830512556515774e-05 0.0 0.0 0.0 0.0 0.0 0.0 0.0 0.0 0.0 0.0 0.0 0.0 0.0 0.0 0.0 0.0 0.0 
1168 1.154 2.7863405243151197e-05 0.0 0.0 2.7863405243151197e-05 0.0 0.0 0.0 0.0 0.0 0.0 0.0 0.0 0.0 0.0 0.0 0.0 0.0 0.0 0.0 0.0 0.0 
1169 1.155 2.7896332702941252e-05 0.0 0.0 2.7896332702941252e-05 0.0 0.0 0.0 0.0 0.0 0.0 0.0 0.0 0.0 0.0 0.0 0.0 0.0 0.0 0.0 0.0 0.0 
1170 1.156 2.7929294965879368e-05 0.0 0.0 2.7929294965879368e-05 0.0 0.0 0.0 0.0 0.0 0.0 0.0 0.0 0.0 0.0 0.0 0.0 0.0 0.0 0.0 0.0 0.0 
1171 1.157 2.7962292061973318e-05 0.0 0.0 2.7962292061973318e-05 0.0 0.0 0.0 0.0 0.0 0.0 0.0 0.0 0.0 0.0 0.0 0.0 0.0 0.0 0.0 0.0 0.0 
1172 1.158 2.7995324021245214e-05 0.0 0.0 2.7995324021245214e-05 0.0 0.0 0.0 0.0 0.0 0.0 0.0 0.0 0.0 0.0 0.0 0.0 0.0 0.0 0.0 0.0 0.0 
1173 1.159 2.8028390873731507e-05 0.0 0.0 2.8028390873731507e-05 0.0 0.0 0.0 0.0 0.0 0.0 0.0 0.0 0.0 0.0 0.0 0.0 0.0 0.0 0.0 0.0 0.0 
1174 1.16 2.8061492649482984e-05 0.0 0.0 2.8061492649482984e-05 0.0 0.0 0.0 0.0 0.0 0.0 0.0 0.0 0.0 0.0 0.0 0.0 0.0 0.0 0.0 0.0 0.0 
1175 1.161 2.8094629378564675e-05 0.0 0.0 2.8094629378564675e-05 0.0 0.0 0.0 0.0 0.0 0.0 0.0 0.0 0.0 0.0 0.0 0.0 0.0 0.0 0.0 0.0 0.0 
1176 1.162 2.812780109105594e-05 0.0 0.0 2.812780109105594e-05 0.0 0.0 0.0 0.0 0.0 0.0 0.0 0.0 0.0 0.0 0.0 0.0 0.0 0.0 0.0 0.0 0.0 
1177 1.163 2.816100781705037e-05 0.0 0.0 2.816100781705037e-05 0.0 0.0 0.0 0.0 0.0 0.0 0.0 0.0 0.0 0.0 0.0 0.0 0.0 0.0 0.0 0.0 0.0 
1178 1.164 2.819424958665583e-05 0.0 0.0 2.819424958665583e-05 0.0 0.0 0.0 0.0 0.0 0.0 0.0 0.0 0.0 0.0 0.0 0.0 0.0 0.0 0.0 0.0 0.0 
1179 1.165 2.8227526429994407e-05 0.0 0.0 2.8227526429994407e-05 0.0 0.0 0.0 0.0 0.0 0.0 0.0 0.0 0.0 0.0 0.0 0.0 0.0 0.0 0.0 0.0 0.0 
1180 1.166 2.8260838377202402e-05 0.0 0.0 2.8260838377202402e-05 0.0 0.0 0.0 0.0 0.0 0.0 0.0 0.0 0.0 0.0 0.0 0.0 0.0 0.0 0.0 0.0 0.0 
1181 1.167 2.8294185458430348e-05 0.0 0.0 2.8294185458430348e-05 0.0 0.0 0.0 0.0 0.0 0.0 0.0 0.0 0.0 0.0 0.0 0.0 0.0 0.0 0.0 0.0 0.0 
1182 1.168 2.8327567703842925e-05 0.0 0.0 2.8327567703842925e-05 0.0 0.0 0.0 0.0 0.0 0.0 0.0 0.0 0.0 0.0 0.0 0.0 0.0 0.0 0.0 0.0 0.0 
1183 1.169 2.8360985143619007e-05 0.0 0.0 2.8360985143619007e-05 0.0 0.0 0.0 0.0 0.0 0.0 0.0 0.0 0.0 0.0 0.0 0.0 0.0 0.0 0.0 0.0 0.0 
1184 1.17 2.8394437807951638e-05 0.0 0.0 2.8394437807951638e-05 0.0 0.0 0.0 0.0 0.0 0.0 0.0 0.0 0.0 0.0 0.0 0.0 0.0 0.0 0.0 0.0 0.0 
1185 1.171 2.8427925727047973e-05 0.0 0.0 2.8427925727047973e-05 0.0 0.0 0.0 0.0 0.0 0.0 0.0 0.0 0.0 0.0 0.0 0.0 0.0 0.0 0.0 0.0 0.0 
1186 1.172 2.846144893112932e-05 0.0 0.0 2.846144893112932e-05 0.0 0.0 0.0 0.0 0.0 0.0 0.0 0.0 0.0 0.0 0.0 0.0 0.0 0.0 0.0 0.0 0.0 
1187 1.173 2.849500745043105e-05 0.0 0.0 2.849500745043105e-05 0.0 0.0 0.0 0.0 0.0 0.0 0.0 0.0 0.0 0.0 0.0 0.0 0.0 0.0 0.0 0.0 0.0 
1188 1.174 2.8528601315202674e-05 0.0 0.0 2.8528601315202674e-05 0.0 0.0 0.0 0.0 0.0 0.0 0.0 0.0 0.0 0.0 0.0 0.0 0.0 0.0 0.0 0.0 0.0 
1189 1.175 2.8562230555707767e-05 0.0 0.0 2.8562230555707767e-05 0.0 0.0 0.0 0.0 0.0 0.0 0.0 0.0 0.0 0.0 0.0 0.0 0.0 0.0 0.0 0.0 0.0 
1190 1.176 2.8595895202223934e-05 0.0 0.0 2.8595895202223934e-05 0.0 0.0 0.0 0.0 0.0 0.0 0.0 0.0 0.0 0.0 0.0 0.0 0.0 0.0 0.0 0.0 0.0 
1191 1.177 2.8629595285042857e-05 0.0 0.0 2.8629595285042857e-05 0.0 0.0 0.0 0.0 0.0 0.0 0.0 0.0 0.0 0.0 0.0 0.0 0.0 0.0 0.0 0.0 0.0 
1192 1.178 2.8663330834470238e-05 0.0 0.0 2.8663330834470238e-05 0.0 0.0 0.0 0.0 0.0 0.0 0.0 0.0 0.0 0.0 0.0 0.0 0.0 0.0 0.0 0.0 0.0 
1193 1.179 2.8697101880825787e-05 0.0 0.0 2.8697101880825787e-05 0.0 0.0 0.0 0.0 0.0 0.0 0.0 0.0 0.0 0.0 0.0 0.0 0.0 0.0 0.0 0.0 0.0 
1194 1.18 2.873090845444319e-05 0.0 0.0 2.873090845444319e-05 0.0 0.0 0.0 0.0 0.0 0.0 0.0 0.0 0.0 0.0 0.0 0.0 0.0 0.0 0.0 0.0 0.0 
1195 1.181 2.876475058567014e-05 0.0 0.0 2.876475058567014e-05 0.0 0.0 0.0 0.0 0.0 0.0 0.0 0.0 0.0 0.0 0.0 0.0 0.0 0.0 0.0 0.0 0.0 
1196 1.182 2.8798628304868275e-05 0.0 0.0 2.8798628304868275e-05 0.0 0.0 0.0 0.0 0.0 0.0 0.0 0.0 0.0 0.0 0.0 0.0 0.0 0.0 0.0 0.0 0.0 
1197 1.183 2.8832541642413183e-05 0.0 0.0 2.8832541642413183e-05 0.0 0.0 0.0 0.0 0.0 0.0 0.0 0.0 0.0 0.0 0.0 0.0 0.0 0.0 0.0 0.0 0.0 
1198 1.184 2.8866490628694374e-05 0.0 0.0 2.8866490628694374e-05 0.0 0.0 0.0 0.0 0.0 0.0 0.0 0.0 0.0 0.0 0.0 0.0 0.0 0.0 0.0 0.0 0.0 
1199 1.185 2.8900475294115268e-05 0.0 0.0 2.8900475294115268e-05 0.0 0.0 0.0 0.0 0.0 0.0 0.0 0.0 0.0 0.0 0.0 0.0 0.0 0.0 0.0 0.0 0.0 
1200 1.186 2.893449566909318e-05 0.0 0.0 2.893449566909318e-05 0.0 0.0 0.0 0.0 0.0 0.0 0.0 0.0 0.0 0.0 0.0 0.0 0.0 0.0 0.0 0.0 0.0 
1201 1.187 2.8968551784059322e-05 0.0 0.0 2.8968551784059322e-05 0.0 0.0 0.0 0.0 0.0 0.0 0.0 0.0 0.0 0.0 0.0 0.0 0.0 0.0 0.0 0.0 0.0 
1202 1.188 2.9002643669458738e-05 0.0 0.0 2.9002643669458738e-05 0.0 0.0 0.0 0.0 0.0 0.0 0.0 0.0 0.0 0.0 0.0 0.0 0.0 0.0 0.0 0.0 0.0 
1203 1.189 2.9036771355750335e-05 0.0 0.0 2.9036771355750335e-05 0.0 0.0 0.0 0.0 0.0 0.0 0.0 0.0 0.0 0.0 0.0 0.0 0.0 0.0 0.0 0.0 0.0 
1204 1.19 2.9070934873406815e-05 0.0 0.0 2.9070934873406815e-05 0.0 0.0 0.0 0.0 0.0 0.0 0.0 0.0 0.0 0.0 0.0 0.0 0.0 0.0 0.0 0.0 0.0 
1205 1.191 2.9105134252914758e-05 0.0 0.0 2.9105134252914758e-05 0.0 0.0 0.0 0.0 0.0 0.0 0.0 0.0 0.0 0.0 0.0 0.0 0.0 0.0 0.0 0.0 0.0 
1206 1.192 2.913936952477447e-05 0.0 0.0 2.913936952477447e-05 0.0 0.0 0.0 0.0 0.0 0.0 0.0 0.0 0.0 0.0 0.0 0.0 0.0 0.0 0.0 0.0 0.0 
1207 1.193 2.917364071950004e-05 0.0 0.0 2.917364071950004e-05 0.0 0.0 0.0 0.0 0.0 0.0 0.0 0.0 0.0 0.0 0.0 0.0 0.0 0.0 0.0 0.0 0.0 
1208 1.194 2.920794786761934e-05 0.0 0.0 2.920794786761934e-05 0.0 0.0 0.0 0.0 0.0 0.0 0.0 0.0 0.0 0.0 0.0 0.0 0.0 0.0 0.0 0.0 0.0 
1209 1.195 2.9242290999673982e-05 0.0 0.0 2.9242290999673982e-05 0.0 0.0 0.0 0.0 0.0 0.0 0.0 0.0 0.0 0.0 0.0 0.0 0.0 0.0 0.0 0.0 0.0 
1210 1.196 2.9276670146219278e-05 0.0 0.0 2.9276670146219278e-05 0.0 0.0 0.0 0.0 0.0 0.0 0.0 0.0 0.0 0.0 0.0 0.0 0.0 0.0 0.0 0.0 0.0 
1211 1.197 2.931108533782425e-05 0.0 0.0 2.931108533782425e-05 0.0 0.0 0.0 0.0 0.0 0.0 0.0 0.0 0.0 0.0 0.0 0.0 0.0 0.0 0.0 0.0 0.0 
1212 1.198 2.9345536605071644e-05 0.0 0.0 2.9345536605071644e-05 0.0 0.0 0.0 0.0 0.0 0.0 0.0 0.0 0.0 0.0 0.0 0.0 0.0 0.0 0.0 0.0 0.0 
1213 1.199 2.9380023978557834e-05 0.0 0.0 2.9380023978557834e-05 0.0 0.0 0.0 0.0 0.0 0.0 0.0 0.0 0.0 0.0 0.0 0.0 0.0 0.0 0.0 0.0 0.0 
1214 1.2 2.9414547488892848e-05 0.0 0.0 2.9414547488892848e-05 0.0 0.0 0.0 0.0 0.0 0.0 0.0 0.0 0.0 0.0 0.0 0.0 0.0 0.0 0.0 0.0 0.0 
1215 1.201 2.944910716670039e-05 0.0 0.0 2.944910716670039e-05 0.0 0.0 0.0 0.0 0.0 0.0 0.0 0.0 0.0 0.0 0.0 0.0 0.0 0.0 0.0 0.0 0.0 
1216 1.202 2.948370304261773e-05 0.0 0.0 2.948370304261773e-05 0.0 0.0 0.0 0.0 0.0 0.0 0.0 0.0 0.0 0.0 0.0 0.0 0.0 0.0 0.0 0.0 0.0 
1217 1.203 2.9518335147295784e-05 0.0 0.0 2.9518335147295784e-05 0.0 0.0 0.0 0.0 0.0 0.0 0.0 0.0 0.0 0.0 0.0 0.0 0.0 0.0 0.0 0.0 0.0 
1218 1.204 2.9553003511399027e-05 0.0 0.0 2.9553003511399027e-05 0.0 0.0 0.0 0.0 0.0 0.0 0.0 0.0 0.0 0.0 0.0 0.0 0.0 0.0 0.0 0.0 0.0 
1219 1.205 2.9587708165605478e-05 0.0 0.0 2.9587708165605478e-05 0.0 0.0 0.0 0.0 0.0 0.0 0.0 0.0 0.0 0.0 0.0 0.0 0.0 0.0 0.0 0.0 0.0 
1220 1.206 2.962244914060674e-05 0.0 0.0 2.962244914060674e-05 0.0 0.0 0.0 0.0 0.0 0.0 0.0 0.0 0.0 0.0 0.0 0.0 0.0 0.0 0.0 0.0 0.0 
1221 1.207 2.9657226467107936e-05 0.0 0.0 2.9657226467107936e-05 0.0 0.0 0.0 0.0 0.0 0.0 0.0 0.0 0.0 0.0 0.0 0.0 0.0 0.0 0.0 0.0 0.0 
1222 1.208 2.969204017582768e-05 0.0 0.0 2.969204017582768e-05 0.0 0.0 0.0 0.0 0.0 0.0 0.0 0.0 0.0 0.0 0.0 0.0 0.0 0.0 0.0 0.0 0.0 
1223 1.209 2.972689029749809e-05 0.0 0.0 2.972689029749809e-05 0.0 0.0 0.0 0.0 0.0 0.0 0.0 0.0 0.0 0.0 0.0 0.0 0.0 0.0 0.0 0.0 0.0 
1224 1.21 2.9761776862864753e-05 0.0 0.0 2.9761776862864753e-05 0.0 0.0 0.0 0.0 0.0 0.0 0.0 0.0 0.0 0.0 0.0 0.0 0.0 0.0 0.0 0.0 0.0 
1225 1.211 2.9796699902686715e-05 0.0 0.0 2.9796699902686715e-05 0.0 0.0 0.0 0.0 0.0 0.0 0.0 0.0 0.0 0.0 0.0 0.0 0.0 0.0 0.0 0.0 0.0 
1226 1.212 2.983165944773646e-05 0.0 0.0 2.983165944773646e-05 0.0 0.0 0.0 0.0 0.0 0.0 0.0 0.0 0.0 0.0 0.0 0.0 0.0 0.0 0.0 0.0 0.0 
1227 1.213 2.9866655528799898e-05 0.0 0.0 2.9866655528799898e-05 0.0 0.0 0.0 0.0 0.0 0.0 0.0 0.0 0.0 0.0 0.0 0.0 0.0 0.0 0.0 0.0 0.0 
1228 1.213 2.9901688176676307e-05 0.0 0.0 2.9901688176676307e-05 0.0 0.0 0.0 0.0 0.0 0.0 0.0 0.0 0.0 0.0 0.0 0.0 0.0 0.0 0.0 0.0 0.0 
1229 1.214 2.9936757422178392e-05 0.0 0.0 2.9936757422178392e-05 0.0 0.0 0.0 0.0 0.0 0.0 0.0 0.0 0.0 0.0 0.0 0.0 0.0 0.0 0.0 0.0 0.0 
1230 1.215 2.997186329613219e-05 0.0 0.0 2.997186329613219e-05 0.0 0.0 0.0 0.0 0.0 0.0 0.0 0.0 0.0 0.0 0.0 0.0 0.0 0.0 0.0 0.0 0.0 
1231 1.216 3.000700582937709e-05 0.0 0.0 3.000700582937709e-05 0.0 0.0 0.0 0.0 0.0 0.0 0.0 0.0 0.0 0.0 0.0 0.0 0.0 0.0 0.0 0.0 0.0 
1232 1.217 3.004218505276579e-05 0.0 0.0 3.004218505276579e-05 0.0 0.0 0.0 0.0 0.0 0.0 0.0 0.0 0.0 0.0 0.0 0.0 0.0 0.0 0.0 0.0 0.0 
1233 1.218 3.0077400997164337e-05 0.0 0.0 3.0077400997164337e-05 0.0 0.0 0.0 0.0 0.0 0.0 0.0 0.0 0.0 0.0 0.0 0.0 0.0 0.0 0.0 0.0 0.0 
1234 1.219 3.011265369345203e-05 0.0 0.0 3.011265369345203e-05 0.0 0.0 0.0 0.0 0.0 0.0 0.0 0.0 0.0 0.0 0.0 0.0 0.0 0.0 0.0 0.0 0.0 
1235 1.22 3.0147943172521435e-05 0.0 0.0 3.0147943172521435e-05 0.0 0.0 0.0 0.0 0.0 0.0 0.0 0.0 0.0 0.0 0.0 0.0 0.0 0.0 0.0 0.0 0.0 
1236 1.221 3.018326946527841e-05 0.0 0.0 3.018326946527841e-05 0.0 0.0 0.0 0.0 0.0 0.0 0.0 0.0 0.0 0.0 0.0 0.0 0.0 0.0 0.0 0.0 0.0 
1237 1.222 3.0218632602641987e-05 0.0 0.0 3.0218632602641987e-05 0.0 0.0 0.0 0.0 0.0 0.0 0.0 0.0 0.0 0.0 0.0 0.0 0.0 0.0 0.0 0.0 0.0 
1238 1.223 3.0254032615544446e-05 0.0 0.0 3.0254032615544446e-05 0.0 0.0 0.0 0.0 0.0 0.0 0.0 0.0 0.0 0.0 0.0 0.0 0.0 0.0 0.0 0.0 0.0 
1239 1.224 3.0289469534931258e-05 0.0 0.0 3.0289469534931258e-05 0.0 0.0 0.0 0.0 0.0 0.0 0.0 0.0 0.0 0.0 0.0 0.0 0.0 0.0 0.0 0.0 0.0 
1240 1.225 3.0324943391761052e-05 0.0 0.0 3.0324943391761052e-05 0.0 0.0 0.0 0.0 0.0 0.0 0.0 0.0 0.0 0.0 0.0 0.0 0.0 0.0 0.0 0.0 0.0 
1241 1.226 3.036045421700561e-05 0.0 0.0 3.036045421700561e-05 0.0 0.0 0.0 0.0 0.0 0.0 0.0 0.0 0.0 0.0 0.0 0.0 0.0 0.0 0.0 0.0 0.0 
1242 1.227 3.039600204164987e-05 0.0 0.0 3.039600204164987e-05 0.0 0.0 0.0 0.0 0.0 0.0 0.0 0.0 0.0 0.0 0.0 0.0 0.0 0.0 0.0 0.0 0.0 
1243 1.228 3.0431586896691894e-05 0.0 0.0 3.0431586896691894e-05 0.0 0.0 0.0 0.0 0.0 0.0 0.0 0.0 0.0 0.0 0.0 0.0 0.0 0.0 0.0 0.0 0.0 
1244 1.229 3.0467208813142777e-05 0.0 0.0 3.0467208813142777e-05 0.0 0.0 0.0 0.0 0.0 0.0 0.0 0.0 0.0 0.0 0.0 0.0 0.0 0.0 0.0 0.0 0.0 
1245 1.23 3.0502867822026775e-05 0.0 0.0 3.0502867822026775e-05 0.0 0.0 0.0 0.0 0.0 0.0 0.0 0.0 0.0 0.0 0.0 0.0 0.0 0.0 0.0 0.0 0.0 
1246 1.231 3.053856395438113e-05 0.0 0.0 3.053856395438113e-05 0.0 0.0 0.0 0.0 0.0 0.0 0.0 0.0 0.0 0.0 0.0 0.0 0.0 0.0 0.0 0.0 0.0 
1247 1.232 3.057429724125618e-05 0.0 0.0 3.057429724125618e-05 0.0 0.0 0.0 0.0 0.0 0.0 0.0 0.0 0.0 0.0 0.0 0.0 0.0 0.0 0.0 0.0 0.0 
1248 1.233 3.061006771371522e-05 0.0 0.0 3.061006771371522e-05 0.0 0.0 0.0 0.0 0.0 0.0 0.0 0.0 0.0 0.0 0.0 0.0 0.0 0.0 0.0 0.0 0.0 
1249 1.234 3.064587540283461e-05 0.0 0.0 3.064587540283461e-05 0.0 0.0 0.0 0.0 0.0 0.0 0.0 0.0 0.0 0.0 0.0 0.0 0.0 0.0 0.0 0.0 0.0 
1250 1.235 3.068172033970361e-05 0.0 0.0 3.068172033970361e-05 0.0 0.0 0.0 0.0 0.0 0.0 0.0 0.0 0.0 0.0 0.0 0.0 0.0 0.0 0.0 0.0 0.0 
1251 1.236 3.071760255542452e-05 0.0 0.0 3.071760255542452e-05 0.0 0.0 0.0 0.0 0.0 0.0 0.0 0.0 0.0 0.0 0.0 0.0 0.0 0.0 0.0 0.0 0.0 
1252 1.237 3.075352208111251e-05 0.0 0.0 3.075352208111251e-05 0.0 0.0 0.0 0.0 0.0 0.0 0.0 0.0 0.0 0.0 0.0 0.0 0.0 0.0 0.0 0.0 0.0 
1253 1.238 3.078947894789572e-05 0.0 0.0 3.078947894789572e-05 0.0 0.0 0.0 0.0 0.0 0.0 0.0 0.0 0.0 0.0 0.0 0.0 0.0 0.0 0.0 0.0 0.0 
1254 1.239 3.0825473186915144e-05 0.0 0.0 3.0825473186915144e-05 0.0 0.0 0.0 0.0 0.0 0.0 0.0 0.0 0.0 0.0 0.0 0.0 0.0 0.0 0.0 0.0 0.0 
1255 1.24 3.0861504829324694e-05 0.0 0.0 3.0861504829324694e-05 0.0 0.0 0.0 0.0 0.0 0.0 0.0 0.0 0.0 0.0 0.0 0.0 0.0 0.0 0.0 0.0 0.0 
1256 1.241 3.089757390629111e-05 0.0 0.0 3.089757390629111e-05 0.0 0.0 0.0 0.0 0.0 0.0 0.0 0.0 0.0 0.0 0.0 0.0 0.0 0.0 0.0 0.0 0.0 
1257 1.242 3.093368044899397e-05 0.0 0.0 3.093368044899397e-05 0.0 0.0 0.0 0.0 0.0 0.0 0.0 0.0 0.0 0.0 0.0 0.0 0.0 0.0 0.0 0.0 0.0 
1258 1.243 3.09698244886257e-05 0.0 0.0 3.09698244886257e-05 0.0 0.0 0.0 0.0 0.0 0.0 0.0 0.0 0.0 0.0 0.0 0.0 0.0 0.0 0.0 0.0 0.0 
1259 1.244 3.100600605639148e-05 0.0 0.0 3.100600605639148e-05 0.0 0.0 0.0 0.0 0.0 0.0 0.0 0.0 0.0 0.0 0.0 0.0 0.0 0.0 0.0 0.0 0.0 
1260 1.245 3.10422251835093e-05 0.0 0.0 3.10422251835093e-05 0.0 0.0 0.0 0.0 0.0 0.0 0.0 0.0 0.0 0.0 0.0 0.0 0.0 0.0 0.0 0.0 0.0 
1261 1.246 3.107848190120989e-05 0.0 0.0 3.107848190120989e-05 0.0 0.0 0.0 0.0 0.0 0.0 0.0 0.0 0.0 0.0 0.0 0.0 0.0 0.0 0.0 0.0 0.0 
1262 1.247 3.111477624073672e-05 0.0 0.0 3.111477624073672e-05 0.0 0.0 0.0 0.0 0.0 0.0 0.0 0.0 0.0 0.0 0.0 0.0 0.0 0.0 0.0 0.0 0.0 
1263 1.248 3.115110823334598e-05 0.0 0.0 3.115110823334598e-05 0.0 0.0 0.0 0.0 0.0 0.0 0.0 0.0 0.0 0.0 0.0 0.0 0.0 0.0 0.0 0.0 0.0 
1264 1.249 3.118747791030652e-05 0.0 0.0 3.118747791030652e-05 0.0 0.0 0.0 0.0 0.0 0.0 0.0 0.0 0.0 0.0 0.0 0.0 0.0 0.0 0.0 0.0 0.0 
1265 1.25 3.1223885302899914e-05 0.0 0.0 3.1223885302899914e-05 0.0 0.0 0.0 0.0 0.0 0.0 0.0 0.0 0.0 0.0 0.0 0.0 0.0 0.0 0.0 0.0 0.0 
1266 1.251 3.1260330442420336e-05 0.0 0.0 3.1260330442420336e-05 0.0 0.0 0.0 0.0 0.0 0.0 0.0 0.0 0.0 0.0 0.0 0.0 0.0 0.0 0.0 0.0 0.0 
1267 1.252 3.129681336017464e-05 0.0 0.0 3.129681336017464e-05 0.0 0.0 0.0 0.0 0.0 0.0 0.0 0.0 0.0 0.0 0.0 0.0 0.0 0.0 0.0 0.0 0.0 
1268 1.253 3.133333408748225e-05 0.0 0.0 3.133333408748225e-05 0.0 0.0 0.0 0.0 0.0 0.0 0.0 0.0 0.0 0.0 0.0 0.0 0.0 0.0 0.0 0.0 0.0 
1269 1.254 3.136989265567521e-05 0.0 0.0 3.136989265567521e-05 0.0 0.0 0.0 0.0 0.0 0.0 0.0 0.0 0.0 0.0 0.0 0.0 0.0 0.0 0.0 0.0 0.0 
1270 1.255 3.1406489096098105e-05 0.0 0.0 3.1406489096098105e-05 0.0 0.0 0.0 0.0 0.0 0.0 0.0 0.0 0.0 0.0 0.0 0.0 0.0 0.0 0.0 0.0 0.0 
1271 1.256 3.1443123440108094e-05 0.0 0.0 3.1443123440108094e-05 0.0 0.0 0.0 0.0 0.0 0.0 0.0 0.0 0.0 0.0 0.0 0.0 0.0 0.0 0.0 0.0 0.0 
1272 1.257 3.147979571907483e-05 0.0 0.0 3.147979571907483e-05 0.0 0.0 0.0 0.0 0.0 0.0 0.0 0.0 0.0 0.0 0.0 0.0 0.0 0.0 0.0 0.0 0.0 
1273 1.258 3.151650596438049e-05 0.0 0.0 3.151650596438049e-05 0.0 0.0 0.0 0.0 0.0 0.0 0.0 0.0 0.0 0.0 0.0 0.0 0.0 0.0 0.0 0.0 0.0 
1274 1.259 3.1553254207419737e-05 0.0 0.0 3.1553254207419737e-05 0.0 0.0 0.0 0.0 0.0 0.0 0.0 0.0 0.0 0.0 0.0 0.0 0.0 0.0 0.0 0.0 0.0 
1275 1.26 3.159004047959967e-05 0.0 0.0 3.159004047959967e-05 0.0 0.0 0.0 0.0 0.0 0.0 0.0 0.0 0.0 0.0 0.0 0.0 0.0 0.0 0.0 0.0 0.0 
1276 1.261 3.1626864812339855e-05 0.0 0.0 3.1626864812339855e-05 0.0 0.0 0.0 0.0 0.0 0.0 0.0 0.0 0.0 0.0 0.0 0.0 0.0 0.0 0.0 0.0 0.0 
1277 1.262 3.166372723707228e-05 0.0 0.0 3.166372723707228e-05 0.0 0.0 0.0 0.0 0.0 0.0 0.0 0.0 0.0 0.0 0.0 0.0 0.0 0.0 0.0 0.0 0.0 
1278 1.263 3.170062778524129e-05 0.0 0.0 3.170062778524129e-05 0.0 0.0 0.0 0.0 0.0 0.0 0.0 0.0 0.0 0.0 0.0 0.0 0.0 0.0 0.0 0.0 0.0 
1279 1.264 3.173756648830364e-05 0.0 0.0 3.173756648830364e-05 0.0 0.0 0.0 0.0 0.0 0.0 0.0 0.0 0.0 0.0 0.0 0.0 0.0 0.0 0.0 0.0 0.0 
1280 1.265 3.1774543377728423e-05 0.0 0.0 3.1774543377728423e-05 0.0 0.0 0.0 0.0 0.0 0.0 0.0 0.0 0.0 0.0 0.0 0.0 0.0 0.0 0.0 0.0 0.0 
1281 1.266 3.181155848499709e-05 0.0 0.0 3.181155848499709e-05 0.0 0.0 0.0 0.0 0.0 0.0 0.0 0.0 0.0 0.0 0.0 0.0 0.0 0.0 0.0 0.0 0.0 
1282 1.267 3.184861184160335e-05 0.0 0.0 3.184861184160335e-05 0.0 0.0 0.0 0.0 0.0 0.0 0.0 0.0 0.0 0.0 0.0 0.0 0.0 0.0 0.0 0.0 0.0 
1283 1.268 3.1885703479053246e-05 0.0 0.0 3.1885703479053246e-05 0.0 0.0 0.0 0.0 0.0 0.0 0.0 0.0 0.0 0.0 0.0 0.0 0.0 0.0 0.0 0.0 0.0 
1284 1.269 3.192283342886505e-05 0.0 0.0 3.192283342886505e-05 0.0 0.0 0.0 0.0 0.0 0.0 0.0 0.0 0.0 0.0 0.0 0.0 0.0 0.0 0.0 0.0 0.0 
1285 1.27 3.1960001722569304e-05 0.0 0.0 3.1960001722569304e-05 0.0 0.0 0.0 0.0 0.0 0.0 0.0 0.0 0.0 0.0 0.0 0.0 0.0 0.0 0.0 0.0 0.0 
1286 1.271 3.199720839170876e-05 0.0 0.0 3.199720839170876e-05 0.0 0.0 0.0 0.0 0.0 0.0 0.0 0.0 0.0 0.0 0.0 0.0 0.0 0.0 0.0 0.0 0.0 
1287 1.272 3.2034453467838365e-05 0.0 0.0 3.2034453467838365e-05 0.0 0.0 0.0 0.0 0.0 0.0 0.0 0.0 0.0 0.0 0.0 0.0 0.0 0.0 0.0 0.0 0.0 
1288 1.273 3.2071736982525264e-05 0.0 0.0 3.2071736982525264e-05 0.0 0.0 0.0 0.0 0.0 0.0 0.0 0.0 0.0 0.0 0.0 0.0 0.0 0.0 0.0 0.0 0.0 
1289 1.274 3.2109058967348725e-05 0.0 0.0 3.2109058967348725e-05 0.0 0.0 0.0 0.0 0.0 0.0 0.0 0.0 0.0 0.0 0.0 0.0 0.0 0.0 0.0 0.0 0.0 
1290 1.275 3.214641945390014e-05 0.0 0.0 3.214641945390014e-05 0.0 0.0 0.0 0.0 0.0 0.0 0.0 0.0 0.0 0.0 0.0 0.0 0.0 0.0 0.0 0.0 0.0 
1291 1.276 3.218381847378306e-05 0.0 0.0 3.218381847378306e-05 0.0 0.0 0.0 0.0 0.0 0.0 0.0 0.0 0.0 0.0 0.0 0.0 0.0 0.0 0.0 0.0 0.0 
1292 1.277 3.222125605861309e-05 0.0 0.0 3.222125605861309e-05 0.0 0.0 0.0 0.0 0.0 0.0 0.0 0.0 0.0 0.0 0.0 0.0 0.0 0.0 0.0 0.0 0.0 
1293 1.278 3.225873224001787e-05 0.0 0.0 3.225873224001787e-05 0.0 0.0 0.0 0.0 0.0 0.0 0.0 0.0 0.0 0.0 0.0 0.0 0.0 0.0 0.0 0.0 0.0 
1294 1.279 3.229624704963714e-05 0.0 0.0 3.229624704963714e-05 0.0 0.0 0.0 0.0 0.0 0.0 0.0 0.0 0.0 0.0 0.0 0.0 0.0 0.0 0.0 0.0 0.0 
1295 1.28 3.233380051912261e-05 0.0 0.0 3.233380051912261e-05 0.0 0.0 0.0 0.0 0.0 0.0 0.0 0.0 0.0 0.0 0.0 0.0 0.0 0.0 0.0 0.0 0.0 
1296 1.281 3.237139268013803e-05 0.0 0.0 3.237139268013803e-05 0.0 0.0 0.0 0.0 0.0 0.0 0.0 0.0 0.0 0.0 0.0 0.0 0.0 0.0 0.0 0.0 0.0 
1297 1.282 3.240902356435907e-05 0.0 0.0 3.240902356435907e-05 0.0 0.0 0.0 0.0 0.0 0.0 0.0 0.0 0.0 0.0 0.0 0.0 0.0 0.0 0.0 0.0 0.0 
1298 1.283 3.2446693203473384e-05 0.0 0.0 3.2446693203473384e-05 0.0 0.0 0.0 0.0 0.0 0.0 0.0 0.0 0.0 0.0 0.0 0.0 0.0 0.0 0.0 0.0 0.0 
1299 1.284 3.2484401629180545e-05 0.0 0.0 3.2484401629180545e-05 0.0 0.0 0.0 0.0 0.0 0.0 0.0 0.0 0.0 0.0 0.0 0.0 0.0 0.0 0.0 0.0 0.0 
1300 1.285 3.252214887319202e-05 0.0 0.0 3.252214887319202e-05 0.0 0.0 0.0 0.0 0.0 0.0 0.0 0.0 0.0 0.0 0.0 0.0 0.0 0.0 0.0 0.0 0.0 
1301 1.286 3.255993496723116e-05 0.0 0.0 3.255993496723116e-05 0.0 0.0 0.0 0.0 0.0 0.0 0.0 0.0 0.0 0.0 0.0 0.0 0.0 0.0 0.0 0.0 0.0 
1302 1.287 3.25977599430332e-05 0.0 0.0 3.25977599430332e-05 0.0 0.0 0.0 0.0 0.0 0.0 0.0 0.0 0.0 0.0 0.0 0.0 0.0 0.0 0.0 0.0 0.0 
1303 1.288 3.263562383234516e-05 0.0 0.0 3.263562383234516e-05 0.0 0.0 0.0 0.0 0.0 0.0 0.0 0.0 0.0 0.0 0.0 0.0 0.0 0.0 0.0 0.0 0.0 
1304 1.289 3.2673526666925875e-05 0.0 0.0 3.2673526666925875e-05 0.0 0.0 0.0 0.0 0.0 0.0 0.0 0.0 0.0 0.0 0.0 0.0 0.0 0.0 0.0 0.0 0.0 
1305 1.29 3.2711468478546015e-05 0.0 0.0 3.2711468478546015e-05 0.0 0.0 0.0 0.0 0.0 0.0 0.0 0.0 0.0 0.0 0.0 0.0 0.0 0.0 0.0 0.0 0.0 
1306 1.291 3.274944929898798e-05 0.0 0.0 3.274944929898798e-05 0.0 0.0 0.0 0.0 0.0 0.0 0.0 0.0 0.0 0.0 0.0 0.0 0.0 0.0 0.0 0.0 0.0 
1307 1.292 3.2787469160045906e-05 0.0 0.0 3.2787469160045906e-05 0.0 0.0 0.0 0.0 0.0 0.0 0.0 0.0 0.0 0.0 0.0 0.0 0.0 0.0 0.0 0.0 0.0 
1308 1.293 3.282552809352563e-05 0.0 0.0 3.282552809352563e-05 0.0 0.0 0.0 0.0 0.0 0.0 0.0 0.0 0.0 0.0 0.0 0.0 0.0 0.0 0.0 0.0 0.0 
1309 1.294 3.2863626131244726e-05 0.0 0.0 3.2863626131244726e-05 0.0 0.0 0.0 0.0 0.0 0.0 0.0 0.0 0.0 0.0 0.0 0.0 0.0 0.0 0.0 0.0 0.0 
1310 1.295 3.290176330503238e-05 0.0 0.0 3.290176330503238e-05 0.0 0.0 0.0 0.0 0.0 0.0 0.0 0.0 0.0 0.0 0.0 0.0 0.0 0.0 0.0 0.0 0.0 
1311 1.296 3.293993964672948e-05 0.0 0.0 3.293993964672948e-05 0.0 0.0 0.0 0.0 0.0 0.0 0.0 0.0 0.0 0.0 0.0 0.0 0.0 0.0 0.0 0.0 0.0 
1312 1.296 3.297815518818848e-05 0.0 0.0 3.297815518818848e-05 0.0 0.0 0.0 0.0 0.0 0.0 0.0 0.0 0.0 0.0 0.0 0.0 0.0 0.0 0.0 0.0 0.0 
1313 1.297 3.3016409961273476e-05 0.0 0.0 3.3016409961273476e-05 0.0 0.0 0.0 0.0 0.0 0.0 0.0 0.0 0.0 0.0 0.0 0.0 0.0 0.0 0.0 0.0 0.0 
1314 1.298 3.305470399786009e-05 0.0 0.0 3.305470399786009e-05 0.0 0.0 0.0 0.0 0.0 0.0 0.0 0.0 0.0 0.0 0.0 0.0 0.0 0.0 0.0 0.0 0.0 
1315 1.299 3.309303732983553e-05 0.0 0.0 3.309303732983553e-05 0.0 0.0 0.0 0.0 0.0 0.0 0.0 0.0 0.0 0.0 0.0 0.0 0.0 0.0 0.0 0.0 0.0 
1316 1.3 3.313140998909851e-05 0.0 0.0 3.313140998909851e-05 0.0 0.0 0.0 0.0 0.0 0.0 0.0 0.0 0.0 0.0 0.0 0.0 0.0 0.0 0.0 0.0 0.0 
1317 1.301 3.3169822007559256e-05 0.0 0.0 3.3169822007559256e-05 0.0 0.0 0.0 0.0 0.0 0.0 0.0 0.0 0.0 0.0 0.0 0.0 0.0 0.0 0.0 0.0 0.0 
1318 1.302 3.320827341713944e-05 0.0 0.0 3.320827341713944e-05 0.0 0.0 0.0 0.0 0.0 0.0 0.0 0.0 0.0 0.0 0.0 0.0 0.0 0.0 0.0 0.0 0.0 
1319 1.303 3.324676424977221e-05 0.0 0.0 3.324676424977221e-05 0.0 0.0 0.0 0.0 0.0 0.0 0.0 0.0 0.0 0.0 0.0 0.0 0.0 0.0 0.0 0.0 0.0 
1320 1.304 3.328529453740213e-05 0.0 0.0 3.328529453740213e-05 0.0 0.0 0.0 0.0 0.0 0.0 0.0 0.0 0.0 0.0 0.0 0.0 0.0 0.0 0.0 0.0 0.0 
1321 1.305 3.3323864311985175e-05 0.0 0.0 3.3323864311985175e-05 0.0 0.0 0.0 0.0 0.0 0.0 0.0 0.0 0.0 0.0 0.0 0.0 0.0 0.0 0.0 0.0 0.0 
1322 1.306 3.336247360548868e-05 0.0 0.0 3.336247360548868e-05 0.0 0.0 0.0 0.0 0.0 0.0 0.0 0.0 0.0 0.0 0.0 0.0 0.0 0.0 0.0 0.0 0.0 
1323 1.307 3.3401122449891326e-05 0.0 0.0 3.3401122449891326e-05 0.0 0.0 0.0 0.0 0.0 0.0 0.0 0.0 0.0 0.0 0.0 0.0 0.0 0.0 0.0 0.0 0.0 
1324 1.308 3.3439810877183165e-05 0.0 0.0 3.3439810877183165e-05 0.0 0.0 0.0 0.0 0.0 0.0 0.0 0.0 0.0 0.0 0.0 0.0 0.0 0.0 0.0 0.0 0.0 
1325 1.309 3.34785389193655e-05 0.0 0.0 3.34785389193655e-05 0.0 0.0 0.0 0.0 0.0 0.0 0.0 0.0 0.0 0.0 0.0 0.0 0.0 0.0 0.0 0.0 0.0 
1326 1.31 3.3517306608450934e-05 0.0 0.0 3.3517306608450934e-05 0.0 0.0 0.0 0.0 0.0 0.0 0.0 0.0 0.0 0.0 0.0 0.0 0.0 0.0 0.0 0.0 0.0 
1327 1.311 3.355611397646332e-05 0.0 0.0 3.355611397646332e-05 0.0 0.0 0.0 0.0 0.0 0.0 0.0 0.0 0.0 0.0 0.0 0.0 0.0 0.0 0.0 0.0 0.0 
1328 1.312 3.359496105543774e-05 0.0 0.0 3.359496105543774e-05 0.0 0.0 0.0 0.0 0.0 0.0 0.0 0.0 0.0 0.0 0.0 0.0 0.0 0.0 0.0 0.0 0.0 
1329 1.313 3.363384787742046e-05 0.0 0.0 3.363384787742046e-05 0.0 0.0 0.0 0.0 0.0 0.0 0.0 0.0 0.0 0.0 0.0 0.0 0.0 0.0 0.0 0.0 0.0 
1330 1.314 3.367277447446897e-05 0.0 0.0 3.367277447446897e-05 0.0 0.0 0.0 0.0 0.0 0.0 0.0 0.0 0.0 0.0 0.0 0.0 0.0 0.0 0.0 0.0 0.0 
1331 1.315 3.371174087865184e-05 0.0 0.0 3.371174087865184e-05 0.0 0.0 0.0 0.0 0.0 0.0 0.0 0.0 0.0 0.0 0.0 0.0 0.0 0.0 0.0 0.0 0.0 
1332 1.316 3.375074712204882e-05 0.0 0.0 3.375074712204882e-05 0.0 0.0 0.0 0.0 0.0 0.0 0.0 0.0 0.0 0.0 0.0 0.0 0.0 0.0 0.0 0.0 0.0 
1333 1.317 3.378979323675075e-05 0.0 0.0 3.378979323675075e-05 0.0 0.0 0.0 0.0 0.0 0.0 0.0 0.0 0.0 0.0 0.0 0.0 0.0 0.0 0.0 0.0 0.0 
1334 1.318 3.3828879254859515e-05 0.0 0.0 3.3828879254859515e-05 0.0 0.0 0.0 0.0 0.0 0.0 0.0 0.0 0.0 0.0 0.0 0.0 0.0 0.0 0.0 0.0 0.0 
1335 1.319 3.386800520848811e-05 0.0 0.0 3.386800520848811e-05 0.0 0.0 0.0 0.0 0.0 0.0 0.0 0.0 0.0 0.0 0.0 0.0 0.0 0.0 0.0 0.0 0.0 
1336 1.32 3.390717112976049e-05 0.0 0.0 3.390717112976049e-05 0.0 0.0 0.0 0.0 0.0 0.0 0.0 0.0 0.0 0.0 0.0 0.0 0.0 0.0 0.0 0.0 0.0 
1337 1.321 3.394637705081164e-05 0.0 0.0 3.394637705081164e-05 0.0 0.0 0.0 0.0 0.0 0.0 0.0 0.0 0.0 0.0 0.0 0.0 0.0 0.0 0.0 0.0 0.0 
1338 1.322 3.3985623003787496e-05 0.0 0.0 3.3985623003787496e-05 0.0 0.0 0.0 0.0 0.0 0.0 0.0 0.0 0.0 0.0 0.0 0.0 0.0 0.0 0.0 0.0 0.0 
1339 1.323 3.402490902084498e-05 0.0 0.0 3.402490902084498e-05 0.0 0.0 0.0 0.0 0.0 0.0 0.0 0.0 0.0 0.0 0.0 0.0 0.0 0.0 0.0 0.0 0.0 
1340 1.324 3.4064235134151886e-05 0.0 0.0 3.4064235134151886e-05 0.0 0.0 0.0 0.0 0.0 0.0 0.0 0.0 0.0 0.0 0.0 0.0 0.0 0.0 0.0 0.0 0.0 
1341 1.325 3.410360137588695e-05 0.0 0.0 3.410360137588695e-05 0.0 0.0 0.0 0.0 0.0 0.0 0.0 0.0 0.0 0.0 0.0 0.0 0.0 0.0 0.0 0.0 0.0 
1342 1.326 3.4143007778239724e-05 0.0 0.0 3.4143007778239724e-05 0.0 0.0 0.0 0.0 0.0 0.0 0.0 0.0 0.0 0.0 0.0 0.0 0.0 0.0 0.0 0.0 0.0 
1343 1.327 3.418245437341065e-05 0.0 0.0 3.418245437341065e-05 0.0 0.0 0.0 0.0 0.0 0.0 0.0 0.0 0.0 0.0 0.0 0.0 0.0 0.0 0.0 0.0 0.0 
1344 1.328 3.422194119361094e-05 0.0 0.0 3.422194119361094e-05 0.0 0.0 0.0 0.0 0.0 0.0 0.0 0.0 0.0 0.0 0.0 0.0 0.0 0.0 0.0 0.0 0.0 
1345 1.329 3.4261468271062635e-05 0.0 0.0 3.4261468271062635e-05 0.0 0.0 0.0 0.0 0.0 0.0 0.0 0.0 0.0 0.0 0.0 0.0 0.0 0.0 0.0 0.0 0.0 
1346 1.33 3.4301035637998516e-05 0.0 0.0 3.4301035637998516e-05 0.0 0.0 0.0 0.0 0.0 0.0 0.0 0.0 0.0 0.0 0.0 0.0 0.0 0.0 0.0 0.0 0.0 
1347 1.331 3.434064332666212e-05 0.0 0.0 3.434064332666212e-05 0.0 0.0 0.0 0.0 0.0 0.0 0.0 0.0 0.0 0.0 0.0 0.0 0.0 0.0 0.0 0.0 0.0 
1348 1.332 3.438029136930768e-05 0.0 0.0 3.438029136930768e-05 0.0 0.0 0.0 0.0 0.0 0.0 0.0 0.0 0.0 0.0 0.0 0.0 0.0 0.0 0.0 0.0 0.0 
1349 1.333 3.441997979820009e-05 0.0 0.0 3.441997979820009e-05 0.0 0.0 0.0 0.0 0.0 0.0 0.0 0.0 0.0 0.0 0.0 0.0 0.0 0.0 0.0 0.0 0.0 
1350 1.334 3.445970864561493e-05 0.0 0.0 3.445970864561493e-05 0.0 0.0 0.0 0.0 0.0 0.0 0.0 0.0 0.0 0.0 0.0 0.0 0.0 0.0 0.0 0.0 0.0 
1351 1.335 3.4499477943838426e-05 0.0 0.0 3.4499477943838426e-05 0.0 0.0 0.0 0.0 0.0 0.0 0.0 0.0 0.0 0.0 0.0 0.0 0.0 0.0 0.0 0.0 0.0 
1352 1.336 3.4539287725167364e-05 0.0 0.0 3.4539287725167364e-05 0.0 0.0 0.0 0.0 0.0 0.0 0.0 0.0 0.0 0.0 0.0 0.0 0.0 0.0 0.0 0.0 0.0 
1353 1.337 3.457913802190912e-05 0.0 0.0 3.457913802190912e-05 0.0 0.0 0.0 0.0 0.0 0.0 0.0 0.0 0.0 0.0 0.0 0.0 0.0 0.0 0.0 0.0 0.0 
1354 1.338 3.4619028866381624e-05 0.0 0.0 3.4619028866381624e-05 0.0 0.0 0.0 0.0 0.0 0.0 0.0 0.0 0.0 0.0 0.0 0.0 0.0 0.0 0.0 0.0 0.0 
1355 1.339 3.465896029091336e-05 0.0 0.0 3.465896029091336e-05 0.0 0.0 0.0 0.0 0.0 0.0 0.0 0.0 0.0 0.0 0.0 0.0 0.0 0.0 0.0 0.0 0.0 
1356 1.34 3.4698932327843237e-05 0.0 0.0 3.4698932327843237e-05 0.0 0.0 0.0 0.0 0.0 0.0 0.0 0.0 0.0 0.0 0.0 0.0 0.0 0.0 0.0 0.0 0.0 
1357 1.341 3.473894500952068e-05 0.0 0.0 3.473894500952068e-05 0.0 0.0 0.0 0.0 0.0 0.0 0.0 0.0 0.0 0.0 0.0 0.0 0.0 0.0 0.0 0.0 0.0 
1358 1.342 3.477899836830556e-05 0.0 0.0 3.477899836830556e-05 0.0 0.0 0.0 0.0 0.0 0.0 0.0 0.0 0.0 0.0 0.0 0.0 0.0 0.0 0.0 0.0 0.0 
1359 1.343 3.481909243656813e-05 0.0 0.0 3.481909243656813e-05 0.0 0.0 0.0 0.0 0.0 0.0 0.0 0.0 0.0 0.0 0.0 0.0 0.0 0.0 0.0 0.0 0.0 
1360 1.344 3.485922724668904e-05 0.0 0.0 3.485922724668904e-05 0.0 0.0 0.0 0.0 0.0 0.0 0.0 0.0 0.0 0.0 0.0 0.0 0.0 0.0 0.0 0.0 0.0 
1361 1.345 3.489940283105931e-05 0.0 0.0 3.489940283105931e-05 0.0 0.0 0.0 0.0 0.0 0.0 0.0 0.0 0.0 0.0 0.0 0.0 0.0 0.0 0.0 0.0 0.0 
1362 1.346 3.4939619222080274e-05 0.0 0.0 3.4939619222080274e-05 0.0 0.0 0.0 0.0 0.0 0.0 0.0 0.0 0.0 0.0 0.0 0.0 0.0 0.0 0.0 0.0 0.0 
1363 1.347 3.497987645216358e-05 0.0 0.0 3.497987645216358e-05 0.0 0.0 0.0 0.0 0.0 0.0 0.0 0.0 0.0 0.0 0.0 0.0 0.0 0.0 0.0 0.0 0.0 
1364 1.348 3.502017455373115e-05 0.0 0.0 3.502017455373115e-05 0.0 0.0 0.0 0.0 0.0 0.0 0.0 0.0 0.0 0.0 0.0 0.0 0.0 0.0 0.0 0.0 0.0 
1365 1.349 3.506051355921514e-05 0.0 0.0 3.506051355921514e-05 0.0 0.0 0.0 0.0 0.0 0.0 0.0 0.0 0.0 0.0 0.0 0.0 0.0 0.0 0.0 0.0 0.0 
1366 1.35 3.5100893501057944e-05 0.0 0.0 3.5100893501057944e-05 0.0 0.0 0.0 0.0 0.0 0.0 0.0 0.0 0.0 0.0 0.0 0.0 0.0 0.0 0.0 0.0 0.0 
1367 1.351 3.514131441171214e-05 0.0 0.0 3.514131441171214e-05 0.0 0.0 0.0 0.0 0.0 0.0 0.0 0.0 0.0 0.0 0.0 0.0 0.0 0.0 0.0 0.0 0.0 
1368 1.352 3.518177632364045e-05 0.0 0.0 3.518177632364045e-05 0.0 0.0 0.0 0.0 0.0 0.0 0.0 0.0 0.0 0.0 0.0 0.0 0.0 0.0 0.0 0.0 0.0 
1369 1.353 3.522227926931577e-05 0.0 0.0 3.522227926931577e-05 0.0 0.0 0.0 0.0 0.0 0.0 0.0 0.0 0.0 0.0 0.0 0.0 0.0 0.0 0.0 0.0 0.0 
1370 1.354 3.526282328122108e-05 0.0 0.0 3.526282328122108e-05 0.0 0.0 0.0 0.0 0.0 0.0 0.0 0.0 0.0 0.0 0.0 0.0 0.0 0.0 0.0 0.0 0.0 
1371 1.355 3.530340839184942e-05 0.0 0.0 3.530340839184942e-05 0.0 0.0 0.0 0.0 0.0 0.0 0.0 0.0 0.0 0.0 0.0 0.0 0.0 0.0 0.0 0.0 0.0 
1372 1.356 3.534403463370393e-05 0.0 0.0 3.534403463370393e-05 0.0 0.0 0.0 0.0 0.0 0.0 0.0 0.0 0.0 0.0 0.0 0.0 0.0 0.0 0.0 0.0 0.0 
1373 1.357 3.5384702039297733e-05 0.0 0.0 3.5384702039297733e-05 0.0 0.0 0.0 0.0 0.0 0.0 0.0 0.0 0.0 0.0 0.0 0.0 0.0 0.0 0.0 0.0 0.0 
1374 1.358 3.542541064115394e-05 0.0 0.0 3.542541064115394e-05 0.0 0.0 0.0 0.0 0.0 0.0 0.0 0.0 0.0 0.0 0.0 0.0 0.0 0.0 0.0 0.0 0.0 
1375 1.359 3.5466160471805666e-05 0.0 0.0 3.5466160471805666e-05 0.0 0.0 0.0 0.0 0.0 0.0 0.0 0.0 0.0 0.0 0.0 0.0 0.0 0.0 0.0 0.0 0.0 
1376 1.36 3.55069515637959e-05 0.0 0.0 3.55069515637959e-05 0.0 0.0 0.0 0.0 0.0 0.0 0.0 0.0 0.0 0.0 0.0 0.0 0.0 0.0 0.0 0.0 0.0 
1377 1.361 3.5547783949677625e-05 0.0 0.0 3.5547783949677625e-05 0.0 0.0 0.0 0.0 0.0 0.0 0.0 0.0 0.0 0.0 0.0 0.0 0.0 0.0 0.0 0.0 0.0 
1378 1.362 3.558865766201364e-05 0.0 0.0 3.558865766201364e-05 0.0 0.0 0.0 0.0 0.0 0.0 0.0 0.0 0.0 0.0 0.0 0.0 0.0 0.0 0.0 0.0 0.0 
1379 1.363 3.562957273337659e-05 0.0 0.0 3.562957273337659e-05 0.0 0.0 0.0 0.0 0.0 0.0 0.0 0.0 0.0 0.0 0.0 0.0 0.0 0.0 0.0 0.0 0.0 
1380 1.364 3.567052919634897e-05 0.0 0.0 3.567052919634897e-05 0.0 0.0 0.0 0.0 0.0 0.0 0.0 0.0 0.0 0.0 0.0 0.0 0.0 0.0 0.0 0.0 0.0 
1381 1.365 3.571152708352306e-05 0.0 0.0 3.571152708352306e-05 0.0 0.0 0.0 0.0 0.0 0.0 0.0 0.0 0.0 0.0 0.0 0.0 0.0 0.0 0.0 0.0 0.0 
1382 1.366 3.575256642750089e-05 0.0 0.0 3.575256642750089e-05 0.0 0.0 0.0 0.0 0.0 0.0 0.0 0.0 0.0 0.0 0.0 0.0 0.0 0.0 0.0 0.0 0.0 
1383 1.367 3.5793647260894256e-05 0.0 0.0 3.5793647260894256e-05 0.0 0.0 0.0 0.0 0.0 0.0 0.0 0.0 0.0 0.0 0.0 0.0 0.0 0.0 0.0 0.0 0.0 
1384 1.368 3.5834769616324604e-05 0.0 0.0 3.5834769616324604e-05 0.0 0.0 0.0 0.0 0.0 0.0 0.0 0.0 0.0 0.0 0.0 0.0 0.0 0.0 0.0 0.0 0.0 
1385 1.369 3.587593352642311e-05 0.0 0.0 3.587593352642311e-05 0.0 0.0 0.0 0.0 0.0 0.0 0.0 0.0 0.0 0.0 0.0 0.0 0.0 0.0 0.0 0.0 0.0 
1386 1.37 3.5917139023830556e-05 0.0 0.0 3.5917139023830556e-05 0.0 0.0 0.0 0.0 0.0 0.0 0.0 0.0 0.0 0.0 0.0 0.0 0.0 0.0 0.0 0.0 0.0 
1387 1.371 3.5958386141197376e-05 0.0 0.0 3.5958386141197376e-05 0.0 0.0 0.0 0.0 0.0 0.0 0.0 0.0 0.0 0.0 0.0 0.0 0.0 0.0 0.0 0.0 0.0 
1388 1.372 3.5999674911183546e-05 0.0 0.0 3.5999674911183546e-05 0.0 0.0 0.0 0.0 0.0 0.0 0.0 0.0 0.0 0.0 0.0 0.0 0.0 0.0 0.0 0.0 0.0 
1389 1.373 3.604100536645864e-05 0.0 0.0 3.604100536645864e-05 0.0 0.0 0.0 0.0 0.0 0.0 0.0 0.0 0.0 0.0 0.0 0.0 0.0 0.0 0.0 0.0 0.0 
1390 1.374 3.6082377539701756e-05 0.0 0.0 3.6082377539701756e-05 0.0 0.0 0.0 0.0 0.0 0.0 0.0 0.0 0.0 0.0 0.0 0.0 0.0 0.0 0.0 0.0 0.0 
1391 1.375 3.6123791463601444e-05 0.0 0.0 3.6123791463601444e-05 0.0 0.0 0.0 0.0 0.0 0.0 0.0 0.0 0.0 0.0 0.0 0.0 0.0 0.0 0.0 0.0 0.0 
1392 1.376 3.6165247170855754e-05 0.0 0.0 3.6165247170855754e-05 0.0 0.0 0.0 0.0 0.0 0.0 0.0 0.0 0.0 0.0 0.0 0.0 0.0 0.0 0.0 0.0 0.0 
1393 1.377 3.620674469417221e-05 0.0 0.0 3.620674469417221e-05 0.0 0.0 0.0 0.0 0.0 0.0 0.0 0.0 0.0 0.0 0.0 0.0 0.0 0.0 0.0 0.0 0.0 
1394 1.378 3.6248284066267676e-05 0.0 0.0 3.6248284066267676e-05 0.0 0.0 0.0 0.0 0.0 0.0 0.0 0.0 0.0 0.0 0.0 0.0 0.0 0.0 0.0 0.0 0.0 
1395 1.379 3.6289865319868424e-05 0.0 0.0 3.6289865319868424e-05 0.0 0.0 0.0 0.0 0.0 0.0 0.0 0.0 0.0 0.0 0.0 0.0 0.0 0.0 0.0 0.0 0.0 
1396 1.38 3.63314884877101e-05 0.0 0.0 3.63314884877101e-05 0.0 0.0 0.0 0.0 0.0 0.0 0.0 0.0 0.0 0.0 0.0 0.0 0.0 0.0 0.0 0.0 0.0 
1397 1.38 3.6373153602537616e-05 0.0 0.0 3.6373153602537616e-05 0.0 0.0 0.0 0.0 0.0 0.0 0.0 0.0 0.0 0.0 0.0 0.0 0.0 0.0 0.0 0.0 0.0 
1398 1.381 3.641486069710519e-05 0.0 0.0 3.641486069710519e-05 0.0 0.0 0.0 0.0 0.0 0.0 0.0 0.0 0.0 0.0 0.0 0.0 0.0 0.0 0.0 0.0 0.0 
1399 1.382 3.645660980417632e-05 0.0 0.0 3.645660980417632e-05 0.0 0.0 0.0 0.0 0.0 0.0 0.0 0.0 0.0 0.0 0.0 0.0 0.0 0.0 0.0 0.0 0.0 
1400 1.383 3.64984009565237e-05 0.0 0.0 3.64984009565237e-05 0.0 0.0 0.0 0.0 0.0 0.0 0.0 0.0 0.0 0.0 0.0 0.0 0.0 0.0 0.0 0.0 0.0 
1401 1.384 3.654023418692922e-05 0.0 0.0 3.654023418692922e-05 0.0 0.0 0.0 0.0 0.0 0.0 0.0 0.0 0.0 0.0 0.0 0.0 0.0 0.0 0.0 0.0 0.0 
1402 1.385 3.658210952818397e-05 0.0 0.0 3.658210952818397e-05 0.0 0.0 0.0 0.0 0.0 0.0 0.0 0.0 0.0 0.0 0.0 0.0 0.0 0.0 0.0 0.0 0.0 
1403 1.386 3.662402701308813e-05 0.0 0.0 3.662402701308813e-05 0.0 0.0 0.0 0.0 0.0 0.0 0.0 0.0 0.0 0.0 0.0 0.0 0.0 0.0 0.0 0.0 0.0 
1404 1.387 3.666598667445101e-05 0.0 0.0 3.666598667445101e-05 0.0 0.0 0.0 0.0 0.0 0.0 0.0 0.0 0.0 0.0 0.0 0.0 0.0 0.0 0.0 0.0 0.0 
1405 1.388 3.670798854509097e-05 0.0 0.0 3.670798854509097e-05 0.0 0.0 0.0 0.0 0.0 0.0 0.0 0.0 0.0 0.0 0.0 0.0 0.0 0.0 0.0 0.0 0.0 
1406 1.389 3.675003265783543e-05 0.0 0.0 3.675003265783543e-05 0.0 0.0 0.0 0.0 0.0 0.0 0.0 0.0 0.0 0.0 0.0 0.0 0.0 0.0 0.0 0.0 0.0 
1407 1.39 3.679211904552082e-05 0.0 0.0 3.679211904552082e-05 0.0 0.0 0.0 0.0 0.0 0.0 0.0 0.0 0.0 0.0 0.0 0.0 0.0 0.0 0.0 0.0 0.0 
1408 1.391 3.683424774099253e-05 0.0 0.0 3.683424774099253e-05 0.0 0.0 0.0 0.0 0.0 0.0 0.0 0.0 0.0 0.0 0.0 0.0 0.0 0.0 0.0 0.0 0.0 
1409 1.392 3.687641877710491e-05 0.0 0.0 3.687641877710491e-05 0.0 0.0 0.0 0.0 0.0 0.0 0.0 0.0 0.0 0.0 0.0 0.0 0.0 0.0 0.0 0.0 0.0 
1410 1.393 3.6918632186721234e-05 0.0 0.0 3.6918632186721234e-05 0.0 0.0 0.0 0.0 0.0 0.0 0.0 0.0 0.0 0.0 0.0 0.0 0.0 0.0 0.0 0.0 0.0 
1411 1.394 3.696088800271366e-05 0.0 0.0 3.696088800271366e-05 0.0 0.0 0.0 0.0 0.0 0.0 0.0 0.0 0.0 0.0 0.0 0.0 0.0 0.0 0.0 0.0 0.0 
1412 1.395 3.7003186257963166e-05 0.0 0.0 3.7003186257963166e-05 0.0 0.0 0.0 0.0 0.0 0.0 0.0 0.0 0.0 0.0 0.0 0.0 0.0 0.0 0.0 0.0 0.0 
1413 1.396 3.704552698535961e-05 0.0 0.0 3.704552698535961e-05 0.0 0.0 0.0 0.0 0.0 0.0 0.0 0.0 0.0 0.0 0.0 0.0 0.0 0.0 0.0 0.0 0.0 
1414 1.397 3.708791021780157e-05 0.0 0.0 3.708791021780157e-05 0.0 0.0 0.0 0.0 0.0 0.0 0.0 0.0 0.0 0.0 0.0 0.0 0.0 0.0 0.0 0.0 0.0 
1415 1.398 3.713033598819645e-05 0.0 0.0 3.713033598819645e-05 0.0 0.0 0.0 0.0 0.0 0.0 0.0 0.0 0.0 0.0 0.0 0.0 0.0 0.0 0.0 0.0 0.0 
1416 1.399 3.7172804329460345e-05 0.0 0.0 3.7172804329460345e-05 0.0 0.0 0.0 0.0 0.0 0.0 0.0 0.0 0.0 0.0 0.0 0.0 0.0 0.0 0.0 0.0 0.0 
1417 1.4 3.721531527451805e-05 0.0 0.0 3.721531527451805e-05 0.0 0.0 0.0 0.0 0.0 0.0 0.0 0.0 0.0 0.0 0.0 0.0 0.0 0.0 0.0 0.0 0.0 
1418 1.401 3.725786885630302e-05 0.0 0.0 3.725786885630302e-05 0.0 0.0 0.0 0.0 0.0 0.0 0.0 0.0 0.0 0.0 0.0 0.0 0.0 0.0 0.0 0.0 0.0 
1419 1.402 3.730046510775735e-05 0.0 0.0 3.730046510775735e-05 0.0 0.0 0.0 0.0 0.0 0.0 0.0 0.0 0.0 0.0 0.0 0.0 0.0 0.0 0.0 0.0 0.0 
1420 1.403 3.734310406183172e-05 0.0 0.0 3.734310406183172e-05 0.0 0.0 0.0 0.0 0.0 0.0 0.0 0.0 0.0 0.0 0.0 0.0 0.0 0.0 0.0 0.0 0.0 
1421 1.404 3.7385785751485404e-05 0.0 0.0 3.7385785751485404e-05 0.0 0.0 0.0 0.0 0.0 0.0 0.0 0.0 0.0 0.0 0.0 0.0 0.0 0.0 0.0 0.0 0.0 
1422 1.405 3.7428510209686174e-05 0.0 0.0 3.7428510209686174e-05 0.0 0.0 0.0 0.0 0.0 0.0 0.0 0.0 0.0 0.0 0.0 0.0 0.0 0.0 0.0 0.0 0.0 
1423 1.406 3.747127746941031e-05 0.0 0.0 3.747127746941031e-05 0.0 0.0 0.0 0.0 0.0 0.0 0.0 0.0 0.0 0.0 0.0 0.0 0.0 0.0 0.0 0.0 0.0 
1424 1.407 3.75140875636426e-05 0.0 0.0 3.75140875636426e-05 0.0 0.0 0.0 0.0 0.0 0.0 0.0 0.0 0.0 0.0 0.0 0.0 0.0 0.0 0.0 0.0 0.0 
1425 1.408 3.755694052537623e-05 0.0 0.0 3.755694052537623e-05 0.0 0.0 0.0 0.0 0.0 0.0 0.0 0.0 0.0 0.0 0.0 0.0 0.0 0.0 0.0 0.0 0.0 
1426 1.409 3.75998363876128e-05 0.0 0.0 3.75998363876128e-05 0.0 0.0 0.0 0.0 0.0 0.0 0.0 0.0 0.0 0.0 0.0 0.0 0.0 0.0 0.0 0.0 0.0 
1427 1.41 3.7642775183362294e-05 0.0 0.0 3.7642775183362294e-05 0.0 0.0 0.0 0.0 0.0 0.0 0.0 0.0 0.0 0.0 0.0 0.0 0.0 0.0 0.0 0.0 0.0 
1428 1.411 3.7685756945643016e-05 0.0 0.0 3.7685756945643016e-05 0.0 0.0 0.0 0.0 0.0 0.0 0.0 0.0 0.0 0.0 0.0 0.0 0.0 0.0 0.0 0.0 0.0 
1429 1.412 3.772878170748158e-05 0.0 0.0 3.772878170748158e-05 0.0 0.0 0.0 0.0 0.0 0.0 0.0 0.0 0.0 0.0 0.0 0.0 0.0 0.0 0.0 0.0 0.0 
1430 1.413 3.777184950191289e-05 0.0 0.0 3.777184950191289e-05 0.0 0.0 0.0 0.0 0.0 0.0 0.0 0.0 0.0 0.0 0.0 0.0 0.0 0.0 0.0 0.0 0.0 
1431 1.414 3.781496036198005e-05 0.0 0.0 3.781496036198005e-05 0.0 0.0 0.0 0.0 0.0 0.0 0.0 0.0 0.0 0.0 0.0 0.0 0.0 0.0 0.0 0.0 0.0 
1432 1.415 3.785811432073447e-05 0.0 0.0 3.785811432073447e-05 0.0 0.0 0.0 0.0 0.0 0.0 0.0 0.0 0.0 0.0 0.0 0.0 0.0 0.0 0.0 0.0 0.0 
1433 1.416 3.7901311411235566e-05 0.0 0.0 3.7901311411235566e-05 0.0 0.0 0.0 0.0 0.0 0.0 0.0 0.0 0.0 0.0 0.0 0.0 0.0 0.0 0.0 0.0 0.0 
1434 1.417 3.794455166655107e-05 0.0 0.0 3.794455166655107e-05 0.0 0.0 0.0 0.0 0.0 0.0 0.0 0.0 0.0 0.0 0.0 0.0 0.0 0.0 0.0 0.0 0.0 
1435 1.418 3.7987835119756715e-05 0.0 0.0 3.7987835119756715e-05 0.0 0.0 0.0 0.0 0.0 0.0 0.0 0.0 0.0 0.0 0.0 0.0 0.0 0.0 0.0 0.0 0.0 
1436 1.419 3.803116180393632e-05 0.0 0.0 3.803116180393632e-05 0.0 0.0 0.0 0.0 0.0 0.0 0.0 0.0 0.0 0.0 0.0 0.0 0.0 0.0 0.0 0.0 0.0 
1437 1.42 3.8074531752181785e-05 0.0 0.0 3.8074531752181785e-05 0.0 0.0 0.0 0.0 0.0 0.0 0.0 0.0 0.0 0.0 0.0 0.0 0.0 0.0 0.0 0.0 0.0 
1438 1.421 3.8117944997592976e-05 0.0 0.0 3.8117944997592976e-05 0.0 0.0 0.0 0.0 0.0 0.0 0.0 0.0 0.0 0.0 0.0 0.0 0.0 0.0 0.0 0.0 0.0 
1439 1.422 3.816140157327777e-05 0.0 0.0 3.816140157327777e-05 0.0 0.0 0.0 0.0 0.0 0.0 0.0 0.0 0.0 0.0 0.0 0.0 0.0 0.0 0.0 0.0 0.0 
1440 1.423 3.8204901512351934e-05 0.0 0.0 3.8204901512351934e-05 0.0 0.0 0.0 0.0 0.0 0.0 0.0 0.0 0.0 0.0 0.0 0.0 0.0 0.0 0.0 0.0 0.0 
1441 1.424 3.8248444847939196e-05 0.0 0.0 3.8248444847939196e-05 0.0 0.0 0.0 0.0 0.0 0.0 0.0 0.0 0.0 0.0 0.0 0.0 0.0 0.0 0.0 0.0 0.0 
1442 1.425 3.829203161317111e-05 0.0 0.0 3.829203161317111e-05 0.0 0.0 0.0 0.0 0.0 0.0 0.0 0.0 0.0 0.0 0.0 0.0 0.0 0.0 0.0 0.0 0.0 
1443 1.426 3.833566184118708e-05 0.0 0.0 3.833566184118708e-05 0.0 0.0 0.0 0.0 0.0 0.0 0.0 0.0 0.0 0.0 0.0 0.0 0.0 0.0 0.0 0.0 0.0 
1444 1.427 3.8379335565134334e-05 0.0 0.0 3.8379335565134334e-05 0.0 0.0 0.0 0.0 0.0 0.0 0.0 0.0 0.0 0.0 0.0 0.0 0.0 0.0 0.0 0.0 0.0 
1445 1.428 3.842305281816784e-05 0.0 0.0 3.842305281816784e-05 0.0 0.0 0.0 0.0 0.0 0.0 0.0 0.0 0.0 0.0 0.0 0.0 0.0 0.0 0.0 0.0 0.0 
1446 1.429 3.846681363345034e-05 0.0 0.0 3.846681363345034e-05 0.0 0.0 0.0 0.0 0.0 0.0 0.0 0.0 0.0 0.0 0.0 0.0 0.0 0.0 0.0 0.0 0.0 
1447 1.43 3.851061804415223e-05 0.0 0.0 3.851061804415223e-05 0.0 0.0 0.0 0.0 0.0 0.0 0.0 0.0 0.0 0.0 0.0 0.0 0.0 0.0 0.0 0.0 0.0 
1448 1.431 3.855446608345159e-05 0.0 0.0 3.855446608345159e-05 0.0 0.0 0.0 0.0 0.0 0.0 0.0 0.0 0.0 0.0 0.0 0.0 0.0 0.0 0.0 0.0 0.0 
1449 1.432 3.859835778453417e-05 0.0 0.0 3.859835778453417e-05 0.0 0.0 0.0 0.0 0.0 0.0 0.0 0.0 0.0 0.0 0.0 0.0 0.0 0.0 0.0 0.0 0.0 
1450 1.433 3.8642293180593233e-05 0.0 0.0 3.8642293180593233e-05 0.0 0.0 0.0 0.0 0.0 0.0 0.0 0.0 0.0 0.0 0.0 0.0 0.0 0.0 0.0 0.0 0.0 
1451 1.434 3.86862723048297e-05 0.0 0.0 3.86862723048297e-05 0.0 0.0 0.0 0.0 0.0 0.0 0.0 0.0 0.0 0.0 0.0 0.0 0.0 0.0 0.0 0.0 0.0 
1452 1.435 3.873029519045195e-05 0.0 0.0 3.873029519045195e-05 0.0 0.0 0.0 0.0 0.0 0.0 0.0 0.0 0.0 0.0 0.0 0.0 0.0 0.0 0.0 0.0 0.0 
1453 1.436 3.877436187067588e-05 0.0 0.0 3.877436187067588e-05 0.0 0.0 0.0 0.0 0.0 0.0 0.0 0.0 0.0 0.0 0.0 0.0 0.0 0.0 0.0 0.0 0.0 
1454 1.437 3.881847237872487e-05 0.0 0.0 3.881847237872487e-05 0.0 0.0 0.0 0.0 0.0 0.0 0.0 0.0 0.0 0.0 0.0 0.0 0.0 0.0 0.0 0.0 0.0 
1455 1.438 3.8862626747829655e-05 0.0 0.0 3.8862626747829655e-05 0.0 0.0 0.0 0.0 0.0 0.0 0.0 0.0 0.0 0.0 0.0 0.0 0.0 0.0 0.0 0.0 0.0 
1456 1.439 3.8906825011228445e-05 0.0 0.0 3.8906825011228445e-05 0.0 0.0 0.0 0.0 0.0 0.0 0.0 0.0 0.0 0.0 0.0 0.0 0.0 0.0 0.0 0.0 0.0 
1457 1.44 3.895106720216672e-05 0.0 0.0 3.895106720216672e-05 0.0 0.0 0.0 0.0 0.0 0.0 0.0 0.0 0.0 0.0 0.0 0.0 0.0 0.0 0.0 0.0 0.0 
1458 1.441 3.899535335389734e-05 0.0 0.0 3.899535335389734e-05 0.0 0.0 0.0 0.0 0.0 0.0 0.0 0.0 0.0 0.0 0.0 0.0 0.0 0.0 0.0 0.0 0.0 
1459 1.442 3.9039683499680414e-05 0.0 0.0 3.9039683499680414e-05 0.0 0.0 0.0 0.0 0.0 0.0 0.0 0.0 0.0 0.0 0.0 0.0 0.0 0.0 0.0 0.0 0.0 
1460 1.443 3.908405767278331e-05 0.0 0.0 3.908405767278331e-05 0.0 0.0 0.0 0.0 0.0 0.0 0.0 0.0 0.0 0.0 0.0 0.0 0.0 0.0 0.0 0.0 0.0 
1461 1.444 3.91284759064806e-05 0.0 0.0 3.91284759064806e-05 0.0 0.0 0.0 0.0 0.0 0.0 0.0 0.0 0.0 0.0 0.0 0.0 0.0 0.0 0.0 0.0 0.0 
1462 1.445 3.917293823405401e-05 0.0 0.0 3.917293823405401e-05 0.0 0.0 0.0 0.0 0.0 0.0 0.0 0.0 0.0 0.0 0.0 0.0 0.0 0.0 0.0 0.0 0.0 
1463 1.446 3.921744468879248e-05 0.0 0.0 3.921744468879248e-05 0.0 0.0 0.0 0.0 0.0 0.0 0.0 0.0 0.0 0.0 0.0 0.0 0.0 0.0 0.0 0.0 0.0 
1464 1.447 3.9261995303991984e-05 0.0 0.0 3.9261995303991984e-05 0.0 0.0 0.0 0.0 0.0 0.0 0.0 0.0 0.0 0.0 0.0 0.0 0.0 0.0 0.0 0.0 0.0 
1465 1.448 3.930659011295556e-05 0.0 0.0 3.930659011295556e-05 0.0 0.0 0.0 0.0 0.0 0.0 0.0 0.0 0.0 0.0 0.0 0.0 0.0 0.0 0.0 0.0 0.0 
1466 1.449 3.935122914899332e-05 0.0 0.0 3.935122914899332e-05 0.0 0.0 0.0 0.0 0.0 0.0 0.0 0.0 0.0 0.0 0.0 0.0 0.0 0.0 0.0 0.0 0.0 
1467 1.45 3.939591244542237e-05 0.0 0.0 3.939591244542237e-05 0.0 0.0 0.0 0.0 0.0 0.0 0.0 0.0 0.0 0.0 0.0 0.0 0.0 0.0 0.0 0.0 0.0 
1468 1.451 3.9440640035566736e-05 0.0 0.0 3.9440640035566736e-05 0.0 0.0 0.0 0.0 0.0 0.0 0.0 0.0 0.0 0.0 0.0 0.0 0.0 0.0 0.0 0.0 0.0 
1469 1.452 3.9485411952757414e-05 0.0 0.0 3.9485411952757414e-05 0.0 0.0 0.0 0.0 0.0 0.0 0.0 0.0 0.0 0.0 0.0 0.0 0.0 0.0 0.0 0.0 0.0 
1470 1.453 3.953022823033224e-05 0.0 0.0 3.953022823033224e-05 0.0 0.0 0.0 0.0 0.0 0.0 0.0 0.0 0.0 0.0 0.0 0.0 0.0 0.0 0.0 0.0 0.0 
1471 1.454 3.957508890163595e-05 0.0 0.0 3.957508890163595e-05 0.0 0.0 0.0 0.0 0.0 0.0 0.0 0.0 0.0 0.0 0.0 0.0 0.0 0.0 0.0 0.0 0.0 
1472 1.455 3.961999400002005e-05 0.0 0.0 3.961999400002005e-05 0.0 0.0 0.0 0.0 0.0 0.0 0.0 0.0 0.0 0.0 0.0 0.0 0.0 0.0 0.0 0.0 0.0 
1473 1.456 3.9664943558842867e-05 0.0 0.0 3.9664943558842867e-05 0.0 0.0 0.0 0.0 0.0 0.0 0.0 0.0 0.0 0.0 0.0 0.0 0.0 0.0 0.0 0.0 0.0 
1474 1.457 3.9709937611469424e-05 0.0 0.0 3.9709937611469424e-05 0.0 0.0 0.0 0.0 0.0 0.0 0.0 0.0 0.0 0.0 0.0 0.0 0.0 0.0 0.0 0.0 0.0 
1475 1.458 3.9754976191271494e-05 0.0 0.0 3.9754976191271494e-05 0.0 0.0 0.0 0.0 0.0 0.0 0.0 0.0 0.0 0.0 0.0 0.0 0.0 0.0 0.0 0.0 0.0 
1476 1.459 3.9800059331627487e-05 0.0 0.0 3.9800059331627487e-05 0.0 0.0 0.0 0.0 0.0 0.0 0.0 0.0 0.0 0.0 0.0 0.0 0.0 0.0 0.0 0.0 0.0 
1477 1.46 3.984518706592245e-05 0.0 0.0 3.984518706592245e-05 0.0 0.0 0.0 0.0 0.0 0.0 0.0 0.0 0.0 0.0 0.0 0.0 0.0 0.0 0.0 0.0 0.0 
1478 1.461 3.9890359427548027e-05 0.0 0.0 3.9890359427548027e-05 0.0 0.0 0.0 0.0 0.0 0.0 0.0 0.0 0.0 0.0 0.0 0.0 0.0 0.0 0.0 0.0 0.0 
1479 1.462 3.993557644990241e-05 0.0 0.0 3.993557644990241e-05 0.0 0.0 0.0 0.0 0.0 0.0 0.0 0.0 0.0 0.0 0.0 0.0 0.0 0.0 0.0 0.0 0.0 
1480 1.463 3.9980838166390325e-05 0.0 0.0 3.9980838166390325e-05 0.0 0.0 0.0 0.0 0.0 0.0 0.0 0.0 0.0 0.0 0.0 0.0 0.0 0.0 0.0 0.0 0.0 
1481 1.464 4.002614461042298e-05 0.0 0.0 4.002614461042298e-05 0.0 0.0 0.0 0.0 0.0 0.0 0.0 0.0 0.0 0.0 0.0 0.0 0.0 0.0 0.0 0.0 0.0 
1482 1.464 4.007149581541803e-05 0.0 0.0 4.007149581541803e-05 0.0 0.0 0.0 0.0 0.0 0.0 0.0 0.0 0.0 0.0 0.0 0.0 0.0 0.0 0.0 0.0 0.0 
1483 1.465 4.0116891814799506e-05 0.0 0.0 4.0116891814799506e-05 0.0 0.0 0.0 0.0 0.0 0.0 0.0 0.0 0.0 0.0 0.0 0.0 0.0 0.0 0.0 0.0 0.0 
1484 1.466 4.016233264199784e-05 0.0 0.0 4.016233264199784e-05 0.0 0.0 0.0 0.0 0.0 0.0 0.0 0.0 0.0 0.0 0.0 0.0 0.0 0.0 0.0 0.0 0.0 
1485 1.467 4.020781833044979e-05 0.0 0.0 4.020781833044979e-05 0.0 0.0 0.0 0.0 0.0 0.0 0.0 0.0 0.0 0.0 0.0 0.0 0.0 0.0 0.0 0.0 0.0 
1486 1.468 4.025334891359841e-05 0.0 0.0 4.025334891359841e-05 0.0 0.0 0.0 0.0 0.0 0.0 0.0 0.0 0.0 0.0 0.0 0.0 0.0 0.0 0.0 0.0 0.0 
1487 1.469 4.0298924424893004e-05 0.0 0.0 4.0298924424893004e-05 0.0 0.0 0.0 0.0 0.0 0.0 0.0 0.0 0.0 0.0 0.0 0.0 0.0 0.0 0.0 0.0 0.0 
1488 1.47 4.034454489778909e-05 0.0 0.0 4.034454489778909e-05 0.0 0.0 0.0 0.0 0.0 0.0 0.0 0.0 0.0 0.0 0.0 0.0 0.0 0.0 0.0 0.0 0.0 
1489 1.471 4.039021036574839e-05 0.0 0.0 4.039021036574839e-05 0.0 0.0 0.0 0.0 0.0 0.0 0.0 0.0 0.0 0.0 0.0 0.0 0.0 0.0 0.0 0.0 0.0 
1490 1.472 4.0435920862238766e-05 0.0 0.0 4.0435920862238766e-05 0.0 0.0 0.0 0.0 0.0 0.0 0.0 0.0 0.0 0.0 0.0 0.0 0.0 0.0 0.0 0.0 0.0 
1491 1.473 4.048167642073414e-05 0.0 0.0 4.048167642073414e-05 0.0 0.0 0.0 0.0 0.0 0.0 0.0 0.0 0.0 0.0 0.0 0.0 0.0 0.0 0.0 0.0 0.0 
1492 1.474 4.0527477074714545e-05 0.0 0.0 4.0527477074714545e-05 0.0 0.0 0.0 0.0 0.0 0.0 0.0 0.0 0.0 0.0 0.0 0.0 0.0 0.0 0.0 0.0 0.0 
1493 1.475 4.057332285766606e-05 0.0 0.0 4.057332285766606e-05 0.0 0.0 0.0 0.0 0.0 0.0 0.0 0.0 0.0 0.0 0.0 0.0 0.0 0.0 0.0 0.0 0.0 
1494 1.476 4.061921380308069e-05 0.0 0.0 4.061921380308069e-05 0.0 0.0 0.0 0.0 0.0 0.0 0.0 0.0 0.0 0.0 0.0 0.0 0.0 0.0 0.0 0.0 0.0 
1495 1.477 4.0665149944456426e-05 0.0 0.0 4.0665149944456426e-05 0.0 0.0 0.0 0.0 0.0 0.0 0.0 0.0 0.0 0.0 0.0 0.0 0.0 0.0 0.0 0.0 0.0 
1496 1.478 4.07111313152972e-05 0.0 0.0 4.07111313152972e-05 0.0 0.0 0.0 0.0 0.0 0.0 0.0 0.0 0.0 0.0 0.0 0.0 0.0 0.0 0.0 0.0 0.0 
1497 1.479 4.0757157949112756e-05 0.0 0.0 4.0757157949112756e-05 0.0 0.0 0.0 0.0 0.0 0.0 0.0 0.0 0.0 0.0 0.0 0.0 0.0 0.0 0.0 0.0 0.0 
1498 1.48 4.0803229879418725e-05 0.0 0.0 4.0803229879418725e-05 0.0 0.0 0.0 0.0 0.0 0.0 0.0 0.0 0.0 0.0 0.0 0.0 0.0 0.0 0.0 0.0 0.0 
1499 1.481 4.084934713973652e-05 0.0 0.0 4.084934713973652e-05 0.0 0.0 0.0 0.0 0.0 0.0 0.0 0.0 0.0 0.0 0.0 0.0 0.0 0.0 0.0 0.0 0.0 
1500 1.482 4.089550976359329e-05 0.0 0.0 4.089550976359329e-05 0.0 0.0 0.0 0.0 0.0 0.0 0.0 0.0 0.0 0.0 0.0 0.0 0.0 0.0 0.0 0.0 0.0 
1501 1.483 4.094171778452194e-05 0.0 0.0 4.094171778452194e-05 0.0 0.0 0.0 0.0 0.0 0.0 0.0 0.0 0.0 0.0 0.0 0.0 0.0 0.0 0.0 0.0 0.0 
1502 1.484 4.0987971236061023e-05 0.0 0.0 4.0987971236061023e-05 0.0 0.0 0.0 0.0 0.0 0.0 0.0 0.0 0.0 0.0 0.0 0.0 0.0 0.0 0.0 0.0 0.0 
1503 1.485 4.103427015175472e-05 0.0 0.0 4.103427015175472e-05 0.0 0.0 0.0 0.0 0.0 0.0 0.0 0.0 0.0 0.0 0.0 0.0 0.0 0.0 0.0 0.0 0.0 
1504 1.486 4.108061456515288e-05 0.0 0.0 4.108061456515288e-05 0.0 0.0 0.0 0.0 0.0 0.0 0.0 0.0 0.0 0.0 0.0 0.0 0.0 0.0 0.0 0.0 0.0 
1505 1.487 4.112700450981084e-05 0.0 0.0 4.112700450981084e-05 0.0 0.0 0.0 0.0 0.0 0.0 0.0 0.0 0.0 0.0 0.0 0.0 0.0 0.0 0.0 0.0 0.0 
1506 1.488 4.117344001928949e-05 0.0 0.0 4.117344001928949e-05 0.0 0.0 0.0 0.0 0.0 0.0 0.0 0.0 0.0 0.0 0.0 0.0 0.0 0.0 0.0 0.0 0.0 
1507 1.489 4.12199211271552e-05 0.0 0.0 4.12199211271552e-05 0.0 0.0 0.0 0.0 0.0 0.0 0.0 0.0 0.0 0.0 0.0 0.0 0.0 0.0 0.0 0.0 0.0 
1508 1.49 4.1266447866979784e-05 0.0 0.0 4.1266447866979784e-05 0.0 0.0 0.0 0.0 0.0 0.0 0.0 0.0 0.0 0.0 0.0 0.0 0.0 0.0 0.0 0.0 0.0 
1509 1.491 4.1313020272340456e-05 0.0 0.0 4.1313020272340456e-05 0.0 0.0 0.0 0.0 0.0 0.0 0.0 0.0 0.0 0.0 0.0 0.0 0.0 0.0 0.0 0.0 0.0 
1510 1.492 4.135963837681978e-05 0.0 0.0 4.135963837681978e-05 0.0 0.0 0.0 0.0 0.0 0.0 0.0 0.0 0.0 0.0 0.0 0.0 0.0 0.0 0.0 0.0 0.0 
1511 1.493 4.140630221400567e-05 0.0 0.0 4.140630221400567e-05 0.0 0.0 0.0 0.0 0.0 0.0 0.0 0.0 0.0 0.0 0.0 0.0 0.0 0.0 0.0 0.0 0.0 
1512 1.494 4.1453011817491306e-05 0.0 0.0 4.1453011817491306e-05 0.0 0.0 0.0 0.0 0.0 0.0 0.0 0.0 0.0 0.0 0.0 0.0 0.0 0.0 0.0 0.0 0.0 
1513 1.495 4.149976722087511e-05 0.0 0.0 4.149976722087511e-05 0.0 0.0 0.0 0.0 0.0 0.0 0.0 0.0 0.0 0.0 0.0 0.0 0.0 0.0 0.0 0.0 0.0 
1514 1.496 4.154656845776071e-05 0.0 0.0 4.154656845776071e-05 0.0 0.0 0.0 0.0 0.0 0.0 0.0 0.0 0.0 0.0 0.0 0.0 0.0 0.0 0.0 0.0 0.0 
1515 1.497 4.1593415561756894e-05 0.0 0.0 4.1593415561756894e-05 0.0 0.0 0.0 0.0 0.0 0.0 0.0 0.0 0.0 0.0 0.0 0.0 0.0 0.0 0.0 0.0 0.0 
1516 1.498 4.164030856647757e-05 0.0 0.0 4.164030856647757e-05 0.0 0.0 0.0 0.0 0.0 0.0 0.0 0.0 0.0 0.0 0.0 0.0 0.0 0.0 0.0 0.0 0.0 
1517 1.499 4.1687247505541746e-05 0.0 0.0 4.1687247505541746e-05 0.0 0.0 0.0 0.0 0.0 0.0 0.0 0.0 0.0 0.0 0.0 0.0 0.0 0.0 0.0 0.0 0.0 
1518 1.5 4.173423241257343e-05 0.0 0.0 4.173423241257343e-05 0.0 0.0 0.0 0.0 0.0 0.0 0.0 0.0 0.0 0.0 0.0 0.0 0.0 0.0 0.0 0.0 0.0 
1519 1.501 4.178126332120167e-05 0.0 0.0 4.178126332120167e-05 0.0 0.0 0.0 0.0 0.0 0.0 0.0 0.0 0.0 0.0 0.0 0.0 0.0 0.0 0.0 0.0 0.0 
1520 1.502 4.182834026506044e-05 0.0 0.0 4.182834026506044e-05 0.0 0.0 0.0 0.0 0.0 0.0 0.0 0.0 0.0 0.0 0.0 0.0 0.0 0.0 0.0 0.0 0.0 
1521 1.503 4.187546327778868e-05 0.0 0.0 4.187546327778868e-05 0.0 0.0 0.0 0.0 0.0 0.0 0.0 0.0 0.0 0.0 0.0 0.0 0.0 0.0 0.0 0.0 0.0 
1522 1.504 4.192263239303015e-05 0.0 0.0 4.192263239303015e-05 0.0 0.0 0.0 0.0 0.0 0.0 0.0 0.0 0.0 0.0 0.0 0.0 0.0 0.0 0.0 0.0 0.0 
1523 1.505 4.1969847644433476e-05 0.0 0.0 4.1969847644433476e-05 0.0 0.0 0.0 0.0 0.0 0.0 0.0 0.0 0.0 0.0 0.0 0.0 0.0 0.0 0.0 0.0 0.0 
1524 1.506 4.201710906565209e-05 0.0 0.0 4.201710906565209e-05 0.0 0.0 0.0 0.0 0.0 0.0 0.0 0.0 0.0 0.0 0.0 0.0 0.0 0.0 0.0 0.0 0.0 
1525 1.507 4.2064416690344145e-05 0.0 0.0 4.2064416690344145e-05 0.0 0.0 0.0 0.0 0.0 0.0 0.0 0.0 0.0 0.0 0.0 0.0 0.0 0.0 0.0 0.0 0.0 
1526 1.508 4.211177055217255e-05 0.0 0.0 4.211177055217255e-05 0.0 0.0 0.0 0.0 0.0 0.0 0.0 0.0 0.0 0.0 0.0 0.0 0.0 0.0 0.0 0.0 0.0 
1527 1.509 4.2159170684804826e-05 0.0 0.0 4.2159170684804826e-05 0.0 0.0 0.0 0.0 0.0 0.0 0.0 0.0 0.0 0.0 0.0 0.0 0.0 0.0 0.0 0.0 0.0 
1528 1.51 4.2206617121913184e-05 0.0 0.0 4.2206617121913184e-05 0.0 0.0 0.0 0.0 0.0 0.0 0.0 0.0 0.0 0.0 0.0 0.0 0.0 0.0 0.0 0.0 0.0 
1529 1.511 4.2254109897174374e-05 0.0 0.0 4.2254109897174374e-05 0.0 0.0 0.0 0.0 0.0 0.0 0.0 0.0 0.0 0.0 0.0 0.0 0.0 0.0 0.0 0.0 0.0 
1530 1.512 4.230164904426974e-05 0.0 0.0 4.230164904426974e-05 0.0 0.0 0.0 0.0 0.0 0.0 0.0 0.0 0.0 0.0 0.0 0.0 0.0 0.0 0.0 0.0 0.0 
1531 1.513 4.234923459688508e-05 0.0 0.0 4.234923459688508e-05 0.0 0.0 0.0 0.0 0.0 0.0 0.0 0.0 0.0 0.0 0.0 0.0 0.0 0.0 0.0 0.0 0.0 
1532 1.514 4.2396866588710695e-05 0.0 0.0 4.2396866588710695e-05 0.0 0.0 0.0 0.0 0.0 0.0 0.0 0.0 0.0 0.0 0.0 0.0 0.0 0.0 0.0 0.0 0.0 
1533 1.515 4.2444545053441273e-05 0.0 0.0 4.2444545053441273e-05 0.0 0.0 0.0 0.0 0.0 0.0 0.0 0.0 0.0 0.0 0.0 0.0 0.0 0.0 0.0 0.0 0.0 
1534 1.516 4.249227002477591e-05 0.0 0.0 4.249227002477591e-05 0.0 0.0 0.0 0.0 0.0 0.0 0.0 0.0 0.0 0.0 0.0 0.0 0.0 0.0 0.0 0.0 0.0 
1535 1.517 4.2540041536418025e-05 0.0 0.0 4.2540041536418025e-05 0.0 0.0 0.0 0.0 0.0 0.0 0.0 0.0 0.0 0.0 0.0 0.0 0.0 0.0 0.0 0.0 0.0 
1536 1.518 4.258785962207532e-05 0.0 0.0 4.258785962207532e-05 0.0 0.0 0.0 0.0 0.0 0.0 0.0 0.0 0.0 0.0 0.0 0.0 0.0 0.0 0.0 0.0 0.0 
1537 1.519 4.2635724315459784e-05 0.0 0.0 4.2635724315459784e-05 0.0 0.0 0.0 0.0 0.0 0.0 0.0 0.0 0.0 0.0 0.0 0.0 0.0 0.0 0.0 0.0 0.0 
1538 1.52 4.268363565028757e-05 0.0 0.0 4.268363565028757e-05 0.0 0.0 0.0 0.0 0.0 0.0 0.0 0.0 0.0 0.0 0.0 0.0 0.0 0.0 0.0 0.0 0.0 
1539 1.521 4.273159366027902e-05 0.0 0.0 4.273159366027902e-05 0.0 0.0 0.0 0.0 0.0 0.0 0.0 0.0 0.0 0.0 0.0 0.0 0.0 0.0 0.0 0.0 0.0 
1540 1.522 4.27795983791586e-05 0.0 0.0 4.27795983791586e-05 0.0 0.0 0.0 0.0 0.0 0.0 0.0 0.0 0.0 0.0 0.0 0.0 0.0 0.0 0.0 0.0 0.0 
1541 1.523 4.282764984065484e-05 0.0 0.0 4.282764984065484e-05 0.0 0.0 0.0 0.0 0.0 0.0 0.0 0.0 0.0 0.0 0.0 0.0 0.0 0.0 0.0 0.0 0.0 
1542 1.524 4.2875748078500355e-05 0.0 0.0 4.2875748078500355e-05 0.0 0.0 0.0 0.0 0.0 0.0 0.0 0.0 0.0 0.0 0.0 0.0 0.0 0.0 0.0 0.0 0.0 
1543 1.525 4.2923893126431694e-05 0.0 0.0 4.2923893126431694e-05 0.0 0.0 0.0 0.0 0.0 0.0 0.0 0.0 0.0 0.0 0.0 0.0 0.0 0.0 0.0 0.0 0.0 
1544 1.526 4.29720850181894e-05 0.0 0.0 4.29720850181894e-05 0.0 0.0 0.0 0.0 0.0 0.0 0.0 0.0 0.0 0.0 0.0 0.0 0.0 0.0 0.0 0.0 0.0 
1545 1.527 4.3020323787517914e-05 0.0 0.0 4.3020323787517914e-05 0.0 0.0 0.0 0.0 0.0 0.0 0.0 0.0 0.0 0.0 0.0 0.0 0.0 0.0 0.0 0.0 0.0 
1546 1.528 4.306860946816553e-05 0.0 0.0 4.306860946816553e-05 0.0 0.0 0.0 0.0 0.0 0.0 0.0 0.0 0.0 0.0 0.0 0.0 0.0 0.0 0.0 0.0 0.0 
1547 1.529 4.311694209388438e-05 0.0 0.0 4.311694209388438e-05 0.0 0.0 0.0 0.0 0.0 0.0 0.0 0.0 0.0 0.0 0.0 0.0 0.0 0.0 0.0 0.0 0.0 
1548 1.53 4.316532169843038e-05 0.0 0.0 4.316532169843038e-05 0.0 0.0 0.0 0.0 0.0 0.0 0.0 0.0 0.0 0.0 0.0 0.0 0.0 0.0 0.0 0.0 0.0 
1549 1.531 4.321374831556317e-05 0.0 0.0 4.321374831556317e-05 0.0 0.0 0.0 0.0 0.0 0.0 0.0 0.0 0.0 0.0 0.0 0.0 0.0 0.0 0.0 0.0 0.0 
1550 1.532 4.326222197904607e-05 0.0 0.0 4.326222197904607e-05 0.0 0.0 0.0 0.0 0.0 0.0 0.0 0.0 0.0 0.0 0.0 0.0 0.0 0.0 0.0 0.0 0.0 
1551 1.533 4.331074272264607e-05 0.0 0.0 4.331074272264607e-05 0.0 0.0 0.0 0.0 0.0 0.0 0.0 0.0 0.0 0.0 0.0 0.0 0.0 0.0 0.0 0.0 0.0 
1552 1.534 4.3359310580133764e-05 0.0 0.0 4.3359310580133764e-05 0.0 0.0 0.0 0.0 0.0 0.0 0.0 0.0 0.0 0.0 0.0 0.0 0.0 0.0 0.0 0.0 0.0 
1553 1.535 4.340792558528329e-05 0.0 0.0 4.340792558528329e-05 0.0 0.0 0.0 0.0 0.0 0.0 0.0 0.0 0.0 0.0 0.0 0.0 0.0 0.0 0.0 0.0 0.0 
1554 1.536 4.345658777187231e-05 0.0 0.0 4.345658777187231e-05 0.0 0.0 0.0 0.0 0.0 0.0 0.0 0.0 0.0 0.0 0.0 0.0 0.0 0.0 0.0 0.0 0.0 
1555 1.537 4.3505297173681975e-05 0.0 0.0 4.3505297173681975e-05 0.0 0.0 0.0 0.0 0.0 0.0 0.0 0.0 0.0 0.0 0.0 0.0 0.0 0.0 0.0 0.0 0.0 
1556 1.538 4.355405382449685e-05 0.0 0.0 4.355405382449685e-05 0.0 0.0 0.0 0.0 0.0 0.0 0.0 0.0 0.0 0.0 0.0 0.0 0.0 0.0 0.0 0.0 0.0 
1557 1.539 4.3602857758104847e-05 0.0 0.0 4.3602857758104847e-05 0.0 0.0 0.0 0.0 0.0 0.0 0.0 0.0 0.0 0.0 0.0 0.0 0.0 0.0 0.0 0.0 0.0 
1558 1.54 4.36517090082973e-05 0.0 0.0 4.36517090082973e-05 0.0 0.0 0.0 0.0 0.0 0.0 0.0 0.0 0.0 0.0 0.0 0.0 0.0 0.0 0.0 0.0 0.0 
1559 1.541 4.3700607608868776e-05 0.0 0.0 4.3700607608868776e-05 0.0 0.0 0.0 0.0 0.0 0.0 0.0 0.0 0.0 0.0 0.0 0.0 0.0 0.0 0.0 0.0 0.0 
1560 1.542 4.374955359361709e-05 0.0 0.0 4.374955359361709e-05 0.0 0.0 0.0 0.0 0.0 0.0 0.0 0.0 0.0 0.0 0.0 0.0 0.0 0.0 0.0 0.0 0.0 
1561 1.543 4.379854699634331e-05 0.0 0.0 4.379854699634331e-05 0.0 0.0 0.0 0.0 0.0 0.0 0.0 0.0 0.0 0.0 0.0 0.0 0.0 0.0 0.0 0.0 0.0 
1562 1.544 4.384758785085163e-05 0.0 0.0 4.384758785085163e-05 0.0 0.0 0.0 0.0 0.0 0.0 0.0 0.0 0.0 0.0 0.0 0.0 0.0 0.0 0.0 0.0 0.0 
1563 1.545 4.389667619094937e-05 0.0 0.0 4.389667619094937e-05 0.0 0.0 0.0 0.0 0.0 0.0 0.0 0.0 0.0 0.0 0.0 0.0 0.0 0.0 0.0 0.0 0.0 
1564 1.546 4.3945812050446885e-05 0.0 0.0 4.3945812050446885e-05 0.0 0.0 0.0 0.0 0.0 0.0 0.0 0.0 0.0 0.0 0.0 0.0 0.0 0.0 0.0 0.0 0.0 
1565 1.547 4.3994995463157644e-05 0.0 0.0 4.3994995463157644e-05 0.0 0.0 0.0 0.0 0.0 0.0 0.0 0.0 0.0 0.0 0.0 0.0 0.0 0.0 0.0 0.0 0.0 
1566 1.547 4.4044226462898e-05 0.0 0.0 4.4044226462898e-05 0.0 0.0 0.0 0.0 0.0 0.0 0.0 0.0 0.0 0.0 0.0 0.0 0.0 0.0 0.0 0.0 0.0 
1567 1.548 4.4093505083487295e-05 0.0 0.0 4.4093505083487295e-05 0.0 0.0 0.0 0.0 0.0 0.0 0.0 0.0 0.0 0.0 0.0 0.0 0.0 0.0 0.0 0.0 0.0 
1568 1.549 4.414283135874777e-05 0.0 0.0 4.414283135874777e-05 0.0 0.0 0.0 0.0 0.0 0.0 0.0 0.0 0.0 0.0 0.0 0.0 0.0 0.0 0.0 0.0 0.0 
1569 1.55 4.419220532250448e-05 0.0 0.0 4.419220532250448e-05 0.0 0.0 0.0 0.0 0.0 0.0 0.0 0.0 0.0 0.0 0.0 0.0 0.0 0.0 0.0 0.0 0.0 
1570 1.551 4.424162700858528e-05 0.0 0.0 4.424162700858528e-05 0.0 0.0 0.0 0.0 0.0 0.0 0.0 0.0 0.0 0.0 0.0 0.0 0.0 0.0 0.0 0.0 0.0 
1571 1.552 4.4291096450820814e-05 0.0 0.0 4.4291096450820814e-05 0.0 0.0 0.0 0.0 0.0 0.0 0.0 0.0 0.0 0.0 0.0 0.0 0.0 0.0 0.0 0.0 0.0 
1572 1.553 4.434061368304438e-05 0.0 0.0 4.434061368304438e-05 0.0 0.0 0.0 0.0 0.0 0.0 0.0 0.0 0.0 0.0 0.0 0.0 0.0 0.0 0.0 0.0 0.0 
1573 1.554 4.4390178739092e-05 0.0 0.0 4.4390178739092e-05 0.0 0.0 0.0 0.0 0.0 0.0 0.0 0.0 0.0 0.0 0.0 0.0 0.0 0.0 0.0 0.0 0.0 
1574 1.555 4.443979165280229e-05 0.0 0.0 4.443979165280229e-05 0.0 0.0 0.0 0.0 0.0 0.0 0.0 0.0 0.0 0.0 0.0 0.0 0.0 0.0 0.0 0.0 0.0 
1575 1.556 4.448945245801638e-05 0.0 0.0 4.448945245801638e-05 0.0 0.0 0.0 0.0 0.0 0.0 0.0 0.0 0.0 0.0 0.0 0.0 0.0 0.0 0.0 0.0 0.0 
1576 1.557 4.4539161188577996e-05 0.0 0.0 4.4539161188577996e-05 0.0 0.0 0.0 0.0 0.0 0.0 0.0 0.0 0.0 0.0 0.0 0.0 0.0 0.0 0.0 0.0 0.0 
1577 1.558 4.458891787833334e-05 0.0 0.0 4.458891787833334e-05 0.0 0.0 0.0 0.0 0.0 0.0 0.0 0.0 0.0 0.0 0.0 0.0 0.0 0.0 0.0 0.0 0.0 
1578 1.559 4.463872256113098e-05 0.0 0.0 4.463872256113098e-05 0.0 0.0 0.0 0.0 0.0 0.0 0.0 0.0 0.0 0.0 0.0 0.0 0.0 0.0 0.0 0.0 0.0 
1579 1.56 4.468857527082194e-05 0.0 0.0 4.468857527082194e-05 0.0 0.0 0.0 0.0 0.0 0.0 0.0 0.0 0.0 0.0 0.0 0.0 0.0 0.0 0.0 0.0 0.0 
1580 1.561 4.4738476041259564e-05 0.0 0.0 4.4738476041259564e-05 0.0 0.0 0.0 0.0 0.0 0.0 0.0 0.0 0.0 0.0 0.0 0.0 0.0 0.0 0.0 0.0 0.0 
1581 1.562 4.4788424906299455e-05 0.0 0.0 4.4788424906299455e-05 0.0 0.0 0.0 0.0 0.0 0.0 0.0 0.0 0.0 0.0 0.0 0.0 0.0 0.0 0.0 0.0 0.0 
1582 1.563 4.48384218997995e-05 0.0 0.0 4.48384218997995e-05 0.0 0.0 0.0 0.0 0.0 0.0 0.0 0.0 0.0 0.0 0.0 0.0 0.0 0.0 0.0 0.0 0.0 
1583 1.564 4.488846705561975e-05 0.0 0.0 4.488846705561975e-05 0.0 0.0 0.0 0.0 0.0 0.0 0.0 0.0 0.0 0.0 0.0 0.0 0.0 0.0 0.0 0.0 0.0 
1584 1.565 4.493856040762245e-05 0.0 0.0 4.493856040762245e-05 0.0 0.0 0.0 0.0 0.0 0.0 0.0 0.0 0.0 0.0 0.0 0.0 0.0 0.0 0.0 0.0 0.0 
1585 1.566 4.4988701989671914e-05 0.0 0.0 4.4988701989671914e-05 0.0 0.0 0.0 0.0 0.0 0.0 0.0 0.0 0.0 0.0 0.0 0.0 0.0 0.0 0.0 0.0 0.0 
1586 1.567 4.5038891835634535e-05 0.0 0.0 4.5038891835634535e-05 0.0 0.0 0.0 0.0 0.0 0.0 0.0 0.0 0.0 0.0 0.0 0.0 0.0 0.0 0.0 0.0 0.0 
1587 1.568 4.508912997937871e-05 0.0 0.0 4.508912997937871e-05 0.0 0.0 0.0 0.0 0.0 0.0 0.0 0.0 0.0 0.0 0.0 0.0 0.0 0.0 0.0 0.0 0.0 
1588 1.569 4.513941645477476e-05 0.0 0.0 4.513941645477476e-05 0.0 0.0 0.0 0.0 0.0 0.0 0.0 0.0 0.0 0.0 0.0 0.0 0.0 0.0 0.0 0.0 0.0 
1589 1.57 4.5189751295694985e-05 0.0 0.0 4.5189751295694985e-05 0.0 0.0 0.0 0.0 0.0 0.0 0.0 0.0 0.0 0.0 0.0 0.0 0.0 0.0 0.0 0.0 0.0 
1590 1.571 4.524013453601353e-05 0.0 0.0 4.524013453601353e-05 0.0 0.0 0.0 0.0 0.0 0.0 0.0 0.0 0.0 0.0 0.0 0.0 0.0 0.0 0.0 0.0 0.0 
1591 1.572 4.529056620960634e-05 0.0 0.0 4.529056620960634e-05 0.0 0.0 0.0 0.0 0.0 0.0 0.0 0.0 0.0 0.0 0.0 0.0 0.0 0.0 0.0 0.0 0.0 
1592 1.573 4.534104635035116e-05 0.0 0.0 4.534104635035116e-05 0.0 0.0 0.0 0.0 0.0 0.0 0.0 0.0 0.0 0.0 0.0 0.0 0.0 0.0 0.0 0.0 0.0 
1593 1.574 4.539157499212743e-05 0.0 0.0 4.539157499212743e-05 0.0 0.0 0.0 0.0 0.0 0.0 0.0 0.0 0.0 0.0 0.0 0.0 0.0 0.0 0.0 0.0 0.0 
1594 1.575 4.5442152168816294e-05 0.0 0.0 4.5442152168816294e-05 0.0 0.0 0.0 0.0 0.0 0.0 0.0 0.0 0.0 0.0 0.0 0.0 0.0 0.0 0.0 0.0 0.0 
1595 1.576 4.5492777914300505e-05 0.0 0.0 4.5492777914300505e-05 0.0 0.0 0.0 0.0 0.0 0.0 0.0 0.0 0.0 0.0 0.0 0.0 0.0 0.0 0.0 0.0 0.0 
1596 1.577 4.554345226246441e-05 0.0 0.0 4.554345226246441e-05 0.0 0.0 0.0 0.0 0.0 0.0 0.0 0.0 0.0 0.0 0.0 0.0 0.0 0.0 0.0 0.0 0.0 
1597 1.578 4.5594175247193883e-05 0.0 0.0 4.5594175247193883e-05 0.0 0.0 0.0 0.0 0.0 0.0 0.0 0.0 0.0 0.0 0.0 0.0 0.0 0.0 0.0 0.0 0.0 
1598 1.579 4.564494690237629e-05 0.0 0.0 4.564494690237629e-05 0.0 0.0 0.0 0.0 0.0 0.0 0.0 0.0 0.0 0.0 0.0 0.0 0.0 0.0 0.0 0.0 0.0 
1599 1.58 4.569576726190041e-05 0.0 0.0 4.569576726190041e-05 0.0 0.0 0.0 0.0 0.0 0.0 0.0 0.0 0.0 0.0 0.0 0.0 0.0 0.0 0.0 0.0 0.0 
1600 1.581 4.5746636359656415e-05 0.0 0.0 4.5746636359656415e-05 0.0 0.0 0.0 0.0 0.0 0.0 0.0 0.0 0.0 0.0 0.0 0.0 0.0 0.0 0.0 0.0 0.0 
1601 1.582 4.579755422953584e-05 0.0 0.0 4.579755422953584e-05 0.0 0.0 0.0 0.0 0.0 0.0 0.0 0.0 0.0 0.0 0.0 0.0 0.0 0.0 0.0 0.0 0.0 
1602 1.583 4.584852090543149e-05 0.0 0.0 4.584852090543149e-05 0.0 0.0 0.0 0.0 0.0 0.0 0.0 0.0 0.0 0.0 0.0 0.0 0.0 0.0 0.0 0.0 0.0 
1603 1.584 4.589953642123742e-05 0.0 0.0 4.589953642123742e-05 0.0 0.0 0.0 0.0 0.0 0.0 0.0 0.0 0.0 0.0 0.0 0.0 0.0 0.0 0.0 0.0 0.0 
1604 1.585 4.5950600810848865e-05 0.0 0.0 4.5950600810848865e-05 0.0 0.0 0.0 0.0 0.0 0.0 0.0 0.0 0.0 0.0 0.0 0.0 0.0 0.0 0.0 0.0 0.0 
1605 1.586 4.6001714108162186e-05 0.0 0.0 4.6001714108162186e-05 0.0 0.0 0.0 0.0 0.0 0.0 0.0 0.0 0.0 0.0 0.0 0.0 0.0 0.0 0.0 0.0 0.0 
1606 1.587 4.605287634707489e-05 0.0 0.0 4.605287634707489e-05 0.0 0.0 0.0 0.0 0.0 0.0 0.0 0.0 0.0 0.0 0.0 0.0 0.0 0.0 0.0 0.0 0.0 
1607 1.588 4.6104087561485465e-05 0.0 0.0 4.6104087561485465e-05 0.0 0.0 0.0 0.0 0.0 0.0 0.0 0.0 0.0 0.0 0.0 0.0 0.0 0.0 0.0 0.0 0.0 
1608 1.589 4.615534778529346e-05 0.0 0.0 4.615534778529346e-05 0.0 0.0 0.0 0.0 0.0 0.0 0.0 0.0 0.0 0.0 0.0 0.0 0.0 0.0 0.0 0.0 0.0 
1609 1.59 4.6206657052399316e-05 0.0 0.0 4.6206657052399316e-05 0.0 0.0 0.0 0.0 0.0 0.0 0.0 0.0 0.0 0.0 0.0 0.0 0.0 0.0 0.0 0.0 0.0 
1610 1.591 4.625801539670438e-05 0.0 0.0 4.625801539670438e-05 0.0 0.0 0.0 0.0 0.0 0.0 0.0 0.0 0.0 0.0 0.0 0.0 0.0 0.0 0.0 0.0 0.0 
1611 1.592 4.630942285211088e-05 0.0 0.0 4.630942285211088e-05 0.0 0.0 0.0 0.0 0.0 0.0 0.0 0.0 0.0 0.0 0.0 0.0 0.0 0.0 0.0 0.0 0.0 
1612 1.593 4.636087945252179e-05 0.0 0.0 4.636087945252179e-05 0.0 0.0 0.0 0.0 0.0 0.0 0.0 0.0 0.0 0.0 0.0 0.0 0.0 0.0 0.0 0.0 0.0 
1613 1.594 4.641238523184086e-05 0.0 0.0 4.641238523184086e-05 0.0 0.0 0.0 0.0 0.0 0.0 0.0 0.0 0.0 0.0 0.0 0.0 0.0 0.0 0.0 0.0 0.0 
1614 1.595 4.646394022397253e-05 0.0 0.0 4.646394022397253e-05 0.0 0.0 0.0 0.0 0.0 0.0 0.0 0.0 0.0 0.0 0.0 0.0 0.0 0.0 0.0 0.0 0.0 
1615 1.596 4.651554446282189e-05 0.0 0.0 4.651554446282189e-05 0.0 0.0 0.0 0.0 0.0 0.0 0.0 0.0 0.0 0.0 0.0 0.0 0.0 0.0 0.0 0.0 0.0 
1616 1.597 4.656719798229465e-05 0.0 0.0 4.656719798229465e-05 0.0 0.0 0.0 0.0 0.0 0.0 0.0 0.0 0.0 0.0 0.0 0.0 0.0 0.0 0.0 0.0 0.0 
1617 1.598 4.6618900816297e-05 0.0 0.0 4.6618900816297e-05 0.0 0.0 0.0 0.0 0.0 0.0 0.0 0.0 0.0 0.0 0.0 0.0 0.0 0.0 0.0 0.0 0.0 
1618 1.599 4.667065299873568e-05 0.0 0.0 4.667065299873568e-05 0.0 0.0 0.0 0.0 0.0 0.0 0.0 0.0 0.0 0.0 0.0 0.0 0.0 0.0 0.0 0.0 0.0 
1619 1.6 4.672245456351787e-05 0.0 0.0 4.672245456351787e-05 0.0 0.0 0.0 0.0 0.0 0.0 0.0 0.0 0.0 0.0 0.0 0.0 0.0 0.0 0.0 0.0 0.0 
1620 1.601 4.67743055445511e-05 0.0 0.0 4.67743055445511e-05 0.0 0.0 0.0 0.0 0.0 0.0 0.0 0.0 0.0 0.0 0.0 0.0 0.0 0.0 0.0 0.0 0.0 
1621 1.602 4.682620597574332e-05 0.0 0.0 4.682620597574332e-05 0.0 0.0 0.0 0.0 0.0 0.0 0.0 0.0 0.0 0.0 0.0 0.0 0.0 0.0 0.0 0.0 0.0 
1622 1.603 4.68781558910027e-05 0.0 0.0 4.68781558910027e-05 0.0 0.0 0.0 0.0 0.0 0.0 0.0 0.0 0.0 0.0 0.0 0.0 0.0 0.0 0.0 0.0 0.0 
1623 1.604 4.6930155324237704e-05 0.0 0.0 4.6930155324237704e-05 0.0 0.0 0.0 0.0 0.0 0.0 0.0 0.0 0.0 0.0 0.0 0.0 0.0 0.0 0.0 0.0 0.0 
1624 1.605 4.698220430935696e-05 0.0 0.0 4.698220430935696e-05 0.0 0.0 0.0 0.0 0.0 0.0 0.0 0.0 0.0 0.0 0.0 0.0 0.0 0.0 0.0 0.0 0.0 
1625 1.606 4.703430288026924e-05 0.0 0.0 4.703430288026924e-05 0.0 0.0 0.0 0.0 0.0 0.0 0.0 0.0 0.0 0.0 0.0 0.0 0.0 0.0 0.0 0.0 0.0 
1626 1.607 4.7086451070883407e-05 0.0 0.0 4.7086451070883407e-05 0.0 0.0 0.0 0.0 0.0 0.0 0.0 0.0 0.0 0.0 0.0 0.0 0.0 0.0 0.0 0.0 0.0 
1627 1.608 4.7138648915108356e-05 0.0 0.0 4.7138648915108356e-05 0.0 0.0 0.0 0.0 0.0 0.0 0.0 0.0 0.0 0.0 0.0 0.0 0.0 0.0 0.0 0.0 0.0 
1628 1.609 4.719089644685297e-05 0.0 0.0 4.719089644685297e-05 0.0 0.0 0.0 0.0 0.0 0.0 0.0 0.0 0.0 0.0 0.0 0.0 0.0 0.0 0.0 0.0 0.0 
1629 1.61 4.724319370002608e-05 0.0 0.0 4.724319370002608e-05 0.0 0.0 0.0 0.0 0.0 0.0 0.0 0.0 0.0 0.0 0.0 0.0 0.0 0.0 0.0 0.0 0.0 
1630 1.611 4.72955407085364e-05 0.0 0.0 4.72955407085364e-05 0.0 0.0 0.0 0.0 0.0 0.0 0.0 0.0 0.0 0.0 0.0 0.0 0.0 0.0 0.0 0.0 0.0 
1631 1.612 4.734793750629242e-05 0.0 0.0 4.734793750629242e-05 0.0 0.0 0.0 0.0 0.0 0.0 0.0 0.0 0.0 0.0 0.0 0.0 0.0 0.0 0.0 0.0 0.0 
1632 1.613 4.740038412720248e-05 0.0 0.0 4.740038412720248e-05 0.0 0.0 0.0 0.0 0.0 0.0 0.0 0.0 0.0 0.0 0.0 0.0 0.0 0.0 0.0 0.0 0.0 
1633 1.614 4.7452880605174635e-05 0.0 0.0 4.7452880605174635e-05 0.0 0.0 0.0 0.0 0.0 0.0 0.0 0.0 0.0 0.0 0.0 0.0 0.0 0.0 0.0 0.0 0.0 
1634 1.615 4.750542697411658e-05 0.0 0.0 4.750542697411658e-05 0.0 0.0 0.0 0.0 0.0 0.0 0.0 0.0 0.0 0.0 0.0 0.0 0.0 0.0 0.0 0.0 0.0 
1635 1.616 4.755802326793566e-05 0.0 0.0 4.755802326793566e-05 0.0 0.0 0.0 0.0 0.0 0.0 0.0 0.0 0.0 0.0 0.0 0.0 0.0 0.0 0.0 0.0 0.0 
1636 1.617 4.7610669520538775e-05 0.0 0.0 4.7610669520538775e-05 0.0 0.0 0.0 0.0 0.0 0.0 0.0 0.0 0.0 0.0 0.0 0.0 0.0 0.0 0.0 0.0 0.0 
1637 1.618 4.766336576583236e-05 0.0 0.0 4.766336576583236e-05 0.0 0.0 0.0 0.0 0.0 0.0 0.0 0.0 0.0 0.0 0.0 0.0 0.0 0.0 0.0 0.0 0.0 
1638 1.619 4.771611203772229e-05 0.0 0.0 4.771611203772229e-05 0.0 0.0 0.0 0.0 0.0 0.0 0.0 0.0 0.0 0.0 0.0 0.0 0.0 0.0 0.0 0.0 0.0 
1639 1.62 4.776890837011388e-05 0.0 0.0 4.776890837011388e-05 0.0 0.0 0.0 0.0 0.0 0.0 0.0 0.0 0.0 0.0 0.0 0.0 0.0 0.0 0.0 0.0 0.0 
1640 1.621 4.78217547969118e-05 0.0 0.0 4.78217547969118e-05 0.0 0.0 0.0 0.0 0.0 0.0 0.0 0.0 0.0 0.0 0.0 0.0 0.0 0.0 0.0 0.0 0.0 
1641 1.622 4.787465135202002e-05 0.0 0.0 4.787465135202002e-05 0.0 0.0 0.0 0.0 0.0 0.0 0.0 0.0 0.0 0.0 0.0 0.0 0.0 0.0 0.0 0.0 0.0 
1642 1.623 4.792759806934176e-05 0.0 0.0 4.792759806934176e-05 0.0 0.0 0.0 0.0 0.0 0.0 0.0 0.0 0.0 0.0 0.0 0.0 0.0 0.0 0.0 0.0 0.0 
1643 1.624 4.798059498277946e-05 0.0 0.0 4.798059498277946e-05 0.0 0.0 0.0 0.0 0.0 0.0 0.0 0.0 0.0 0.0 0.0 0.0 0.0 0.0 0.0 0.0 0.0 
1644 1.625 4.80336421262347e-05 0.0 0.0 4.80336421262347e-05 0.0 0.0 0.0 0.0 0.0 0.0 0.0 0.0 0.0 0.0 0.0 0.0 0.0 0.0 0.0 0.0 0.0 
1645 1.626 4.808673953360814e-05 0.0 0.0 4.808673953360814e-05 0.0 0.0 0.0 0.0 0.0 0.0 0.0 0.0 0.0 0.0 0.0 0.0 0.0 0.0 0.0 0.0 0.0 
1646 1.627 4.813988723879949e-05 0.0 0.0 4.813988723879949e-05 0.0 0.0 0.0 0.0 0.0 0.0 0.0 0.0 0.0 0.0 0.0 0.0 0.0 0.0 0.0 0.0 0.0 
1647 1.628 4.8193085275707486e-05 0.0 0.0 4.8193085275707486e-05 0.0 0.0 0.0 0.0 0.0 0.0 0.0 0.0 0.0 0.0 0.0 0.0 0.0 0.0 0.0 0.0 0.0 
1648 1.629 4.824633367822973e-05 0.0 0.0 4.824633367822973e-05 0.0 0.0 0.0 0.0 0.0 0.0 0.0 0.0 0.0 0.0 0.0 0.0 0.0 0.0 0.0 0.0 0.0 
1649 1.63 4.829963248026276e-05 0.0 0.0 4.829963248026276e-05 0.0 0.0 0.0 0.0 0.0 0.0 0.0 0.0 0.0 0.0 0.0 0.0 0.0 0.0 0.0 0.0 0.0 
1650 1.631 4.835298171570192e-05 0.0 0.0 4.835298171570192e-05 0.0 0.0 0.0 0.0 0.0 0.0 0.0 0.0 0.0 0.0 0.0 0.0 0.0 0.0 0.0 0.0 0.0 
1651 1.631 4.8406381418441336e-05 0.0 0.0 4.8406381418441336e-05 0.0 0.0 0.0 0.0 0.0 0.0 0.0 0.0 0.0 0.0 0.0 0.0 0.0 0.0 0.0 0.0 0.0 
1652 1.632 4.845983162237383e-05 0.0 0.0 4.845983162237383e-05 0.0 0.0 0.0 0.0 0.0 0.0 0.0 0.0 0.0 0.0 0.0 0.0 0.0 0.0 0.0 0.0 0.0 
1653 1.633 4.8513332361390926e-05 0.0 0.0 4.8513332361390926e-05 0.0 0.0 0.0 0.0 0.0 0.0 0.0 0.0 0.0 0.0 0.0 0.0 0.0 0.0 0.0 0.0 0.0 
1654 1.634 4.856688366938273e-05 0.0 0.0 4.856688366938273e-05 0.0 0.0 0.0 0.0 0.0 0.0 0.0 0.0 0.0 0.0 0.0 0.0 0.0 0.0 0.0 0.0 0.0 
1655 1.635 4.8620485580237923e-05 0.0 0.0 4.8620485580237923e-05 0.0 0.0 0.0 0.0 0.0 0.0 0.0 0.0 0.0 0.0 0.0 0.0 0.0 0.0 0.0 0.0 0.0 
1656 1.636 4.867413812784368e-05 0.0 0.0 4.867413812784368e-05 0.0 0.0 0.0 0.0 0.0 0.0 0.0 0.0 0.0 0.0 0.0 0.0 0.0 0.0 0.0 0.0 0.0 
1657 1.637 4.872784134608561e-05 0.0 0.0 4.872784134608561e-05 0.0 0.0 0.0 0.0 0.0 0.0 0.0 0.0 0.0 0.0 0.0 0.0 0.0 0.0 0.0 0.0 0.0 
1658 1.638 4.878159526884776e-05 0.0 0.0 4.878159526884776e-05 0.0 0.0 0.0 0.0 0.0 0.0 0.0 0.0 0.0 0.0 0.0 0.0 0.0 0.0 0.0 0.0 0.0 
1659 1.639 4.8835399930012476e-05 0.0 0.0 4.8835399930012476e-05 0.0 0.0 0.0 0.0 0.0 0.0 0.0 0.0 0.0 0.0 0.0 0.0 0.0 0.0 0.0 0.0 0.0 
1660 1.64 4.888925536346038e-05 0.0 0.0 4.888925536346038e-05 0.0 0.0 0.0 0.0 0.0 0.0 0.0 0.0 0.0 0.0 0.0 0.0 0.0 0.0 0.0 0.0 0.0 
1661 1.641 4.8943161603070365e-05 0.0 0.0 4.8943161603070365e-05 0.0 0.0 0.0 0.0 0.0 0.0 0.0 0.0 0.0 0.0 0.0 0.0 0.0 0.0 0.0 0.0 0.0 
1662 1.642 4.899711868271945e-05 0.0 0.0 4.899711868271945e-05 0.0 0.0 0.0 0.0 0.0 0.0 0.0 0.0 0.0 0.0 0.0 0.0 0.0 0.0 0.0 0.0 0.0 
1663 1.643 4.9051126636282835e-05 0.0 0.0 4.9051126636282835e-05 0.0 0.0 0.0 0.0 0.0 0.0 0.0 0.0 0.0 0.0 0.0 0.0 0.0 0.0 0.0 0.0 0.0 
1664 1.644 4.91051854976337e-05 0.0 0.0 4.91051854976337e-05 0.0 0.0 0.0 0.0 0.0 0.0 0.0 0.0 0.0 0.0 0.0 0.0 0.0 0.0 0.0 0.0 0.0 
1665 1.645 4.9159295300643315e-05 0.0 0.0 4.9159295300643315e-05 0.0 0.0 0.0 0.0 0.0 0.0 0.0 0.0 0.0 0.0 0.0 0.0 0.0 0.0 0.0 0.0 0.0 
1666 1.646 4.9213456079180835e-05 0.0 0.0 4.9213456079180835e-05 0.0 0.0 0.0 0.0 0.0 0.0 0.0 0.0 0.0 0.0 0.0 0.0 0.0 0.0 0.0 0.0 0.0 
1667 1.647 4.9267667867113367e-05 0.0 0.0 4.9267667867113367e-05 0.0 0.0 0.0 0.0 0.0 0.0 0.0 0.0 0.0 0.0 0.0 0.0 0.0 0.0 0.0 0.0 0.0 
1668 1.648 4.932193069830581e-05 0.0 0.0 4.932193069830581e-05 0.0 0.0 0.0 0.0 0.0 0.0 0.0 0.0 0.0 0.0 0.0 0.0 0.0 0.0 0.0 0.0 0.0 
1669 1.649 4.93762446066209e-05 0.0 0.0 4.93762446066209e-05 0.0 0.0 0.0 0.0 0.0 0.0 0.0 0.0 0.0 0.0 0.0 0.0 0.0 0.0 0.0 0.0 0.0 
1670 1.65 4.9430609625919074e-05 0.0 0.0 4.9430609625919074e-05 0.0 0.0 0.0 0.0 0.0 0.0 0.0 0.0 0.0 0.0 0.0 0.0 0.0 0.0 0.0 0.0 0.0 
1671 1.651 4.9485025790058414e-05 0.0 0.0 4.9485025790058414e-05 0.0 0.0 0.0 0.0 0.0 0.0 0.0 0.0 0.0 0.0 0.0 0.0 0.0 0.0 0.0 0.0 0.0 
1672 1.652 4.9539493132894675e-05 0.0 0.0 4.9539493132894675e-05 0.0 0.0 0.0 0.0 0.0 0.0 0.0 0.0 0.0 0.0 0.0 0.0 0.0 0.0 0.0 0.0 0.0 
1673 1.653 4.959401168828114e-05 0.0 0.0 4.959401168828114e-05 0.0 0.0 0.0 0.0 0.0 0.0 0.0 0.0 0.0 0.0 0.0 0.0 0.0 0.0 0.0 0.0 0.0 
1674 1.654 4.964858149006858e-05 0.0 0.0 4.964858149006858e-05 0.0 0.0 0.0 0.0 0.0 0.0 0.0 0.0 0.0 0.0 0.0 0.0 0.0 0.0 0.0 0.0 0.0 
1675 1.655 4.9703202572105264e-05 0.0 0.0 4.9703202572105264e-05 0.0 0.0 0.0 0.0 0.0 0.0 0.0 0.0 0.0 0.0 0.0 0.0 0.0 0.0 0.0 0.0 0.0 
1676 1.656 4.9757874968236825e-05 0.0 0.0 4.9757874968236825e-05 0.0 0.0 0.0 0.0 0.0 0.0 0.0 0.0 0.0 0.0 0.0 0.0 0.0 0.0 0.0 0.0 0.0 
1677 1.657 4.981259871230622e-05 0.0 0.0 4.981259871230622e-05 0.0 0.0 0.0 0.0 0.0 0.0 0.0 0.0 0.0 0.0 0.0 0.0 0.0 0.0 0.0 0.0 0.0 
1678 1.658 4.9867373838153686e-05 0.0 0.0 4.9867373838153686e-05 0.0 0.0 0.0 0.0 0.0 0.0 0.0 0.0 0.0 0.0 0.0 0.0 0.0 0.0 0.0 0.0 0.0 
1679 1.659 4.992220037961671e-05 0.0 0.0 4.992220037961671e-05 0.0 0.0 0.0 0.0 0.0 0.0 0.0 0.0 0.0 0.0 0.0 0.0 0.0 0.0 0.0 0.0 0.0 
1680 1.66 4.997707837052991e-05 0.0 0.0 4.997707837052991e-05 0.0 0.0 0.0 0.0 0.0 0.0 0.0 0.0 0.0 0.0 0.0 0.0 0.0 0.0 0.0 0.0 0.0 
1681 1.661 5.003200784472502e-05 0.0 0.0 5.003200784472502e-05 0.0 0.0 0.0 0.0 0.0 0.0 0.0 0.0 0.0 0.0 0.0 0.0 0.0 0.0 0.0 0.0 0.0 
1682 1.662 5.008698883603082e-05 0.0 0.0 5.008698883603082e-05 0.0 0.0 0.0 0.0 0.0 0.0 0.0 0.0 0.0 0.0 0.0 0.0 0.0 0.0 0.0 0.0 0.0 
1683 1.663 5.014202137827311e-05 0.0 0.0 5.014202137827311e-05 0.0 0.0 0.0 0.0 0.0 0.0 0.0 0.0 0.0 0.0 0.0 0.0 0.0 0.0 0.0 0.0 0.0 
1684 1.664 5.019710550527459e-05 0.0 0.0 5.019710550527459e-05 0.0 0.0 0.0 0.0 0.0 0.0 0.0 0.0 0.0 0.0 0.0 0.0 0.0 0.0 0.0 0.0 0.0 
1685 1.665 5.0252241250854844e-05 0.0 0.0 5.0252241250854844e-05 0.0 0.0 0.0 0.0 0.0 0.0 0.0 0.0 0.0 0.0 0.0 0.0 0.0 0.0 0.0 0.0 0.0 
1686 1.666 5.030742864883027e-05 0.0 0.0 5.030742864883027e-05 0.0 0.0 0.0 0.0 0.0 0.0 0.0 0.0 0.0 0.0 0.0 0.0 0.0 0.0 0.0 0.0 0.0 
1687 1.667 5.036266773301408e-05 0.0 0.0 5.036266773301408e-05 0.0 0.0 0.0 0.0 0.0 0.0 0.0 0.0 0.0 0.0 0.0 0.0 0.0 0.0 0.0 0.0 0.0 
1688 1.668 5.04179585372161e-05 0.0 0.0 5.04179585372161e-05 0.0 0.0 0.0 0.0 0.0 0.0 0.0 0.0 0.0 0.0 0.0 0.0 0.0 0.0 0.0 0.0 0.0 
1689 1.669 5.047330109524288e-05 0.0 0.0 5.047330109524288e-05 0.0 0.0 0.0 0.0 0.0 0.0 0.0 0.0 0.0 0.0 0.0 0.0 0.0 0.0 0.0 0.0 0.0 
1690 1.67 5.052869544089752e-05 0.0 0.0 5.052869544089752e-05 0.0 0.0 0.0 0.0 0.0 0.0 0.0 0.0 0.0 0.0 0.0 0.0 0.0 0.0 0.0 0.0 0.0 
1691 1.671 5.058414160797964e-05 0.0 0.0 5.058414160797964e-05 0.0 0.0 0.0 0.0 0.0 0.0 0.0 0.0 0.0 0.0 0.0 0.0 0.0 0.0 0.0 0.0 0.0 
1692 1.672 5.063963963028534e-05 0.0 0.0 5.063963963028534e-05 0.0 0.0 0.0 0.0 0.0 0.0 0.0 0.0 0.0 0.0 0.0 0.0 0.0 0.0 0.0 0.0 0.0 
1693 1.673 5.069518954160717e-05 0.0 0.0 5.069518954160717e-05 0.0 0.0 0.0 0.0 0.0 0.0 0.0 0.0 0.0 0.0 0.0 0.0 0.0 0.0 0.0 0.0 0.0 
1694 1.674 5.075079137573398e-05 0.0 0.0 5.075079137573398e-05 0.0 0.0 0.0 0.0 0.0 0.0 0.0 0.0 0.0 0.0 0.0 0.0 0.0 0.0 0.0 0.0 0.0 
1695 1.675 5.080644516645093e-05 0.0 0.0 5.080644516645093e-05 0.0 0.0 0.0 0.0 0.0 0.0 0.0 0.0 0.0 0.0 0.0 0.0 0.0 0.0 0.0 0.0 0.0 
1696 1.676 5.0862150947539436e-05 0.0 0.0 5.0862150947539436e-05 0.0 0.0 0.0 0.0 0.0 0.0 0.0 0.0 0.0 0.0 0.0 0.0 0.0 0.0 0.0 0.0 0.0 
1697 1.677 5.091790875277706e-05 0.0 0.0 5.091790875277706e-05 0.0 0.0 0.0 0.0 0.0 0.0 0.0 0.0 0.0 0.0 0.0 0.0 0.0 0.0 0.0 0.0 0.0 
1698 1.678 5.097371861593752e-05 0.0 0.0 5.097371861593752e-05 0.0 0.0 0.0 0.0 0.0 0.0 0.0 0.0 0.0 0.0 0.0 0.0 0.0 0.0 0.0 0.0 0.0 
1699 1.679 5.1029580570790555e-05 0.0 0.0 5.1029580570790555e-05 0.0 0.0 0.0 0.0 0.0 0.0 0.0 0.0 0.0 0.0 0.0 0.0 0.0 0.0 0.0 0.0 0.0 
1700 1.68 5.108549465110193e-05 0.0 0.0 5.108549465110193e-05 0.0 0.0 0.0 0.0 0.0 0.0 0.0 0.0 0.0 0.0 0.0 0.0 0.0 0.0 0.0 0.0 0.0 
1701 1.681 5.1141460890633327e-05 0.0 0.0 5.1141460890633327e-05 0.0 0.0 0.0 0.0 0.0 0.0 0.0 0.0 0.0 0.0 0.0 0.0 0.0 0.0 0.0 0.0 0.0 
1702 1.682 5.119747932314232e-05 0.0 0.0 5.119747932314232e-05 0.0 0.0 0.0 0.0 0.0 0.0 0.0 0.0 0.0 0.0 0.0 0.0 0.0 0.0 0.0 0.0 0.0 
1703 1.683 5.1253549982382294e-05 0.0 0.0 5.1253549982382294e-05 0.0 0.0 0.0 0.0 0.0 0.0 0.0 0.0 0.0 0.0 0.0 0.0 0.0 0.0 0.0 0.0 0.0 
1704 1.684 5.130967290210243e-05 0.0 0.0 5.130967290210243e-05 0.0 0.0 0.0 0.0 0.0 0.0 0.0 0.0 0.0 0.0 0.0 0.0 0.0 0.0 0.0 0.0 0.0 
1705 1.685 5.1365848116047586e-05 0.0 0.0 5.1365848116047586e-05 0.0 0.0 0.0 0.0 0.0 0.0 0.0 0.0 0.0 0.0 0.0 0.0 0.0 0.0 0.0 0.0 0.0 
1706 1.686 5.142207565795825e-05 0.0 0.0 5.142207565795825e-05 0.0 0.0 0.0 0.0 0.0 0.0 0.0 0.0 0.0 0.0 0.0 0.0 0.0 0.0 0.0 0.0 0.0 
1707 1.687 5.1478355561570506e-05 0.0 0.0 5.1478355561570506e-05 0.0 0.0 0.0 0.0 0.0 0.0 0.0 0.0 0.0 0.0 0.0 0.0 0.0 0.0 0.0 0.0 0.0 
1708 1.688 5.1534687860615945e-05 0.0 0.0 5.1534687860615945e-05 0.0 0.0 0.0 0.0 0.0 0.0 0.0 0.0 0.0 0.0 0.0 0.0 0.0 0.0 0.0 0.0 0.0 
1709 1.689 5.1591072588821646e-05 0.0 0.0 5.1591072588821646e-05 0.0 0.0 0.0 0.0 0.0 0.0 0.0 0.0 0.0 0.0 0.0 0.0 0.0 0.0 0.0 0.0 0.0 
1710 1.69 5.164750977991006e-05 0.0 0.0 5.164750977991006e-05 0.0 0.0 0.0 0.0 0.0 0.0 0.0 0.0 0.0 0.0 0.0 0.0 0.0 0.0 0.0 0.0 0.0 
1711 1.691 5.170399946759899e-05 0.0 0.0 5.170399946759899e-05 0.0 0.0 0.0 0.0 0.0 0.0 0.0 0.0 0.0 0.0 0.0 0.0 0.0 0.0 0.0 0.0 0.0 
1712 1.692 5.1760541685601524e-05 0.0 0.0 5.1760541685601524e-05 0.0 0.0 0.0 0.0 0.0 0.0 0.0 0.0 0.0 0.0 0.0 0.0 0.0 0.0 0.0 0.0 0.0 
1713 1.693 5.181713646762594e-05 0.0 0.0 5.181713646762594e-05 0.0 0.0 0.0 0.0 0.0 0.0 0.0 0.0 0.0 0.0 0.0 0.0 0.0 0.0 0.0 0.0 0.0 
1714 1.694 5.1873783847375736e-05 0.0 0.0 5.1873783847375736e-05 0.0 0.0 0.0 0.0 0.0 0.0 0.0 0.0 0.0 0.0 0.0 0.0 0.0 0.0 0.0 0.0 0.0 
1715 1.695 5.1930483858549424e-05 0.0 0.0 5.1930483858549424e-05 0.0 0.0 0.0 0.0 0.0 0.0 0.0 0.0 0.0 0.0 0.0 0.0 0.0 0.0 0.0 0.0 0.0 
1716 1.696 5.19872365348406e-05 0.0 0.0 5.19872365348406e-05 0.0 0.0 0.0 0.0 0.0 0.0 0.0 0.0 0.0 0.0 0.0 0.0 0.0 0.0 0.0 0.0 0.0 
1717 1.697 5.2044041909937846e-05 0.0 0.0 5.2044041909937846e-05 0.0 0.0 0.0 0.0 0.0 0.0 0.0 0.0 0.0 0.0 0.0 0.0 0.0 0.0 0.0 0.0 0.0 
1718 1.698 5.210090001752461e-05 0.0 0.0 5.210090001752461e-05 0.0 0.0 0.0 0.0 0.0 0.0 0.0 0.0 0.0 0.0 0.0 0.0 0.0 0.0 0.0 0.0 0.0 
1719 1.699 5.215781089127926e-05 0.0 0.0 5.215781089127926e-05 0.0 0.0 0.0 0.0 0.0 0.0 0.0 0.0 0.0 0.0 0.0 0.0 0.0 0.0 0.0 0.0 0.0 
1720 1.7 5.221477456487487e-05 0.0 0.0 5.221477456487487e-05 0.0 0.0 0.0 0.0 0.0 0.0 0.0 0.0 0.0 0.0 0.0 0.0 0.0 0.0 0.0 0.0 0.0 
1721 1.701 5.22717910719793e-05 0.0 0.0 5.22717910719793e-05 0.0 0.0 0.0 0.0 0.0 0.0 0.0 0.0 0.0 0.0 0.0 0.0 0.0 0.0 0.0 0.0 0.0 
1722 1.702 5.232886044625507e-05 0.0 0.0 5.232886044625507e-05 0.0 0.0 0.0 0.0 0.0 0.0 0.0 0.0 0.0 0.0 0.0 0.0 0.0 0.0 0.0 0.0 0.0 
1723 1.703 5.238598272135928e-05 0.0 0.0 5.238598272135928e-05 0.0 0.0 0.0 0.0 0.0 0.0 0.0 0.0 0.0 0.0 0.0 0.0 0.0 0.0 0.0 0.0 0.0 
1724 1.704 5.2443157930943584e-05 0.0 0.0 5.2443157930943584e-05 0.0 0.0 0.0 0.0 0.0 0.0 0.0 0.0 0.0 0.0 0.0 0.0 0.0 0.0 0.0 0.0 0.0 
1725 1.705 5.250038610865412e-05 0.0 0.0 5.250038610865412e-05 0.0 0.0 0.0 0.0 0.0 0.0 0.0 0.0 0.0 0.0 0.0 0.0 0.0 0.0 0.0 0.0 0.0 
1726 1.706 5.2557667288131453e-05 0.0 0.0 5.2557667288131453e-05 0.0 0.0 0.0 0.0 0.0 0.0 0.0 0.0 0.0 0.0 0.0 0.0 0.0 0.0 0.0 0.0 0.0 
1727 1.707 5.261500150301049e-05 0.0 0.0 5.261500150301049e-05 0.0 0.0 0.0 0.0 0.0 0.0 0.0 0.0 0.0 0.0 0.0 0.0 0.0 0.0 0.0 0.0 0.0 
1728 1.708 5.267238878692043e-05 0.0 0.0 5.267238878692043e-05 0.0 0.0 0.0 0.0 0.0 0.0 0.0 0.0 0.0 0.0 0.0 0.0 0.0 0.0 0.0 0.0 0.0 
1729 1.709 5.272982917348472e-05 0.0 0.0 5.272982917348472e-05 0.0 0.0 0.0 0.0 0.0 0.0 0.0 0.0 0.0 0.0 0.0 0.0 0.0 0.0 0.0 0.0 0.0 
1730 1.71 5.278732269632093e-05 0.0 0.0 5.278732269632093e-05 0.0 0.0 0.0 0.0 0.0 0.0 0.0 0.0 0.0 0.0 0.0 0.0 0.0 0.0 0.0 0.0 0.0 
1731 1.711 5.28448693890408e-05 0.0 0.0 5.28448693890408e-05 0.0 0.0 0.0 0.0 0.0 0.0 0.0 0.0 0.0 0.0 0.0 0.0 0.0 0.0 0.0 0.0 0.0 
1732 1.712 5.2902469285250047e-05 0.0 0.0 5.2902469285250047e-05 0.0 0.0 0.0 0.0 0.0 0.0 0.0 0.0 0.0 0.0 0.0 0.0 0.0 0.0 0.0 0.0 0.0 
1733 1.713 5.296012241854841e-05 0.0 0.0 5.296012241854841e-05 0.0 0.0 0.0 0.0 0.0 0.0 0.0 0.0 0.0 0.0 0.0 0.0 0.0 0.0 0.0 0.0 0.0 
1734 1.714 5.3017828822529527e-05 0.0 0.0 5.3017828822529527e-05 0.0 0.0 0.0 0.0 0.0 0.0 0.0 0.0 0.0 0.0 0.0 0.0 0.0 0.0 0.0 0.0 0.0 
1735 1.714 5.30755885307809e-05 0.0 0.0 5.30755885307809e-05 0.0 0.0 0.0 0.0 0.0 0.0 0.0 0.0 0.0 0.0 0.0 0.0 0.0 0.0 0.0 0.0 0.0 
1736 1.715 5.31334015768838e-05 0.0 0.0 5.31334015768838e-05 0.0 0.0 0.0 0.0 0.0 0.0 0.0 0.0 0.0 0.0 0.0 0.0 0.0 0.0 0.0 0.0 0.0 
1737 1.716 5.3191267994413234e-05 0.0 0.0 5.3191267994413234e-05 0.0 0.0 0.0 0.0 0.0 0.0 0.0 0.0 0.0 0.0 0.0 0.0 0.0 0.0 0.0 0.0 0.0 
1738 1.717 5.324918781693788e-05 0.0 0.0 5.324918781693788e-05 0.0 0.0 0.0 0.0 0.0 0.0 0.0 0.0 0.0 0.0 0.0 0.0 0.0 0.0 0.0 0.0 0.0 
1739 1.718 5.330716107801999e-05 0.0 0.0 5.330716107801999e-05 0.0 0.0 0.0 0.0 0.0 0.0 0.0 0.0 0.0 0.0 0.0 0.0 0.0 0.0 0.0 0.0 0.0 
1740 1.719 5.3365187811215386e-05 0.0 0.0 5.3365187811215386e-05 0.0 0.0 0.0 0.0 0.0 0.0 0.0 0.0 0.0 0.0 0.0 0.0 0.0 0.0 0.0 0.0 0.0 
1741 1.72 5.3423268050073294e-05 0.0 0.0 5.3423268050073294e-05 0.0 0.0 0.0 0.0 0.0 0.0 0.0 0.0 0.0 0.0 0.0 0.0 0.0 0.0 0.0 0.0 0.0 
1742 1.721 5.348140182813644e-05 0.0 0.0 5.348140182813644e-05 0.0 0.0 0.0 0.0 0.0 0.0 0.0 0.0 0.0 0.0 0.0 0.0 0.0 0.0 0.0 0.0 0.0 
1743 1.722 5.3539589178940794e-05 0.0 0.0 5.3539589178940794e-05 0.0 0.0 0.0 0.0 0.0 0.0 0.0 0.0 0.0 0.0 0.0 0.0 0.0 0.0 0.0 0.0 0.0 
1744 1.723 5.35978301360157e-05 0.0 0.0 5.35978301360157e-05 0.0 0.0 0.0 0.0 0.0 0.0 0.0 0.0 0.0 0.0 0.0 0.0 0.0 0.0 0.0 0.0 0.0 
1745 1.724 5.365612473288359e-05 0.0 0.0 5.365612473288359e-05 0.0 0.0 0.0 0.0 0.0 0.0 0.0 0.0 0.0 0.0 0.0 0.0 0.0 0.0 0.0 0.0 0.0 
1746 1.725 5.3714473003060196e-05 0.0 0.0 5.3714473003060196e-05 0.0 0.0 0.0 0.0 0.0 0.0 0.0 0.0 0.0 0.0 0.0 0.0 0.0 0.0 0.0 0.0 0.0 
1747 1.726 5.3772874980054203e-05 0.0 0.0 5.3772874980054203e-05 0.0 0.0 0.0 0.0 0.0 0.0 0.0 0.0 0.0 0.0 0.0 0.0 0.0 0.0 0.0 0.0 0.0 
1748 1.727 5.383133069736737e-05 0.0 0.0 5.383133069736737e-05 0.0 0.0 0.0 0.0 0.0 0.0 0.0 0.0 0.0 0.0 0.0 0.0 0.0 0.0 0.0 0.0 0.0 
1749 1.728 5.388984018849444e-05 0.0 0.0 5.388984018849444e-05 0.0 0.0 0.0 0.0 0.0 0.0 0.0 0.0 0.0 0.0 0.0 0.0 0.0 0.0 0.0 0.0 0.0 
1750 1.729 5.394840348692298e-05 0.0 0.0 5.394840348692298e-05 0.0 0.0 0.0 0.0 0.0 0.0 0.0 0.0 0.0 0.0 0.0 0.0 0.0 0.0 0.0 0.0 0.0 
1751 1.73 5.4007020626133397e-05 0.0 0.0 5.4007020626133397e-05 0.0 0.0 0.0 0.0 0.0 0.0 0.0 0.0 0.0 0.0 0.0 0.0 0.0 0.0 0.0 0.0 0.0 
1752 1.731 5.406569163959889e-05 0.0 0.0 5.406569163959889e-05 0.0 0.0 0.0 0.0 0.0 0.0 0.0 0.0 0.0 0.0 0.0 0.0 0.0 0.0 0.0 0.0 0.0 
1753 1.732 5.4124416560785315e-05 0.0 0.0 5.4124416560785315e-05 0.0 0.0 0.0 0.0 0.0 0.0 0.0 0.0 0.0 0.0 0.0 0.0 0.0 0.0 0.0 0.0 0.0 
1754 1.733 5.4183195423151165e-05 0.0 0.0 5.4183195423151165e-05 0.0 0.0 0.0 0.0 0.0 0.0 0.0 0.0 0.0 0.0 0.0 0.0 0.0 0.0 0.0 0.0 0.0 
1755 1.734 5.4242028260147505e-05 0.0 0.0 5.4242028260147505e-05 0.0 0.0 0.0 0.0 0.0 0.0 0.0 0.0 0.0 0.0 0.0 0.0 0.0 0.0 0.0 0.0 0.0 
1756 1.735 5.430091510521787e-05 0.0 0.0 5.430091510521787e-05 0.0 0.0 0.0 0.0 0.0 0.0 0.0 0.0 0.0 0.0 0.0 0.0 0.0 0.0 0.0 0.0 0.0 
1757 1.736 5.435985599179826e-05 0.0 0.0 5.435985599179826e-05 0.0 0.0 0.0 0.0 0.0 0.0 0.0 0.0 0.0 0.0 0.0 0.0 0.0 0.0 0.0 0.0 0.0 
1758 1.737 5.441885095331699e-05 0.0 0.0 5.441885095331699e-05 0.0 0.0 0.0 0.0 0.0 0.0 0.0 0.0 0.0 0.0 0.0 0.0 0.0 0.0 0.0 0.0 0.0 
1759 1.738 5.447790002319475e-05 0.0 0.0 5.447790002319475e-05 0.0 0.0 0.0 0.0 0.0 0.0 0.0 0.0 0.0 0.0 0.0 0.0 0.0 0.0 0.0 0.0 0.0 
1760 1.739 5.453700323484435e-05 0.0 0.0 5.453700323484435e-05 0.0 0.0 0.0 0.0 0.0 0.0 0.0 0.0 0.0 0.0 0.0 0.0 0.0 0.0 0.0 0.0 0.0 
1761 1.74 5.459616062167085e-05 0.0 0.0 5.459616062167085e-05 0.0 0.0 0.0 0.0 0.0 0.0 0.0 0.0 0.0 0.0 0.0 0.0 0.0 0.0 0.0 0.0 0.0 
1762 1.741 5.465537221707138e-05 0.0 0.0 5.465537221707138e-05 0.0 0.0 0.0 0.0 0.0 0.0 0.0 0.0 0.0 0.0 0.0 0.0 0.0 0.0 0.0 0.0 0.0 
1763 1.742 5.4714638054435125e-05 0.0 0.0 5.4714638054435125e-05 0.0 0.0 0.0 0.0 0.0 0.0 0.0 0.0 0.0 0.0 0.0 0.0 0.0 0.0 0.0 0.0 0.0 
1764 1.743 5.4773958167143175e-05 0.0 0.0 5.4773958167143175e-05 0.0 0.0 0.0 0.0 0.0 0.0 0.0 0.0 0.0 0.0 0.0 0.0 0.0 0.0 0.0 0.0 0.0 
1765 1.744 5.483333258856857e-05 0.0 0.0 5.483333258856857e-05 0.0 0.0 0.0 0.0 0.0 0.0 0.0 0.0 0.0 0.0 0.0 0.0 0.0 0.0 0.0 0.0 0.0 
1766 1.745 5.4892761352076174e-05 0.0 0.0 5.4892761352076174e-05 0.0 0.0 0.0 0.0 0.0 0.0 0.0 0.0 0.0 0.0 0.0 0.0 0.0 0.0 0.0 0.0 0.0 
1767 1.746 5.495224449102259e-05 0.0 0.0 5.495224449102259e-05 0.0 0.0 0.0 0.0 0.0 0.0 0.0 0.0 0.0 0.0 0.0 0.0 0.0 0.0 0.0 0.0 0.0 
1768 1.747 5.501178203875614e-05 0.0 0.0 5.501178203875614e-05 0.0 0.0 0.0 0.0 0.0 0.0 0.0 0.0 0.0 0.0 0.0 0.0 0.0 0.0 0.0 0.0 0.0 
1769 1.748 5.507137402861677e-05 0.0 0.0 5.507137402861677e-05 0.0 0.0 0.0 0.0 0.0 0.0 0.0 0.0 0.0 0.0 0.0 0.0 0.0 0.0 0.0 0.0 0.0 
1770 1.749 5.513102049393595e-05 0.0 0.0 5.513102049393595e-05 0.0 0.0 0.0 0.0 0.0 0.0 0.0 0.0 0.0 0.0 0.0 0.0 0.0 0.0 0.0 0.0 0.0 
1771 1.75 5.5190721468036746e-05 0.0 0.0 5.5190721468036746e-05 0.0 0.0 0.0 0.0 0.0 0.0 0.0 0.0 0.0 0.0 0.0 0.0 0.0 0.0 0.0 0.0 0.0 
1772 1.751 5.525047698423352e-05 0.0 0.0 5.525047698423352e-05 0.0 0.0 0.0 0.0 0.0 0.0 0.0 0.0 0.0 0.0 0.0 0.0 0.0 0.0 0.0 0.0 0.0 
1773 1.752 5.531028707583205e-05 0.0 0.0 5.531028707583205e-05 0.0 0.0 0.0 0.0 0.0 0.0 0.0 0.0 0.0 0.0 0.0 0.0 0.0 0.0 0.0 0.0 0.0 
1774 1.753 5.5370151776129466e-05 0.0 0.0 5.5370151776129466e-05 0.0 0.0 0.0 0.0 0.0 0.0 0.0 0.0 0.0 0.0 0.0 0.0 0.0 0.0 0.0 0.0 0.0 
1775 1.754 5.5430071118414e-05 0.0 0.0 5.5430071118414e-05 0.0 0.0 0.0 0.0 0.0 0.0 0.0 0.0 0.0 0.0 0.0 0.0 0.0 0.0 0.0 0.0 0.0 
1776 1.755 5.5490045135965134e-05 0.0 0.0 5.5490045135965134e-05 0.0 0.0 0.0 0.0 0.0 0.0 0.0 0.0 0.0 0.0 0.0 0.0 0.0 0.0 0.0 0.0 0.0 
1777 1.756 5.555007386205338e-05 0.0 0.0 5.555007386205338e-05 0.0 0.0 0.0 0.0 0.0 0.0 0.0 0.0 0.0 0.0 0.0 0.0 0.0 0.0 0.0 0.0 0.0 
1778 1.757 5.561015732994027e-05 0.0 0.0 5.561015732994027e-05 0.0 0.0 0.0 0.0 0.0 0.0 0.0 0.0 0.0 0.0 0.0 0.0 0.0 0.0 0.0 0.0 0.0 
1779 1.758 5.567029557287834e-05 0.0 0.0 5.567029557287834e-05 0.0 0.0 0.0 0.0 0.0 0.0 0.0 0.0 0.0 0.0 0.0 0.0 0.0 0.0 0.0 0.0 0.0 
1780 1.759 5.573048862411094e-05 0.0 0.0 5.573048862411094e-05 0.0 0.0 0.0 0.0 0.0 0.0 0.0 0.0 0.0 0.0 0.0 0.0 0.0 0.0 0.0 0.0 0.0 
1781 1.76 5.5790736516872264e-05 0.0 0.0 5.5790736516872264e-05 0.0 0.0 0.0 0.0 0.0 0.0 0.0 0.0 0.0 0.0 0.0 0.0 0.0 0.0 0.0 0.0 0.0 
1782 1.761 5.585103928438724e-05 0.0 0.0 5.585103928438724e-05 0.0 0.0 0.0 0.0 0.0 0.0 0.0 0.0 0.0 0.0 0.0 0.0 0.0 0.0 0.0 0.0 0.0 
1783 1.762 5.591139695987144e-05 0.0 0.0 5.591139695987144e-05 0.0 0.0 0.0 0.0 0.0 0.0 0.0 0.0 0.0 0.0 0.0 0.0 0.0 0.0 0.0 0.0 0.0 
1784 1.763 5.597180957653111e-05 0.0 0.0 5.597180957653111e-05 0.0 0.0 0.0 0.0 0.0 0.0 0.0 0.0 0.0 0.0 0.0 0.0 0.0 0.0 0.0 0.0 0.0 
1785 1.764 5.6032277167562964e-05 0.0 0.0 5.6032277167562964e-05 0.0 0.0 0.0 0.0 0.0 0.0 0.0 0.0 0.0 0.0 0.0 0.0 0.0 0.0 0.0 0.0 0.0 
1786 1.765 5.609279976615422e-05 0.0 0.0 5.609279976615422e-05 0.0 0.0 0.0 0.0 0.0 0.0 0.0 0.0 0.0 0.0 0.0 0.0 0.0 0.0 0.0 0.0 0.0 
1787 1.766 5.6153377405482445e-05 0.0 0.0 5.6153377405482445e-05 0.0 0.0 0.0 0.0 0.0 0.0 0.0 0.0 0.0 0.0 0.0 0.0 0.0 0.0 0.0 0.0 0.0 
1788 1.767 5.6214010118715586e-05 0.0 0.0 5.6214010118715586e-05 0.0 0.0 0.0 0.0 0.0 0.0 0.0 0.0 0.0 0.0 0.0 0.0 0.0 0.0 0.0 0.0 0.0 
1789 1.768 5.627469793901181e-05 0.0 0.0 5.627469793901181e-05 0.0 0.0 0.0 0.0 0.0 0.0 0.0 0.0 0.0 0.0 0.0 0.0 0.0 0.0 0.0 0.0 0.0 
1790 1.769 5.63354408995195e-05 0.0 0.0 5.63354408995195e-05 0.0 0.0 0.0 0.0 0.0 0.0 0.0 0.0 0.0 0.0 0.0 0.0 0.0 0.0 0.0 0.0 0.0 
1791 1.77 5.63962390333771e-05 0.0 0.0 5.63962390333771e-05 0.0 0.0 0.0 0.0 0.0 0.0 0.0 0.0 0.0 0.0 0.0 0.0 0.0 0.0 0.0 0.0 0.0 
1792 1.771 5.645709237371315e-05 0.0 0.0 5.645709237371315e-05 0.0 0.0 0.0 0.0 0.0 0.0 0.0 0.0 0.0 0.0 0.0 0.0 0.0 0.0 0.0 0.0 0.0 
1793 1.772 5.651800095364616e-05 0.0 0.0 5.651800095364616e-05 0.0 0.0 0.0 0.0 0.0 0.0 0.0 0.0 0.0 0.0 0.0 0.0 0.0 0.0 0.0 0.0 0.0 
1794 1.773 5.65789648062845e-05 0.0 0.0 5.65789648062845e-05 0.0 0.0 0.0 0.0 0.0 0.0 0.0 0.0 0.0 0.0 0.0 0.0 0.0 0.0 0.0 0.0 0.0 
1795 1.774 5.6639983964726454e-05 0.0 0.0 5.6639983964726454e-05 0.0 0.0 0.0 0.0 0.0 0.0 0.0 0.0 0.0 0.0 0.0 0.0 0.0 0.0 0.0 0.0 0.0 
1796 1.775 5.670105846205997e-05 0.0 0.0 5.670105846205997e-05 0.0 0.0 0.0 0.0 0.0 0.0 0.0 0.0 0.0 0.0 0.0 0.0 0.0 0.0 0.0 0.0 0.0 
1797 1.776 5.6762188331362796e-05 0.0 0.0 5.6762188331362796e-05 0.0 0.0 0.0 0.0 0.0 0.0 0.0 0.0 0.0 0.0 0.0 0.0 0.0 0.0 0.0 0.0 0.0 
1798 1.777 5.6823373605702224e-05 0.0 0.0 5.6823373605702224e-05 0.0 0.0 0.0 0.0 0.0 0.0 0.0 0.0 0.0 0.0 0.0 0.0 0.0 0.0 0.0 0.0 0.0 
1799 1.778 5.688461431813512e-05 0.0 0.0 5.688461431813512e-05 0.0 0.0 0.0 0.0 0.0 0.0 0.0 0.0 0.0 0.0 0.0 0.0 0.0 0.0 0.0 0.0 0.0 
1800 1.779 5.69459105017078e-05 0.0 0.0 5.69459105017078e-05 0.0 0.0 0.0 0.0 0.0 0.0 0.0 0.0 0.0 0.0 0.0 0.0 0.0 0.0 0.0 0.0 0.0 
1801 1.78 5.700726218945606e-05 0.0 0.0 5.700726218945606e-05 0.0 0.0 0.0 0.0 0.0 0.0 0.0 0.0 0.0 0.0 0.0 0.0 0.0 0.0 0.0 0.0 0.0 
1802 1.781 5.7068669414404954e-05 0.0 0.0 5.7068669414404954e-05 0.0 0.0 0.0 0.0 0.0 0.0 0.0 0.0 0.0 0.0 0.0 0.0 0.0 0.0 0.0 0.0 0.0 
1803 1.782 5.7130132209568865e-05 0.0 0.0 5.7130132209568865e-05 0.0 0.0 0.0 0.0 0.0 0.0 0.0 0.0 0.0 0.0 0.0 0.0 0.0 0.0 0.0 0.0 0.0 
1804 1.783 5.719165060795131e-05 0.0 0.0 5.719165060795131e-05 0.0 0.0 0.0 0.0 0.0 0.0 0.0 0.0 0.0 0.0 0.0 0.0 0.0 0.0 0.0 0.0 0.0 
1805 1.784 5.7253224642544986e-05 0.0 0.0 5.7253224642544986e-05 0.0 0.0 0.0 0.0 0.0 0.0 0.0 0.0 0.0 0.0 0.0 0.0 0.0 0.0 0.0 0.0 0.0 
1806 1.785 5.7314854346331596e-05 0.0 0.0 5.7314854346331596e-05 0.0 0.0 0.0 0.0 0.0 0.0 0.0 0.0 0.0 0.0 0.0 0.0 0.0 0.0 0.0 0.0 0.0 
1807 1.786 5.737653975228184e-05 0.0 0.0 5.737653975228184e-05 0.0 0.0 0.0 0.0 0.0 0.0 0.0 0.0 0.0 0.0 0.0 0.0 0.0 0.0 0.0 0.0 0.0 
1808 1.787 5.74382808933553e-05 0.0 0.0 5.74382808933553e-05 0.0 0.0 0.0 0.0 0.0 0.0 0.0 0.0 0.0 0.0 0.0 0.0 0.0 0.0 0.0 0.0 0.0 
1809 1.788 5.750007780250044e-05 0.0 0.0 5.750007780250044e-05 0.0 0.0 0.0 0.0 0.0 0.0 0.0 0.0 0.0 0.0 0.0 0.0 0.0 0.0 0.0 0.0 0.0 
1810 1.789 5.7561930512654444e-05 0.0 0.0 5.7561930512654444e-05 0.0 0.0 0.0 0.0 0.0 0.0 0.0 0.0 0.0 0.0 0.0 0.0 0.0 0.0 0.0 0.0 0.0 
1811 1.79 5.762383905674321e-05 0.0 0.0 5.762383905674321e-05 0.0 0.0 0.0 0.0 0.0 0.0 0.0 0.0 0.0 0.0 0.0 0.0 0.0 0.0 0.0 0.0 0.0 
1812 1.791 5.7685803467681175e-05 0.0 0.0 5.7685803467681175e-05 0.0 0.0 0.0 0.0 0.0 0.0 0.0 0.0 0.0 0.0 0.0 0.0 0.0 0.0 0.0 0.0 0.0 
1813 1.792 5.7747823778371446e-05 0.0 0.0 5.7747823778371446e-05 0.0 0.0 0.0 0.0 0.0 0.0 0.0 0.0 0.0 0.0 0.0 0.0 0.0 0.0 0.0 0.0 0.0 
1814 1.793 5.780990002170552e-05 0.0 0.0 5.780990002170552e-05 0.0 0.0 0.0 0.0 0.0 0.0 0.0 0.0 0.0 0.0 0.0 0.0 0.0 0.0 0.0 0.0 0.0 
1815 1.794 5.7872032230563295e-05 0.0 0.0 5.7872032230563295e-05 0.0 0.0 0.0 0.0 0.0 0.0 0.0 0.0 0.0 0.0 0.0 0.0 0.0 0.0 0.0 0.0 0.0 
1816 1.795 5.793422043781298e-05 0.0 0.0 5.793422043781298e-05 0.0 0.0 0.0 0.0 0.0 0.0 0.0 0.0 0.0 0.0 0.0 0.0 0.0 0.0 0.0 0.0 0.0 
1817 1.796 5.79964646763111e-05 0.0 0.0 5.79964646763111e-05 0.0 0.0 0.0 0.0 0.0 0.0 0.0 0.0 0.0 0.0 0.0 0.0 0.0 0.0 0.0 0.0 0.0 
1818 1.797 5.805876497890225e-05 0.0 0.0 5.805876497890225e-05 0.0 0.0 0.0 0.0 0.0 0.0 0.0 0.0 0.0 0.0 0.0 0.0 0.0 0.0 0.0 0.0 0.0 
1819 1.798 5.812112137841925e-05 0.0 0.0 5.812112137841925e-05 0.0 0.0 0.0 0.0 0.0 0.0 0.0 0.0 0.0 0.0 0.0 0.0 0.0 0.0 0.0 0.0 0.0 
1820 1.798 5.8183533907682864e-05 0.0 0.0 5.8183533907682864e-05 0.0 0.0 0.0 0.0 0.0 0.0 0.0 0.0 0.0 0.0 0.0 0.0 0.0 0.0 0.0 0.0 0.0 
1821 1.799 5.8246002599501836e-05 0.0 0.0 5.8246002599501836e-05 0.0 0.0 0.0 0.0 0.0 0.0 0.0 0.0 0.0 0.0 0.0 0.0 0.0 0.0 0.0 0.0 0.0 
1822 1.8 5.8308527486672775e-05 0.0 0.0 5.8308527486672775e-05 0.0 0.0 0.0 0.0 0.0 0.0 0.0 0.0 0.0 0.0 0.0 0.0 0.0 0.0 0.0 0.0 0.0 
1823 1.801 5.837110860198016e-05 0.0 0.0 5.837110860198016e-05 0.0 0.0 0.0 0.0 0.0 0.0 0.0 0.0 0.0 0.0 0.0 0.0 0.0 0.0 0.0 0.0 0.0 
1824 1.802 5.843374597819613e-05 0.0 0.0 5.843374597819613e-05 0.0 0.0 0.0 0.0 0.0 0.0 0.0 0.0 0.0 0.0 0.0 0.0 0.0 0.0 0.0 0.0 0.0 
1825 1.803 5.849643964808048e-05 0.0 0.0 5.849643964808048e-05 0.0 0.0 0.0 0.0 0.0 0.0 0.0 0.0 0.0 0.0 0.0 0.0 0.0 0.0 0.0 0.0 0.0 
1826 1.804 5.855918964438068e-05 0.0 0.0 5.855918964438068e-05 0.0 0.0 0.0 0.0 0.0 0.0 0.0 0.0 0.0 0.0 0.0 0.0 0.0 0.0 0.0 0.0 0.0 
1827 1.805 5.8621995999831594e-05 0.0 0.0 5.8621995999831594e-05 0.0 0.0 0.0 0.0 0.0 0.0 0.0 0.0 0.0 0.0 0.0 0.0 0.0 0.0 0.0 0.0 0.0 
1828 1.806 5.868485874715562e-05 0.0 0.0 5.868485874715562e-05 0.0 0.0 0.0 0.0 0.0 0.0 0.0 0.0 0.0 0.0 0.0 0.0 0.0 0.0 0.0 0.0 0.0 
1829 1.807 5.874777791906246e-05 0.0 0.0 5.874777791906246e-05 0.0 0.0 0.0 0.0 0.0 0.0 0.0 0.0 0.0 0.0 0.0 0.0 0.0 0.0 0.0 0.0 0.0 
1830 1.808 5.8810753548249096e-05 0.0 0.0 5.8810753548249096e-05 0.0 0.0 0.0 0.0 0.0 0.0 0.0 0.0 0.0 0.0 0.0 0.0 0.0 0.0 0.0 0.0 0.0 
1831 1.809 5.887378566739978e-05 0.0 0.0 5.887378566739978e-05 0.0 0.0 0.0 0.0 0.0 0.0 0.0 0.0 0.0 0.0 0.0 0.0 0.0 0.0 0.0 0.0 0.0 
1832 1.81 5.893687430918582e-05 0.0 0.0 5.893687430918582e-05 0.0 0.0 0.0 0.0 0.0 0.0 0.0 0.0 0.0 0.0 0.0 0.0 0.0 0.0 0.0 0.0 0.0 
1833 1.811 5.900001950626563e-05 0.0 0.0 5.900001950626563e-05 0.0 0.0 0.0 0.0 0.0 0.0 0.0 0.0 0.0 0.0 0.0 0.0 0.0 0.0 0.0 0.0 0.0 
1834 1.812 5.906322129128459e-05 0.0 0.0 5.906322129128459e-05 0.0 0.0 0.0 0.0 0.0 0.0 0.0 0.0 0.0 0.0 0.0 0.0 0.0 0.0 0.0 0.0 0.0 
1835 1.813 5.912647969687503e-05 0.0 0.0 5.912647969687503e-05 0.0 0.0 0.0 0.0 0.0 0.0 0.0 0.0 0.0 0.0 0.0 0.0 0.0 0.0 0.0 0.0 0.0 
1836 1.814 5.918979475565606e-05 0.0 0.0 5.918979475565606e-05 0.0 0.0 0.0 0.0 0.0 0.0 0.0 0.0 0.0 0.0 0.0 0.0 0.0 0.0 0.0 0.0 0.0 
1837 1.815 5.9253166500233594e-05 0.0 0.0 5.9253166500233594e-05 0.0 0.0 0.0 0.0 0.0 0.0 0.0 0.0 0.0 0.0 0.0 0.0 0.0 0.0 0.0 0.0 0.0 
1838 1.816 5.9316594963200146e-05 0.0 0.0 5.9316594963200146e-05 0.0 0.0 0.0 0.0 0.0 0.0 0.0 0.0 0.0 0.0 0.0 0.0 0.0 0.0 0.0 0.0 0.0 
1839 1.817 5.938008017713493e-05 0.0 0.0 5.938008017713493e-05 0.0 0.0 0.0 0.0 0.0 0.0 0.0 0.0 0.0 0.0 0.0 0.0 0.0 0.0 0.0 0.0 0.0 
1840 1.818 5.944362217460366e-05 0.0 0.0 5.944362217460366e-05 0.0 0.0 0.0 0.0 0.0 0.0 0.0 0.0 0.0 0.0 0.0 0.0 0.0 0.0 0.0 0.0 0.0 
1841 1.819 5.9507220988158455e-05 0.0 0.0 5.9507220988158455e-05 0.0 0.0 0.0 0.0 0.0 0.0 0.0 0.0 0.0 0.0 0.0 0.0 0.0 0.0 0.0 0.0 0.0 
1842 1.82 5.9570876650337874e-05 0.0 0.0 5.9570876650337874e-05 0.0 0.0 0.0 0.0 0.0 0.0 0.0 0.0 0.0 0.0 0.0 0.0 0.0 0.0 0.0 0.0 0.0 
1843 1.821 5.963458919366674e-05 0.0 0.0 5.963458919366674e-05 0.0 0.0 0.0 0.0 0.0 0.0 0.0 0.0 0.0 0.0 0.0 0.0 0.0 0.0 0.0 0.0 0.0 
1844 1.822 5.9698358650656106e-05 0.0 0.0 5.9698358650656106e-05 0.0 0.0 0.0 0.0 0.0 0.0 0.0 0.0 0.0 0.0 0.0 0.0 0.0 0.0 0.0 0.0 0.0 
1845 1.823 5.976218505380316e-05 0.0 0.0 5.976218505380316e-05 0.0 0.0 0.0 0.0 0.0 0.0 0.0 0.0 0.0 0.0 0.0 0.0 0.0 0.0 0.0 0.0 0.0 
1846 1.824 5.982606843559118e-05 0.0 0.0 5.982606843559118e-05 0.0 0.0 0.0 0.0 0.0 0.0 0.0 0.0 0.0 0.0 0.0 0.0 0.0 0.0 0.0 0.0 0.0 
1847 1.825 5.9890008828489396e-05 0.0 0.0 5.9890008828489396e-05 0.0 0.0 0.0 0.0 0.0 0.0 0.0 0.0 0.0 0.0 0.0 0.0 0.0 0.0 0.0 0.0 0.0 
1848 1.826 5.995400626495302e-05 0.0 0.0 5.995400626495302e-05 0.0 0.0 0.0 0.0 0.0 0.0 0.0 0.0 0.0 0.0 0.0 0.0 0.0 0.0 0.0 0.0 0.0 
1849 1.827 6.001806077742303e-05 0.0 0.0 6.001806077742303e-05 0.0 0.0 0.0 0.0 0.0 0.0 0.0 0.0 0.0 0.0 0.0 0.0 0.0 0.0 0.0 0.0 0.0 
1850 1.828 6.0082172398326204e-05 0.0 0.0 6.0082172398326204e-05 0.0 0.0 0.0 0.0 0.0 0.0 0.0 0.0 0.0 0.0 0.0 0.0 0.0 0.0 0.0 0.0 0.0 
1851 1.829 6.014634116007499e-05 0.0 0.0 6.014634116007499e-05 0.0 0.0 0.0 0.0 0.0 0.0 0.0 0.0 0.0 0.0 0.0 0.0 0.0 0.0 0.0 0.0 0.0 
1852 1.83 6.021056709506744e-05 0.0 0.0 6.021056709506744e-05 0.0 0.0 0.0 0.0 0.0 0.0 0.0 0.0 0.0 0.0 0.0 0.0 0.0 0.0 0.0 0.0 0.0 
1853 1.831 6.0274850235687125e-05 0.0 0.0 6.0274850235687125e-05 0.0 0.0 0.0 0.0 0.0 0.0 0.0 0.0 0.0 0.0 0.0 0.0 0.0 0.0 0.0 0.0 0.0 
1854 1.832 6.033919061430308e-05 0.0 0.0 6.033919061430308e-05 0.0 0.0 0.0 0.0 0.0 0.0 0.0 0.0 0.0 0.0 0.0 0.0 0.0 0.0 0.0 0.0 0.0 
1855 1.833 6.0403588263269684e-05 0.0 0.0 6.0403588263269684e-05 0.0 0.0 0.0 0.0 0.0 0.0 0.0 0.0 0.0 0.0 0.0 0.0 0.0 0.0 0.0 0.0 0.0 
1856 1.834 6.046804321492662e-05 0.0 0.0 6.046804321492662e-05 0.0 0.0 0.0 0.0 0.0 0.0 0.0 0.0 0.0 0.0 0.0 0.0 0.0 0.0 0.0 0.0 0.0 
1857 1.835 6.053255550159882e-05 0.0 0.0 6.053255550159882e-05 0.0 0.0 0.0 0.0 0.0 0.0 0.0 0.0 0.0 0.0 0.0 0.0 0.0 0.0 0.0 0.0 0.0 
1858 1.836 6.059712515559627e-05 0.0 0.0 6.059712515559627e-05 0.0 0.0 0.0 0.0 0.0 0.0 0.0 0.0 0.0 0.0 0.0 0.0 0.0 0.0 0.0 0.0 0.0 
1859 1.837 6.0661752209214066e-05 0.0 0.0 6.0661752209214066e-05 0.0 0.0 0.0 0.0 0.0 0.0 0.0 0.0 0.0 0.0 0.0 0.0 0.0 0.0 0.0 0.0 0.0 
1860 1.838 6.07264366947323e-05 0.0 0.0 6.07264366947323e-05 0.0 0.0 0.0 0.0 0.0 0.0 0.0 0.0 0.0 0.0 0.0 0.0 0.0 0.0 0.0 0.0 0.0 
1861 1.839 6.079117864441591e-05 0.0 0.0 6.079117864441591e-05 0.0 0.0 0.0 0.0 0.0 0.0 0.0 0.0 0.0 0.0 0.0 0.0 0.0 0.0 0.0 0.0 0.0 
1862 1.84 6.085597809051466e-05 0.0 0.0 6.085597809051466e-05 0.0 0.0 0.0 0.0 0.0 0.0 0.0 0.0 0.0 0.0 0.0 0.0 0.0 0.0 0.0 0.0 0.0 
1863 1.841 6.092083506526307e-05 0.0 0.0 6.092083506526307e-05 0.0 0.0 0.0 0.0 0.0 0.0 0.0 0.0 0.0 0.0 0.0 0.0 0.0 0.0 0.0 0.0 0.0 
1864 1.842 6.098574960088036e-05 0.0 0.0 6.098574960088036e-05 0.0 0.0 0.0 0.0 0.0 0.0 0.0 0.0 0.0 0.0 0.0 0.0 0.0 0.0 0.0 0.0 0.0 
1865 1.843 6.105072172957024e-05 0.0 0.0 6.105072172957024e-05 0.0 0.0 0.0 0.0 0.0 0.0 0.0 0.0 0.0 0.0 0.0 0.0 0.0 0.0 0.0 0.0 0.0 
1866 1.844 6.111575148352097e-05 0.0 0.0 6.111575148352097e-05 0.0 0.0 0.0 0.0 0.0 0.0 0.0 0.0 0.0 0.0 0.0 0.0 0.0 0.0 0.0 0.0 0.0 
1867 1.845 6.118083889490526e-05 0.0 0.0 6.118083889490526e-05 0.0 0.0 0.0 0.0 0.0 0.0 0.0 0.0 0.0 0.0 0.0 0.0 0.0 0.0 0.0 0.0 0.0 
1868 1.846 6.12459839958801e-05 0.0 0.0 6.12459839958801e-05 0.0 0.0 0.0 0.0 0.0 0.0 0.0 0.0 0.0 0.0 0.0 0.0 0.0 0.0 0.0 0.0 0.0 
1869 1.847 6.131118681858679e-05 0.0 0.0 6.131118681858679e-05 0.0 0.0 0.0 0.0 0.0 0.0 0.0 0.0 0.0 0.0 0.0 0.0 0.0 0.0 0.0 0.0 0.0 
1870 1.848 6.137644739515074e-05 0.0 0.0 6.137644739515074e-05 0.0 0.0 0.0 0.0 0.0 0.0 0.0 0.0 0.0 0.0 0.0 0.0 0.0 0.0 0.0 0.0 0.0 
1871 1.849 6.14417657576816e-05 0.0 0.0 6.14417657576816e-05 0.0 0.0 0.0 0.0 0.0 0.0 0.0 0.0 0.0 0.0 0.0 0.0 0.0 0.0 0.0 0.0 0.0 
1872 1.85 6.150714193827285e-05 0.0 0.0 6.150714193827285e-05 0.0 0.0 0.0 0.0 0.0 0.0 0.0 0.0 0.0 0.0 0.0 0.0 0.0 0.0 0.0 0.0 0.0 
1873 1.851 6.157257596900209e-05 0.0 0.0 6.157257596900209e-05 0.0 0.0 0.0 0.0 0.0 0.0 0.0 0.0 0.0 0.0 0.0 0.0 0.0 0.0 0.0 0.0 0.0 
1874 1.852 6.163806788193066e-05 0.0 0.0 6.163806788193066e-05 0.0 0.0 0.0 0.0 0.0 0.0 0.0 0.0 0.0 0.0 0.0 0.0 0.0 0.0 0.0 0.0 0.0 
1875 1.853 6.17036177091037e-05 0.0 0.0 6.17036177091037e-05 0.0 0.0 0.0 0.0 0.0 0.0 0.0 0.0 0.0 0.0 0.0 0.0 0.0 0.0 0.0 0.0 0.0 
1876 1.854 6.17692254825501e-05 0.0 0.0 6.17692254825501e-05 0.0 0.0 0.0 0.0 0.0 0.0 0.0 0.0 0.0 0.0 0.0 0.0 0.0 0.0 0.0 0.0 0.0 
1877 1.855 6.18348912342823e-05 0.0 0.0 6.18348912342823e-05 0.0 0.0 0.0 0.0 0.0 0.0 0.0 0.0 0.0 0.0 0.0 0.0 0.0 0.0 0.0 0.0 0.0 
1878 1.856 6.190061499629632e-05 0.0 0.0 6.190061499629632e-05 0.0 0.0 0.0 0.0 0.0 0.0 0.0 0.0 0.0 0.0 0.0 0.0 0.0 0.0 0.0 0.0 0.0 
1879 1.857 6.19663968005716e-05 0.0 0.0 6.19663968005716e-05 0.0 0.0 0.0 0.0 0.0 0.0 0.0 0.0 0.0 0.0 0.0 0.0 0.0 0.0 0.0 0.0 0.0 
1880 1.858 6.203223667907097e-05 0.0 0.0 6.203223667907097e-05 0.0 0.0 0.0 0.0 0.0 0.0 0.0 0.0 0.0 0.0 0.0 0.0 0.0 0.0 0.0 0.0 0.0 
1881 1.859 6.209813466374057e-05 0.0 0.0 6.209813466374057e-05 0.0 0.0 0.0 0.0 0.0 0.0 0.0 0.0 0.0 0.0 0.0 0.0 0.0 0.0 0.0 0.0 0.0 
1882 1.86 6.216409078650968e-05 0.0 0.0 6.216409078650968e-05 0.0 0.0 0.0 0.0 0.0 0.0 0.0 0.0 0.0 0.0 0.0 0.0 0.0 0.0 0.0 0.0 0.0 
1883 1.861 6.22301050792908e-05 0.0 0.0 6.22301050792908e-05 0.0 0.0 0.0 0.0 0.0 0.0 0.0 0.0 0.0 0.0 0.0 0.0 0.0 0.0 0.0 0.0 0.0 
1884 1.862 6.229617757397941e-05 0.0 0.0 6.229617757397941e-05 0.0 0.0 0.0 0.0 0.0 0.0 0.0 0.0 0.0 0.0 0.0 0.0 0.0 0.0 0.0 0.0 0.0 
1885 1.863 6.236230830245396e-05 0.0 0.0 6.236230830245396e-05 0.0 0.0 0.0 0.0 0.0 0.0 0.0 0.0 0.0 0.0 0.0 0.0 0.0 0.0 0.0 0.0 0.0 
1886 1.864 6.242849729657576e-05 0.0 0.0 6.242849729657576e-05 0.0 0.0 0.0 0.0 0.0 0.0 0.0 0.0 0.0 0.0 0.0 0.0 0.0 0.0 0.0 0.0 0.0 
1887 1.865 6.2494744588189e-05 0.0 0.0 6.2494744588189e-05 0.0 0.0 0.0 0.0 0.0 0.0 0.0 0.0 0.0 0.0 0.0 0.0 0.0 0.0 0.0 0.0 0.0 
1888 1.866 6.256105020912051e-05 0.0 0.0 6.256105020912051e-05 0.0 0.0 0.0 0.0 0.0 0.0 0.0 0.0 0.0 0.0 0.0 0.0 0.0 0.0 0.0 0.0 0.0 
1889 1.867 6.262741419117976e-05 0.0 0.0 6.262741419117976e-05 0.0 0.0 0.0 0.0 0.0 0.0 0.0 0.0 0.0 0.0 0.0 0.0 0.0 0.0 0.0 0.0 0.0 
1890 1.868 6.26938365661588e-05 0.0 0.0 6.26938365661588e-05 0.0 0.0 0.0 0.0 0.0 0.0 0.0 0.0 0.0 0.0 0.0 0.0 0.0 0.0 0.0 0.0 0.0 
1891 1.869 6.276031736583209e-05 0.0 0.0 6.276031736583209e-05 0.0 0.0 0.0 0.0 0.0 0.0 0.0 0.0 0.0 0.0 0.0 0.0 0.0 0.0 0.0 0.0 0.0 
1892 1.87 6.282685662195654e-05 0.0 0.0 6.282685662195654e-05 0.0 0.0 0.0 0.0 0.0 0.0 0.0 0.0 0.0 0.0 0.0 0.0 0.0 0.0 0.0 0.0 0.0 
1893 1.871 6.289345436627136e-05 0.0 0.0 6.289345436627136e-05 0.0 0.0 0.0 0.0 0.0 0.0 0.0 0.0 0.0 0.0 0.0 0.0 0.0 0.0 0.0 0.0 0.0 
1894 1.872 6.296011063049789e-05 0.0 0.0 6.296011063049789e-05 0.0 0.0 0.0 0.0 0.0 0.0 0.0 0.0 0.0 0.0 0.0 0.0 0.0 0.0 0.0 0.0 0.0 
1895 1.873 6.302682544633969e-05 0.0 0.0 6.302682544633969e-05 0.0 0.0 0.0 0.0 0.0 0.0 0.0 0.0 0.0 0.0 0.0 0.0 0.0 0.0 0.0 0.0 0.0 
1896 1.874 6.309359884548234e-05 0.0 0.0 6.309359884548234e-05 0.0 0.0 0.0 0.0 0.0 0.0 0.0 0.0 0.0 0.0 0.0 0.0 0.0 0.0 0.0 0.0 0.0 
1897 1.875 6.316043085959338e-05 0.0 0.0 6.316043085959338e-05 0.0 0.0 0.0 0.0 0.0 0.0 0.0 0.0 0.0 0.0 0.0 0.0 0.0 0.0 0.0 0.0 0.0 
1898 1.876 6.322732152032224e-05 0.0 0.0 6.322732152032224e-05 0.0 0.0 0.0 0.0 0.0 0.0 0.0 0.0 0.0 0.0 0.0 0.0 0.0 0.0 0.0 0.0 0.0 
1899 1.877 6.329427085930015e-05 0.0 0.0 6.329427085930015e-05 0.0 0.0 0.0 0.0 0.0 0.0 0.0 0.0 0.0 0.0 0.0 0.0 0.0 0.0 0.0 0.0 0.0 
1900 1.878 6.336127890814008e-05 0.0 0.0 6.336127890814008e-05 0.0 0.0 0.0 0.0 0.0 0.0 0.0 0.0 0.0 0.0 0.0 0.0 0.0 0.0 0.0 0.0 0.0 
1901 1.879 6.342834569843651e-05 0.0 0.0 6.342834569843651e-05 0.0 0.0 0.0 0.0 0.0 0.0 0.0 0.0 0.0 0.0 0.0 0.0 0.0 0.0 0.0 0.0 0.0 
1902 1.88 6.349547126176563e-05 0.0 0.0 6.349547126176563e-05 0.0 0.0 0.0 0.0 0.0 0.0 0.0 0.0 0.0 0.0 0.0 0.0 0.0 0.0 0.0 0.0 0.0 
1903 1.881 6.356265562968498e-05 0.0 0.0 6.356265562968498e-05 0.0 0.0 0.0 0.0 0.0 0.0 0.0 0.0 0.0 0.0 0.0 0.0 0.0 0.0 0.0 0.0 0.0 
1904 1.882 6.362989883373354e-05 0.0 0.0 6.362989883373354e-05 0.0 0.0 0.0 0.0 0.0 0.0 0.0 0.0 0.0 0.0 0.0 0.0 0.0 0.0 0.0 0.0 0.0 
1905 1.882 6.369720090543152e-05 0.0 0.0 6.369720090543152e-05 0.0 0.0 0.0 0.0 0.0 0.0 0.0 0.0 0.0 0.0 0.0 0.0 0.0 0.0 0.0 0.0 0.0 
1906 1.883 6.376456187628039e-05 0.0 0.0 6.376456187628039e-05 0.0 0.0 0.0 0.0 0.0 0.0 0.0 0.0 0.0 0.0 0.0 0.0 0.0 0.0 0.0 0.0 0.0 
1907 1.884 6.383198177776266e-05 0.0 0.0 6.383198177776266e-05 0.0 0.0 0.0 0.0 0.0 0.0 0.0 0.0 0.0 0.0 0.0 0.0 0.0 0.0 0.0 0.0 0.0 
1908 1.885 6.3899460641342e-05 0.0 0.0 6.3899460641342e-05 0.0 0.0 0.0 0.0 0.0 0.0 0.0 0.0 0.0 0.0 0.0 0.0 0.0 0.0 0.0 0.0 0.0 
1909 1.886 6.396699849846293e-05 0.0 0.0 6.396699849846293e-05 0.0 0.0 0.0 0.0 0.0 0.0 0.0 0.0 0.0 0.0 0.0 0.0 0.0 0.0 0.0 0.0 0.0 
1910 1.887 6.403459538055088e-05 0.0 0.0 6.403459538055088e-05 0.0 0.0 0.0 0.0 0.0 0.0 0.0 0.0 0.0 0.0 0.0 0.0 0.0 0.0 0.0 0.0 0.0 
1911 1.888 6.410225131901202e-05 0.0 0.0 6.410225131901202e-05 0.0 0.0 0.0 0.0 0.0 0.0 0.0 0.0 0.0 0.0 0.0 0.0 0.0 0.0 0.0 0.0 0.0 
1912 1.889 6.416996634523326e-05 0.0 0.0 6.416996634523326e-05 0.0 0.0 0.0 0.0 0.0 0.0 0.0 0.0 0.0 0.0 0.0 0.0 0.0 0.0 0.0 0.0 0.0 
1913 1.89 6.423774049058208e-05 0.0 0.0 6.423774049058208e-05 0.0 0.0 0.0 0.0 0.0 0.0 0.0 0.0 0.0 0.0 0.0 0.0 0.0 0.0 0.0 0.0 0.0 
1914 1.891 6.43055737864065e-05 0.0 0.0 6.43055737864065e-05 0.0 0.0 0.0 0.0 0.0 0.0 0.0 0.0 0.0 0.0 0.0 0.0 0.0 0.0 0.0 0.0 0.0 
1915 1.892 6.437346626403499e-05 0.0 0.0 6.437346626403499e-05 0.0 0.0 0.0 0.0 0.0 0.0 0.0 0.0 0.0 0.0 0.0 0.0 0.0 0.0 0.0 0.0 0.0 
1916 1.893 6.444141795477631e-05 0.0 0.0 6.444141795477631e-05 0.0 0.0 0.0 0.0 0.0 0.0 0.0 0.0 0.0 0.0 0.0 0.0 0.0 0.0 0.0 0.0 0.0 
1917 1.894 6.450942888991953e-05 0.0 0.0 6.450942888991953e-05 0.0 0.0 0.0 0.0 0.0 0.0 0.0 0.0 0.0 0.0 0.0 0.0 0.0 0.0 0.0 0.0 0.0 
1918 1.895 6.457749910073392e-05 0.0 0.0 6.457749910073392e-05 0.0 0.0 0.0 0.0 0.0 0.0 0.0 0.0 0.0 0.0 0.0 0.0 0.0 0.0 0.0 0.0 0.0 
1919 1.896 6.464562861846875e-05 0.0 0.0 6.464562861846875e-05 0.0 0.0 0.0 0.0 0.0 0.0 0.0 0.0 0.0 0.0 0.0 0.0 0.0 0.0 0.0 0.0 0.0 
1920 1.897 6.471381747435339e-05 0.0 0.0 6.471381747435339e-05 0.0 0.0 0.0 0.0 0.0 0.0 0.0 0.0 0.0 0.0 0.0 0.0 0.0 0.0 0.0 0.0 0.0 
1921 1.898 6.478206569959705e-05 0.0 0.0 6.478206569959705e-05 0.0 0.0 0.0 0.0 0.0 0.0 0.0 0.0 0.0 0.0 0.0 0.0 0.0 0.0 0.0 0.0 0.0 
1922 1.899 6.485037332538881e-05 0.0 0.0 6.485037332538881e-05 0.0 0.0 0.0 0.0 0.0 0.0 0.0 0.0 0.0 0.0 0.0 0.0 0.0 0.0 0.0 0.0 0.0 
1923 1.9 6.491874038289746e-05 0.0 0.0 6.491874038289746e-05 0.0 0.0 0.0 0.0 0.0 0.0 0.0 0.0 0.0 0.0 0.0 0.0 0.0 0.0 0.0 0.0 0.0 
1924 1.901 6.498716690327151e-05 0.0 0.0 6.498716690327151e-05 0.0 0.0 0.0 0.0 0.0 0.0 0.0 0.0 0.0 0.0 0.0 0.0 0.0 0.0 0.0 0.0 0.0 
1925 1.902 6.505565291763893e-05 0.0 0.0 6.505565291763893e-05 0.0 0.0 0.0 0.0 0.0 0.0 0.0 0.0 0.0 0.0 0.0 0.0 0.0 0.0 0.0 0.0 0.0 
1926 1.903 6.512419845710723e-05 0.0 0.0 6.512419845710723e-05 0.0 0.0 0.0 0.0 0.0 0.0 0.0 0.0 0.0 0.0 0.0 0.0 0.0 0.0 0.0 0.0 0.0 
1927 1.904 6.519280355276332e-05 0.0 0.0 6.519280355276332e-05 0.0 0.0 0.0 0.0 0.0 0.0 0.0 0.0 0.0 0.0 0.0 0.0 0.0 0.0 0.0 0.0 0.0 
1928 1.905 6.526146823567336e-05 0.0 0.0 6.526146823567336e-05 0.0 0.0 0.0 0.0 0.0 0.0 0.0 0.0 0.0 0.0 0.0 0.0 0.0 0.0 0.0 0.0 0.0 
1929 1.906 6.533019253688281e-05 0.0 0.0 6.533019253688281e-05 0.0 0.0 0.0 0.0 0.0 0.0 0.0 0.0 0.0 0.0 0.0 0.0 0.0 0.0 0.0 0.0 0.0 
1930 1.907 6.539897648741617e-05 0.0 0.0 6.539897648741617e-05 0.0 0.0 0.0 0.0 0.0 0.0 0.0 0.0 0.0 0.0 0.0 0.0 0.0 0.0 0.0 0.0 0.0 
1931 1.908 6.5467820118277e-05 0.0 0.0 6.5467820118277e-05 0.0 0.0 0.0 0.0 0.0 0.0 0.0 0.0 0.0 0.0 0.0 0.0 0.0 0.0 0.0 0.0 0.0 
1932 1.909 6.553672346044782e-05 0.0 0.0 6.553672346044782e-05 0.0 0.0 0.0 0.0 0.0 0.0 0.0 0.0 0.0 0.0 0.0 0.0 0.0 0.0 0.0 0.0 0.0 
1933 1.91 6.560568654489e-05 0.0 0.0 6.560568654489e-05 0.0 0.0 0.0 0.0 0.0 0.0 0.0 0.0 0.0 0.0 0.0 0.0 0.0 0.0 0.0 0.0 0.0 
1934 1.911 6.567470940254369e-05 0.0 0.0 6.567470940254369e-05 0.0 0.0 0.0 0.0 0.0 0.0 0.0 0.0 0.0 0.0 0.0 0.0 0.0 0.0 0.0 0.0 0.0 
1935 1.912 6.574379206432774e-05 0.0 0.0 6.574379206432774e-05 0.0 0.0 0.0 0.0 0.0 0.0 0.0 0.0 0.0 0.0 0.0 0.0 0.0 0.0 0.0 0.0 0.0 
1936 1.913 6.581293456113952e-05 0.0 0.0 6.581293456113952e-05 0.0 0.0 0.0 0.0 0.0 0.0 0.0 0.0 0.0 0.0 0.0 0.0 0.0 0.0 0.0 0.0 0.0 
1937 1.914 6.588213692385498e-05 0.0 0.0 6.588213692385498e-05 0.0 0.0 0.0 0.0 0.0 0.0 0.0 0.0 0.0 0.0 0.0 0.0 0.0 0.0 0.0 0.0 0.0 
1938 1.915 6.595139918332845e-05 0.0 0.0 6.595139918332845e-05 0.0 0.0 0.0 0.0 0.0 0.0 0.0 0.0 0.0 0.0 0.0 0.0 0.0 0.0 0.0 0.0 0.0 
1939 1.916 6.602072137039263e-05 0.0 0.0 6.602072137039263e-05 0.0 0.0 0.0 0.0 0.0 0.0 0.0 0.0 0.0 0.0 0.0 0.0 0.0 0.0 0.0 0.0 0.0 
1940 1.917 6.609010351585833e-05 0.0 0.0 6.609010351585833e-05 0.0 0.0 0.0 0.0 0.0 0.0 0.0 0.0 0.0 0.0 0.0 0.0 0.0 0.0 0.0 0.0 0.0 
1941 1.918 6.615954565051467e-05 0.0 0.0 6.615954565051467e-05 0.0 0.0 0.0 0.0 0.0 0.0 0.0 0.0 0.0 0.0 0.0 0.0 0.0 0.0 0.0 0.0 0.0 
1942 1.919 6.622904780512869e-05 0.0 0.0 6.622904780512869e-05 0.0 0.0 0.0 0.0 0.0 0.0 0.0 0.0 0.0 0.0 0.0 0.0 0.0 0.0 0.0 0.0 0.0 
1943 1.92 6.629861001044547e-05 0.0 0.0 6.629861001044547e-05 0.0 0.0 0.0 0.0 0.0 0.0 0.0 0.0 0.0 0.0 0.0 0.0 0.0 0.0 0.0 0.0 0.0 
1944 1.921 6.636823229718797e-05 0.0 0.0 6.636823229718797e-05 0.0 0.0 0.0 0.0 0.0 0.0 0.0 0.0 0.0 0.0 0.0 0.0 0.0 0.0 0.0 0.0 0.0 
1945 1.922 6.643791469605687e-05 0.0 0.0 6.643791469605687e-05 0.0 0.0 0.0 0.0 0.0 0.0 0.0 0.0 0.0 0.0 0.0 0.0 0.0 0.0 0.0 0.0 0.0 
1946 1.923 6.650765723773058e-05 0.0 0.0 6.650765723773058e-05 0.0 0.0 0.0 0.0 0.0 0.0 0.0 0.0 0.0 0.0 0.0 0.0 0.0 0.0 0.0 0.0 0.0 
1947 1.924 6.657745995286514e-05 0.0 0.0 6.657745995286514e-05 0.0 0.0 0.0 0.0 0.0 0.0 0.0 0.0 0.0 0.0 0.0 0.0 0.0 0.0 0.0 0.0 0.0 
1948 1.925 6.664732287209404e-05 0.0 0.0 6.664732287209404e-05 0.0 0.0 0.0 0.0 0.0 0.0 0.0 0.0 0.0 0.0 0.0 0.0 0.0 0.0 0.0 0.0 0.0 
1949 1.926 6.671724602602826e-05 0.0 0.0 6.671724602602826e-05 0.0 0.0 0.0 0.0 0.0 0.0 0.0 0.0 0.0 0.0 0.0 0.0 0.0 0.0 0.0 0.0 0.0 
1950 1.927 6.678722944525611e-05 0.0 0.0 6.678722944525611e-05 0.0 0.0 0.0 0.0 0.0 0.0 0.0 0.0 0.0 0.0 0.0 0.0 0.0 0.0 0.0 0.0 0.0 
1951 1.928 6.685727316034303e-05 0.0 0.0 6.685727316034303e-05 0.0 0.0 0.0 0.0 0.0 0.0 0.0 0.0 0.0 0.0 0.0 0.0 0.0 0.0 0.0 0.0 0.0 
1952 1.929 6.692737720183173e-05 0.0 0.0 6.692737720183173e-05 0.0 0.0 0.0 0.0 0.0 0.0 0.0 0.0 0.0 0.0 0.0 0.0 0.0 0.0 0.0 0.0 0.0 
1953 1.93 6.699754160024192e-05 0.0 0.0 6.699754160024192e-05 0.0 0.0 0.0 0.0 0.0 0.0 0.0 0.0 0.0 0.0 0.0 0.0 0.0 0.0 0.0 0.0 0.0 
1954 1.931 6.706776638607029e-05 0.0 0.0 6.706776638607029e-05 0.0 0.0 0.0 0.0 0.0 0.0 0.0 0.0 0.0 0.0 0.0 0.0 0.0 0.0 0.0 0.0 0.0 
1955 1.932 6.713805158979043e-05 0.0 0.0 6.713805158979043e-05 0.0 0.0 0.0 0.0 0.0 0.0 0.0 0.0 0.0 0.0 0.0 0.0 0.0 0.0 0.0 0.0 0.0 
1956 1.933 6.72083972418526e-05 0.0 0.0 6.72083972418526e-05 0.0 0.0 0.0 0.0 0.0 0.0 0.0 0.0 0.0 0.0 0.0 0.0 0.0 0.0 0.0 0.0 0.0 
1957 1.934 6.727880337268389e-05 0.0 0.0 6.727880337268389e-05 0.0 0.0 0.0 0.0 0.0 0.0 0.0 0.0 0.0 0.0 0.0 0.0 0.0 0.0 0.0 0.0 0.0 
1958 1.935 6.734927001268794e-05 0.0 0.0 6.734927001268794e-05 0.0 0.0 0.0 0.0 0.0 0.0 0.0 0.0 0.0 0.0 0.0 0.0 0.0 0.0 0.0 0.0 0.0 
1959 1.936 6.741979719224485e-05 0.0 0.0 6.741979719224485e-05 0.0 0.0 0.0 0.0 0.0 0.0 0.0 0.0 0.0 0.0 0.0 0.0 0.0 0.0 0.0 0.0 0.0 
1960 1.937 6.749038494171115e-05 0.0 0.0 6.749038494171115e-05 0.0 0.0 0.0 0.0 0.0 0.0 0.0 0.0 0.0 0.0 0.0 0.0 0.0 0.0 0.0 0.0 0.0 
1961 1.938 6.756103329141974e-05 0.0 0.0 6.756103329141974e-05 0.0 0.0 0.0 0.0 0.0 0.0 0.0 0.0 0.0 0.0 0.0 0.0 0.0 0.0 0.0 0.0 0.0 
1962 1.939 6.763174227167967e-05 0.0 0.0 6.763174227167967e-05 0.0 0.0 0.0 0.0 0.0 0.0 0.0 0.0 0.0 0.0 0.0 0.0 0.0 0.0 0.0 0.0 0.0 
1963 1.94 6.770251191277619e-05 0.0 0.0 6.770251191277619e-05 0.0 0.0 0.0 0.0 0.0 0.0 0.0 0.0 0.0 0.0 0.0 0.0 0.0 0.0 0.0 0.0 0.0 
1964 1.941 6.777334224497055e-05 0.0 0.0 6.777334224497055e-05 0.0 0.0 0.0 0.0 0.0 0.0 0.0 0.0 0.0 0.0 0.0 0.0 0.0 0.0 0.0 0.0 0.0 
1965 1.942 6.78442332985e-05 0.0 0.0 6.78442332985e-05 0.0 0.0 0.0 0.0 0.0 0.0 0.0 0.0 0.0 0.0 0.0 0.0 0.0 0.0 0.0 0.0 0.0 
1966 1.943 6.79151851035775e-05 0.0 0.0 6.79151851035775e-05 0.0 0.0 0.0 0.0 0.0 0.0 0.0 0.0 0.0 0.0 0.0 0.0 0.0 0.0 0.0 0.0 0.0 
1967 1.944 6.798619769039199e-05 0.0 0.0 6.798619769039199e-05 0.0 0.0 0.0 0.0 0.0 0.0 0.0 0.0 0.0 0.0 0.0 0.0 0.0 0.0 0.0 0.0 0.0 
1968 1.945 6.805727108910792e-05 0.0 0.0 6.805727108910792e-05 0.0 0.0 0.0 0.0 0.0 0.0 0.0 0.0 0.0 0.0 0.0 0.0 0.0 0.0 0.0 0.0 0.0 
1969 1.946 6.812840532986534e-05 0.0 0.0 6.812840532986534e-05 0.0 0.0 0.0 0.0 0.0 0.0 0.0 0.0 0.0 0.0 0.0 0.0 0.0 0.0 0.0 0.0 0.0 
1970 1.947 6.81996004427798e-05 0.0 0.0 6.81996004427798e-05 0.0 0.0 0.0 0.0 0.0 0.0 0.0 0.0 0.0 0.0 0.0 0.0 0.0 0.0 0.0 0.0 0.0 
1971 1.948 6.827085645794225e-05 0.0 0.0 6.827085645794225e-05 0.0 0.0 0.0 0.0 0.0 0.0 0.0 0.0 0.0 0.0 0.0 0.0 0.0 0.0 0.0 0.0 0.0 
1972 1.949 6.834217340541891e-05 0.0 0.0 6.834217340541891e-05 0.0 0.0 0.0 0.0 0.0 0.0 0.0 0.0 0.0 0.0 0.0 0.0 0.0 0.0 0.0 0.0 0.0 
1973 1.95 6.84135513152512e-05 0.0 0.0 6.84135513152512e-05 0.0 0.0 0.0 0.0 0.0 0.0 0.0 0.0 0.0 0.0 0.0 0.0 0.0 0.0 0.0 0.0 0.0 
1974 1.951 6.848499021745563e-05 0.0 0.0 6.848499021745563e-05 0.0 0.0 0.0 0.0 0.0 0.0 0.0 0.0 0.0 0.0 0.0 0.0 0.0 0.0 0.0 0.0 0.0 
1975 1.952 6.855649014202374e-05 0.0 0.0 6.855649014202374e-05 0.0 0.0 0.0 0.0 0.0 0.0 0.0 0.0 0.0 0.0 0.0 0.0 0.0 0.0 0.0 0.0 0.0 
1976 1.953 6.862805111892198e-05 0.0 0.0 6.862805111892198e-05 0.0 0.0 0.0 0.0 0.0 0.0 0.0 0.0 0.0 0.0 0.0 0.0 0.0 0.0 0.0 0.0 0.0 
1977 1.954 6.869967317809161e-05 0.0 0.0 6.869967317809161e-05 0.0 0.0 0.0 0.0 0.0 0.0 0.0 0.0 0.0 0.0 0.0 0.0 0.0 0.0 0.0 0.0 0.0 
1978 1.955 6.87713563494486e-05 0.0 0.0 6.87713563494486e-05 0.0 0.0 0.0 0.0 0.0 0.0 0.0 0.0 0.0 0.0 0.0 0.0 0.0 0.0 0.0 0.0 0.0 
1979 1.956 6.884310066288359e-05 0.0 0.0 6.884310066288359e-05 0.0 0.0 0.0 0.0 0.0 0.0 0.0 0.0 0.0 0.0 0.0 0.0 0.0 0.0 0.0 0.0 0.0 
1980 1.957 6.891490614826172e-05 0.0 0.0 6.891490614826172e-05 0.0 0.0 0.0 0.0 0.0 0.0 0.0 0.0 0.0 0.0 0.0 0.0 0.0 0.0 0.0 0.0 0.0 
1981 1.958 6.898677283542256e-05 0.0 0.0 6.898677283542256e-05 0.0 0.0 0.0 0.0 0.0 0.0 0.0 0.0 0.0 0.0 0.0 0.0 0.0 0.0 0.0 0.0 0.0 
1982 1.959 6.905870075418005e-05 0.0 0.0 6.905870075418005e-05 0.0 0.0 0.0 0.0 0.0 0.0 0.0 0.0 0.0 0.0 0.0 0.0 0.0 0.0 0.0 0.0 0.0 
1983 1.96 6.913068993432237e-05 0.0 0.0 6.913068993432237e-05 0.0 0.0 0.0 0.0 0.0 0.0 0.0 0.0 0.0 0.0 0.0 0.0 0.0 0.0 0.0 0.0 0.0 
1984 1.961 6.920274040561185e-05 0.0 0.0 6.920274040561185e-05 0.0 0.0 0.0 0.0 0.0 0.0 0.0 0.0 0.0 0.0 0.0 0.0 0.0 0.0 0.0 0.0 0.0 
1985 1.962 6.927485219778486e-05 0.0 0.0 6.927485219778486e-05 0.0 0.0 0.0 0.0 0.0 0.0 0.0 0.0 0.0 0.0 0.0 0.0 0.0 0.0 0.0 0.0 0.0 
1986 1.963 6.934702534055172e-05 0.0 0.0 6.934702534055172e-05 0.0 0.0 0.0 0.0 0.0 0.0 0.0 0.0 0.0 0.0 0.0 0.0 0.0 0.0 0.0 0.0 0.0 
1987 1.964 6.941925986359665e-05 0.0 0.0 6.941925986359665e-05 0.0 0.0 0.0 0.0 0.0 0.0 0.0 0.0 0.0 0.0 0.0 0.0 0.0 0.0 0.0 0.0 0.0 
1988 1.965 6.94915557965776e-05 0.0 0.0 6.94915557965776e-05 0.0 0.0 0.0 0.0 0.0 0.0 0.0 0.0 0.0 0.0 0.0 0.0 0.0 0.0 0.0 0.0 0.0 
1989 1.965 6.956391316912622e-05 0.0 0.0 6.956391316912622e-05 0.0 0.0 0.0 0.0 0.0 0.0 0.0 0.0 0.0 0.0 0.0 0.0 0.0 0.0 0.0 0.0 0.0 
1990 1.966 6.963633201084771e-05 0.0 0.0 6.963633201084771e-05 0.0 0.0 0.0 0.0 0.0 0.0 0.0 0.0 0.0 0.0 0.0 0.0 0.0 0.0 0.0 0.0 0.0 
1991 1.967 6.970881235132075e-05 0.0 0.0 6.970881235132075e-05 0.0 0.0 0.0 0.0 0.0 0.0 0.0 0.0 0.0 0.0 0.0 0.0 0.0 0.0 0.0 0.0 0.0 
1992 1.968 6.978135422009741e-05 0.0 0.0 6.978135422009741e-05 0.0 0.0 0.0 0.0 0.0 0.0 0.0 0.0 0.0 0.0 0.0 0.0 0.0 0.0 0.0 0.0 0.0 
1993 1.969 6.985395764670301e-05 0.0 0.0 6.985395764670301e-05 0.0 0.0 0.0 0.0 0.0 0.0 0.0 0.0 0.0 0.0 0.0 0.0 0.0 0.0 0.0 0.0 0.0 
1994 1.97 6.992662266063609e-05 0.0 0.0 6.992662266063609e-05 0.0 0.0 0.0 0.0 0.0 0.0 0.0 0.0 0.0 0.0 0.0 0.0 0.0 0.0 0.0 0.0 0.0 
1995 1.971 6.999934929136827e-05 0.0 0.0 6.999934929136827e-05 0.0 0.0 0.0 0.0 0.0 0.0 0.0 0.0 0.0 0.0 0.0 0.0 0.0 0.0 0.0 0.0 0.0 
1996 1.972 7.007213756834412e-05 0.0 0.0 7.007213756834412e-05 0.0 0.0 0.0 0.0 0.0 0.0 0.0 0.0 0.0 0.0 0.0 0.0 0.0 0.0 0.0 0.0 0.0 
1997 1.973 7.014498752098115e-05 0.0 0.0 7.014498752098115e-05 0.0 0.0 0.0 0.0 0.0 0.0 0.0 0.0 0.0 0.0 0.0 0.0 0.0 0.0 0.0 0.0 0.0 
1998 1.974 7.021789917866964e-05 0.0 0.0 7.021789917866964e-05 0.0 0.0 0.0 0.0 0.0 0.0 0.0 0.0 0.0 0.0 0.0 0.0 0.0 0.0 0.0 0.0 0.0 
1999 1.975 7.029087257077257e-05 0.0 0.0 7.029087257077257e-05 0.0 0.0 0.0 0.0 0.0 0.0 0.0 0.0 0.0 0.0 0.0 0.0 0.0 0.0 0.0 0.0 0.0 
2000 1.976 7.036390772662552e-05 0.0 0.0 7.036390772662552e-05 0.0 0.0 0.0 0.0 0.0 0.0 0.0 0.0 0.0 0.0 0.0 0.0 0.0 0.0 0.0 0.0 0.0 
2001 1.977 7.043700467553659e-05 0.0 0.0 7.043700467553659e-05 0.0 0.0 0.0 0.0 0.0 0.0 0.0 0.0 0.0 0.0 0.0 0.0 0.0 0.0 0.0 0.0 0.0 
2002 1.978 7.051016344678619e-05 0.0 0.0 7.051016344678619e-05 0.0 0.0 0.0 0.0 0.0 0.0 0.0 0.0 0.0 0.0 0.0 0.0 0.0 0.0 0.0 0.0 0.0 
2003 1.979 7.058338406962717e-05 0.0 0.0 7.058338406962717e-05 0.0 0.0 0.0 0.0 0.0 0.0 0.0 0.0 0.0 0.0 0.0 0.0 0.0 0.0 0.0 0.0 0.0 
2004 1.98 7.065666657328448e-05 0.0 0.0 7.065666657328448e-05 0.0 0.0 0.0 0.0 0.0 0.0 0.0 0.0 0.0 0.0 0.0 0.0 0.0 0.0 0.0 0.0 0.0 
2005 1.981 7.073001098695517e-05 0.0 0.0 7.073001098695517e-05 0.0 0.0 0.0 0.0 0.0 0.0 0.0 0.0 0.0 0.0 0.0 0.0 0.0 0.0 0.0 0.0 0.0 
2006 1.982 7.08034173398084e-05 0.0 0.0 7.08034173398084e-05 0.0 0.0 0.0 0.0 0.0 0.0 0.0 0.0 0.0 0.0 0.0 0.0 0.0 0.0 0.0 0.0 0.0 
2007 1.983 7.08768856609851e-05 0.0 0.0 7.08768856609851e-05 0.0 0.0 0.0 0.0 0.0 0.0 0.0 0.0 0.0 0.0 0.0 0.0 0.0 0.0 0.0 0.0 0.0 
2008 1.984 7.095041597959812e-05 0.0 0.0 7.095041597959812e-05 0.0 0.0 0.0 0.0 0.0 0.0 0.0 0.0 0.0 0.0 0.0 0.0 0.0 0.0 0.0 0.0 0.0 
2009 1.985 7.102400832473191e-05 0.0 0.0 7.102400832473191e-05 0.0 0.0 0.0 0.0 0.0 0.0 0.0 0.0 0.0 0.0 0.0 0.0 0.0 0.0 0.0 0.0 0.0 
2010 1.986 7.109766272544265e-05 0.0 0.0 7.109766272544265e-05 0.0 0.0 0.0 0.0 0.0 0.0 0.0 0.0 0.0 0.0 0.0 0.0 0.0 0.0 0.0 0.0 0.0 
2011 1.987 7.117137921075796e-05 0.0 0.0 7.117137921075796e-05 0.0 0.0 0.0 0.0 0.0 0.0 0.0 0.0 0.0 0.0 0.0 0.0 0.0 0.0 0.0 0.0 0.0 
2012 1.988 7.124515780967682e-05 0.0 0.0 7.124515780967682e-05 0.0 0.0 0.0 0.0 0.0 0.0 0.0 0.0 0.0 0.0 0.0 0.0 0.0 0.0 0.0 0.0 0.0 
2013 1.989 7.13189985511696e-05 0.0 0.0 7.13189985511696e-05 0.0 0.0 0.0 0.0 0.0 0.0 0.0 0.0 0.0 0.0 0.0 0.0 0.0 0.0 0.0 0.0 0.0 
2014 1.99 7.139290146417785e-05 0.0 0.0 7.139290146417785e-05 0.0 0.0 0.0 0.0 0.0 0.0 0.0 0.0 0.0 0.0 0.0 0.0 0.0 0.0 0.0 0.0 0.0 
2015 1.991 7.14668665776142e-05 0.0 0.0 7.14668665776142e-05 0.0 0.0 0.0 0.0 0.0 0.0 0.0 0.0 0.0 0.0 0.0 0.0 0.0 0.0 0.0 0.0 0.0 
2016 1.992 7.154089392036234e-05 0.0 0.0 7.154089392036234e-05 0.0 0.0 0.0 0.0 0.0 0.0 0.0 0.0 0.0 0.0 0.0 0.0 0.0 0.0 0.0 0.0 0.0 
2017 1.993 7.161498352127681e-05 0.0 0.0 7.161498352127681e-05 0.0 0.0 0.0 0.0 0.0 0.0 0.0 0.0 0.0 0.0 0.0 0.0 0.0 0.0 0.0 0.0 0.0 
2018 1.994 7.168913540918302e-05 0.0 0.0 7.168913540918302e-05 0.0 0.0 0.0 0.0 0.0 0.0 0.0 0.0 0.0 0.0 0.0 0.0 0.0 0.0 0.0 0.0 0.0 
2019 1.995 7.176334961287703e-05 0.0 0.0 7.176334961287703e-05 0.0 0.0 0.0 0.0 0.0 0.0 0.0 0.0 0.0 0.0 0.0 0.0 0.0 0.0 0.0 0.0 0.0 
2020 1.996 7.183762616112548e-05 0.0 0.0 7.183762616112548e-05 0.0 0.0 0.0 0.0 0.0 0.0 0.0 0.0 0.0 0.0 0.0 0.0 0.0 0.0 0.0 0.0 0.0 
2021 1.997 7.19119650826656e-05 0.0 0.0 7.19119650826656e-05 0.0 0.0 0.0 0.0 0.0 0.0 0.0 0.0 0.0 0.0 0.0 0.0 0.0 0.0 0.0 0.0 0.0 
2022 1.998 7.198636640620495e-05 0.0 0.0 7.198636640620495e-05 0.0 0.0 0.0 0.0 0.0 0.0 0.0 0.0 0.0 0.0 0.0 0.0 0.0 0.0 0.0 0.0 0.0 
2023 1.999 7.20608301604214e-05 0.0 0.0 7.20608301604214e-05 0.0 0.0 0.0 0.0 0.0 0.0 0.0 0.0 0.0 0.0 0.0 0.0 0.0 0.0 0.0 0.0 0.0 
2024 2.0 7.213535637396307e-05 0.0 0.0 7.213535637396307e-05 0.0 0.0 0.0 0.0 0.0 0.0 0.0 0.0 0.0 0.0 0.0 0.0 0.0 0.0 0.0 0.0 0.0 
2025 2.001 7.220994507544809e-05 0.0 0.0 7.220994507544809e-05 0.0 0.0 0.0 0.0 0.0 0.0 0.0 0.0 0.0 0.0 0.0 0.0 0.0 0.0 0.0 0.0 0.0 
2026 2.002 7.228459629346465e-05 0.0 0.0 7.228459629346465e-05 0.0 0.0 0.0 0.0 0.0 0.0 0.0 0.0 0.0 0.0 0.0 0.0 0.0 0.0 0.0 0.0 0.0 
2027 2.003 7.235931005657083e-05 0.0 0.0 7.235931005657083e-05 0.0 0.0 0.0 0.0 0.0 0.0 0.0 0.0 0.0 0.0 0.0 0.0 0.0 0.0 0.0 0.0 0.0 
2028 2.004 7.243408639329443e-05 0.0 0.0 7.243408639329443e-05 0.0 0.0 0.0 0.0 0.0 0.0 0.0 0.0 0.0 0.0 0.0 0.0 0.0 0.0 0.0 0.0 0.0 
2029 2.005 7.2508925332133e-05 0.0 0.0 7.2508925332133e-05 0.0 0.0 0.0 0.0 0.0 0.0 0.0 0.0 0.0 0.0 0.0 0.0 0.0 0.0 0.0 0.0 0.0 
2030 2.006 7.25838269015537e-05 0.0 0.0 7.25838269015537e-05 0.0 0.0 0.0 0.0 0.0 0.0 0.0 0.0 0.0 0.0 0.0 0.0 0.0 0.0 0.0 0.0 0.0 
2031 2.007 7.265879112999308e-05 0.0 0.0 7.265879112999308e-05 0.0 0.0 0.0 0.0 0.0 0.0 0.0 0.0 0.0 0.0 0.0 0.0 0.0 0.0 0.0 0.0 0.0 
2032 2.008 7.273381804585717e-05 0.0 0.0 7.273381804585717e-05 0.0 0.0 0.0 0.0 0.0 0.0 0.0 0.0 0.0 0.0 0.0 0.0 0.0 0.0 0.0 0.0 0.0 
2033 2.009 7.280890767752118e-05 0.0 0.0 7.280890767752118e-05 0.0 0.0 0.0 0.0 0.0 0.0 0.0 0.0 0.0 0.0 0.0 0.0 0.0 0.0 0.0 0.0 0.0 
2034 2.01 7.288406005332955e-05 0.0 0.0 7.288406005332955e-05 0.0 0.0 0.0 0.0 0.0 0.0 0.0 0.0 0.0 0.0 0.0 0.0 0.0 0.0 0.0 0.0 0.0 
2035 2.011 7.295927520159584e-05 0.0 0.0 7.295927520159584e-05 0.0 0.0 0.0 0.0 0.0 0.0 0.0 0.0 0.0 0.0 0.0 0.0 0.0 0.0 0.0 0.0 0.0 
2036 2.012 7.303455315060244e-05 0.0 0.0 7.303455315060244e-05 0.0 0.0 0.0 0.0 0.0 0.0 0.0 0.0 0.0 0.0 0.0 0.0 0.0 0.0 0.0 0.0 0.0 
2037 2.013 7.310989392860072e-05 0.0 0.0 7.310989392860072e-05 0.0 0.0 0.0 0.0 0.0 0.0 0.0 0.0 0.0 0.0 0.0 0.0 0.0 0.0 0.0 0.0 0.0 
2038 2.014 7.318529756381073e-05 0.0 0.0 7.318529756381073e-05 0.0 0.0 0.0 0.0 0.0 0.0 0.0 0.0 0.0 0.0 0.0 0.0 0.0 0.0 0.0 0.0 0.0 
2039 2.015 7.326076408442128e-05 0.0 0.0 7.326076408442128e-05 0.0 0.0 0.0 0.0 0.0 0.0 0.0 0.0 0.0 0.0 0.0 0.0 0.0 0.0 0.0 0.0 0.0 
2040 2.016 7.333629351858959e-05 0.0 0.0 7.333629351858959e-05 0.0 0.0 0.0 0.0 0.0 0.0 0.0 0.0 0.0 0.0 0.0 0.0 0.0 0.0 0.0 0.0 0.0 
2041 2.017 7.341188589444144e-05 0.0 0.0 7.341188589444144e-05 0.0 0.0 0.0 0.0 0.0 0.0 0.0 0.0 0.0 0.0 0.0 0.0 0.0 0.0 0.0 0.0 0.0 
2042 2.018 7.34875412400709e-05 0.0 0.0 7.34875412400709e-05 0.0 0.0 0.0 0.0 0.0 0.0 0.0 0.0 0.0 0.0 0.0 0.0 0.0 0.0 0.0 0.0 0.0 
2043 2.019 7.356325958354033e-05 0.0 0.0 7.356325958354033e-05 0.0 0.0 0.0 0.0 0.0 0.0 0.0 0.0 0.0 0.0 0.0 0.0 0.0 0.0 0.0 0.0 0.0 
2044 2.02 7.36390409528801e-05 0.0 0.0 7.36390409528801e-05 0.0 0.0 0.0 0.0 0.0 0.0 0.0 0.0 0.0 0.0 0.0 0.0 0.0 0.0 0.0 0.0 0.0 
2045 2.021 7.371488537608877e-05 0.0 0.0 7.371488537608877e-05 0.0 0.0 0.0 0.0 0.0 0.0 0.0 0.0 0.0 0.0 0.0 0.0 0.0 0.0 0.0 0.0 0.0 
2046 2.022 7.379079288113272e-05 0.0 0.0 7.379079288113272e-05 0.0 0.0 0.0 0.0 0.0 0.0 0.0 0.0 0.0 0.0 0.0 0.0 0.0 0.0 0.0 0.0 0.0 
2047 2.023 7.386676349594618e-05 0.0 0.0 7.386676349594618e-05 0.0 0.0 0.0 0.0 0.0 0.0 0.0 0.0 0.0 0.0 0.0 0.0 0.0 0.0 0.0 0.0 0.0 
2048 2.024 7.394279724843108e-05 0.0 0.0 7.394279724843108e-05 0.0 0.0 0.0 0.0 0.0 0.0 0.0 0.0 0.0 0.0 0.0 0.0 0.0 0.0 0.0 0.0 0.0 
2049 2.025 7.401889416645699e-05 0.0 0.0 7.401889416645699e-05 0.0 0.0 0.0 0.0 0.0 0.0 0.0 0.0 0.0 0.0 0.0 0.0 0.0 0.0 0.0 0.0 0.0 
2050 2.026 7.409505427786096e-05 0.0 0.0 7.409505427786096e-05 0.0 0.0 0.0 0.0 0.0 0.0 0.0 0.0 0.0 0.0 0.0 0.0 0.0 0.0 0.0 0.0 0.0 
2051 2.027 7.417127761044741e-05 0.0 0.0 7.417127761044741e-05 0.0 0.0 0.0 0.0 0.0 0.0 0.0 0.0 0.0 0.0 0.0 0.0 0.0 0.0 0.0 0.0 0.0 
2052 2.028 7.424756419198809e-05 0.0 0.0 7.424756419198809e-05 0.0 0.0 0.0 0.0 0.0 0.0 0.0 0.0 0.0 0.0 0.0 0.0 0.0 0.0 0.0 0.0 0.0 
2053 2.029 7.432391405022196e-05 0.0 0.0 7.432391405022196e-05 0.0 0.0 0.0 0.0 0.0 0.0 0.0 0.0 0.0 0.0 0.0 0.0 0.0 0.0 0.0 0.0 0.0 
2054 2.03 7.440032721285496e-05 0.0 0.0 7.440032721285496e-05 0.0 0.0 0.0 0.0 0.0 0.0 0.0 0.0 0.0 0.0 0.0 0.0 0.0 0.0 0.0 0.0 0.0 
2055 2.031 7.447680370756015e-05 0.0 0.0 7.447680370756015e-05 0.0 0.0 0.0 0.0 0.0 0.0 0.0 0.0 0.0 0.0 0.0 0.0 0.0 0.0 0.0 0.0 0.0 
2056 2.032 7.455334356197729e-05 0.0 0.0 7.455334356197729e-05 0.0 0.0 0.0 0.0 0.0 0.0 0.0 0.0 0.0 0.0 0.0 0.0 0.0 0.0 0.0 0.0 0.0 
2057 2.033 7.462994680371303e-05 0.0 0.0 7.462994680371303e-05 0.0 0.0 0.0 0.0 0.0 0.0 0.0 0.0 0.0 0.0 0.0 0.0 0.0 0.0 0.0 0.0 0.0 
2058 2.034 7.470661346034064e-05 0.0 0.0 7.470661346034064e-05 0.0 0.0 0.0 0.0 0.0 0.0 0.0 0.0 0.0 0.0 0.0 0.0 0.0 0.0 0.0 0.0 0.0 
2059 2.035 7.47833435593999e-05 0.0 0.0 7.47833435593999e-05 0.0 0.0 0.0 0.0 0.0 0.0 0.0 0.0 0.0 0.0 0.0 0.0 0.0 0.0 0.0 0.0 0.0 
2060 2.036 7.486013712839706e-05 0.0 0.0 7.486013712839706e-05 0.0 0.0 0.0 0.0 0.0 0.0 0.0 0.0 0.0 0.0 0.0 0.0 0.0 0.0 0.0 0.0 0.0 
2061 2.037 7.493699419480472e-05 0.0 0.0 7.493699419480472e-05 0.0 0.0 0.0 0.0 0.0 0.0 0.0 0.0 0.0 0.0 0.0 0.0 0.0 0.0 0.0 0.0 0.0 
2062 2.038 7.501391478606165e-05 0.0 0.0 7.501391478606165e-05 0.0 0.0 0.0 0.0 0.0 0.0 0.0 0.0 0.0 0.0 0.0 0.0 0.0 0.0 0.0 0.0 0.0 
2063 2.039 7.509089892957279e-05 0.0 0.0 7.509089892957279e-05 0.0 0.0 0.0 0.0 0.0 0.0 0.0 0.0 0.0 0.0 0.0 0.0 0.0 0.0 0.0 0.0 0.0 
2064 2.04 7.516794665270907e-05 0.0 0.0 7.516794665270907e-05 0.0 0.0 0.0 0.0 0.0 0.0 0.0 0.0 0.0 0.0 0.0 0.0 0.0 0.0 0.0 0.0 0.0 
2065 2.041 7.524505798280733e-05 0.0 0.0 7.524505798280733e-05 0.0 0.0 0.0 0.0 0.0 0.0 0.0 0.0 0.0 0.0 0.0 0.0 0.0 0.0 0.0 0.0 0.0 
2066 2.042 7.532223294717019e-05 0.0 0.0 7.532223294717019e-05 0.0 0.0 0.0 0.0 0.0 0.0 0.0 0.0 0.0 0.0 0.0 0.0 0.0 0.0 0.0 0.0 0.0 
2067 2.043 7.539947157306596e-05 0.0 0.0 7.539947157306596e-05 0.0 0.0 0.0 0.0 0.0 0.0 0.0 0.0 0.0 0.0 0.0 0.0 0.0 0.0 0.0 0.0 0.0 
2068 2.044 7.547677388772855e-05 0.0 0.0 7.547677388772855e-05 0.0 0.0 0.0 0.0 0.0 0.0 0.0 0.0 0.0 0.0 0.0 0.0 0.0 0.0 0.0 0.0 0.0 
2069 2.045 7.555413991835731e-05 0.0 0.0 7.555413991835731e-05 0.0 0.0 0.0 0.0 0.0 0.0 0.0 0.0 0.0 0.0 0.0 0.0 0.0 0.0 0.0 0.0 0.0 
2070 2.046 7.563156969211699e-05 0.0 0.0 7.563156969211699e-05 0.0 0.0 0.0 0.0 0.0 0.0 0.0 0.0 0.0 0.0 0.0 0.0 0.0 0.0 0.0 0.0 0.0 
2071 2.047 7.570906323613755e-05 0.0 0.0 7.570906323613755e-05 0.0 0.0 0.0 0.0 0.0 0.0 0.0 0.0 0.0 0.0 0.0 0.0 0.0 0.0 0.0 0.0 0.0 
2072 2.048 7.578662057751412e-05 0.0 0.0 7.578662057751412e-05 0.0 0.0 0.0 0.0 0.0 0.0 0.0 0.0 0.0 0.0 0.0 0.0 0.0 0.0 0.0 0.0 0.0 
2073 2.049 7.586424174330685e-05 0.0 0.0 7.586424174330685e-05 0.0 0.0 0.0 0.0 0.0 0.0 0.0 0.0 0.0 0.0 0.0 0.0 0.0 0.0 0.0 0.0 0.0 
2074 2.049 7.594192676054086e-05 0.0 0.0 7.594192676054086e-05 0.0 0.0 0.0 0.0 0.0 0.0 0.0 0.0 0.0 0.0 0.0 0.0 0.0 0.0 0.0 0.0 0.0 
2075 2.05 7.601967565620604e-05 0.0 0.0 7.601967565620604e-05 0.0 0.0 0.0 0.0 0.0 0.0 0.0 0.0 0.0 0.0 0.0 0.0 0.0 0.0 0.0 0.0 0.0 
2076 2.051 7.609748845725698e-05 0.0 0.0 7.609748845725698e-05 0.0 0.0 0.0 0.0 0.0 0.0 0.0 0.0 0.0 0.0 0.0 0.0 0.0 0.0 0.0 0.0 0.0 
2077 2.052 7.61753651906129e-05 0.0 0.0 7.61753651906129e-05 0.0 0.0 0.0 0.0 0.0 0.0 0.0 0.0 0.0 0.0 0.0 0.0 0.0 0.0 0.0 0.0 0.0 
2078 2.053 7.625330588315754e-05 0.0 0.0 7.625330588315754e-05 0.0 0.0 0.0 0.0 0.0 0.0 0.0 0.0 0.0 0.0 0.0 0.0 0.0 0.0 0.0 0.0 0.0 
2079 2.054 7.633131056173892e-05 0.0 0.0 7.633131056173892e-05 0.0 0.0 0.0 0.0 0.0 0.0 0.0 0.0 0.0 0.0 0.0 0.0 0.0 0.0 0.0 0.0 0.0 
2080 2.055 7.640937925316942e-05 0.0 0.0 7.640937925316942e-05 0.0 0.0 0.0 0.0 0.0 0.0 0.0 0.0 0.0 0.0 0.0 0.0 0.0 0.0 0.0 0.0 0.0 
2081 2.056 7.648751198422554e-05 0.0 0.0 7.648751198422554e-05 0.0 0.0 0.0 0.0 0.0 0.0 0.0 0.0 0.0 0.0 0.0 0.0 0.0 0.0 0.0 0.0 0.0 
2082 2.057 7.656570878164783e-05 0.0 0.0 7.656570878164783e-05 0.0 0.0 0.0 0.0 0.0 0.0 0.0 0.0 0.0 0.0 0.0 0.0 0.0 0.0 0.0 0.0 0.0 
2083 2.058 7.664396967214082e-05 0.0 0.0 7.664396967214082e-05 0.0 0.0 0.0 0.0 0.0 0.0 0.0 0.0 0.0 0.0 0.0 0.0 0.0 0.0 0.0 0.0 0.0 
2084 2.059 7.672229468237276e-05 0.0 0.0 7.672229468237276e-05 0.0 0.0 0.0 0.0 0.0 0.0 0.0 0.0 0.0 0.0 0.0 0.0 0.0 0.0 0.0 0.0 0.0 
2085 2.06 7.680068383897573e-05 0.0 0.0 7.680068383897573e-05 0.0 0.0 0.0 0.0 0.0 0.0 0.0 0.0 0.0 0.0 0.0 0.0 0.0 0.0 0.0 0.0 0.0 
2086 2.061 7.687913716854537e-05 0.0 0.0 7.687913716854537e-05 0.0 0.0 0.0 0.0 0.0 0.0 0.0 0.0 0.0 0.0 0.0 0.0 0.0 0.0 0.0 0.0 0.0 
2087 2.062 7.695765469764083e-05 0.0 0.0 7.695765469764083e-05 0.0 0.0 0.0 0.0 0.0 0.0 0.0 0.0 0.0 0.0 0.0 0.0 0.0 0.0 0.0 0.0 0.0 
2088 2.063 7.703623645278465e-05 0.0 0.0 7.703623645278465e-05 0.0 0.0 0.0 0.0 0.0 0.0 0.0 0.0 0.0 0.0 0.0 0.0 0.0 0.0 0.0 0.0 0.0 
2089 2.064 7.711488246046257e-05 0.0 0.0 7.711488246046257e-05 0.0 0.0 0.0 0.0 0.0 0.0 0.0 0.0 0.0 0.0 0.0 0.0 0.0 0.0 0.0 0.0 0.0 
2090 2.065 7.719359274712354e-05 0.0 0.0 7.719359274712354e-05 0.0 0.0 0.0 0.0 0.0 0.0 0.0 0.0 0.0 0.0 0.0 0.0 0.0 0.0 0.0 0.0 0.0 
2091 2.066 7.727236733917965e-05 0.0 0.0 7.727236733917965e-05 0.0 0.0 0.0 0.0 0.0 0.0 0.0 0.0 0.0 0.0 0.0 0.0 0.0 0.0 0.0 0.0 0.0 
2092 2.067 7.735120626300578e-05 0.0 0.0 7.735120626300578e-05 0.0 0.0 0.0 0.0 0.0 0.0 0.0 0.0 0.0 0.0 0.0 0.0 0.0 0.0 0.0 0.0 0.0 
2093 2.068 7.743010954493971e-05 0.0 0.0 7.743010954493971e-05 0.0 0.0 0.0 0.0 0.0 0.0 0.0 0.0 0.0 0.0 0.0 0.0 0.0 0.0 0.0 0.0 0.0 
2094 2.069 7.750907721128194e-05 0.0 0.0 7.750907721128194e-05 0.0 0.0 0.0 0.0 0.0 0.0 0.0 0.0 0.0 0.0 0.0 0.0 0.0 0.0 0.0 0.0 0.0 
2095 2.07 7.758810928829553e-05 0.0 0.0 7.758810928829553e-05 0.0 0.0 0.0 0.0 0.0 0.0 0.0 0.0 0.0 0.0 0.0 0.0 0.0 0.0 0.0 0.0 0.0 
2096 2.071 7.766720580220605e-05 0.0 0.0 7.766720580220605e-05 0.0 0.0 0.0 0.0 0.0 0.0 0.0 0.0 0.0 0.0 0.0 0.0 0.0 0.0 0.0 0.0 0.0 
2097 2.072 7.77463667792015e-05 0.0 0.0 7.77463667792015e-05 0.0 0.0 0.0 0.0 0.0 0.0 0.0 0.0 0.0 0.0 0.0 0.0 0.0 0.0 0.0 0.0 0.0 
2098 2.073 7.782559224543203e-05 0.0 0.0 7.782559224543203e-05 0.0 0.0 0.0 0.0 0.0 0.0 0.0 0.0 0.0 0.0 0.0 0.0 0.0 0.0 0.0 0.0 0.0 
2099 2.074 7.790488222701002e-05 0.0 0.0 7.790488222701002e-05 0.0 0.0 0.0 0.0 0.0 0.0 0.0 0.0 0.0 0.0 0.0 0.0 0.0 0.0 0.0 0.0 0.0 
2100 2.075 7.798423675000993e-05 0.0 0.0 7.798423675000993e-05 0.0 0.0 0.0 0.0 0.0 0.0 0.0 0.0 0.0 0.0 0.0 0.0 0.0 0.0 0.0 0.0 0.0 
2101 2.076 7.806365584046801e-05 0.0 0.0 7.806365584046801e-05 0.0 0.0 0.0 0.0 0.0 0.0 0.0 0.0 0.0 0.0 0.0 0.0 0.0 0.0 0.0 0.0 0.0 
2102 2.077 7.814313952438246e-05 0.0 0.0 7.814313952438246e-05 0.0 0.0 0.0 0.0 0.0 0.0 0.0 0.0 0.0 0.0 0.0 0.0 0.0 0.0 0.0 0.0 0.0 
2103 2.078 7.822268782771308e-05 0.0 0.0 7.822268782771308e-05 0.0 0.0 0.0 0.0 0.0 0.0 0.0 0.0 0.0 0.0 0.0 0.0 0.0 0.0 0.0 0.0 0.0 
2104 2.079 7.83023007763813e-05 0.0 0.0 7.83023007763813e-05 0.0 0.0 0.0 0.0 0.0 0.0 0.0 0.0 0.0 0.0 0.0 0.0 0.0 0.0 0.0 0.0 0.0 
2105 2.08 7.838197839627003e-05 0.0 0.0 7.838197839627003e-05 0.0 0.0 0.0 0.0 0.0 0.0 0.0 0.0 0.0 0.0 0.0 0.0 0.0 0.0 0.0 0.0 0.0 
2106 2.081 7.846172071322351e-05 0.0 0.0 7.846172071322351e-05 0.0 0.0 0.0 0.0 0.0 0.0 0.0 0.0 0.0 0.0 0.0 0.0 0.0 0.0 0.0 0.0 0.0 
2107 2.082 7.854152775304722e-05 0.0 0.0 7.854152775304722e-05 0.0 0.0 0.0 0.0 0.0 0.0 0.0 0.0 0.0 0.0 0.0 0.0 0.0 0.0 0.0 0.0 0.0 
2108 2.083 7.862139954150781e-05 0.0 0.0 7.862139954150781e-05 0.0 0.0 0.0 0.0 0.0 0.0 0.0 0.0 0.0 0.0 0.0 0.0 0.0 0.0 0.0 0.0 0.0 
2109 2.084 7.870133610433289e-05 0.0 0.0 7.870133610433289e-05 0.0 0.0 0.0 0.0 0.0 0.0 0.0 0.0 0.0 0.0 0.0 0.0 0.0 0.0 0.0 0.0 0.0 
2110 2.085 7.878133746721099e-05 0.0 0.0 7.878133746721099e-05 0.0 0.0 0.0 0.0 0.0 0.0 0.0 0.0 0.0 0.0 0.0 0.0 0.0 0.0 0.0 0.0 0.0 
2111 2.086 7.886140365579147e-05 0.0 0.0 7.886140365579147e-05 0.0 0.0 0.0 0.0 0.0 0.0 0.0 0.0 0.0 0.0 0.0 0.0 0.0 0.0 0.0 0.0 0.0 
2112 2.087 7.894153469568431e-05 0.0 0.0 7.894153469568431e-05 0.0 0.0 0.0 0.0 0.0 0.0 0.0 0.0 0.0 0.0 0.0 0.0 0.0 0.0 0.0 0.0 0.0 
2113 2.088 7.902173061246002e-05 0.0 0.0 7.902173061246002e-05 0.0 0.0 0.0 0.0 0.0 0.0 0.0 0.0 0.0 0.0 0.0 0.0 0.0 0.0 0.0 0.0 0.0 
2114 2.089 7.910199143164963e-05 0.0 0.0 7.910199143164963e-05 0.0 0.0 0.0 0.0 0.0 0.0 0.0 0.0 0.0 0.0 0.0 0.0 0.0 0.0 0.0 0.0 0.0 
2115 2.09 7.918231717874445e-05 0.0 0.0 7.918231717874445e-05 0.0 0.0 0.0 0.0 0.0 0.0 0.0 0.0 0.0 0.0 0.0 0.0 0.0 0.0 0.0 0.0 0.0 
2116 2.091 7.926270787919599e-05 0.0 0.0 7.926270787919599e-05 0.0 0.0 0.0 0.0 0.0 0.0 0.0 0.0 0.0 0.0 0.0 0.0 0.0 0.0 0.0 0.0 0.0 
2117 2.092 7.934316355841584e-05 0.0 0.0 7.934316355841584e-05 0.0 0.0 0.0 0.0 0.0 0.0 0.0 0.0 0.0 0.0 0.0 0.0 0.0 0.0 0.0 0.0 0.0 
2118 2.093 7.942368424177563e-05 0.0 0.0 7.942368424177563e-05 0.0 0.0 0.0 0.0 0.0 0.0 0.0 0.0 0.0 0.0 0.0 0.0 0.0 0.0 0.0 0.0 0.0 
2119 2.094 7.950426995460684e-05 0.0 0.0 7.950426995460684e-05 0.0 0.0 0.0 0.0 0.0 0.0 0.0 0.0 0.0 0.0 0.0 0.0 0.0 0.0 0.0 0.0 0.0 
2120 2.095 7.958492072220063e-05 0.0 0.0 7.958492072220063e-05 0.0 0.0 0.0 0.0 0.0 0.0 0.0 0.0 0.0 0.0 0.0 0.0 0.0 0.0 0.0 0.0 0.0 
2121 2.096 7.966563656980784e-05 0.0 0.0 7.966563656980784e-05 0.0 0.0 0.0 0.0 0.0 0.0 0.0 0.0 0.0 0.0 0.0 0.0 0.0 0.0 0.0 0.0 0.0 
2122 2.097 7.974641752263885e-05 0.0 0.0 7.974641752263885e-05 0.0 0.0 0.0 0.0 0.0 0.0 0.0 0.0 0.0 0.0 0.0 0.0 0.0 0.0 0.0 0.0 0.0 
2123 2.098 7.982726360586335e-05 0.0 0.0 7.982726360586335e-05 0.0 0.0 0.0 0.0 0.0 0.0 0.0 0.0 0.0 0.0 0.0 0.0 0.0 0.0 0.0 0.0 0.0 
2124 2.099 7.990817484461044e-05 0.0 0.0 7.990817484461044e-05 0.0 0.0 0.0 0.0 0.0 0.0 0.0 0.0 0.0 0.0 0.0 0.0 0.0 0.0 0.0 0.0 0.0 
2125 2.1 7.998915126396827e-05 0.0 0.0 7.998915126396827e-05 0.0 0.0 0.0 0.0 0.0 0.0 0.0 0.0 0.0 0.0 0.0 0.0 0.0 0.0 0.0 0.0 0.0 
2126 2.101 8.007019288898407e-05 0.0 0.0 8.007019288898407e-05 0.0 0.0 0.0 0.0 0.0 0.0 0.0 0.0 0.0 0.0 0.0 0.0 0.0 0.0 0.0 0.0 0.0 
2127 2.102 8.0151299744664e-05 0.0 0.0 8.0151299744664e-05 0.0 0.0 0.0 0.0 0.0 0.0 0.0 0.0 0.0 0.0 0.0 0.0 0.0 0.0 0.0 0.0 0.0 
2128 2.103 8.023247185597308e-05 0.0 0.0 8.023247185597308e-05 0.0 0.0 0.0 0.0 0.0 0.0 0.0 0.0 0.0 0.0 0.0 0.0 0.0 0.0 0.0 0.0 0.0 
2129 2.104 8.031370924783497e-05 0.0 0.0 8.031370924783497e-05 0.0 0.0 0.0 0.0 0.0 0.0 0.0 0.0 0.0 0.0 0.0 0.0 0.0 0.0 0.0 0.0 0.0 
2130 2.105 8.039501194513193e-05 0.0 0.0 8.039501194513193e-05 0.0 0.0 0.0 0.0 0.0 0.0 0.0 0.0 0.0 0.0 0.0 0.0 0.0 0.0 0.0 0.0 0.0 
2131 2.106 8.047637997270465e-05 0.0 0.0 8.047637997270465e-05 0.0 0.0 0.0 0.0 0.0 0.0 0.0 0.0 0.0 0.0 0.0 0.0 0.0 0.0 0.0 0.0 0.0 
2132 2.107 8.055781335535222e-05 0.0 0.0 8.055781335535222e-05 0.0 0.0 0.0 0.0 0.0 0.0 0.0 0.0 0.0 0.0 0.0 0.0 0.0 0.0 0.0 0.0 0.0 
2133 2.108 8.06393121178319e-05 0.0 0.0 8.06393121178319e-05 0.0 0.0 0.0 0.0 0.0 0.0 0.0 0.0 0.0 0.0 0.0 0.0 0.0 0.0 0.0 0.0 0.0 
2134 2.109 8.072087628485906e-05 0.0 0.0 8.072087628485906e-05 0.0 0.0 0.0 0.0 0.0 0.0 0.0 0.0 0.0 0.0 0.0 0.0 0.0 0.0 0.0 0.0 0.0 
2135 2.11 8.080250588110712e-05 0.0 0.0 8.080250588110712e-05 0.0 0.0 0.0 0.0 0.0 0.0 0.0 0.0 0.0 0.0 0.0 0.0 0.0 0.0 0.0 0.0 0.0 
2136 2.111 8.088420093120732e-05 0.0 0.0 8.088420093120732e-05 0.0 0.0 0.0 0.0 0.0 0.0 0.0 0.0 0.0 0.0 0.0 0.0 0.0 0.0 0.0 0.0 0.0 
2137 2.112 8.096596145974863e-05 0.0 0.0 8.096596145974863e-05 0.0 0.0 0.0 0.0 0.0 0.0 0.0 0.0 0.0 0.0 0.0 0.0 0.0 0.0 0.0 0.0 0.0 
2138 2.113 8.104778749127767e-05 0.0 0.0 8.104778749127767e-05 0.0 0.0 0.0 0.0 0.0 0.0 0.0 0.0 0.0 0.0 0.0 0.0 0.0 0.0 0.0 0.0 0.0 
2139 2.114 8.112967905029862e-05 0.0 0.0 8.112967905029862e-05 0.0 0.0 0.0 0.0 0.0 0.0 0.0 0.0 0.0 0.0 0.0 0.0 0.0 0.0 0.0 0.0 0.0 
2140 2.115 8.121163616127296e-05 0.0 0.0 8.121163616127296e-05 0.0 0.0 0.0 0.0 0.0 0.0 0.0 0.0 0.0 0.0 0.0 0.0 0.0 0.0 0.0 0.0 0.0 
2141 2.116 8.129365884861955e-05 0.0 0.0 8.129365884861955e-05 0.0 0.0 0.0 0.0 0.0 0.0 0.0 0.0 0.0 0.0 0.0 0.0 0.0 0.0 0.0 0.0 0.0 
2142 2.117 8.137574713671433e-05 0.0 0.0 8.137574713671433e-05 0.0 0.0 0.0 0.0 0.0 0.0 0.0 0.0 0.0 0.0 0.0 0.0 0.0 0.0 0.0 0.0 0.0 
2143 2.118 8.145790104989032e-05 0.0 0.0 8.145790104989032e-05 0.0 0.0 0.0 0.0 0.0 0.0 0.0 0.0 0.0 0.0 0.0 0.0 0.0 0.0 0.0 0.0 0.0 
2144 2.119 8.15401206124374e-05 0.0 0.0 8.15401206124374e-05 0.0 0.0 0.0 0.0 0.0 0.0 0.0 0.0 0.0 0.0 0.0 0.0 0.0 0.0 0.0 0.0 0.0 
2145 2.12 8.16224058486023e-05 0.0 0.0 8.16224058486023e-05 0.0 0.0 0.0 0.0 0.0 0.0 0.0 0.0 0.0 0.0 0.0 0.0 0.0 0.0 0.0 0.0 0.0 
2146 2.121 8.170475678258842e-05 0.0 0.0 8.170475678258842e-05 0.0 0.0 0.0 0.0 0.0 0.0 0.0 0.0 0.0 0.0 0.0 0.0 0.0 0.0 0.0 0.0 0.0 
2147 2.122 8.17871734385557e-05 0.0 0.0 8.17871734385557e-05 0.0 0.0 0.0 0.0 0.0 0.0 0.0 0.0 0.0 0.0 0.0 0.0 0.0 0.0 0.0 0.0 0.0 
2148 2.123 8.186965584062051e-05 0.0 0.0 8.186965584062051e-05 0.0 0.0 0.0 0.0 0.0 0.0 0.0 0.0 0.0 0.0 0.0 0.0 0.0 0.0 0.0 0.0 0.0 
2149 2.124 8.195220401285554e-05 0.0 0.0 8.195220401285554e-05 0.0 0.0 0.0 0.0 0.0 0.0 0.0 0.0 0.0 0.0 0.0 0.0 0.0 0.0 0.0 0.0 0.0 
2150 2.125 8.20348179792897e-05 0.0 0.0 8.20348179792897e-05 0.0 0.0 0.0 0.0 0.0 0.0 0.0 0.0 0.0 0.0 0.0 0.0 0.0 0.0 0.0 0.0 0.0 
2151 2.126 8.211749776390795e-05 0.0 0.0 8.211749776390795e-05 0.0 0.0 0.0 0.0 0.0 0.0 0.0 0.0 0.0 0.0 0.0 0.0 0.0 0.0 0.0 0.0 0.0 
2152 2.127 8.22002433906512e-05 0.0 0.0 8.22002433906512e-05 0.0 0.0 0.0 0.0 0.0 0.0 0.0 0.0 0.0 0.0 0.0 0.0 0.0 0.0 0.0 0.0 0.0 
2153 2.128 8.228305488341618e-05 0.0 0.0 8.228305488341618e-05 0.0 0.0 0.0 0.0 0.0 0.0 0.0 0.0 0.0 0.0 0.0 0.0 0.0 0.0 0.0 0.0 0.0 
2154 2.129 8.236593226605538e-05 0.0 0.0 8.236593226605538e-05 0.0 0.0 0.0 0.0 0.0 0.0 0.0 0.0 0.0 0.0 0.0 0.0 0.0 0.0 0.0 0.0 0.0 
2155 2.13 8.244887556237685e-05 0.0 0.0 8.244887556237685e-05 0.0 0.0 0.0 0.0 0.0 0.0 0.0 0.0 0.0 0.0 0.0 0.0 0.0 0.0 0.0 0.0 0.0 
2156 2.131 8.253188479614407e-05 0.0 0.0 8.253188479614407e-05 0.0 0.0 0.0 0.0 0.0 0.0 0.0 0.0 0.0 0.0 0.0 0.0 0.0 0.0 0.0 0.0 0.0 
2157 2.132 8.261495999107595e-05 0.0 0.0 8.261495999107595e-05 0.0 0.0 0.0 0.0 0.0 0.0 0.0 0.0 0.0 0.0 0.0 0.0 0.0 0.0 0.0 0.0 0.0 
2158 2.133 8.269810117084655e-05 0.0 0.0 8.269810117084655e-05 0.0 0.0 0.0 0.0 0.0 0.0 0.0 0.0 0.0 0.0 0.0 0.0 0.0 0.0 0.0 0.0 0.0 
2159 2.133 8.278130835908506e-05 0.0 0.0 8.278130835908506e-05 0.0 0.0 0.0 0.0 0.0 0.0 0.0 0.0 0.0 0.0 0.0 0.0 0.0 0.0 0.0 0.0 0.0 
2160 2.134 8.286458157937565e-05 0.0 0.0 8.286458157937565e-05 0.0 0.0 0.0 0.0 0.0 0.0 0.0 0.0 0.0 0.0 0.0 0.0 0.0 0.0 0.0 0.0 0.0 
2161 2.135 8.294792085525734e-05 0.0 0.0 8.294792085525734e-05 0.0 0.0 0.0 0.0 0.0 0.0 0.0 0.0 0.0 0.0 0.0 0.0 0.0 0.0 0.0 0.0 0.0 
2162 2.136 8.30313262102239e-05 0.0 0.0 8.30313262102239e-05 0.0 0.0 0.0 0.0 0.0 0.0 0.0 0.0 0.0 0.0 0.0 0.0 0.0 0.0 0.0 0.0 0.0 
2163 2.137 8.311479766772368e-05 0.0 0.0 8.311479766772368e-05 0.0 0.0 0.0 0.0 0.0 0.0 0.0 0.0 0.0 0.0 0.0 0.0 0.0 0.0 0.0 0.0 0.0 
2164 2.138 8.319833525115958e-05 0.0 0.0 8.319833525115958e-05 0.0 0.0 0.0 0.0 0.0 0.0 0.0 0.0 0.0 0.0 0.0 0.0 0.0 0.0 0.0 0.0 0.0 
2165 2.139 8.328193898388879e-05 0.0 0.0 8.328193898388879e-05 0.0 0.0 0.0 0.0 0.0 0.0 0.0 0.0 0.0 0.0 0.0 0.0 0.0 0.0 0.0 0.0 0.0 
2166 2.14 8.336560888922283e-05 0.0 0.0 8.336560888922283e-05 0.0 0.0 0.0 0.0 0.0 0.0 0.0 0.0 0.0 0.0 0.0 0.0 0.0 0.0 0.0 0.0 0.0 
2167 2.141 8.344934499042726e-05 0.0 0.0 8.344934499042726e-05 0.0 0.0 0.0 0.0 0.0 0.0 0.0 0.0 0.0 0.0 0.0 0.0 0.0 0.0 0.0 0.0 0.0 
2168 2.142 8.35331473107217e-05 0.0 0.0 8.35331473107217e-05 0.0 0.0 0.0 0.0 0.0 0.0 0.0 0.0 0.0 0.0 0.0 0.0 0.0 0.0 0.0 0.0 0.0 
2169 2.143 8.361701587327957e-05 0.0 0.0 8.361701587327957e-05 0.0 0.0 0.0 0.0 0.0 0.0 0.0 0.0 0.0 0.0 0.0 0.0 0.0 0.0 0.0 0.0 0.0 
2170 2.144 8.370095070122812e-05 0.0 0.0 8.370095070122812e-05 0.0 0.0 0.0 0.0 0.0 0.0 0.0 0.0 0.0 0.0 0.0 0.0 0.0 0.0 0.0 0.0 0.0 
2171 2.145 8.378495181764819e-05 0.0 0.0 8.378495181764819e-05 0.0 0.0 0.0 0.0 0.0 0.0 0.0 0.0 0.0 0.0 0.0 0.0 0.0 0.0 0.0 0.0 0.0 
2172 2.146 8.386901924557408e-05 0.0 0.0 8.386901924557408e-05 0.0 0.0 0.0 0.0 0.0 0.0 0.0 0.0 0.0 0.0 0.0 0.0 0.0 0.0 0.0 0.0 0.0 
2173 2.147 8.395315300799356e-05 0.0 0.0 8.395315300799356e-05 0.0 0.0 0.0 0.0 0.0 0.0 0.0 0.0 0.0 0.0 0.0 0.0 0.0 0.0 0.0 0.0 0.0 
2174 2.148 8.403735312784758e-05 0.0 0.0 8.403735312784758e-05 0.0 0.0 0.0 0.0 0.0 0.0 0.0 0.0 0.0 0.0 0.0 0.0 0.0 0.0 0.0 0.0 0.0 
2175 2.149 8.412161962803024e-05 0.0 0.0 8.412161962803024e-05 0.0 0.0 0.0 0.0 0.0 0.0 0.0 0.0 0.0 0.0 0.0 0.0 0.0 0.0 0.0 0.0 0.0 
2176 2.15 8.420595253138868e-05 0.0 0.0 8.420595253138868e-05 0.0 0.0 0.0 0.0 0.0 0.0 0.0 0.0 0.0 0.0 0.0 0.0 0.0 0.0 0.0 0.0 0.0 
2177 2.151 8.429035186072284e-05 0.0 0.0 8.429035186072284e-05 0.0 0.0 0.0 0.0 0.0 0.0 0.0 0.0 0.0 0.0 0.0 0.0 0.0 0.0 0.0 0.0 0.0 
2178 2.152 8.437481763878547e-05 0.0 0.0 8.437481763878547e-05 0.0 0.0 0.0 0.0 0.0 0.0 0.0 0.0 0.0 0.0 0.0 0.0 0.0 0.0 0.0 0.0 0.0 
2179 2.153 8.445934988828196e-05 0.0 0.0 8.445934988828196e-05 0.0 0.0 0.0 0.0 0.0 0.0 0.0 0.0 0.0 0.0 0.0 0.0 0.0 0.0 0.0 0.0 0.0 
2180 2.154 8.454394863187015e-05 0.0 0.0 8.454394863187015e-05 0.0 0.0 0.0 0.0 0.0 0.0 0.0 0.0 0.0 0.0 0.0 0.0 0.0 0.0 0.0 0.0 0.0 
2181 2.155 8.462861389216035e-05 0.0 0.0 8.462861389216035e-05 0.0 0.0 0.0 0.0 0.0 0.0 0.0 0.0 0.0 0.0 0.0 0.0 0.0 0.0 0.0 0.0 0.0 
2182 2.156 8.471334569171501e-05 0.0 0.0 8.471334569171501e-05 0.0 0.0 0.0 0.0 0.0 0.0 0.0 0.0 0.0 0.0 0.0 0.0 0.0 0.0 0.0 0.0 0.0 
2183 2.157 8.479814405304878e-05 0.0 0.0 8.479814405304878e-05 0.0 0.0 0.0 0.0 0.0 0.0 0.0 0.0 0.0 0.0 0.0 0.0 0.0 0.0 0.0 0.0 0.0 
2184 2.158 8.48830089986283e-05 0.0 0.0 8.48830089986283e-05 0.0 0.0 0.0 0.0 0.0 0.0 0.0 0.0 0.0 0.0 0.0 0.0 0.0 0.0 0.0 0.0 0.0 
2185 2.159 8.496794055087208e-05 0.0 0.0 8.496794055087208e-05 0.0 0.0 0.0 0.0 0.0 0.0 0.0 0.0 0.0 0.0 0.0 0.0 0.0 0.0 0.0 0.0 0.0 
2186 2.16 8.50529387321504e-05 0.0 0.0 8.50529387321504e-05 0.0 0.0 0.0 0.0 0.0 0.0 0.0 0.0 0.0 0.0 0.0 0.0 0.0 0.0 0.0 0.0 0.0 
2187 2.161 8.513800356478507e-05 0.0 0.0 8.513800356478507e-05 0.0 0.0 0.0 0.0 0.0 0.0 0.0 0.0 0.0 0.0 0.0 0.0 0.0 0.0 0.0 0.0 0.0 
2188 2.162 8.522313507104957e-05 0.0 0.0 8.522313507104957e-05 0.0 0.0 0.0 0.0 0.0 0.0 0.0 0.0 0.0 0.0 0.0 0.0 0.0 0.0 0.0 0.0 0.0 
2189 2.163 8.530833327316855e-05 0.0 0.0 8.530833327316855e-05 0.0 0.0 0.0 0.0 0.0 0.0 0.0 0.0 0.0 0.0 0.0 0.0 0.0 0.0 0.0 0.0 0.0 
2190 2.164 8.539359819331807e-05 0.0 0.0 8.539359819331807e-05 0.0 0.0 0.0 0.0 0.0 0.0 0.0 0.0 0.0 0.0 0.0 0.0 0.0 0.0 0.0 0.0 0.0 
2191 2.165 8.547892985362523e-05 0.0 0.0 8.547892985362523e-05 0.0 0.0 0.0 0.0 0.0 0.0 0.0 0.0 0.0 0.0 0.0 0.0 0.0 0.0 0.0 0.0 0.0 
2192 2.166 8.55643282761681e-05 0.0 0.0 8.55643282761681e-05 0.0 0.0 0.0 0.0 0.0 0.0 0.0 0.0 0.0 0.0 0.0 0.0 0.0 0.0 0.0 0.0 0.0 
2193 2.167 8.564979348297566e-05 0.0 0.0 8.564979348297566e-05 0.0 0.0 0.0 0.0 0.0 0.0 0.0 0.0 0.0 0.0 0.0 0.0 0.0 0.0 0.0 0.0 0.0 
2194 2.168 8.573532549602757e-05 0.0 0.0 8.573532549602757e-05 0.0 0.0 0.0 0.0 0.0 0.0 0.0 0.0 0.0 0.0 0.0 0.0 0.0 0.0 0.0 0.0 0.0 
2195 2.169 8.582092433725419e-05 0.0 0.0 8.582092433725419e-05 0.0 0.0 0.0 0.0 0.0 0.0 0.0 0.0 0.0 0.0 0.0 0.0 0.0 0.0 0.0 0.0 0.0 
2196 2.17 8.590659002853623e-05 0.0 0.0 8.590659002853623e-05 0.0 0.0 0.0 0.0 0.0 0.0 0.0 0.0 0.0 0.0 0.0 0.0 0.0 0.0 0.0 0.0 0.0 
2197 2.171 8.599232259170488e-05 0.0 0.0 8.599232259170488e-05 0.0 0.0 0.0 0.0 0.0 0.0 0.0 0.0 0.0 0.0 0.0 0.0 0.0 0.0 0.0 0.0 0.0 
2198 2.172 8.607812204854145e-05 0.0 0.0 8.607812204854145e-05 0.0 0.0 0.0 0.0 0.0 0.0 0.0 0.0 0.0 0.0 0.0 0.0 0.0 0.0 0.0 0.0 0.0 
2199 2.173 8.616398842077742e-05 0.0 0.0 8.616398842077742e-05 0.0 0.0 0.0 0.0 0.0 0.0 0.0 0.0 0.0 0.0 0.0 0.0 0.0 0.0 0.0 0.0 0.0 
2200 2.174 8.624992173009414e-05 0.0 0.0 8.624992173009414e-05 0.0 0.0 0.0 0.0 0.0 0.0 0.0 0.0 0.0 0.0 0.0 0.0 0.0 0.0 0.0 0.0 0.0 
2201 2.175 8.633592199812294e-05 0.0 0.0 8.633592199812294e-05 0.0 0.0 0.0 0.0 0.0 0.0 0.0 0.0 0.0 0.0 0.0 0.0 0.0 0.0 0.0 0.0 0.0 
2202 2.176 8.642198924644473e-05 0.0 0.0 8.642198924644473e-05 0.0 0.0 0.0 0.0 0.0 0.0 0.0 0.0 0.0 0.0 0.0 0.0 0.0 0.0 0.0 0.0 0.0 
2203 2.177 8.650812349659005e-05 0.0 0.0 8.650812349659005e-05 0.0 0.0 0.0 0.0 0.0 0.0 0.0 0.0 0.0 0.0 0.0 0.0 0.0 0.0 0.0 0.0 0.0 
2204 2.178 8.659432477003891e-05 0.0 0.0 8.659432477003891e-05 0.0 0.0 0.0 0.0 0.0 0.0 0.0 0.0 0.0 0.0 0.0 0.0 0.0 0.0 0.0 0.0 0.0 
2205 2.179 8.668059308822063e-05 0.0 0.0 8.668059308822063e-05 0.0 0.0 0.0 0.0 0.0 0.0 0.0 0.0 0.0 0.0 0.0 0.0 0.0 0.0 0.0 0.0 0.0 
2206 2.18 8.676692847251373e-05 0.0 0.0 8.676692847251373e-05 0.0 0.0 0.0 0.0 0.0 0.0 0.0 0.0 0.0 0.0 0.0 0.0 0.0 0.0 0.0 0.0 0.0 
2207 2.181 8.685333094424573e-05 0.0 0.0 8.685333094424573e-05 0.0 0.0 0.0 0.0 0.0 0.0 0.0 0.0 0.0 0.0 0.0 0.0 0.0 0.0 0.0 0.0 0.0 
2208 2.182 8.693980052469315e-05 0.0 0.0 8.693980052469315e-05 0.0 0.0 0.0 0.0 0.0 0.0 0.0 0.0 0.0 0.0 0.0 0.0 0.0 0.0 0.0 0.0 0.0 
2209 2.183 8.702633723508132e-05 0.0 0.0 8.702633723508132e-05 0.0 0.0 0.0 0.0 0.0 0.0 0.0 0.0 0.0 0.0 0.0 0.0 0.0 0.0 0.0 0.0 0.0 
2210 2.184 8.711294109658422e-05 0.0 0.0 8.711294109658422e-05 0.0 0.0 0.0 0.0 0.0 0.0 0.0 0.0 0.0 0.0 0.0 0.0 0.0 0.0 0.0 0.0 0.0 
2211 2.185 8.719961213032436e-05 0.0 0.0 8.719961213032436e-05 0.0 0.0 0.0 0.0 0.0 0.0 0.0 0.0 0.0 0.0 0.0 0.0 0.0 0.0 0.0 0.0 0.0 
2212 2.186 8.728635035737268e-05 0.0 0.0 8.728635035737268e-05 0.0 0.0 0.0 0.0 0.0 0.0 0.0 0.0 0.0 0.0 0.0 0.0 0.0 0.0 0.0 0.0 0.0 
2213 2.187 8.737315579874842e-05 0.0 0.0 8.737315579874842e-05 0.0 0.0 0.0 0.0 0.0 0.0 0.0 0.0 0.0 0.0 0.0 0.0 0.0 0.0 0.0 0.0 0.0 
2214 2.188 8.746002847541891e-05 0.0 0.0 8.746002847541891e-05 0.0 0.0 0.0 0.0 0.0 0.0 0.0 0.0 0.0 0.0 0.0 0.0 0.0 0.0 0.0 0.0 0.0 
2215 2.189 8.754696840829964e-05 0.0 0.0 8.754696840829964e-05 0.0 0.0 0.0 0.0 0.0 0.0 0.0 0.0 0.0 0.0 0.0 0.0 0.0 0.0 0.0 0.0 0.0 
2216 2.19 8.763397561825381e-05 0.0 0.0 8.763397561825381e-05 0.0 0.0 0.0 0.0 0.0 0.0 0.0 0.0 0.0 0.0 0.0 0.0 0.0 0.0 0.0 0.0 0.0 
2217 2.191 8.772105012609251e-05 0.0 0.0 8.772105012609251e-05 0.0 0.0 0.0 0.0 0.0 0.0 0.0 0.0 0.0 0.0 0.0 0.0 0.0 0.0 0.0 0.0 0.0 
2218 2.192 8.780819195257442e-05 0.0 0.0 8.780819195257442e-05 0.0 0.0 0.0 0.0 0.0 0.0 0.0 0.0 0.0 0.0 0.0 0.0 0.0 0.0 0.0 0.0 0.0 
2219 2.193 8.789540111840569e-05 0.0 0.0 8.789540111840569e-05 0.0 0.0 0.0 0.0 0.0 0.0 0.0 0.0 0.0 0.0 0.0 0.0 0.0 0.0 0.0 0.0 0.0 
2220 2.194 8.798267764423989e-05 0.0 0.0 8.798267764423989e-05 0.0 0.0 0.0 0.0 0.0 0.0 0.0 0.0 0.0 0.0 0.0 0.0 0.0 0.0 0.0 0.0 0.0 
2221 2.195 8.807002155067782e-05 0.0 0.0 8.807002155067782e-05 0.0 0.0 0.0 0.0 0.0 0.0 0.0 0.0 0.0 0.0 0.0 0.0 0.0 0.0 0.0 0.0 0.0 
2222 2.196 8.815743285826726e-05 0.0 0.0 8.815743285826726e-05 0.0 0.0 0.0 0.0 0.0 0.0 0.0 0.0 0.0 0.0 0.0 0.0 0.0 0.0 0.0 0.0 0.0 
2223 2.197 8.824491158750319e-05 0.0 0.0 8.824491158750319e-05 0.0 0.0 0.0 0.0 0.0 0.0 0.0 0.0 0.0 0.0 0.0 0.0 0.0 0.0 0.0 0.0 0.0 
2224 2.198 8.833245775882722e-05 0.0 0.0 8.833245775882722e-05 0.0 0.0 0.0 0.0 0.0 0.0 0.0 0.0 0.0 0.0 0.0 0.0 0.0 0.0 0.0 0.0 0.0 
2225 2.199 8.842007139262777e-05 0.0 0.0 8.842007139262777e-05 0.0 0.0 0.0 0.0 0.0 0.0 0.0 0.0 0.0 0.0 0.0 0.0 0.0 0.0 0.0 0.0 0.0 
2226 2.2 8.85077525092398e-05 0.0 0.0 8.85077525092398e-05 0.0 0.0 0.0 0.0 0.0 0.0 0.0 0.0 0.0 0.0 0.0 0.0 0.0 0.0 0.0 0.0 0.0 
2227 2.201 8.859550112894477e-05 0.0 0.0 8.859550112894477e-05 0.0 0.0 0.0 0.0 0.0 0.0 0.0 0.0 0.0 0.0 0.0 0.0 0.0 0.0 0.0 0.0 0.0 
2228 2.202 8.86833172719703e-05 0.0 0.0 8.86833172719703e-05 0.0 0.0 0.0 0.0 0.0 0.0 0.0 0.0 0.0 0.0 0.0 0.0 0.0 0.0 0.0 0.0 0.0 
2229 2.203 8.877120095849039e-05 0.0 0.0 8.877120095849039e-05 0.0 0.0 0.0 0.0 0.0 0.0 0.0 0.0 0.0 0.0 0.0 0.0 0.0 0.0 0.0 0.0 0.0 
2230 2.204 8.885915220862495e-05 0.0 0.0 8.885915220862495e-05 0.0 0.0 0.0 0.0 0.0 0.0 0.0 0.0 0.0 0.0 0.0 0.0 0.0 0.0 0.0 0.0 0.0 
2231 2.205 8.89471710424398e-05 0.0 0.0 8.89471710424398e-05 0.0 0.0 0.0 0.0 0.0 0.0 0.0 0.0 0.0 0.0 0.0 0.0 0.0 0.0 0.0 0.0 0.0 
2232 2.206 8.903525747994657e-05 0.0 0.0 8.903525747994657e-05 0.0 0.0 0.0 0.0 0.0 0.0 0.0 0.0 0.0 0.0 0.0 0.0 0.0 0.0 0.0 0.0 0.0 
2233 2.207 8.912341154110257e-05 0.0 0.0 8.912341154110257e-05 0.0 0.0 0.0 0.0 0.0 0.0 0.0 0.0 0.0 0.0 0.0 0.0 0.0 0.0 0.0 0.0 0.0 
2234 2.208 8.921163324581056e-05 0.0 0.0 8.921163324581056e-05 0.0 0.0 0.0 0.0 0.0 0.0 0.0 0.0 0.0 0.0 0.0 0.0 0.0 0.0 0.0 0.0 0.0 
2235 2.209 8.929992261391868e-05 0.0 0.0 8.929992261391868e-05 0.0 0.0 0.0 0.0 0.0 0.0 0.0 0.0 0.0 0.0 0.0 0.0 0.0 0.0 0.0 0.0 0.0 
2236 2.21 8.938827966522028e-05 0.0 0.0 8.938827966522028e-05 0.0 0.0 0.0 0.0 0.0 0.0 0.0 0.0 0.0 0.0 0.0 0.0 0.0 0.0 0.0 0.0 0.0 
2237 2.211 8.9476704419454e-05 0.0 0.0 8.9476704419454e-05 0.0 0.0 0.0 0.0 0.0 0.0 0.0 0.0 0.0 0.0 0.0 0.0 0.0 0.0 0.0 0.0 0.0 
2238 2.212 8.956519689630318e-05 0.0 0.0 8.956519689630318e-05 0.0 0.0 0.0 0.0 0.0 0.0 0.0 0.0 0.0 0.0 0.0 0.0 0.0 0.0 0.0 0.0 0.0 
2239 2.213 8.965375711539616e-05 0.0 0.0 8.965375711539616e-05 0.0 0.0 0.0 0.0 0.0 0.0 0.0 0.0 0.0 0.0 0.0 0.0 0.0 0.0 0.0 0.0 0.0 
2240 2.214 8.974238509630602e-05 0.0 0.0 8.974238509630602e-05 0.0 0.0 0.0 0.0 0.0 0.0 0.0 0.0 0.0 0.0 0.0 0.0 0.0 0.0 0.0 0.0 0.0 
2241 2.215 8.98310808585503e-05 0.0 0.0 8.98310808585503e-05 0.0 0.0 0.0 0.0 0.0 0.0 0.0 0.0 0.0 0.0 0.0 0.0 0.0 0.0 0.0 0.0 0.0 
2242 2.216 8.991984442159103e-05 0.0 0.0 8.991984442159103e-05 0.0 0.0 0.0 0.0 0.0 0.0 0.0 0.0 0.0 0.0 0.0 0.0 0.0 0.0 0.0 0.0 0.0 
2243 2.216 9.00086758048345e-05 0.0 0.0 9.00086758048345e-05 0.0 0.0 0.0 0.0 0.0 0.0 0.0 0.0 0.0 0.0 0.0 0.0 0.0 0.0 0.0 0.0 0.0 
2244 2.217 9.009757502763123e-05 0.0 0.0 9.009757502763123e-05 0.0 0.0 0.0 0.0 0.0 0.0 0.0 0.0 0.0 0.0 0.0 0.0 0.0 0.0 0.0 0.0 0.0 
2245 2.218 9.018654210927572e-05 0.0 0.0 9.018654210927572e-05 0.0 0.0 0.0 0.0 0.0 0.0 0.0 0.0 0.0 0.0 0.0 0.0 0.0 0.0 0.0 0.0 0.0 
2246 2.219 9.027557706900639e-05 0.0 0.0 9.027557706900639e-05 0.0 0.0 0.0 0.0 0.0 0.0 0.0 0.0 0.0 0.0 0.0 0.0 0.0 0.0 0.0 0.0 0.0 
2247 2.22 9.036467992600537e-05 0.0 0.0 9.036467992600537e-05 0.0 0.0 0.0 0.0 0.0 0.0 0.0 0.0 0.0 0.0 0.0 0.0 0.0 0.0 0.0 0.0 0.0 
2248 2.221 9.045385069939845e-05 0.0 0.0 9.045385069939845e-05 0.0 0.0 0.0 0.0 0.0 0.0 0.0 0.0 0.0 0.0 0.0 0.0 0.0 0.0 0.0 0.0 0.0 
2249 2.222 9.054308940825493e-05 0.0 0.0 9.054308940825493e-05 0.0 0.0 0.0 0.0 0.0 0.0 0.0 0.0 0.0 0.0 0.0 0.0 0.0 0.0 0.0 0.0 0.0 
2250 2.223 9.063239607158742e-05 0.0 0.0 9.063239607158742e-05 0.0 0.0 0.0 0.0 0.0 0.0 0.0 0.0 0.0 0.0 0.0 0.0 0.0 0.0 0.0 0.0 0.0 
2251 2.224 9.072177070835173e-05 0.0 0.0 9.072177070835173e-05 0.0 0.0 0.0 0.0 0.0 0.0 0.0 0.0 0.0 0.0 0.0 0.0 0.0 0.0 0.0 0.0 0.0 
2252 2.225 9.081121333744678e-05 0.0 0.0 9.081121333744678e-05 0.0 0.0 0.0 0.0 0.0 0.0 0.0 0.0 0.0 0.0 0.0 0.0 0.0 0.0 0.0 0.0 0.0 
2253 2.226 9.090072397771441e-05 0.0 0.0 9.090072397771441e-05 0.0 0.0 0.0 0.0 0.0 0.0 0.0 0.0 0.0 0.0 0.0 0.0 0.0 0.0 0.0 0.0 0.0 
2254 2.227 9.099030264793928e-05 0.0 0.0 9.099030264793928e-05 0.0 0.0 0.0 0.0 0.0 0.0 0.0 0.0 0.0 0.0 0.0 0.0 0.0 0.0 0.0 0.0 0.0 
2255 2.228 9.107994936684868e-05 0.0 0.0 9.107994936684868e-05 0.0 0.0 0.0 0.0 0.0 0.0 0.0 0.0 0.0 0.0 0.0 0.0 0.0 0.0 0.0 0.0 0.0 
2256 2.229 9.116966415311249e-05 0.0 0.0 9.116966415311249e-05 0.0 0.0 0.0 0.0 0.0 0.0 0.0 0.0 0.0 0.0 0.0 0.0 0.0 0.0 0.0 0.0 0.0 
2257 2.23 9.125944702534293e-05 0.0 0.0 9.125944702534293e-05 0.0 0.0 0.0 0.0 0.0 0.0 0.0 0.0 0.0 0.0 0.0 0.0 0.0 0.0 0.0 0.0 0.0 
2258 2.231 9.134929800209451e-05 0.0 0.0 9.134929800209451e-05 0.0 0.0 0.0 0.0 0.0 0.0 0.0 0.0 0.0 0.0 0.0 0.0 0.0 0.0 0.0 0.0 0.0 
2259 2.232 9.143921710186382e-05 0.0 0.0 9.143921710186382e-05 0.0 0.0 0.0 0.0 0.0 0.0 0.0 0.0 0.0 0.0 0.0 0.0 0.0 0.0 0.0 0.0 0.0 
2260 2.233 9.152920434308947e-05 0.0 0.0 9.152920434308947e-05 0.0 0.0 0.0 0.0 0.0 0.0 0.0 0.0 0.0 0.0 0.0 0.0 0.0 0.0 0.0 0.0 0.0 
2261 2.234 9.161925974415185e-05 0.0 0.0 9.161925974415185e-05 0.0 0.0 0.0 0.0 0.0 0.0 0.0 0.0 0.0 0.0 0.0 0.0 0.0 0.0 0.0 0.0 0.0 
2262 2.235 9.17093833233731e-05 0.0 0.0 9.17093833233731e-05 0.0 0.0 0.0 0.0 0.0 0.0 0.0 0.0 0.0 0.0 0.0 0.0 0.0 0.0 0.0 0.0 0.0 
2263 2.236 9.179957509901693e-05 0.0 0.0 9.179957509901693e-05 0.0 0.0 0.0 0.0 0.0 0.0 0.0 0.0 0.0 0.0 0.0 0.0 0.0 0.0 0.0 0.0 0.0 
2264 2.237 9.188983508928847e-05 0.0 0.0 9.188983508928847e-05 0.0 0.0 0.0 0.0 0.0 0.0 0.0 0.0 0.0 0.0 0.0 0.0 0.0 0.0 0.0 0.0 0.0 
2265 2.238 9.198016331233413e-05 0.0 0.0 9.198016331233413e-05 0.0 0.0 0.0 0.0 0.0 0.0 0.0 0.0 0.0 0.0 0.0 0.0 0.0 0.0 0.0 0.0 0.0 
2266 2.239 9.207055978624143e-05 0.0 0.0 9.207055978624143e-05 0.0 0.0 0.0 0.0 0.0 0.0 0.0 0.0 0.0 0.0 0.0 0.0 0.0 0.0 0.0 0.0 0.0 
2267 2.24 9.216102452903897e-05 0.0 0.0 9.216102452903897e-05 0.0 0.0 0.0 0.0 0.0 0.0 0.0 0.0 0.0 0.0 0.0 0.0 0.0 0.0 0.0 0.0 0.0 
2268 2.241 9.225155755869622e-05 0.0 0.0 9.225155755869622e-05 0.0 0.0 0.0 0.0 0.0 0.0 0.0 0.0 0.0 0.0 0.0 0.0 0.0 0.0 0.0 0.0 0.0 
2269 2.242 9.23421588931233e-05 0.0 0.0 9.23421588931233e-05 0.0 0.0 0.0 0.0 0.0 0.0 0.0 0.0 0.0 0.0 0.0 0.0 0.0 0.0 0.0 0.0 0.0 
2270 2.243 9.2432828550171e-05 0.0 0.0 9.2432828550171e-05 0.0 0.0 0.0 0.0 0.0 0.0 0.0 0.0 0.0 0.0 0.0 0.0 0.0 0.0 0.0 0.0 0.0 
2271 2.244 9.252356654763057e-05 0.0 0.0 9.252356654763057e-05 0.0 0.0 0.0 0.0 0.0 0.0 0.0 0.0 0.0 0.0 0.0 0.0 0.0 0.0 0.0 0.0 0.0 
2272 2.245 9.26143729032335e-05 0.0 0.0 9.26143729032335e-05 0.0 0.0 0.0 0.0 0.0 0.0 0.0 0.0 0.0 0.0 0.0 0.0 0.0 0.0 0.0 0.0 0.0 
2273 2.246 9.270524763465151e-05 0.0 0.0 9.270524763465151e-05 0.0 0.0 0.0 0.0 0.0 0.0 0.0 0.0 0.0 0.0 0.0 0.0 0.0 0.0 0.0 0.0 0.0 
2274 2.247 9.279619075949636e-05 0.0 0.0 9.279619075949636e-05 0.0 0.0 0.0 0.0 0.0 0.0 0.0 0.0 0.0 0.0 0.0 0.0 0.0 0.0 0.0 0.0 0.0 
2275 2.248 9.288720229531968e-05 0.0 0.0 9.288720229531968e-05 0.0 0.0 0.0 0.0 0.0 0.0 0.0 0.0 0.0 0.0 0.0 0.0 0.0 0.0 0.0 0.0 0.0 
2276 2.249 9.297828225961288e-05 0.0 0.0 9.297828225961288e-05 0.0 0.0 0.0 0.0 0.0 0.0 0.0 0.0 0.0 0.0 0.0 0.0 0.0 0.0 0.0 0.0 0.0 
2277 2.25 9.306943066980692e-05 0.0 0.0 9.306943066980692e-05 0.0 0.0 0.0 0.0 0.0 0.0 0.0 0.0 0.0 0.0 0.0 0.0 0.0 0.0 0.0 0.0 0.0 
2278 2.251 9.316064754327232e-05 0.0 0.0 9.316064754327232e-05 0.0 0.0 0.0 0.0 0.0 0.0 0.0 0.0 0.0 0.0 0.0 0.0 0.0 0.0 0.0 0.0 0.0 
2279 2.252 9.325193289731888e-05 0.0 0.0 9.325193289731888e-05 0.0 0.0 0.0 0.0 0.0 0.0 0.0 0.0 0.0 0.0 0.0 0.0 0.0 0.0 0.0 0.0 0.0 
2280 2.253 9.334328674919559e-05 0.0 0.0 9.334328674919559e-05 0.0 0.0 0.0 0.0 0.0 0.0 0.0 0.0 0.0 0.0 0.0 0.0 0.0 0.0 0.0 0.0 0.0 
2281 2.254 9.343470911609053e-05 0.0 0.0 9.343470911609053e-05 0.0 0.0 0.0 0.0 0.0 0.0 0.0 0.0 0.0 0.0 0.0 0.0 0.0 0.0 0.0 0.0 0.0 
2282 2.255 9.352620001513062e-05 0.0 0.0 9.352620001513062e-05 0.0 0.0 0.0 0.0 0.0 0.0 0.0 0.0 0.0 0.0 0.0 0.0 0.0 0.0 0.0 0.0 0.0 
2283 2.256 9.361775946338165e-05 0.0 0.0 9.361775946338165e-05 0.0 0.0 0.0 0.0 0.0 0.0 0.0 0.0 0.0 0.0 0.0 0.0 0.0 0.0 0.0 0.0 0.0 
2284 2.257 9.370938747784792e-05 0.0 0.0 9.370938747784792e-05 0.0 0.0 0.0 0.0 0.0 0.0 0.0 0.0 0.0 0.0 0.0 0.0 0.0 0.0 0.0 0.0 0.0 
2285 2.258 9.38010840754723e-05 0.0 0.0 9.38010840754723e-05 0.0 0.0 0.0 0.0 0.0 0.0 0.0 0.0 0.0 0.0 0.0 0.0 0.0 0.0 0.0 0.0 0.0 
2286 2.259 9.389284927313599e-05 0.0 0.0 9.389284927313599e-05 0.0 0.0 0.0 0.0 0.0 0.0 0.0 0.0 0.0 0.0 0.0 0.0 0.0 0.0 0.0 0.0 0.0 
2287 2.26 9.398468308765834e-05 0.0 0.0 9.398468308765834e-05 0.0 0.0 0.0 0.0 0.0 0.0 0.0 0.0 0.0 0.0 0.0 0.0 0.0 0.0 0.0 0.0 0.0 
2288 2.261 9.407658553579685e-05 0.0 0.0 9.407658553579685e-05 0.0 0.0 0.0 0.0 0.0 0.0 0.0 0.0 0.0 0.0 0.0 0.0 0.0 0.0 0.0 0.0 0.0 
2289 2.262 9.416855663424684e-05 0.0 0.0 9.416855663424684e-05 0.0 0.0 0.0 0.0 0.0 0.0 0.0 0.0 0.0 0.0 0.0 0.0 0.0 0.0 0.0 0.0 0.0 
2290 2.263 9.426059639964145e-05 0.0 0.0 9.426059639964145e-05 0.0 0.0 0.0 0.0 0.0 0.0 0.0 0.0 0.0 0.0 0.0 0.0 0.0 0.0 0.0 0.0 0.0 
2291 2.264 9.435270484855148e-05 0.0 0.0 9.435270484855148e-05 0.0 0.0 0.0 0.0 0.0 0.0 0.0 0.0 0.0 0.0 0.0 0.0 0.0 0.0 0.0 0.0 0.0 
2292 2.265 9.444488199748513e-05 0.0 0.0 9.444488199748513e-05 0.0 0.0 0.0 0.0 0.0 0.0 0.0 0.0 0.0 0.0 0.0 0.0 0.0 0.0 0.0 0.0 0.0 
2293 2.266 9.453712786288809e-05 0.0 0.0 9.453712786288809e-05 0.0 0.0 0.0 0.0 0.0 0.0 0.0 0.0 0.0 0.0 0.0 0.0 0.0 0.0 0.0 0.0 0.0 
2294 2.267 9.46294424611431e-05 0.0 0.0 9.46294424611431e-05 0.0 0.0 0.0 0.0 0.0 0.0 0.0 0.0 0.0 0.0 0.0 0.0 0.0 0.0 0.0 0.0 0.0 
2295 2.268 9.472182580857006e-05 0.0 0.0 9.472182580857006e-05 0.0 0.0 0.0 0.0 0.0 0.0 0.0 0.0 0.0 0.0 0.0 0.0 0.0 0.0 0.0 0.0 0.0 
2296 2.269 9.481427792142573e-05 0.0 0.0 9.481427792142573e-05 0.0 0.0 0.0 0.0 0.0 0.0 0.0 0.0 0.0 0.0 0.0 0.0 0.0 0.0 0.0 0.0 0.0 
2297 2.27 9.490679881590371e-05 0.0 0.0 9.490679881590371e-05 0.0 0.0 0.0 0.0 0.0 0.0 0.0 0.0 0.0 0.0 0.0 0.0 0.0 0.0 0.0 0.0 0.0 
2298 2.271 9.499938850813417e-05 0.0 0.0 9.499938850813417e-05 0.0 0.0 0.0 0.0 0.0 0.0 0.0 0.0 0.0 0.0 0.0 0.0 0.0 0.0 0.0 0.0 0.0 
2299 2.272 9.509204701418377e-05 0.0 0.0 9.509204701418377e-05 0.0 0.0 0.0 0.0 0.0 0.0 0.0 0.0 0.0 0.0 0.0 0.0 0.0 0.0 0.0 0.0 0.0 
2300 2.273 9.518477435005554e-05 0.0 0.0 9.518477435005554e-05 0.0 0.0 0.0 0.0 0.0 0.0 0.0 0.0 0.0 0.0 0.0 0.0 0.0 0.0 0.0 0.0 0.0 
2301 2.274 9.527757053168871e-05 0.0 0.0 9.527757053168871e-05 0.0 0.0 0.0 0.0 0.0 0.0 0.0 0.0 0.0 0.0 0.0 0.0 0.0 0.0 0.0 0.0 0.0 
2302 2.275 9.537043557495848e-05 0.0 0.0 9.537043557495848e-05 0.0 0.0 0.0 0.0 0.0 0.0 0.0 0.0 0.0 0.0 0.0 0.0 0.0 0.0 0.0 0.0 0.0 
2303 2.276 9.54633694956761e-05 0.0 0.0 9.54633694956761e-05 0.0 0.0 0.0 0.0 0.0 0.0 0.0 0.0 0.0 0.0 0.0 0.0 0.0 0.0 0.0 0.0 0.0 
2304 2.277 9.55563723095885e-05 0.0 0.0 9.55563723095885e-05 0.0 0.0 0.0 0.0 0.0 0.0 0.0 0.0 0.0 0.0 0.0 0.0 0.0 0.0 0.0 0.0 0.0 
2305 2.278 9.564944403237821e-05 0.0 0.0 9.564944403237821e-05 0.0 0.0 0.0 0.0 0.0 0.0 0.0 0.0 0.0 0.0 0.0 0.0 0.0 0.0 0.0 0.0 0.0 
2306 2.279 9.574258467966329e-05 0.0 0.0 9.574258467966329e-05 0.0 0.0 0.0 0.0 0.0 0.0 0.0 0.0 0.0 0.0 0.0 0.0 0.0 0.0 0.0 0.0 0.0 
2307 2.28 9.58357942669971e-05 0.0 0.0 9.58357942669971e-05 0.0 0.0 0.0 0.0 0.0 0.0 0.0 0.0 0.0 0.0 0.0 0.0 0.0 0.0 0.0 0.0 0.0 
2308 2.281 9.592907280986817e-05 0.0 0.0 9.592907280986817e-05 0.0 0.0 0.0 0.0 0.0 0.0 0.0 0.0 0.0 0.0 0.0 0.0 0.0 0.0 0.0 0.0 0.0 
2309 2.282 9.602242032370012e-05 0.0 0.0 9.602242032370012e-05 0.0 0.0 0.0 0.0 0.0 0.0 0.0 0.0 0.0 0.0 0.0 0.0 0.0 0.0 0.0 0.0 0.0 
2310 2.283 9.611583682385141e-05 0.0 0.0 9.611583682385141e-05 0.0 0.0 0.0 0.0 0.0 0.0 0.0 0.0 0.0 0.0 0.0 0.0 0.0 0.0 0.0 0.0 0.0 
2311 2.284 9.620932232561528e-05 0.0 0.0 9.620932232561528e-05 0.0 0.0 0.0 0.0 0.0 0.0 0.0 0.0 0.0 0.0 0.0 0.0 0.0 0.0 0.0 0.0 0.0 
2312 2.285 9.630287684421957e-05 0.0 0.0 9.630287684421957e-05 0.0 0.0 0.0 0.0 0.0 0.0 0.0 0.0 0.0 0.0 0.0 0.0 0.0 0.0 0.0 0.0 0.0 
2313 2.286 9.639650039482656e-05 0.0 0.0 9.639650039482656e-05 0.0 0.0 0.0 0.0 0.0 0.0 0.0 0.0 0.0 0.0 0.0 0.0 0.0 0.0 0.0 0.0 0.0 
2314 2.287 9.649019299253284e-05 0.0 0.0 9.649019299253284e-05 0.0 0.0 0.0 0.0 0.0 0.0 0.0 0.0 0.0 0.0 0.0 0.0 0.0 0.0 0.0 0.0 0.0 
2315 2.288 9.658395465236917e-05 0.0 0.0 9.658395465236917e-05 0.0 0.0 0.0 0.0 0.0 0.0 0.0 0.0 0.0 0.0 0.0 0.0 0.0 0.0 0.0 0.0 0.0 
2316 2.289 9.667778538930036e-05 0.0 0.0 9.667778538930036e-05 0.0 0.0 0.0 0.0 0.0 0.0 0.0 0.0 0.0 0.0 0.0 0.0 0.0 0.0 0.0 0.0 0.0 
2317 2.29 9.677168521822504e-05 0.0 0.0 9.677168521822504e-05 0.0 0.0 0.0 0.0 0.0 0.0 0.0 0.0 0.0 0.0 0.0 0.0 0.0 0.0 0.0 0.0 0.0 
2318 2.291 9.686565415397556e-05 0.0 0.0 9.686565415397556e-05 0.0 0.0 0.0 0.0 0.0 0.0 0.0 0.0 0.0 0.0 0.0 0.0 0.0 0.0 0.0 0.0 0.0 
2319 2.292 9.695969221131792e-05 0.0 0.0 9.695969221131792e-05 0.0 0.0 0.0 0.0 0.0 0.0 0.0 0.0 0.0 0.0 0.0 0.0 0.0 0.0 0.0 0.0 0.0 
2320 2.293 9.705379940495148e-05 0.0 0.0 9.705379940495148e-05 0.0 0.0 0.0 0.0 0.0 0.0 0.0 0.0 0.0 0.0 0.0 0.0 0.0 0.0 0.0 0.0 0.0 
2321 2.294 9.714797574950888e-05 0.0 0.0 9.714797574950888e-05 0.0 0.0 0.0 0.0 0.0 0.0 0.0 0.0 0.0 0.0 0.0 0.0 0.0 0.0 0.0 0.0 0.0 
2322 2.295 9.724222125955595e-05 0.0 0.0 9.724222125955595e-05 0.0 0.0 0.0 0.0 0.0 0.0 0.0 0.0 0.0 0.0 0.0 0.0 0.0 0.0 0.0 0.0 0.0 
2323 2.296 9.733653594959147e-05 0.0 0.0 9.733653594959147e-05 0.0 0.0 0.0 0.0 0.0 0.0 0.0 0.0 0.0 0.0 0.0 0.0 0.0 0.0 0.0 0.0 0.0 
2324 2.297 9.743091983404703e-05 0.0 0.0 9.743091983404703e-05 0.0 0.0 0.0 0.0 0.0 0.0 0.0 0.0 0.0 0.0 0.0 0.0 0.0 0.0 0.0 0.0 0.0 
2325 2.298 9.752537292728703e-05 0.0 0.0 9.752537292728703e-05 0.0 0.0 0.0 0.0 0.0 0.0 0.0 0.0 0.0 0.0 0.0 0.0 0.0 0.0 0.0 0.0 0.0 
2326 2.299 9.761989524360825e-05 0.0 0.0 9.761989524360825e-05 0.0 0.0 0.0 0.0 0.0 0.0 0.0 0.0 0.0 0.0 0.0 0.0 0.0 0.0 0.0 0.0 0.0 
2327 2.3 9.771448679723996e-05 0.0 0.0 9.771448679723996e-05 0.0 0.0 0.0 0.0 0.0 0.0 0.0 0.0 0.0 0.0 0.0 0.0 0.0 0.0 0.0 0.0 0.0 
2328 2.3 9.780914760234372e-05 0.0 0.0 9.780914760234372e-05 0.0 0.0 0.0 0.0 0.0 0.0 0.0 0.0 0.0 0.0 0.0 0.0 0.0 0.0 0.0 0.0 0.0 
2329 2.301 9.79038776730131e-05 0.0 0.0 9.79038776730131e-05 0.0 0.0 0.0 0.0 0.0 0.0 0.0 0.0 0.0 0.0 0.0 0.0 0.0 0.0 0.0 0.0 0.0 
2330 2.302 9.799867702327367e-05 0.0 0.0 9.799867702327367e-05 0.0 0.0 0.0 0.0 0.0 0.0 0.0 0.0 0.0 0.0 0.0 0.0 0.0 0.0 0.0 0.0 0.0 
2331 2.303 9.809354566708276e-05 0.0 0.0 9.809354566708276e-05 0.0 0.0 0.0 0.0 0.0 0.0 0.0 0.0 0.0 0.0 0.0 0.0 0.0 0.0 0.0 0.0 0.0 
2332 2.304 9.818848361832939e-05 0.0 0.0 9.818848361832939e-05 0.0 0.0 0.0 0.0 0.0 0.0 0.0 0.0 0.0 0.0 0.0 0.0 0.0 0.0 0.0 0.0 0.0 
2333 2.305 9.828349089083409e-05 0.0 0.0 9.828349089083409e-05 0.0 0.0 0.0 0.0 0.0 0.0 0.0 0.0 0.0 0.0 0.0 0.0 0.0 0.0 0.0 0.0 0.0 
2334 2.306 9.837856749834873e-05 0.0 0.0 9.837856749834873e-05 0.0 0.0 0.0 0.0 0.0 0.0 0.0 0.0 0.0 0.0 0.0 0.0 0.0 0.0 0.0 0.0 0.0 
2335 2.307 9.847371345455633e-05 0.0 0.0 9.847371345455633e-05 0.0 0.0 0.0 0.0 0.0 0.0 0.0 0.0 0.0 0.0 0.0 0.0 0.0 0.0 0.0 0.0 0.0 
2336 2.308 9.856892877307113e-05 0.0 0.0 9.856892877307113e-05 0.0 0.0 0.0 0.0 0.0 0.0 0.0 0.0 0.0 0.0 0.0 0.0 0.0 0.0 0.0 0.0 0.0 
2337 2.309 9.866421346743809e-05 0.0 0.0 9.866421346743809e-05 0.0 0.0 0.0 0.0 0.0 0.0 0.0 0.0 0.0 0.0 0.0 0.0 0.0 0.0 0.0 0.0 0.0 
2338 2.31 9.875956755113297e-05 0.0 0.0 9.875956755113297e-05 0.0 0.0 0.0 0.0 0.0 0.0 0.0 0.0 0.0 0.0 0.0 0.0 0.0 0.0 0.0 0.0 0.0 
2339 2.311 9.885499103756226e-05 0.0 0.0 9.885499103756226e-05 0.0 0.0 0.0 0.0 0.0 0.0 0.0 0.0 0.0 0.0 0.0 0.0 0.0 0.0 0.0 0.0 0.0 
2340 2.312 9.895048394006274e-05 0.0 0.0 9.895048394006274e-05 0.0 0.0 0.0 0.0 0.0 0.0 0.0 0.0 0.0 0.0 0.0 0.0 0.0 0.0 0.0 0.0 0.0 
2341 2.313 9.90460462719016e-05 0.0 0.0 9.90460462719016e-05 0.0 0.0 0.0 0.0 0.0 0.0 0.0 0.0 0.0 0.0 0.0 0.0 0.0 0.0 0.0 0.0 0.0 
2342 2.314 9.914167804627618e-05 0.0 0.0 9.914167804627618e-05 0.0 0.0 0.0 0.0 0.0 0.0 0.0 0.0 0.0 0.0 0.0 0.0 0.0 0.0 0.0 0.0 0.0 
2343 2.315 9.923737927631372e-05 0.0 0.0 9.923737927631372e-05 0.0 0.0 0.0 0.0 0.0 0.0 0.0 0.0 0.0 0.0 0.0 0.0 0.0 0.0 0.0 0.0 0.0 
2344 2.316 9.933314997507144e-05 0.0 0.0 9.933314997507144e-05 0.0 0.0 0.0 0.0 0.0 0.0 0.0 0.0 0.0 0.0 0.0 0.0 0.0 0.0 0.0 0.0 0.0 
2345 2.317 9.942899015553625e-05 0.0 0.0 9.942899015553625e-05 0.0 0.0 0.0 0.0 0.0 0.0 0.0 0.0 0.0 0.0 0.0 0.0 0.0 0.0 0.0 0.0 0.0 
2346 2.318 9.952489983062453e-05 0.0 0.0 9.952489983062453e-05 0.0 0.0 0.0 0.0 0.0 0.0 0.0 0.0 0.0 0.0 0.0 0.0 0.0 0.0 0.0 0.0 0.0 
2347 2.319 9.962087901318209e-05 0.0 0.0 9.962087901318209e-05 0.0 0.0 0.0 0.0 0.0 0.0 0.0 0.0 0.0 0.0 0.0 0.0 0.0 0.0 0.0 0.0 0.0 
2348 2.32 9.971692771598405e-05 0.0 0.0 9.971692771598405e-05 0.0 0.0 0.0 0.0 0.0 0.0 0.0 0.0 0.0 0.0 0.0 0.0 0.0 0.0 0.0 0.0 0.0 
2349 2.321 9.981304595173459e-05 0.0 0.0 9.981304595173459e-05 0.0 0.0 0.0 0.0 0.0 0.0 0.0 0.0 0.0 0.0 0.0 0.0 0.0 0.0 0.0 0.0 0.0 
2350 2.322 9.990923373306679e-05 0.0 0.0 9.990923373306679e-05 0.0 0.0 0.0 0.0 0.0 0.0 0.0 0.0 0.0 0.0 0.0 0.0 0.0 0.0 0.0 0.0 0.0 
2351 2.323 0.00010000549107254262 0.0 0.0 0.00010000549107254262 0.0 0.0 0.0 0.0 0.0 0.0 0.0 0.0 0.0 0.0 0.0 0.0 0.0 0.0 0.0 0.0 0.0 
2352 2.324 0.00010010181798265251 0.0 0.0 0.00010010181798265251 0.0 0.0 0.0 0.0 0.0 0.0 0.0 0.0 0.0 0.0 0.0 0.0 0.0 0.0 0.0 0.0 0.0 
2353 2.325 0.00010019821447581568 0.0 0.0 0.00010019821447581568 0.0 0.0 0.0 0.0 0.0 0.0 0.0 0.0 0.0 0.0 0.0 0.0 0.0 0.0 0.0 0.0 0.0 
2354 2.326 0.0001002946805643794 0.0 0.0 0.0001002946805643794 0.0 0.0 0.0 0.0 0.0 0.0 0.0 0.0 0.0 0.0 0.0 0.0 0.0 0.0 0.0 0.0 0.0 
2355 2.327 0.00010039121626061923 0.0 0.0 0.00010039121626061923 0.0 0.0 0.0 0.0 0.0 0.0 0.0 0.0 0.0 0.0 0.0 0.0 0.0 0.0 0.0 0.0 0.0 
2356 2.328 0.00010048782157673884 0.0 0.0 0.00010048782157673884 0.0 0.0 0.0 0.0 0.0 0.0 0.0 0.0 0.0 0.0 0.0 0.0 0.0 0.0 0.0 0.0 0.0 
2357 2.329 0.00010058449652486963 0.0 0.0 0.00010058449652486963 0.0 0.0 0.0 0.0 0.0 0.0 0.0 0.0 0.0 0.0 0.0 0.0 0.0 0.0 0.0 0.0 0.0 
2358 2.33 0.00010068124111707084 0.0 0.0 0.00010068124111707084 0.0 0.0 0.0 0.0 0.0 0.0 0.0 0.0 0.0 0.0 0.0 0.0 0.0 0.0 0.0 0.0 0.0 
2359 2.331 0.00010077805536532927 0.0 0.0 0.00010077805536532927 0.0 0.0 0.0 0.0 0.0 0.0 0.0 0.0 0.0 0.0 0.0 0.0 0.0 0.0 0.0 0.0 0.0 
2360 2.332 0.00010087493928155908 0.0 0.0 0.00010087493928155908 0.0 0.0 0.0 0.0 0.0 0.0 0.0 0.0 0.0 0.0 0.0 0.0 0.0 0.0 0.0 0.0 0.0 
2361 2.333 0.00010097189287760179 0.0 0.0 0.00010097189287760179 0.0 0.0 0.0 0.0 0.0 0.0 0.0 0.0 0.0 0.0 0.0 0.0 0.0 0.0 0.0 0.0 0.0 
2362 2.334 0.00010106891616522592 0.0 0.0 0.00010106891616522592 0.0 0.0 0.0 0.0 0.0 0.0 0.0 0.0 0.0 0.0 0.0 0.0 0.0 0.0 0.0 0.0 0.0 
2363 2.335 0.00010116600915612704 0.0 0.0 0.00010116600915612704 0.0 0.0 0.0 0.0 0.0 0.0 0.0 0.0 0.0 0.0 0.0 0.0 0.0 0.0 0.0 0.0 0.0 
2364 2.336 0.00010126317186192746 0.0 0.0 0.00010126317186192746 0.0 0.0 0.0 0.0 0.0 0.0 0.0 0.0 0.0 0.0 0.0 0.0 0.0 0.0 0.0 0.0 0.0 
2365 2.337 0.00010136040429417623 0.0 0.0 0.00010136040429417623 0.0 0.0 0.0 0.0 0.0 0.0 0.0 0.0 0.0 0.0 0.0 0.0 0.0 0.0 0.0 0.0 0.0 
2366 2.338 0.00010145770646434884 0.0 0.0 0.00010145770646434884 0.0 0.0 0.0 0.0 0.0 0.0 0.0 0.0 0.0 0.0 0.0 0.0 0.0 0.0 0.0 0.0 0.0 
2367 2.339 0.00010155507838384706 0.0 0.0 0.00010155507838384706 0.0 0.0 0.0 0.0 0.0 0.0 0.0 0.0 0.0 0.0 0.0 0.0 0.0 0.0 0.0 0.0 0.0 
2368 2.34 0.00010165252006399895 0.0 0.0 0.00010165252006399895 0.0 0.0 0.0 0.0 0.0 0.0 0.0 0.0 0.0 0.0 0.0 0.0 0.0 0.0 0.0 0.0 0.0 
2369 2.341 0.00010175003151605862 0.0 0.0 0.00010175003151605862 0.0 0.0 0.0 0.0 0.0 0.0 0.0 0.0 0.0 0.0 0.0 0.0 0.0 0.0 0.0 0.0 0.0 
2370 2.342 0.0001018476127512059 0.0 0.0 0.0001018476127512059 0.0 0.0 0.0 0.0 0.0 0.0 0.0 0.0 0.0 0.0 0.0 0.0 0.0 0.0 0.0 0.0 0.0 
2371 2.343 0.00010194526378054659 0.0 0.0 0.00010194526378054659 0.0 0.0 0.0 0.0 0.0 0.0 0.0 0.0 0.0 0.0 0.0 0.0 0.0 0.0 0.0 0.0 0.0 
2372 2.344 0.0001020429846151118 0.0 0.0 0.0001020429846151118 0.0 0.0 0.0 0.0 0.0 0.0 0.0 0.0 0.0 0.0 0.0 0.0 0.0 0.0 0.0 0.0 0.0 
2373 2.345 0.00010214077526585822 0.0 0.0 0.00010214077526585822 0.0 0.0 0.0 0.0 0.0 0.0 0.0 0.0 0.0 0.0 0.0 0.0 0.0 0.0 0.0 0.0 0.0 
2374 2.346 0.0001022386357436678 0.0 0.0 0.0001022386357436678 0.0 0.0 0.0 0.0 0.0 0.0 0.0 0.0 0.0 0.0 0.0 0.0 0.0 0.0 0.0 0.0 0.0 
2375 2.347 0.00010233656605934748 0.0 0.0 0.00010233656605934748 0.0 0.0 0.0 0.0 0.0 0.0 0.0 0.0 0.0 0.0 0.0 0.0 0.0 0.0 0.0 0.0 0.0 
2376 2.348 0.00010243456622362925 0.0 0.0 0.00010243456622362925 0.0 0.0 0.0 0.0 0.0 0.0 0.0 0.0 0.0 0.0 0.0 0.0 0.0 0.0 0.0 0.0 0.0 
2377 2.349 0.00010253263624716985 0.0 0.0 0.00010253263624716985 0.0 0.0 0.0 0.0 0.0 0.0 0.0 0.0 0.0 0.0 0.0 0.0 0.0 0.0 0.0 0.0 0.0 
2378 2.35 0.00010263077614055069 0.0 0.0 0.00010263077614055069 0.0 0.0 0.0 0.0 0.0 0.0 0.0 0.0 0.0 0.0 0.0 0.0 0.0 0.0 0.0 0.0 0.0 
2379 2.351 0.00010272898591427761 0.0 0.0 0.00010272898591427761 0.0 0.0 0.0 0.0 0.0 0.0 0.0 0.0 0.0 0.0 0.0 0.0 0.0 0.0 0.0 0.0 0.0 
2380 2.352 0.00010282726557878078 0.0 0.0 0.00010282726557878078 0.0 0.0 0.0 0.0 0.0 0.0 0.0 0.0 0.0 0.0 0.0 0.0 0.0 0.0 0.0 0.0 0.0 
2381 2.353 0.00010292561514441458 0.0 0.0 0.00010292561514441458 0.0 0.0 0.0 0.0 0.0 0.0 0.0 0.0 0.0 0.0 0.0 0.0 0.0 0.0 0.0 0.0 0.0 
2382 2.354 0.00010302403462145735 0.0 0.0 0.00010302403462145735 0.0 0.0 0.0 0.0 0.0 0.0 0.0 0.0 0.0 0.0 0.0 0.0 0.0 0.0 0.0 0.0 0.0 
2383 2.355 0.0001031225240201113 0.0 0.0 0.0001031225240201113 0.0 0.0 0.0 0.0 0.0 0.0 0.0 0.0 0.0 0.0 0.0 0.0 0.0 0.0 0.0 0.0 0.0 
2384 2.356 0.00010322108335050241 0.0 0.0 0.00010322108335050241 0.0 0.0 0.0 0.0 0.0 0.0 0.0 0.0 0.0 0.0 0.0 0.0 0.0 0.0 0.0 0.0 0.0 
2385 2.357 0.00010331971262268007 0.0 0.0 0.00010331971262268007 0.0 0.0 0.0 0.0 0.0 0.0 0.0 0.0 0.0 0.0 0.0 0.0 0.0 0.0 0.0 0.0 0.0 
2386 2.358 0.00010341841184661712 0.0 0.0 0.00010341841184661712 0.0 0.0 0.0 0.0 0.0 0.0 0.0 0.0 0.0 0.0 0.0 0.0 0.0 0.0 0.0 0.0 0.0 
2387 2.359 0.00010351718103220964 0.0 0.0 0.00010351718103220964 0.0 0.0 0.0 0.0 0.0 0.0 0.0 0.0 0.0 0.0 0.0 0.0 0.0 0.0 0.0 0.0 0.0 
2388 2.36 0.00010361602018927674 0.0 0.0 0.00010361602018927674 0.0 0.0 0.0 0.0 0.0 0.0 0.0 0.0 0.0 0.0 0.0 0.0 0.0 0.0 0.0 0.0 0.0 
2389 2.361 0.00010371492932756045 0.0 0.0 0.00010371492932756045 0.0 0.0 0.0 0.0 0.0 0.0 0.0 0.0 0.0 0.0 0.0 0.0 0.0 0.0 0.0 0.0 0.0 
2390 2.362 0.00010381390845672563 0.0 0.0 0.00010381390845672563 0.0 0.0 0.0 0.0 0.0 0.0 0.0 0.0 0.0 0.0 0.0 0.0 0.0 0.0 0.0 0.0 0.0 
2391 2.363 0.0001039129575863596 0.0 0.0 0.0001039129575863596 0.0 0.0 0.0 0.0 0.0 0.0 0.0 0.0 0.0 0.0 0.0 0.0 0.0 0.0 0.0 0.0 0.0 
2392 2.364 0.00010401207672597214 0.0 0.0 0.00010401207672597214 0.0 0.0 0.0 0.0 0.0 0.0 0.0 0.0 0.0 0.0 0.0 0.0 0.0 0.0 0.0 0.0 0.0 
2393 2.365 0.00010411126588499545 0.0 0.0 0.00010411126588499545 0.0 0.0 0.0 0.0 0.0 0.0 0.0 0.0 0.0 0.0 0.0 0.0 0.0 0.0 0.0 0.0 0.0 
2394 2.366 0.00010421052507278368 0.0 0.0 0.00010421052507278368 0.0 0.0 0.0 0.0 0.0 0.0 0.0 0.0 0.0 0.0 0.0 0.0 0.0 0.0 0.0 0.0 0.0 
2395 2.367 0.00010430985429861299 0.0 0.0 0.00010430985429861299 0.0 0.0 0.0 0.0 0.0 0.0 0.0 0.0 0.0 0.0 0.0 0.0 0.0 0.0 0.0 0.0 0.0 
2396 2.368 0.00010440925357168143 0.0 0.0 0.00010440925357168143 0.0 0.0 0.0 0.0 0.0 0.0 0.0 0.0 0.0 0.0 0.0 0.0 0.0 0.0 0.0 0.0 0.0 
2397 2.369 0.00010450872290110856 0.0 0.0 0.00010450872290110856 0.0 0.0 0.0 0.0 0.0 0.0 0.0 0.0 0.0 0.0 0.0 0.0 0.0 0.0 0.0 0.0 0.0 
2398 2.37 0.00010460826229593551 0.0 0.0 0.00010460826229593551 0.0 0.0 0.0 0.0 0.0 0.0 0.0 0.0 0.0 0.0 0.0 0.0 0.0 0.0 0.0 0.0 0.0 
2399 2.371 0.00010470787176512471 0.0 0.0 0.00010470787176512471 0.0 0.0 0.0 0.0 0.0 0.0 0.0 0.0 0.0 0.0 0.0 0.0 0.0 0.0 0.0 0.0 0.0 
2400 2.372 0.00010480755131755975 0.0 0.0 0.00010480755131755975 0.0 0.0 0.0 0.0 0.0 0.0 0.0 0.0 0.0 0.0 0.0 0.0 0.0 0.0 0.0 0.0 0.0 
2401 2.373 0.00010490730096204525 0.0 0.0 0.00010490730096204525 0.0 0.0 0.0 0.0 0.0 0.0 0.0 0.0 0.0 0.0 0.0 0.0 0.0 0.0 0.0 0.0 0.0 
2402 2.374 0.00010500712070730665 0.0 0.0 0.00010500712070730665 0.0 0.0 0.0 0.0 0.0 0.0 0.0 0.0 0.0 0.0 0.0 0.0 0.0 0.0 0.0 0.0 0.0 
2403 2.375 0.0001051070105619901 0.0 0.0 0.0001051070105619901 0.0 0.0 0.0 0.0 0.0 0.0 0.0 0.0 0.0 0.0 0.0 0.0 0.0 0.0 0.0 0.0 0.0 
2404 2.376 0.00010520697053466223 0.0 0.0 0.00010520697053466223 0.0 0.0 0.0 0.0 0.0 0.0 0.0 0.0 0.0 0.0 0.0 0.0 0.0 0.0 0.0 0.0 0.0 
2405 2.377 0.00010530700063381009 0.0 0.0 0.00010530700063381009 0.0 0.0 0.0 0.0 0.0 0.0 0.0 0.0 0.0 0.0 0.0 0.0 0.0 0.0 0.0 0.0 0.0 
2406 2.378 0.00010540710086784094 0.0 0.0 0.00010540710086784094 0.0 0.0 0.0 0.0 0.0 0.0 0.0 0.0 0.0 0.0 0.0 0.0 0.0 0.0 0.0 0.0 0.0 
2407 2.379 0.00010550727124508201 0.0 0.0 0.00010550727124508201 0.0 0.0 0.0 0.0 0.0 0.0 0.0 0.0 0.0 0.0 0.0 0.0 0.0 0.0 0.0 0.0 0.0 
2408 2.38 0.00010560751177378048 0.0 0.0 0.00010560751177378048 0.0 0.0 0.0 0.0 0.0 0.0 0.0 0.0 0.0 0.0 0.0 0.0 0.0 0.0 0.0 0.0 0.0 
2409 2.381 0.0001057078224621033 0.0 0.0 0.0001057078224621033 0.0 0.0 0.0 0.0 0.0 0.0 0.0 0.0 0.0 0.0 0.0 0.0 0.0 0.0 0.0 0.0 0.0 
2410 2.382 0.00010580820331813689 0.0 0.0 0.00010580820331813689 0.0 0.0 0.0 0.0 0.0 0.0 0.0 0.0 0.0 0.0 0.0 0.0 0.0 0.0 0.0 0.0 0.0 
2411 2.383 0.00010590865434988709 0.0 0.0 0.00010590865434988709 0.0 0.0 0.0 0.0 0.0 0.0 0.0 0.0 0.0 0.0 0.0 0.0 0.0 0.0 0.0 0.0 0.0 
2412 2.383 0.00010600917556527904 0.0 0.0 0.00010600917556527904 0.0 0.0 0.0 0.0 0.0 0.0 0.0 0.0 0.0 0.0 0.0 0.0 0.0 0.0 0.0 0.0 0.0 
2413 2.384 0.00010610976697215687 0.0 0.0 0.00010610976697215687 0.0 0.0 0.0 0.0 0.0 0.0 0.0 0.0 0.0 0.0 0.0 0.0 0.0 0.0 0.0 0.0 0.0 
2414 2.385 0.00010621042857828378 0.0 0.0 0.00010621042857828378 0.0 0.0 0.0 0.0 0.0 0.0 0.0 0.0 0.0 0.0 0.0 0.0 0.0 0.0 0.0 0.0 0.0 
2415 2.386 0.00010631116039134154 0.0 0.0 0.00010631116039134154 0.0 0.0 0.0 0.0 0.0 0.0 0.0 0.0 0.0 0.0 0.0 0.0 0.0 0.0 0.0 0.0 0.0 
2416 2.387 0.00010641196241893065 0.0 0.0 0.00010641196241893065 0.0 0.0 0.0 0.0 0.0 0.0 0.0 0.0 0.0 0.0 0.0 0.0 0.0 0.0 0.0 0.0 0.0 
2417 2.388 0.00010651283466856998 0.0 0.0 0.00010651283466856998 0.0 0.0 0.0 0.0 0.0 0.0 0.0 0.0 0.0 0.0 0.0 0.0 0.0 0.0 0.0 0.0 0.0 
2418 2.389 0.0001066137771476967 0.0 0.0 0.0001066137771476967 0.0 0.0 0.0 0.0 0.0 0.0 0.0 0.0 0.0 0.0 0.0 0.0 0.0 0.0 0.0 0.0 0.0 
2419 2.39 0.0001067147898636661 0.0 0.0 0.0001067147898636661 0.0 0.0 0.0 0.0 0.0 0.0 0.0 0.0 0.0 0.0 0.0 0.0 0.0 0.0 0.0 0.0 0.0 
2420 2.391 0.0001068158728237514 0.0 0.0 0.0001068158728237514 0.0 0.0 0.0 0.0 0.0 0.0 0.0 0.0 0.0 0.0 0.0 0.0 0.0 0.0 0.0 0.0 0.0 
2421 2.392 0.0001069170260351436 0.0 0.0 0.0001069170260351436 0.0 0.0 0.0 0.0 0.0 0.0 0.0 0.0 0.0 0.0 0.0 0.0 0.0 0.0 0.0 0.0 0.0 
2422 2.393 0.00010701824950495138 0.0 0.0 0.00010701824950495138 0.0 0.0 0.0 0.0 0.0 0.0 0.0 0.0 0.0 0.0 0.0 0.0 0.0 0.0 0.0 0.0 0.0 
2423 2.394 0.00010711954324020074 0.0 0.0 0.00010711954324020074 0.0 0.0 0.0 0.0 0.0 0.0 0.0 0.0 0.0 0.0 0.0 0.0 0.0 0.0 0.0 0.0 0.0 
2424 2.395 0.00010722090724783509 0.0 0.0 0.00010722090724783509 0.0 0.0 0.0 0.0 0.0 0.0 0.0 0.0 0.0 0.0 0.0 0.0 0.0 0.0 0.0 0.0 0.0 
2425 2.396 0.000107322341534715 0.0 0.0 0.000107322341534715 0.0 0.0 0.0 0.0 0.0 0.0 0.0 0.0 0.0 0.0 0.0 0.0 0.0 0.0 0.0 0.0 0.0 
2426 2.397 0.00010742384610761795 0.0 0.0 0.00010742384610761795 0.0 0.0 0.0 0.0 0.0 0.0 0.0 0.0 0.0 0.0 0.0 0.0 0.0 0.0 0.0 0.0 0.0 
2427 2.398 0.00010752542097323823 0.0 0.0 0.00010752542097323823 0.0 0.0 0.0 0.0 0.0 0.0 0.0 0.0 0.0 0.0 0.0 0.0 0.0 0.0 0.0 0.0 0.0 
2428 2.399 0.00010762706613818678 0.0 0.0 0.00010762706613818678 0.0 0.0 0.0 0.0 0.0 0.0 0.0 0.0 0.0 0.0 0.0 0.0 0.0 0.0 0.0 0.0 0.0 
2429 2.4 0.000107728781608991 0.0 0.0 0.000107728781608991 0.0 0.0 0.0 0.0 0.0 0.0 0.0 0.0 0.0 0.0 0.0 0.0 0.0 0.0 0.0 0.0 0.0 
2430 2.401 0.00010783056739209467 0.0 0.0 0.00010783056739209467 0.0 0.0 0.0 0.0 0.0 0.0 0.0 0.0 0.0 0.0 0.0 0.0 0.0 0.0 0.0 0.0 0.0 
2431 2.402 0.0001079324234938577 0.0 0.0 0.0001079324234938577 0.0 0.0 0.0 0.0 0.0 0.0 0.0 0.0 0.0 0.0 0.0 0.0 0.0 0.0 0.0 0.0 0.0 
2432 2.403 0.00010803434992055594 0.0 0.0 0.00010803434992055594 0.0 0.0 0.0 0.0 0.0 0.0 0.0 0.0 0.0 0.0 0.0 0.0 0.0 0.0 0.0 0.0 0.0 
2433 2.404 0.0001081363466783811 0.0 0.0 0.0001081363466783811 0.0 0.0 0.0 0.0 0.0 0.0 0.0 0.0 0.0 0.0 0.0 0.0 0.0 0.0 0.0 0.0 0.0 
2434 2.405 0.00010823841377344056 0.0 0.0 0.00010823841377344056 0.0 0.0 0.0 0.0 0.0 0.0 0.0 0.0 0.0 0.0 0.0 0.0 0.0 0.0 0.0 0.0 0.0 
2435 2.406 0.00010834055121175718 0.0 0.0 0.00010834055121175718 0.0 0.0 0.0 0.0 0.0 0.0 0.0 0.0 0.0 0.0 0.0 0.0 0.0 0.0 0.0 0.0 0.0 
2436 2.407 0.00010844275899926915 0.0 0.0 0.00010844275899926915 0.0 0.0 0.0 0.0 0.0 0.0 0.0 0.0 0.0 0.0 0.0 0.0 0.0 0.0 0.0 0.0 0.0 
2437 2.408 0.0001085450371418298 0.0 0.0 0.0001085450371418298 0.0 0.0 0.0 0.0 0.0 0.0 0.0 0.0 0.0 0.0 0.0 0.0 0.0 0.0 0.0 0.0 0.0 
2438 2.409 0.00010864738564520759 0.0 0.0 0.00010864738564520759 0.0 0.0 0.0 0.0 0.0 0.0 0.0 0.0 0.0 0.0 0.0 0.0 0.0 0.0 0.0 0.0 0.0 
2439 2.41 0.00010874980451508561 0.0 0.0 0.00010874980451508561 0.0 0.0 0.0 0.0 0.0 0.0 0.0 0.0 0.0 0.0 0.0 0.0 0.0 0.0 0.0 0.0 0.0 
2440 2.411 0.00010885229375706179 0.0 0.0 0.00010885229375706179 0.0 0.0 0.0 0.0 0.0 0.0 0.0 0.0 0.0 0.0 0.0 0.0 0.0 0.0 0.0 0.0 0.0 
2441 2.412 0.00010895485337664847 0.0 0.0 0.00010895485337664847 0.0 0.0 0.0 0.0 0.0 0.0 0.0 0.0 0.0 0.0 0.0 0.0 0.0 0.0 0.0 0.0 0.0 
2442 2.413 0.0001090574833792724 0.0 0.0 0.0001090574833792724 0.0 0.0 0.0 0.0 0.0 0.0 0.0 0.0 0.0 0.0 0.0 0.0 0.0 0.0 0.0 0.0 0.0 
2443 2.414 0.00010916018377027443 0.0 0.0 0.00010916018377027443 0.0 0.0 0.0 0.0 0.0 0.0 0.0 0.0 0.0 0.0 0.0 0.0 0.0 0.0 0.0 0.0 0.0 
2444 2.415 0.00010926295455490947 0.0 0.0 0.00010926295455490947 0.0 0.0 0.0 0.0 0.0 0.0 0.0 0.0 0.0 0.0 0.0 0.0 0.0 0.0 0.0 0.0 0.0 
2445 2.416 0.00010936579573834629 0.0 0.0 0.00010936579573834629 0.0 0.0 0.0 0.0 0.0 0.0 0.0 0.0 0.0 0.0 0.0 0.0 0.0 0.0 0.0 0.0 0.0 
2446 2.417 0.00010946870732566724 0.0 0.0 0.00010946870732566724 0.0 0.0 0.0 0.0 0.0 0.0 0.0 0.0 0.0 0.0 0.0 0.0 0.0 0.0 0.0 0.0 0.0 
2447 2.418 0.00010957168932186834 0.0 0.0 0.00010957168932186834 0.0 0.0 0.0 0.0 0.0 0.0 0.0 0.0 0.0 0.0 0.0 0.0 0.0 0.0 0.0 0.0 0.0 
2448 2.419 0.00010967474173185871 0.0 0.0 0.00010967474173185871 0.0 0.0 0.0 0.0 0.0 0.0 0.0 0.0 0.0 0.0 0.0 0.0 0.0 0.0 0.0 0.0 0.0 
2449 2.42 0.00010977786456046095 0.0 0.0 0.00010977786456046095 0.0 0.0 0.0 0.0 0.0 0.0 0.0 0.0 0.0 0.0 0.0 0.0 0.0 0.0 0.0 0.0 0.0 
2450 2.421 0.0001098810578124104 0.0 0.0 0.0001098810578124104 0.0 0.0 0.0 0.0 0.0 0.0 0.0 0.0 0.0 0.0 0.0 0.0 0.0 0.0 0.0 0.0 0.0 
2451 2.422 0.00010998432149235545 0.0 0.0 0.00010998432149235545 0.0 0.0 0.0 0.0 0.0 0.0 0.0 0.0 0.0 0.0 0.0 0.0 0.0 0.0 0.0 0.0 0.0 
2452 2.423 0.00011008765560485707 0.0 0.0 0.00011008765560485707 0.0 0.0 0.0 0.0 0.0 0.0 0.0 0.0 0.0 0.0 0.0 0.0 0.0 0.0 0.0 0.0 0.0 
2453 2.424 0.00011019106015438862 0.0 0.0 0.00011019106015438862 0.0 0.0 0.0 0.0 0.0 0.0 0.0 0.0 0.0 0.0 0.0 0.0 0.0 0.0 0.0 0.0 0.0 
2454 2.425 0.00011029453514533604 0.0 0.0 0.00011029453514533604 0.0 0.0 0.0 0.0 0.0 0.0 0.0 0.0 0.0 0.0 0.0 0.0 0.0 0.0 0.0 0.0 0.0 
2455 2.426 0.00011039808058199732 0.0 0.0 0.00011039808058199732 0.0 0.0 0.0 0.0 0.0 0.0 0.0 0.0 0.0 0.0 0.0 0.0 0.0 0.0 0.0 0.0 0.0 
2456 2.427 0.00011050169646858246 0.0 0.0 0.00011050169646858246 0.0 0.0 0.0 0.0 0.0 0.0 0.0 0.0 0.0 0.0 0.0 0.0 0.0 0.0 0.0 0.0 0.0 
2457 2.428 0.0001106053828092133 0.0 0.0 0.0001106053828092133 0.0 0.0 0.0 0.0 0.0 0.0 0.0 0.0 0.0 0.0 0.0 0.0 0.0 0.0 0.0 0.0 0.0 
2458 2.429 0.00011070913960792327 0.0 0.0 0.00011070913960792327 0.0 0.0 0.0 0.0 0.0 0.0 0.0 0.0 0.0 0.0 0.0 0.0 0.0 0.0 0.0 0.0 0.0 
2459 2.43 0.00011081296686865755 0.0 0.0 0.00011081296686865755 0.0 0.0 0.0 0.0 0.0 0.0 0.0 0.0 0.0 0.0 0.0 0.0 0.0 0.0 0.0 0.0 0.0 
2460 2.431 0.00011091686459527239 0.0 0.0 0.00011091686459527239 0.0 0.0 0.0 0.0 0.0 0.0 0.0 0.0 0.0 0.0 0.0 0.0 0.0 0.0 0.0 0.0 0.0 
2461 2.432 0.00011102083279153539 0.0 0.0 0.00011102083279153539 0.0 0.0 0.0 0.0 0.0 0.0 0.0 0.0 0.0 0.0 0.0 0.0 0.0 0.0 0.0 0.0 0.0 
2462 2.433 0.00011112487146112497 0.0 0.0 0.00011112487146112497 0.0 0.0 0.0 0.0 0.0 0.0 0.0 0.0 0.0 0.0 0.0 0.0 0.0 0.0 0.0 0.0 0.0 
2463 2.434 0.00011122898060763058 0.0 0.0 0.00011122898060763058 0.0 0.0 0.0 0.0 0.0 0.0 0.0 0.0 0.0 0.0 0.0 0.0 0.0 0.0 0.0 0.0 0.0 
2464 2.435 0.00011133316023455216 0.0 0.0 0.00011133316023455216 0.0 0.0 0.0 0.0 0.0 0.0 0.0 0.0 0.0 0.0 0.0 0.0 0.0 0.0 0.0 0.0 0.0 
2465 2.436 0.00011143741034530026 0.0 0.0 0.00011143741034530026 0.0 0.0 0.0 0.0 0.0 0.0 0.0 0.0 0.0 0.0 0.0 0.0 0.0 0.0 0.0 0.0 0.0 
2466 2.437 0.00011154173094319568 0.0 0.0 0.00011154173094319568 0.0 0.0 0.0 0.0 0.0 0.0 0.0 0.0 0.0 0.0 0.0 0.0 0.0 0.0 0.0 0.0 0.0 
2467 2.438 0.00011164612203146941 0.0 0.0 0.00011164612203146941 0.0 0.0 0.0 0.0 0.0 0.0 0.0 0.0 0.0 0.0 0.0 0.0 0.0 0.0 0.0 0.0 0.0 
2468 2.439 0.00011175058361326243 0.0 0.0 0.00011175058361326243 0.0 0.0 0.0 0.0 0.0 0.0 0.0 0.0 0.0 0.0 0.0 0.0 0.0 0.0 0.0 0.0 0.0 
2469 2.44 0.00011185511569162547 0.0 0.0 0.00011185511569162547 0.0 0.0 0.0 0.0 0.0 0.0 0.0 0.0 0.0 0.0 0.0 0.0 0.0 0.0 0.0 0.0 0.0 
2470 2.441 0.00011195971826951905 0.0 0.0 0.00011195971826951905 0.0 0.0 0.0 0.0 0.0 0.0 0.0 0.0 0.0 0.0 0.0 0.0 0.0 0.0 0.0 0.0 0.0 
2471 2.442 0.000112064391349813 0.0 0.0 0.000112064391349813 0.0 0.0 0.0 0.0 0.0 0.0 0.0 0.0 0.0 0.0 0.0 0.0 0.0 0.0 0.0 0.0 0.0 
2472 2.443 0.00011216913493528654 0.0 0.0 0.00011216913493528654 0.0 0.0 0.0 0.0 0.0 0.0 0.0 0.0 0.0 0.0 0.0 0.0 0.0 0.0 0.0 0.0 0.0 
2473 2.444 0.00011227394902862804 0.0 0.0 0.00011227394902862804 0.0 0.0 0.0 0.0 0.0 0.0 0.0 0.0 0.0 0.0 0.0 0.0 0.0 0.0 0.0 0.0 0.0 
2474 2.445 0.0001123788336324348 0.0 0.0 0.0001123788336324348 0.0 0.0 0.0 0.0 0.0 0.0 0.0 0.0 0.0 0.0 0.0 0.0 0.0 0.0 0.0 0.0 0.0 
2475 2.446 0.00011248378874921289 0.0 0.0 0.00011248378874921289 0.0 0.0 0.0 0.0 0.0 0.0 0.0 0.0 0.0 0.0 0.0 0.0 0.0 0.0 0.0 0.0 0.0 
2476 2.447 0.0001125888143813771 0.0 0.0 0.0001125888143813771 0.0 0.0 0.0 0.0 0.0 0.0 0.0 0.0 0.0 0.0 0.0 0.0 0.0 0.0 0.0 0.0 0.0 
2477 2.448 0.00011269391053125056 0.0 0.0 0.00011269391053125056 0.0 0.0 0.0 0.0 0.0 0.0 0.0 0.0 0.0 0.0 0.0 0.0 0.0 0.0 0.0 0.0 0.0 
2478 2.449 0.00011279907720106481 0.0 0.0 0.00011279907720106481 0.0 0.0 0.0 0.0 0.0 0.0 0.0 0.0 0.0 0.0 0.0 0.0 0.0 0.0 0.0 0.0 0.0 
2479 2.45 0.00011290431439295937 0.0 0.0 0.00011290431439295937 0.0 0.0 0.0 0.0 0.0 0.0 0.0 0.0 0.0 0.0 0.0 0.0 0.0 0.0 0.0 0.0 0.0 
2480 2.451 0.00011300962210898175 0.0 0.0 0.00011300962210898175 0.0 0.0 0.0 0.0 0.0 0.0 0.0 0.0 0.0 0.0 0.0 0.0 0.0 0.0 0.0 0.0 0.0 
2481 2.452 0.00011311500035108737 0.0 0.0 0.00011311500035108737 0.0 0.0 0.0 0.0 0.0 0.0 0.0 0.0 0.0 0.0 0.0 0.0 0.0 0.0 0.0 0.0 0.0 
2482 2.453 0.00011322044912113898 0.0 0.0 0.00011322044912113898 0.0 0.0 0.0 0.0 0.0 0.0 0.0 0.0 0.0 0.0 0.0 0.0 0.0 0.0 0.0 0.0 0.0 
2483 2.454 0.00011332596842090693 0.0 0.0 0.00011332596842090693 0.0 0.0 0.0 0.0 0.0 0.0 0.0 0.0 0.0 0.0 0.0 0.0 0.0 0.0 0.0 0.0 0.0 
2484 2.455 0.0001134315582520689 0.0 0.0 0.0001134315582520689 0.0 0.0 0.0 0.0 0.0 0.0 0.0 0.0 0.0 0.0 0.0 0.0 0.0 0.0 0.0 0.0 0.0 
2485 2.456 0.00011353721861620948 0.0 0.0 0.00011353721861620948 0.0 0.0 0.0 0.0 0.0 0.0 0.0 0.0 0.0 0.0 0.0 0.0 0.0 0.0 0.0 0.0 0.0 
2486 2.457 0.00011364294951482021 0.0 0.0 0.00011364294951482021 0.0 0.0 0.0 0.0 0.0 0.0 0.0 0.0 0.0 0.0 0.0 0.0 0.0 0.0 0.0 0.0 0.0 
2487 2.458 0.0001137487509492995 0.0 0.0 0.0001137487509492995 0.0 0.0 0.0 0.0 0.0 0.0 0.0 0.0 0.0 0.0 0.0 0.0 0.0 0.0 0.0 0.0 0.0 
2488 2.459 0.00011385462292095216 0.0 0.0 0.00011385462292095216 0.0 0.0 0.0 0.0 0.0 0.0 0.0 0.0 0.0 0.0 0.0 0.0 0.0 0.0 0.0 0.0 0.0 
2489 2.46 0.0001139605654309895 0.0 0.0 0.0001139605654309895 0.0 0.0 0.0 0.0 0.0 0.0 0.0 0.0 0.0 0.0 0.0 0.0 0.0 0.0 0.0 0.0 0.0 
2490 2.461 0.00011406657848052901 0.0 0.0 0.00011406657848052901 0.0 0.0 0.0 0.0 0.0 0.0 0.0 0.0 0.0 0.0 0.0 0.0 0.0 0.0 0.0 0.0 0.0 
2491 2.462 0.00011417266207059432 0.0 0.0 0.00011417266207059432 0.0 0.0 0.0 0.0 0.0 0.0 0.0 0.0 0.0 0.0 0.0 0.0 0.0 0.0 0.0 0.0 0.0 
2492 2.463 0.00011427881620211477 0.0 0.0 0.00011427881620211477 0.0 0.0 0.0 0.0 0.0 0.0 0.0 0.0 0.0 0.0 0.0 0.0 0.0 0.0 0.0 0.0 0.0 
2493 2.464 0.00011438504087592559 0.0 0.0 0.00011438504087592559 0.0 0.0 0.0 0.0 0.0 0.0 0.0 0.0 0.0 0.0 0.0 0.0 0.0 0.0 0.0 0.0 0.0 
2494 2.465 0.0001144913360927674 0.0 0.0 0.0001144913360927674 0.0 0.0 0.0 0.0 0.0 0.0 0.0 0.0 0.0 0.0 0.0 0.0 0.0 0.0 0.0 0.0 0.0 
2495 2.466 0.00011459770185328629 0.0 0.0 0.00011459770185328629 0.0 0.0 0.0 0.0 0.0 0.0 0.0 0.0 0.0 0.0 0.0 0.0 0.0 0.0 0.0 0.0 0.0 
2496 2.467 0.00011470413815803339 0.0 0.0 0.00011470413815803339 0.0 0.0 0.0 0.0 0.0 0.0 0.0 0.0 0.0 0.0 0.0 0.0 0.0 0.0 0.0 0.0 0.0 
2497 2.467 0.00011481064500746501 0.0 0.0 0.00011481064500746501 0.0 0.0 0.0 0.0 0.0 0.0 0.0 0.0 0.0 0.0 0.0 0.0 0.0 0.0 0.0 0.0 0.0 
2498 2.468 0.00011491722240194221 0.0 0.0 0.00011491722240194221 0.0 0.0 0.0 0.0 0.0 0.0 0.0 0.0 0.0 0.0 0.0 0.0 0.0 0.0 0.0 0.0 0.0 
2499 2.469 0.00011502387034173076 0.0 0.0 0.00011502387034173076 0.0 0.0 0.0 0.0 0.0 0.0 0.0 0.0 0.0 0.0 0.0 0.0 0.0 0.0 0.0 0.0 0.0 
2500 2.47 0.00011513058882700086 0.0 0.0 0.00011513058882700086 0.0 0.0 0.0 0.0 0.0 0.0 0.0 0.0 0.0 0.0 0.0 0.0 0.0 0.0 0.0 0.0 0.0 
2501 2.471 0.00011523737785782705 0.0 0.0 0.00011523737785782705 0.0 0.0 0.0 0.0 0.0 0.0 0.0 0.0 0.0 0.0 0.0 0.0 0.0 0.0 0.0 0.0 0.0 
2502 2.472 0.00011534423743418802 0.0 0.0 0.00011534423743418802 0.0 0.0 0.0 0.0 0.0 0.0 0.0 0.0 0.0 0.0 0.0 0.0 0.0 0.0 0.0 0.0 0.0 
2503 2.473 0.00011545116755596658 0.0 0.0 0.00011545116755596658 0.0 0.0 0.0 0.0 0.0 0.0 0.0 0.0 0.0 0.0 0.0 0.0 0.0 0.0 0.0 0.0 0.0 
2504 2.474 0.00011555816822294897 0.0 0.0 0.00011555816822294897 0.0 0.0 0.0 0.0 0.0 0.0 0.0 0.0 0.0 0.0 0.0 0.0 0.0 0.0 0.0 0.0 0.0 
2505 2.475 0.00011566523943482545 0.0 0.0 0.00011566523943482545 0.0 0.0 0.0 0.0 0.0 0.0 0.0 0.0 0.0 0.0 0.0 0.0 0.0 0.0 0.0 0.0 0.0 
2506 2.476 0.00011577238119118948 0.0 0.0 0.00011577238119118948 0.0 0.0 0.0 0.0 0.0 0.0 0.0 0.0 0.0 0.0 0.0 0.0 0.0 0.0 0.0 0.0 0.0 
2507 2.477 0.00011587959349153786 0.0 0.0 0.00011587959349153786 0.0 0.0 0.0 0.0 0.0 0.0 0.0 0.0 0.0 0.0 0.0 0.0 0.0 0.0 0.0 0.0 0.0 
2508 2.478 0.00011598687633527046 0.0 0.0 0.00011598687633527046 0.0 0.0 0.0 0.0 0.0 0.0 0.0 0.0 0.0 0.0 0.0 0.0 0.0 0.0 0.0 0.0 0.0 
2509 2.479 0.00011609422972169016 0.0 0.0 0.00011609422972169016 0.0 0.0 0.0 0.0 0.0 0.0 0.0 0.0 0.0 0.0 0.0 0.0 0.0 0.0 0.0 0.0 0.0 
2510 2.48 0.00011620165365000253 0.0 0.0 0.00011620165365000253 0.0 0.0 0.0 0.0 0.0 0.0 0.0 0.0 0.0 0.0 0.0 0.0 0.0 0.0 0.0 0.0 0.0 
2511 2.481 0.00011630914811931568 0.0 0.0 0.00011630914811931568 0.0 0.0 0.0 0.0 0.0 0.0 0.0 0.0 0.0 0.0 0.0 0.0 0.0 0.0 0.0 0.0 0.0 
2512 2.482 0.00011641671312864014 0.0 0.0 0.00011641671312864014 0.0 0.0 0.0 0.0 0.0 0.0 0.0 0.0 0.0 0.0 0.0 0.0 0.0 0.0 0.0 0.0 0.0 
2513 2.483 0.00011652434867688867 0.0 0.0 0.00011652434867688867 0.0 0.0 0.0 0.0 0.0 0.0 0.0 0.0 0.0 0.0 0.0 0.0 0.0 0.0 0.0 0.0 0.0 
2514 2.484 0.00011663205476287608 0.0 0.0 0.00011663205476287608 0.0 0.0 0.0 0.0 0.0 0.0 0.0 0.0 0.0 0.0 0.0 0.0 0.0 0.0 0.0 0.0 0.0 
2515 2.485 0.00011673983138531904 0.0 0.0 0.00011673983138531904 0.0 0.0 0.0 0.0 0.0 0.0 0.0 0.0 0.0 0.0 0.0 0.0 0.0 0.0 0.0 0.0 0.0 
2516 2.486 0.00011684767854283587 0.0 0.0 0.00011684767854283587 0.0 0.0 0.0 0.0 0.0 0.0 0.0 0.0 0.0 0.0 0.0 0.0 0.0 0.0 0.0 0.0 0.0 
2517 2.487 0.00011695559623394655 0.0 0.0 0.00011695559623394655 0.0 0.0 0.0 0.0 0.0 0.0 0.0 0.0 0.0 0.0 0.0 0.0 0.0 0.0 0.0 0.0 0.0 
2518 2.488 0.0001170635844570722 0.0 0.0 0.0001170635844570722 0.0 0.0 0.0 0.0 0.0 0.0 0.0 0.0 0.0 0.0 0.0 0.0 0.0 0.0 0.0 0.0 0.0 
2519 2.489 0.00011717164321053523 0.0 0.0 0.00011717164321053523 0.0 0.0 0.0 0.0 0.0 0.0 0.0 0.0 0.0 0.0 0.0 0.0 0.0 0.0 0.0 0.0 0.0 
2520 2.49 0.00011727977249255902 0.0 0.0 0.00011727977249255902 0.0 0.0 0.0 0.0 0.0 0.0 0.0 0.0 0.0 0.0 0.0 0.0 0.0 0.0 0.0 0.0 0.0 
2521 2.491 0.00011738797230126768 0.0 0.0 0.00011738797230126768 0.0 0.0 0.0 0.0 0.0 0.0 0.0 0.0 0.0 0.0 0.0 0.0 0.0 0.0 0.0 0.0 0.0 
2522 2.492 0.00011749624263468616 0.0 0.0 0.00011749624263468616 0.0 0.0 0.0 0.0 0.0 0.0 0.0 0.0 0.0 0.0 0.0 0.0 0.0 0.0 0.0 0.0 0.0 
2523 2.493 0.00011760458349073963 0.0 0.0 0.00011760458349073963 0.0 0.0 0.0 0.0 0.0 0.0 0.0 0.0 0.0 0.0 0.0 0.0 0.0 0.0 0.0 0.0 0.0 
2524 2.494 0.00011771299486725367 0.0 0.0 0.00011771299486725367 0.0 0.0 0.0 0.0 0.0 0.0 0.0 0.0 0.0 0.0 0.0 0.0 0.0 0.0 0.0 0.0 0.0 
2525 2.495 0.00011782147676195393 0.0 0.0 0.00011782147676195393 0.0 0.0 0.0 0.0 0.0 0.0 0.0 0.0 0.0 0.0 0.0 0.0 0.0 0.0 0.0 0.0 0.0 
2526 2.496 0.00011793002917246595 0.0 0.0 0.00011793002917246595 0.0 0.0 0.0 0.0 0.0 0.0 0.0 0.0 0.0 0.0 0.0 0.0 0.0 0.0 0.0 0.0 0.0 
2527 2.497 0.00011803865209631513 0.0 0.0 0.00011803865209631513 0.0 0.0 0.0 0.0 0.0 0.0 0.0 0.0 0.0 0.0 0.0 0.0 0.0 0.0 0.0 0.0 0.0 
2528 2.498 0.00011814734553092637 0.0 0.0 0.00011814734553092637 0.0 0.0 0.0 0.0 0.0 0.0 0.0 0.0 0.0 0.0 0.0 0.0 0.0 0.0 0.0 0.0 0.0 
2529 2.499 0.00011825610947362384 0.0 0.0 0.00011825610947362384 0.0 0.0 0.0 0.0 0.0 0.0 0.0 0.0 0.0 0.0 0.0 0.0 0.0 0.0 0.0 0.0 0.0 
2530 2.5 0.00011836494392163117 0.0 0.0 0.00011836494392163117 0.0 0.0 0.0 0.0 0.0 0.0 0.0 0.0 0.0 0.0 0.0 0.0 0.0 0.0 0.0 0.0 0.0 
2531 2.501 0.00011847384887207084 0.0 0.0 0.00011847384887207084 0.0 0.0 0.0 0.0 0.0 0.0 0.0 0.0 0.0 0.0 0.0 0.0 0.0 0.0 0.0 0.0 0.0 
2532 2.502 0.00011858282432196427 0.0 0.0 0.00011858282432196427 0.0 0.0 0.0 0.0 0.0 0.0 0.0 0.0 0.0 0.0 0.0 0.0 0.0 0.0 0.0 0.0 0.0 
2533 2.503 0.00011869187026823148 0.0 0.0 0.00011869187026823148 0.0 0.0 0.0 0.0 0.0 0.0 0.0 0.0 0.0 0.0 0.0 0.0 0.0 0.0 0.0 0.0 0.0 
2534 2.504 0.00011880098670769117 0.0 0.0 0.00011880098670769117 0.0 0.0 0.0 0.0 0.0 0.0 0.0 0.0 0.0 0.0 0.0 0.0 0.0 0.0 0.0 0.0 0.0 
2535 2.505 0.0001189101736370601 0.0 0.0 0.0001189101736370601 0.0 0.0 0.0 0.0 0.0 0.0 0.0 0.0 0.0 0.0 0.0 0.0 0.0 0.0 0.0 0.0 0.0 
2536 2.506 0.00011901943105295348 0.0 0.0 0.00011901943105295348 0.0 0.0 0.0 0.0 0.0 0.0 0.0 0.0 0.0 0.0 0.0 0.0 0.0 0.0 0.0 0.0 0.0 
2537 2.507 0.00011912875895188417 0.0 0.0 0.00011912875895188417 0.0 0.0 0.0 0.0 0.0 0.0 0.0 0.0 0.0 0.0 0.0 0.0 0.0 0.0 0.0 0.0 0.0 
2538 2.508 0.00011923815733026306 0.0 0.0 0.00011923815733026306 0.0 0.0 0.0 0.0 0.0 0.0 0.0 0.0 0.0 0.0 0.0 0.0 0.0 0.0 0.0 0.0 0.0 
2539 2.509 0.00011934762618439852 0.0 0.0 0.00011934762618439852 0.0 0.0 0.0 0.0 0.0 0.0 0.0 0.0 0.0 0.0 0.0 0.0 0.0 0.0 0.0 0.0 0.0 
2540 2.51 0.00011945716551049637 0.0 0.0 0.00011945716551049637 0.0 0.0 0.0 0.0 0.0 0.0 0.0 0.0 0.0 0.0 0.0 0.0 0.0 0.0 0.0 0.0 0.0 
2541 2.511 0.0001195667753046598 0.0 0.0 0.0001195667753046598 0.0 0.0 0.0 0.0 0.0 0.0 0.0 0.0 0.0 0.0 0.0 0.0 0.0 0.0 0.0 0.0 0.0 
2542 2.512 0.0001196764555628888 0.0 0.0 0.0001196764555628888 0.0 0.0 0.0 0.0 0.0 0.0 0.0 0.0 0.0 0.0 0.0 0.0 0.0 0.0 0.0 0.0 0.0 
2543 2.513 0.00011978620628108058 0.0 0.0 0.00011978620628108058 0.0 0.0 0.0 0.0 0.0 0.0 0.0 0.0 0.0 0.0 0.0 0.0 0.0 0.0 0.0 0.0 0.0 
2544 2.514 0.00011989602745502875 0.0 0.0 0.00011989602745502875 0.0 0.0 0.0 0.0 0.0 0.0 0.0 0.0 0.0 0.0 0.0 0.0 0.0 0.0 0.0 0.0 0.0 
2545 2.515 0.0001200059190804237 0.0 0.0 0.0001200059190804237 0.0 0.0 0.0 0.0 0.0 0.0 0.0 0.0 0.0 0.0 0.0 0.0 0.0 0.0 0.0 0.0 0.0 
2546 2.516 0.00012011588115285206 0.0 0.0 0.00012011588115285206 0.0 0.0 0.0 0.0 0.0 0.0 0.0 0.0 0.0 0.0 0.0 0.0 0.0 0.0 0.0 0.0 0.0 
2547 2.517 0.00012022591366779658 0.0 0.0 0.00012022591366779658 0.0 0.0 0.0 0.0 0.0 0.0 0.0 0.0 0.0 0.0 0.0 0.0 0.0 0.0 0.0 0.0 0.0 
2548 2.518 0.00012033601662063611 0.0 0.0 0.00012033601662063611 0.0 0.0 0.0 0.0 0.0 0.0 0.0 0.0 0.0 0.0 0.0 0.0 0.0 0.0 0.0 0.0 0.0 
2549 2.519 0.00012044619000664522 0.0 0.0 0.00012044619000664522 0.0 0.0 0.0 0.0 0.0 0.0 0.0 0.0 0.0 0.0 0.0 0.0 0.0 0.0 0.0 0.0 0.0 
2550 2.52 0.00012055643382099419 0.0 0.0 0.00012055643382099419 0.0 0.0 0.0 0.0 0.0 0.0 0.0 0.0 0.0 0.0 0.0 0.0 0.0 0.0 0.0 0.0 0.0 
2551 2.521 0.00012066674805874867 0.0 0.0 0.00012066674805874867 0.0 0.0 0.0 0.0 0.0 0.0 0.0 0.0 0.0 0.0 0.0 0.0 0.0 0.0 0.0 0.0 0.0 
2552 2.522 0.00012077713271486962 0.0 0.0 0.00012077713271486962 0.0 0.0 0.0 0.0 0.0 0.0 0.0 0.0 0.0 0.0 0.0 0.0 0.0 0.0 0.0 0.0 0.0 
2553 2.523 0.00012088758778421308 0.0 0.0 0.00012088758778421308 0.0 0.0 0.0 0.0 0.0 0.0 0.0 0.0 0.0 0.0 0.0 0.0 0.0 0.0 0.0 0.0 0.0 
2554 2.524 0.00012099811326152999 0.0 0.0 0.00012099811326152999 0.0 0.0 0.0 0.0 0.0 0.0 0.0 0.0 0.0 0.0 0.0 0.0 0.0 0.0 0.0 0.0 0.0 
2555 2.525 0.00012110870914146604 0.0 0.0 0.00012110870914146604 0.0 0.0 0.0 0.0 0.0 0.0 0.0 0.0 0.0 0.0 0.0 0.0 0.0 0.0 0.0 0.0 0.0 
2556 2.526 0.00012121937541856148 0.0 0.0 0.00012121937541856148 0.0 0.0 0.0 0.0 0.0 0.0 0.0 0.0 0.0 0.0 0.0 0.0 0.0 0.0 0.0 0.0 0.0 
2557 2.527 0.00012133011208725078 0.0 0.0 0.00012133011208725078 0.0 0.0 0.0 0.0 0.0 0.0 0.0 0.0 0.0 0.0 0.0 0.0 0.0 0.0 0.0 0.0 0.0 
2558 2.528 0.00012144091914186282 0.0 0.0 0.00012144091914186282 0.0 0.0 0.0 0.0 0.0 0.0 0.0 0.0 0.0 0.0 0.0 0.0 0.0 0.0 0.0 0.0 0.0 
2559 2.529 0.00012155179657662025 0.0 0.0 0.00012155179657662025 0.0 0.0 0.0 0.0 0.0 0.0 0.0 0.0 0.0 0.0 0.0 0.0 0.0 0.0 0.0 0.0 0.0 
2560 2.53 0.0001216627443856397 0.0 0.0 0.0001216627443856397 0.0 0.0 0.0 0.0 0.0 0.0 0.0 0.0 0.0 0.0 0.0 0.0 0.0 0.0 0.0 0.0 0.0 
2561 2.531 0.00012177376256293143 0.0 0.0 0.00012177376256293143 0.0 0.0 0.0 0.0 0.0 0.0 0.0 0.0 0.0 0.0 0.0 0.0 0.0 0.0 0.0 0.0 0.0 
2562 2.532 0.000121884851102399 0.0 0.0 0.000121884851102399 0.0 0.0 0.0 0.0 0.0 0.0 0.0 0.0 0.0 0.0 0.0 0.0 0.0 0.0 0.0 0.0 0.0 
2563 2.533 0.00012199600999783938 0.0 0.0 0.00012199600999783938 0.0 0.0 0.0 0.0 0.0 0.0 0.0 0.0 0.0 0.0 0.0 0.0 0.0 0.0 0.0 0.0 0.0 
2564 2.534 0.00012210723924294258 0.0 0.0 0.00012210723924294258 0.0 0.0 0.0 0.0 0.0 0.0 0.0 0.0 0.0 0.0 0.0 0.0 0.0 0.0 0.0 0.0 0.0 
2565 2.535 0.00012221853883129163 0.0 0.0 0.00012221853883129163 0.0 0.0 0.0 0.0 0.0 0.0 0.0 0.0 0.0 0.0 0.0 0.0 0.0 0.0 0.0 0.0 0.0 
2566 2.536 0.0001223299087563621 0.0 0.0 0.0001223299087563621 0.0 0.0 0.0 0.0 0.0 0.0 0.0 0.0 0.0 0.0 0.0 0.0 0.0 0.0 0.0 0.0 0.0 
2567 2.537 0.00012244134901152217 0.0 0.0 0.00012244134901152217 0.0 0.0 0.0 0.0 0.0 0.0 0.0 0.0 0.0 0.0 0.0 0.0 0.0 0.0 0.0 0.0 0.0 
2568 2.538 0.00012255285959003237 0.0 0.0 0.00012255285959003237 0.0 0.0 0.0 0.0 0.0 0.0 0.0 0.0 0.0 0.0 0.0 0.0 0.0 0.0 0.0 0.0 0.0 
2569 2.539 0.00012266444048504555 0.0 0.0 0.00012266444048504555 0.0 0.0 0.0 0.0 0.0 0.0 0.0 0.0 0.0 0.0 0.0 0.0 0.0 0.0 0.0 0.0 0.0 
2570 2.54 0.0001227760916896063 0.0 0.0 0.0001227760916896063 0.0 0.0 0.0 0.0 0.0 0.0 0.0 0.0 0.0 0.0 0.0 0.0 0.0 0.0 0.0 0.0 0.0 
2571 2.541 0.00012288781319665123 0.0 0.0 0.00012288781319665123 0.0 0.0 0.0 0.0 0.0 0.0 0.0 0.0 0.0 0.0 0.0 0.0 0.0 0.0 0.0 0.0 0.0 
2572 2.542 0.00012299960499900846 0.0 0.0 0.00012299960499900846 0.0 0.0 0.0 0.0 0.0 0.0 0.0 0.0 0.0 0.0 0.0 0.0 0.0 0.0 0.0 0.0 0.0 
2573 2.543 0.00012311146708939762 0.0 0.0 0.00012311146708939762 0.0 0.0 0.0 0.0 0.0 0.0 0.0 0.0 0.0 0.0 0.0 0.0 0.0 0.0 0.0 0.0 0.0 
2574 2.544 0.0001232233994604295 0.0 0.0 0.0001232233994604295 0.0 0.0 0.0 0.0 0.0 0.0 0.0 0.0 0.0 0.0 0.0 0.0 0.0 0.0 0.0 0.0 0.0 
2575 2.545 0.00012333540210460612 0.0 0.0 0.00012333540210460612 0.0 0.0 0.0 0.0 0.0 0.0 0.0 0.0 0.0 0.0 0.0 0.0 0.0 0.0 0.0 0.0 0.0 
2576 2.546 0.00012344747501432025 0.0 0.0 0.00012344747501432025 0.0 0.0 0.0 0.0 0.0 0.0 0.0 0.0 0.0 0.0 0.0 0.0 0.0 0.0 0.0 0.0 0.0 
2577 2.547 0.00012355961818185548 0.0 0.0 0.00012355961818185548 0.0 0.0 0.0 0.0 0.0 0.0 0.0 0.0 0.0 0.0 0.0 0.0 0.0 0.0 0.0 0.0 0.0 
2578 2.548 0.0001236718315993858 0.0 0.0 0.0001236718315993858 0.0 0.0 0.0 0.0 0.0 0.0 0.0 0.0 0.0 0.0 0.0 0.0 0.0 0.0 0.0 0.0 0.0 
2579 2.549 0.00012378411525897561 0.0 0.0 0.00012378411525897561 0.0 0.0 0.0 0.0 0.0 0.0 0.0 0.0 0.0 0.0 0.0 0.0 0.0 0.0 0.0 0.0 0.0 
2580 2.55 0.0001238964691525795 0.0 0.0 0.0001238964691525795 0.0 0.0 0.0 0.0 0.0 0.0 0.0 0.0 0.0 0.0 0.0 0.0 0.0 0.0 0.0 0.0 0.0 
2581 2.551 0.000124008893272042 0.0 0.0 0.000124008893272042 0.0 0.0 0.0 0.0 0.0 0.0 0.0 0.0 0.0 0.0 0.0 0.0 0.0 0.0 0.0 0.0 0.0 
2582 2.551 0.00012412138760909734 0.0 0.0 0.00012412138760909734 0.0 0.0 0.0 0.0 0.0 0.0 0.0 0.0 0.0 0.0 0.0 0.0 0.0 0.0 0.0 0.0 0.0 
2583 2.552 0.0001242339521553695 0.0 0.0 0.0001242339521553695 0.0 0.0 0.0 0.0 0.0 0.0 0.0 0.0 0.0 0.0 0.0 0.0 0.0 0.0 0.0 0.0 0.0 
2584 2.553 0.0001243465869023718 0.0 0.0 0.0001243465869023718 0.0 0.0 0.0 0.0 0.0 0.0 0.0 0.0 0.0 0.0 0.0 0.0 0.0 0.0 0.0 0.0 0.0 
2585 2.554 0.00012445929184150682 0.0 0.0 0.00012445929184150682 0.0 0.0 0.0 0.0 0.0 0.0 0.0 0.0 0.0 0.0 0.0 0.0 0.0 0.0 0.0 0.0 0.0 
2586 2.555 0.0001245720669640661 0.0 0.0 0.0001245720669640661 0.0 0.0 0.0 0.0 0.0 0.0 0.0 0.0 0.0 0.0 0.0 0.0 0.0 0.0 0.0 0.0 0.0 
2587 2.556 0.00012468491226123017 0.0 0.0 0.00012468491226123017 0.0 0.0 0.0 0.0 0.0 0.0 0.0 0.0 0.0 0.0 0.0 0.0 0.0 0.0 0.0 0.0 0.0 
2588 2.557 0.00012479782772406808 0.0 0.0 0.00012479782772406808 0.0 0.0 0.0 0.0 0.0 0.0 0.0 0.0 0.0 0.0 0.0 0.0 0.0 0.0 0.0 0.0 0.0 
2589 2.558 0.0001249108133435376 0.0 0.0 0.0001249108133435376 0.0 0.0 0.0 0.0 0.0 0.0 0.0 0.0 0.0 0.0 0.0 0.0 0.0 0.0 0.0 0.0 0.0 
2590 2.559 0.00012502386911048455 0.0 0.0 0.00012502386911048455 0.0 0.0 0.0 0.0 0.0 0.0 0.0 0.0 0.0 0.0 0.0 0.0 0.0 0.0 0.0 0.0 0.0 
2591 2.56 0.00012513699501564307 0.0 0.0 0.00012513699501564307 0.0 0.0 0.0 0.0 0.0 0.0 0.0 0.0 0.0 0.0 0.0 0.0 0.0 0.0 0.0 0.0 0.0 
2592 2.561 0.00012525019104963513 0.0 0.0 0.00012525019104963513 0.0 0.0 0.0 0.0 0.0 0.0 0.0 0.0 0.0 0.0 0.0 0.0 0.0 0.0 0.0 0.0 0.0 
2593 2.562 0.0001253634572029705 0.0 0.0 0.0001253634572029705 0.0 0.0 0.0 0.0 0.0 0.0 0.0 0.0 0.0 0.0 0.0 0.0 0.0 0.0 0.0 0.0 0.0 
2594 2.563 0.0001254767934660464 0.0 0.0 0.0001254767934660464 0.0 0.0 0.0 0.0 0.0 0.0 0.0 0.0 0.0 0.0 0.0 0.0 0.0 0.0 0.0 0.0 0.0 
2595 2.564 0.00012559019982914758 0.0 0.0 0.00012559019982914758 0.0 0.0 0.0 0.0 0.0 0.0 0.0 0.0 0.0 0.0 0.0 0.0 0.0 0.0 0.0 0.0 0.0 
2596 2.565 0.00012570367628244596 0.0 0.0 0.00012570367628244596 0.0 0.0 0.0 0.0 0.0 0.0 0.0 0.0 0.0 0.0 0.0 0.0 0.0 0.0 0.0 0.0 0.0 
2597 2.566 0.00012581722281600032 0.0 0.0 0.00012581722281600032 0.0 0.0 0.0 0.0 0.0 0.0 0.0 0.0 0.0 0.0 0.0 0.0 0.0 0.0 0.0 0.0 0.0 
2598 2.567 0.0001259308394197564 0.0 0.0 0.0001259308394197564 0.0 0.0 0.0 0.0 0.0 0.0 0.0 0.0 0.0 0.0 0.0 0.0 0.0 0.0 0.0 0.0 0.0 
2599 2.568 0.00012604452608354653 0.0 0.0 0.00012604452608354653 0.0 0.0 0.0 0.0 0.0 0.0 0.0 0.0 0.0 0.0 0.0 0.0 0.0 0.0 0.0 0.0 0.0 
2600 2.569 0.00012615828279708948 0.0 0.0 0.00012615828279708948 0.0 0.0 0.0 0.0 0.0 0.0 0.0 0.0 0.0 0.0 0.0 0.0 0.0 0.0 0.0 0.0 0.0 
2601 2.57 0.00012627210954999025 0.0 0.0 0.00012627210954999025 0.0 0.0 0.0 0.0 0.0 0.0 0.0 0.0 0.0 0.0 0.0 0.0 0.0 0.0 0.0 0.0 0.0 
2602 2.571 0.00012638600633173996 0.0 0.0 0.00012638600633173996 0.0 0.0 0.0 0.0 0.0 0.0 0.0 0.0 0.0 0.0 0.0 0.0 0.0 0.0 0.0 0.0 0.0 
2603 2.572 0.0001264999731317156 0.0 0.0 0.0001264999731317156 0.0 0.0 0.0 0.0 0.0 0.0 0.0 0.0 0.0 0.0 0.0 0.0 0.0 0.0 0.0 0.0 0.0 
2604 2.573 0.00012661400993917984 0.0 0.0 0.00012661400993917984 0.0 0.0 0.0 0.0 0.0 0.0 0.0 0.0 0.0 0.0 0.0 0.0 0.0 0.0 0.0 0.0 0.0 
2605 2.574 0.00012672811674328084 0.0 0.0 0.00012672811674328084 0.0 0.0 0.0 0.0 0.0 0.0 0.0 0.0 0.0 0.0 0.0 0.0 0.0 0.0 0.0 0.0 0.0 
2606 2.575 0.00012684229353305217 0.0 0.0 0.00012684229353305217 0.0 0.0 0.0 0.0 0.0 0.0 0.0 0.0 0.0 0.0 0.0 0.0 0.0 0.0 0.0 0.0 0.0 
2607 2.576 0.0001269565402974124 0.0 0.0 0.0001269565402974124 0.0 0.0 0.0 0.0 0.0 0.0 0.0 0.0 0.0 0.0 0.0 0.0 0.0 0.0 0.0 0.0 0.0 
2608 2.577 0.00012707085702516515 0.0 0.0 0.00012707085702516515 0.0 0.0 0.0 0.0 0.0 0.0 0.0 0.0 0.0 0.0 0.0 0.0 0.0 0.0 0.0 0.0 0.0 
2609 2.578 0.00012718524370499876 0.0 0.0 0.00012718524370499876 0.0 0.0 0.0 0.0 0.0 0.0 0.0 0.0 0.0 0.0 0.0 0.0 0.0 0.0 0.0 0.0 0.0 
2610 2.579 0.00012729970032548618 0.0 0.0 0.00012729970032548618 0.0 0.0 0.0 0.0 0.0 0.0 0.0 0.0 0.0 0.0 0.0 0.0 0.0 0.0 0.0 0.0 0.0 
2611 2.58 0.0001274142268750847 0.0 0.0 0.0001274142268750847 0.0 0.0 0.0 0.0 0.0 0.0 0.0 0.0 0.0 0.0 0.0 0.0 0.0 0.0 0.0 0.0 0.0 
2612 2.581 0.00012752882334213572 0.0 0.0 0.00012752882334213572 0.0 0.0 0.0 0.0 0.0 0.0 0.0 0.0 0.0 0.0 0.0 0.0 0.0 0.0 0.0 0.0 0.0 
2613 2.582 0.00012764348971486492 0.0 0.0 0.00012764348971486492 0.0 0.0 0.0 0.0 0.0 0.0 0.0 0.0 0.0 0.0 0.0 0.0 0.0 0.0 0.0 0.0 0.0 
2614 2.583 0.00012775822598138145 0.0 0.0 0.00012775822598138145 0.0 0.0 0.0 0.0 0.0 0.0 0.0 0.0 0.0 0.0 0.0 0.0 0.0 0.0 0.0 0.0 0.0 
2615 2.584 0.00012787303212967837 0.0 0.0 0.00012787303212967837 0.0 0.0 0.0 0.0 0.0 0.0 0.0 0.0 0.0 0.0 0.0 0.0 0.0 0.0 0.0 0.0 0.0 
2616 2.585 0.00012798790814763205 0.0 0.0 0.00012798790814763205 0.0 0.0 0.0 0.0 0.0 0.0 0.0 0.0 0.0 0.0 0.0 0.0 0.0 0.0 0.0 0.0 0.0 
2617 2.586 0.00012810285402300208 0.0 0.0 0.00012810285402300208 0.0 0.0 0.0 0.0 0.0 0.0 0.0 0.0 0.0 0.0 0.0 0.0 0.0 0.0 0.0 0.0 0.0 
2618 2.587 0.00012821786974343127 0.0 0.0 0.00012821786974343127 0.0 0.0 0.0 0.0 0.0 0.0 0.0 0.0 0.0 0.0 0.0 0.0 0.0 0.0 0.0 0.0 0.0 
2619 2.588 0.00012833295529644513 0.0 0.0 0.00012833295529644513 0.0 0.0 0.0 0.0 0.0 0.0 0.0 0.0 0.0 0.0 0.0 0.0 0.0 0.0 0.0 0.0 0.0 
2620 2.589 0.00012844811066945193 0.0 0.0 0.00012844811066945193 0.0 0.0 0.0 0.0 0.0 0.0 0.0 0.0 0.0 0.0 0.0 0.0 0.0 0.0 0.0 0.0 0.0 
2621 2.59 0.00012856333584974246 0.0 0.0 0.00012856333584974246 0.0 0.0 0.0 0.0 0.0 0.0 0.0 0.0 0.0 0.0 0.0 0.0 0.0 0.0 0.0 0.0 0.0 
2622 2.591 0.00012867863082448975 0.0 0.0 0.00012867863082448975 0.0 0.0 0.0 0.0 0.0 0.0 0.0 0.0 0.0 0.0 0.0 0.0 0.0 0.0 0.0 0.0 0.0 
2623 2.592 0.0001287939955807491 0.0 0.0 0.0001287939955807491 0.0 0.0 0.0 0.0 0.0 0.0 0.0 0.0 0.0 0.0 0.0 0.0 0.0 0.0 0.0 0.0 0.0 
2624 2.593 0.0001289094301054575 0.0 0.0 0.0001289094301054575 0.0 0.0 0.0 0.0 0.0 0.0 0.0 0.0 0.0 0.0 0.0 0.0 0.0 0.0 0.0 0.0 0.0 
2625 2.594 0.00012902493438543392 0.0 0.0 0.00012902493438543392 0.0 0.0 0.0 0.0 0.0 0.0 0.0 0.0 0.0 0.0 0.0 0.0 0.0 0.0 0.0 0.0 0.0 
2626 2.595 0.0001291405084073787 0.0 0.0 0.0001291405084073787 0.0 0.0 0.0 0.0 0.0 0.0 0.0 0.0 0.0 0.0 0.0 0.0 0.0 0.0 0.0 0.0 0.0 
2627 2.596 0.00012925615215787363 0.0 0.0 0.00012925615215787363 0.0 0.0 0.0 0.0 0.0 0.0 0.0 0.0 0.0 0.0 0.0 0.0 0.0 0.0 0.0 0.0 0.0 
2628 2.597 0.00012937186562338168 0.0 0.0 0.00012937186562338168 0.0 0.0 0.0 0.0 0.0 0.0 0.0 0.0 0.0 0.0 0.0 0.0 0.0 0.0 0.0 0.0 0.0 
2629 2.598 0.00012948764879024678 0.0 0.0 0.00012948764879024678 0.0 0.0 0.0 0.0 0.0 0.0 0.0 0.0 0.0 0.0 0.0 0.0 0.0 0.0 0.0 0.0 0.0 
2630 2.599 0.00012960350164469356 0.0 0.0 0.00012960350164469356 0.0 0.0 0.0 0.0 0.0 0.0 0.0 0.0 0.0 0.0 0.0 0.0 0.0 0.0 0.0 0.0 0.0 
2631 2.6 0.0001297194241728274 0.0 0.0 0.0001297194241728274 0.0 0.0 0.0 0.0 0.0 0.0 0.0 0.0 0.0 0.0 0.0 0.0 0.0 0.0 0.0 0.0 0.0 
2632 2.601 0.000129835416360634 0.0 0.0 0.000129835416360634 0.0 0.0 0.0 0.0 0.0 0.0 0.0 0.0 0.0 0.0 0.0 0.0 0.0 0.0 0.0 0.0 0.0 
2633 2.602 0.00012995147819397932 0.0 0.0 0.00012995147819397932 0.0 0.0 0.0 0.0 0.0 0.0 0.0 0.0 0.0 0.0 0.0 0.0 0.0 0.0 0.0 0.0 0.0 
2634 2.603 0.0001300676096586093 0.0 0.0 0.0001300676096586093 0.0 0.0 0.0 0.0 0.0 0.0 0.0 0.0 0.0 0.0 0.0 0.0 0.0 0.0 0.0 0.0 0.0 
2635 2.604 0.0001301838107401498 0.0 0.0 0.0001301838107401498 0.0 0.0 0.0 0.0 0.0 0.0 0.0 0.0 0.0 0.0 0.0 0.0 0.0 0.0 0.0 0.0 0.0 
2636 2.605 0.00013030008142410617 0.0 0.0 0.00013030008142410617 0.0 0.0 0.0 0.0 0.0 0.0 0.0 0.0 0.0 0.0 0.0 0.0 0.0 0.0 0.0 0.0 0.0 
2637 2.606 0.00013041642169586343 0.0 0.0 0.00013041642169586343 0.0 0.0 0.0 0.0 0.0 0.0 0.0 0.0 0.0 0.0 0.0 0.0 0.0 0.0 0.0 0.0 0.0 
2638 2.607 0.0001305328315406857 0.0 0.0 0.0001305328315406857 0.0 0.0 0.0 0.0 0.0 0.0 0.0 0.0 0.0 0.0 0.0 0.0 0.0 0.0 0.0 0.0 0.0 
2639 2.608 0.00013064931094371624 0.0 0.0 0.00013064931094371624 0.0 0.0 0.0 0.0 0.0 0.0 0.0 0.0 0.0 0.0 0.0 0.0 0.0 0.0 0.0 0.0 0.0 
2640 2.609 0.00013076585988997717 0.0 0.0 0.00013076585988997717 0.0 0.0 0.0 0.0 0.0 0.0 0.0 0.0 0.0 0.0 0.0 0.0 0.0 0.0 0.0 0.0 0.0 
2641 2.61 0.00013088247836436938 0.0 0.0 0.00013088247836436938 0.0 0.0 0.0 0.0 0.0 0.0 0.0 0.0 0.0 0.0 0.0 0.0 0.0 0.0 0.0 0.0 0.0 
2642 2.611 0.00013099916635167213 0.0 0.0 0.00013099916635167213 0.0 0.0 0.0 0.0 0.0 0.0 0.0 0.0 0.0 0.0 0.0 0.0 0.0 0.0 0.0 0.0 0.0 
2643 2.612 0.00013111592383654303 0.0 0.0 0.00013111592383654303 0.0 0.0 0.0 0.0 0.0 0.0 0.0 0.0 0.0 0.0 0.0 0.0 0.0 0.0 0.0 0.0 0.0 
2644 2.613 0.00013123275080351792 0.0 0.0 0.00013123275080351792 0.0 0.0 0.0 0.0 0.0 0.0 0.0 0.0 0.0 0.0 0.0 0.0 0.0 0.0 0.0 0.0 0.0 
2645 2.614 0.00013134964723701036 0.0 0.0 0.00013134964723701036 0.0 0.0 0.0 0.0 0.0 0.0 0.0 0.0 0.0 0.0 0.0 0.0 0.0 0.0 0.0 0.0 0.0 
2646 2.615 0.0001314666131213119 0.0 0.0 0.0001314666131213119 0.0 0.0 0.0 0.0 0.0 0.0 0.0 0.0 0.0 0.0 0.0 0.0 0.0 0.0 0.0 0.0 0.0 
2647 2.616 0.00013158364844059137 0.0 0.0 0.00013158364844059137 0.0 0.0 0.0 0.0 0.0 0.0 0.0 0.0 0.0 0.0 0.0 0.0 0.0 0.0 0.0 0.0 0.0 
2648 2.617 0.0001317007531788951 0.0 0.0 0.0001317007531788951 0.0 0.0 0.0 0.0 0.0 0.0 0.0 0.0 0.0 0.0 0.0 0.0 0.0 0.0 0.0 0.0 0.0 
2649 2.618 0.0001318179273201466 0.0 0.0 0.0001318179273201466 0.0 0.0 0.0 0.0 0.0 0.0 0.0 0.0 0.0 0.0 0.0 0.0 0.0 0.0 0.0 0.0 0.0 
2650 2.619 0.00013193517084814625 0.0 0.0 0.00013193517084814625 0.0 0.0 0.0 0.0 0.0 0.0 0.0 0.0 0.0 0.0 0.0 0.0 0.0 0.0 0.0 0.0 0.0 
2651 2.62 0.00013205248374657127 0.0 0.0 0.00013205248374657127 0.0 0.0 0.0 0.0 0.0 0.0 0.0 0.0 0.0 0.0 0.0 0.0 0.0 0.0 0.0 0.0 0.0 
2652 2.621 0.00013216986599897543 0.0 0.0 0.00013216986599897543 0.0 0.0 0.0 0.0 0.0 0.0 0.0 0.0 0.0 0.0 0.0 0.0 0.0 0.0 0.0 0.0 0.0 
2653 2.622 0.0001322873175887889 0.0 0.0 0.0001322873175887889 0.0 0.0 0.0 0.0 0.0 0.0 0.0 0.0 0.0 0.0 0.0 0.0 0.0 0.0 0.0 0.0 0.0 
2654 2.623 0.00013240483849931802 0.0 0.0 0.00013240483849931802 0.0 0.0 0.0 0.0 0.0 0.0 0.0 0.0 0.0 0.0 0.0 0.0 0.0 0.0 0.0 0.0 0.0 
2655 2.624 0.00013252242871374518 0.0 0.0 0.00013252242871374518 0.0 0.0 0.0 0.0 0.0 0.0 0.0 0.0 0.0 0.0 0.0 0.0 0.0 0.0 0.0 0.0 0.0 
2656 2.625 0.0001326400882151286 0.0 0.0 0.0001326400882151286 0.0 0.0 0.0 0.0 0.0 0.0 0.0 0.0 0.0 0.0 0.0 0.0 0.0 0.0 0.0 0.0 0.0 
2657 2.626 0.00013275781698640193 0.0 0.0 0.00013275781698640193 0.0 0.0 0.0 0.0 0.0 0.0 0.0 0.0 0.0 0.0 0.0 0.0 0.0 0.0 0.0 0.0 0.0 
2658 2.627 0.00013287561501037451 0.0 0.0 0.00013287561501037451 0.0 0.0 0.0 0.0 0.0 0.0 0.0 0.0 0.0 0.0 0.0 0.0 0.0 0.0 0.0 0.0 0.0 
2659 2.628 0.00013299348226973072 0.0 0.0 0.00013299348226973072 0.0 0.0 0.0 0.0 0.0 0.0 0.0 0.0 0.0 0.0 0.0 0.0 0.0 0.0 0.0 0.0 0.0 
2660 2.629 0.0001331114187470301 0.0 0.0 0.0001331114187470301 0.0 0.0 0.0 0.0 0.0 0.0 0.0 0.0 0.0 0.0 0.0 0.0 0.0 0.0 0.0 0.0 0.0 
2661 2.63 0.00013322942442470692 0.0 0.0 0.00013322942442470692 0.0 0.0 0.0 0.0 0.0 0.0 0.0 0.0 0.0 0.0 0.0 0.0 0.0 0.0 0.0 0.0 0.0 
2662 2.631 0.00013334749928507018 0.0 0.0 0.00013334749928507018 0.0 0.0 0.0 0.0 0.0 0.0 0.0 0.0 0.0 0.0 0.0 0.0 0.0 0.0 0.0 0.0 0.0 
2663 2.632 0.00013346564331030334 0.0 0.0 0.00013346564331030334 0.0 0.0 0.0 0.0 0.0 0.0 0.0 0.0 0.0 0.0 0.0 0.0 0.0 0.0 0.0 0.0 0.0 
2664 2.633 0.00013358385648246408 0.0 0.0 0.00013358385648246408 0.0 0.0 0.0 0.0 0.0 0.0 0.0 0.0 0.0 0.0 0.0 0.0 0.0 0.0 0.0 0.0 0.0 
2665 2.634 0.00013370213878348408 0.0 0.0 0.00013370213878348408 0.0 0.0 0.0 0.0 0.0 0.0 0.0 0.0 0.0 0.0 0.0 0.0 0.0 0.0 0.0 0.0 0.0 
2666 2.634 0.00013382049019516914 0.0 0.0 0.00013382049019516914 0.0 0.0 0.0 0.0 0.0 0.0 0.0 0.0 0.0 0.0 0.0 0.0 0.0 0.0 0.0 0.0 0.0 
2667 2.635 0.00013393891069919846 0.0 0.0 0.00013393891069919846 0.0 0.0 0.0 0.0 0.0 0.0 0.0 0.0 0.0 0.0 0.0 0.0 0.0 0.0 0.0 0.0 0.0 
2668 2.636 0.00013405740027712488 0.0 0.0 0.00013405740027712488 0.0 0.0 0.0 0.0 0.0 0.0 0.0 0.0 0.0 0.0 0.0 0.0 0.0 0.0 0.0 0.0 0.0 
2669 2.637 0.00013417595891037458 0.0 0.0 0.00013417595891037458 0.0 0.0 0.0 0.0 0.0 0.0 0.0 0.0 0.0 0.0 0.0 0.0 0.0 0.0 0.0 0.0 0.0 
2670 2.638 0.0001342945865802467 0.0 0.0 0.0001342945865802467 0.0 0.0 0.0 0.0 0.0 0.0 0.0 0.0 0.0 0.0 0.0 0.0 0.0 0.0 0.0 0.0 0.0 
2671 2.639 0.0001344132832679133 0.0 0.0 0.0001344132832679133 0.0 0.0 0.0 0.0 0.0 0.0 0.0 0.0 0.0 0.0 0.0 0.0 0.0 0.0 0.0 0.0 0.0 
2672 2.64 0.00013453204895441927 0.0 0.0 0.00013453204895441927 0.0 0.0 0.0 0.0 0.0 0.0 0.0 0.0 0.0 0.0 0.0 0.0 0.0 0.0 0.0 0.0 0.0 
2673 2.641 0.00013465088362068193 0.0 0.0 0.00013465088362068193 0.0 0.0 0.0 0.0 0.0 0.0 0.0 0.0 0.0 0.0 0.0 0.0 0.0 0.0 0.0 0.0 0.0 
2674 2.642 0.00013476978724749093 0.0 0.0 0.00013476978724749093 0.0 0.0 0.0 0.0 0.0 0.0 0.0 0.0 0.0 0.0 0.0 0.0 0.0 0.0 0.0 0.0 0.0 
2675 2.643 0.00013488875981550806 0.0 0.0 0.00013488875981550806 0.0 0.0 0.0 0.0 0.0 0.0 0.0 0.0 0.0 0.0 0.0 0.0 0.0 0.0 0.0 0.0 0.0 
2676 2.644 0.000135007801305267 0.0 0.0 0.000135007801305267 0.0 0.0 0.0 0.0 0.0 0.0 0.0 0.0 0.0 0.0 0.0 0.0 0.0 0.0 0.0 0.0 0.0 
2677 2.645 0.00013512691169717327 0.0 0.0 0.00013512691169717327 0.0 0.0 0.0 0.0 0.0 0.0 0.0 0.0 0.0 0.0 0.0 0.0 0.0 0.0 0.0 0.0 0.0 
2678 2.646 0.0001352460909715038 0.0 0.0 0.0001352460909715038 0.0 0.0 0.0 0.0 0.0 0.0 0.0 0.0 0.0 0.0 0.0 0.0 0.0 0.0 0.0 0.0 0.0 
2679 2.647 0.00013536533910840697 0.0 0.0 0.00013536533910840697 0.0 0.0 0.0 0.0 0.0 0.0 0.0 0.0 0.0 0.0 0.0 0.0 0.0 0.0 0.0 0.0 0.0 
2680 2.648 0.00013548465608790217 0.0 0.0 0.00013548465608790217 0.0 0.0 0.0 0.0 0.0 0.0 0.0 0.0 0.0 0.0 0.0 0.0 0.0 0.0 0.0 0.0 0.0 
2681 2.649 0.00013560404188988004 0.0 0.0 0.00013560404188988004 0.0 0.0 0.0 0.0 0.0 0.0 0.0 0.0 0.0 0.0 0.0 0.0 0.0 0.0 0.0 0.0 0.0 
2682 2.65 0.00013572349649410158 0.0 0.0 0.00013572349649410158 0.0 0.0 0.0 0.0 0.0 0.0 0.0 0.0 0.0 0.0 0.0 0.0 0.0 0.0 0.0 0.0 0.0 
2683 2.651 0.00013584301988019872 0.0 0.0 0.00013584301988019872 0.0 0.0 0.0 0.0 0.0 0.0 0.0 0.0 0.0 0.0 0.0 0.0 0.0 0.0 0.0 0.0 0.0 
2684 2.652 0.00013596261202767352 0.0 0.0 0.00013596261202767352 0.0 0.0 0.0 0.0 0.0 0.0 0.0 0.0 0.0 0.0 0.0 0.0 0.0 0.0 0.0 0.0 0.0 
2685 2.653 0.00013608227291589828 0.0 0.0 0.00013608227291589828 0.0 0.0 0.0 0.0 0.0 0.0 0.0 0.0 0.0 0.0 0.0 0.0 0.0 0.0 0.0 0.0 0.0 
2686 2.654 0.00013620200252411537 0.0 0.0 0.00013620200252411537 0.0 0.0 0.0 0.0 0.0 0.0 0.0 0.0 0.0 0.0 0.0 0.0 0.0 0.0 0.0 0.0 0.0 
2687 2.655 0.00013632180083143685 0.0 0.0 0.00013632180083143685 0.0 0.0 0.0 0.0 0.0 0.0 0.0 0.0 0.0 0.0 0.0 0.0 0.0 0.0 0.0 0.0 0.0 
2688 2.656 0.00013644166781684425 0.0 0.0 0.00013644166781684425 0.0 0.0 0.0 0.0 0.0 0.0 0.0 0.0 0.0 0.0 0.0 0.0 0.0 0.0 0.0 0.0 0.0 
2689 2.657 0.00013656160345918878 0.0 0.0 0.00013656160345918878 0.0 0.0 0.0 0.0 0.0 0.0 0.0 0.0 0.0 0.0 0.0 0.0 0.0 0.0 0.0 0.0 0.0 
2690 2.658 0.00013668160773719064 0.0 0.0 0.00013668160773719064 0.0 0.0 0.0 0.0 0.0 0.0 0.0 0.0 0.0 0.0 0.0 0.0 0.0 0.0 0.0 0.0 0.0 
2691 2.659 0.00013680168062943905 0.0 0.0 0.00013680168062943905 0.0 0.0 0.0 0.0 0.0 0.0 0.0 0.0 0.0 0.0 0.0 0.0 0.0 0.0 0.0 0.0 0.0 
2692 2.66 0.00013692182211439208 0.0 0.0 0.00013692182211439208 0.0 0.0 0.0 0.0 0.0 0.0 0.0 0.0 0.0 0.0 0.0 0.0 0.0 0.0 0.0 0.0 0.0 
2693 2.661 0.00013704203217037634 0.0 0.0 0.00013704203217037634 0.0 0.0 0.0 0.0 0.0 0.0 0.0 0.0 0.0 0.0 0.0 0.0 0.0 0.0 0.0 0.0 0.0 
2694 2.662 0.00013716231077558693 0.0 0.0 0.00013716231077558693 0.0 0.0 0.0 0.0 0.0 0.0 0.0 0.0 0.0 0.0 0.0 0.0 0.0 0.0 0.0 0.0 0.0 
2695 2.663 0.00013728265790808716 0.0 0.0 0.00013728265790808716 0.0 0.0 0.0 0.0 0.0 0.0 0.0 0.0 0.0 0.0 0.0 0.0 0.0 0.0 0.0 0.0 0.0 
2696 2.664 0.0001374030735458082 0.0 0.0 0.0001374030735458082 0.0 0.0 0.0 0.0 0.0 0.0 0.0 0.0 0.0 0.0 0.0 0.0 0.0 0.0 0.0 0.0 0.0 
2697 2.665 0.00013752355766654924 0.0 0.0 0.00013752355766654924 0.0 0.0 0.0 0.0 0.0 0.0 0.0 0.0 0.0 0.0 0.0 0.0 0.0 0.0 0.0 0.0 0.0 
2698 2.666 0.000137644110247977 0.0 0.0 0.000137644110247977 0.0 0.0 0.0 0.0 0.0 0.0 0.0 0.0 0.0 0.0 0.0 0.0 0.0 0.0 0.0 0.0 0.0 
2699 2.667 0.0001377647312676256 0.0 0.0 0.0001377647312676256 0.0 0.0 0.0 0.0 0.0 0.0 0.0 0.0 0.0 0.0 0.0 0.0 0.0 0.0 0.0 0.0 0.0 
2700 2.668 0.00013788542070289646 0.0 0.0 0.00013788542070289646 0.0 0.0 0.0 0.0 0.0 0.0 0.0 0.0 0.0 0.0 0.0 0.0 0.0 0.0 0.0 0.0 0.0 
2701 2.669 0.00013800617853105792 0.0 0.0 0.00013800617853105792 0.0 0.0 0.0 0.0 0.0 0.0 0.0 0.0 0.0 0.0 0.0 0.0 0.0 0.0 0.0 0.0 0.0 
2702 2.67 0.0001381270047292453 0.0 0.0 0.0001381270047292453 0.0 0.0 0.0 0.0 0.0 0.0 0.0 0.0 0.0 0.0 0.0 0.0 0.0 0.0 0.0 0.0 0.0 
2703 2.671 0.00013824789927446046 0.0 0.0 0.00013824789927446046 0.0 0.0 0.0 0.0 0.0 0.0 0.0 0.0 0.0 0.0 0.0 0.0 0.0 0.0 0.0 0.0 0.0 
2704 2.672 0.00013836886214357164 0.0 0.0 0.00013836886214357164 0.0 0.0 0.0 0.0 0.0 0.0 0.0 0.0 0.0 0.0 0.0 0.0 0.0 0.0 0.0 0.0 0.0 
2705 2.673 0.0001384898933133135 0.0 0.0 0.0001384898933133135 0.0 0.0 0.0 0.0 0.0 0.0 0.0 0.0 0.0 0.0 0.0 0.0 0.0 0.0 0.0 0.0 0.0 
2706 2.674 0.0001386109927602866 0.0 0.0 0.0001386109927602866 0.0 0.0 0.0 0.0 0.0 0.0 0.0 0.0 0.0 0.0 0.0 0.0 0.0 0.0 0.0 0.0 0.0 
2707 2.675 0.00013873216046095743 0.0 0.0 0.00013873216046095743 0.0 0.0 0.0 0.0 0.0 0.0 0.0 0.0 0.0 0.0 0.0 0.0 0.0 0.0 0.0 0.0 0.0 
2708 2.676 0.00013885339639165803 0.0 0.0 0.00013885339639165803 0.0 0.0 0.0 0.0 0.0 0.0 0.0 0.0 0.0 0.0 0.0 0.0 0.0 0.0 0.0 0.0 0.0 
2709 2.677 0.00013897470052858592 0.0 0.0 0.00013897470052858592 0.0 0.0 0.0 0.0 0.0 0.0 0.0 0.0 0.0 0.0 0.0 0.0 0.0 0.0 0.0 0.0 0.0 
2710 2.678 0.00013909607284780397 0.0 0.0 0.00013909607284780397 0.0 0.0 0.0 0.0 0.0 0.0 0.0 0.0 0.0 0.0 0.0 0.0 0.0 0.0 0.0 0.0 0.0 
2711 2.679 0.00013921751332524005 0.0 0.0 0.00013921751332524005 0.0 0.0 0.0 0.0 0.0 0.0 0.0 0.0 0.0 0.0 0.0 0.0 0.0 0.0 0.0 0.0 0.0 
2712 2.68 0.0001393390219366868 0.0 0.0 0.0001393390219366868 0.0 0.0 0.0 0.0 0.0 0.0 0.0 0.0 0.0 0.0 0.0 0.0 0.0 0.0 0.0 0.0 0.0 
2713 2.681 0.0001394605986578016 0.0 0.0 0.0001394605986578016 0.0 0.0 0.0 0.0 0.0 0.0 0.0 0.0 0.0 0.0 0.0 0.0 0.0 0.0 0.0 0.0 0.0 
2714 2.682 0.00013958224346410632 0.0 0.0 0.00013958224346410632 0.0 0.0 0.0 0.0 0.0 0.0 0.0 0.0 0.0 0.0 0.0 0.0 0.0 0.0 0.0 0.0 0.0 
2715 2.683 0.00013970395633098706 0.0 0.0 0.00013970395633098706 0.0 0.0 0.0 0.0 0.0 0.0 0.0 0.0 0.0 0.0 0.0 0.0 0.0 0.0 0.0 0.0 0.0 
2716 2.684 0.0001398257372336939 0.0 0.0 0.0001398257372336939 0.0 0.0 0.0 0.0 0.0 0.0 0.0 0.0 0.0 0.0 0.0 0.0 0.0 0.0 0.0 0.0 0.0 
2717 2.685 0.00013994758614734094 0.0 0.0 0.00013994758614734094 0.0 0.0 0.0 0.0 0.0 0.0 0.0 0.0 0.0 0.0 0.0 0.0 0.0 0.0 0.0 0.0 0.0 
2718 2.686 0.0001400695030469058 0.0 0.0 0.0001400695030469058 0.0 0.0 0.0 0.0 0.0 0.0 0.0 0.0 0.0 0.0 0.0 0.0 0.0 0.0 0.0 0.0 0.0 
2719 2.687 0.00014019148790722974 0.0 0.0 0.00014019148790722974 0.0 0.0 0.0 0.0 0.0 0.0 0.0 0.0 0.0 0.0 0.0 0.0 0.0 0.0 0.0 0.0 0.0 
2720 2.688 0.00014031354070301704 0.0 0.0 0.00014031354070301704 0.0 0.0 0.0 0.0 0.0 0.0 0.0 0.0 0.0 0.0 0.0 0.0 0.0 0.0 0.0 0.0 0.0 
2721 2.689 0.0001404356614088353 0.0 0.0 0.0001404356614088353 0.0 0.0 0.0 0.0 0.0 0.0 0.0 0.0 0.0 0.0 0.0 0.0 0.0 0.0 0.0 0.0 0.0 
2722 2.69 0.00014055784999911485 0.0 0.0 0.00014055784999911485 0.0 0.0 0.0 0.0 0.0 0.0 0.0 0.0 0.0 0.0 0.0 0.0 0.0 0.0 0.0 0.0 0.0 
2723 2.691 0.00014068010644814879 0.0 0.0 0.00014068010644814879 0.0 0.0 0.0 0.0 0.0 0.0 0.0 0.0 0.0 0.0 0.0 0.0 0.0 0.0 0.0 0.0 0.0 
2724 2.692 0.0001408024307300925 0.0 0.0 0.0001408024307300925 0.0 0.0 0.0 0.0 0.0 0.0 0.0 0.0 0.0 0.0 0.0 0.0 0.0 0.0 0.0 0.0 0.0 
2725 2.693 0.00014092482281896388 0.0 0.0 0.00014092482281896388 0.0 0.0 0.0 0.0 0.0 0.0 0.0 0.0 0.0 0.0 0.0 0.0 0.0 0.0 0.0 0.0 0.0 
2726 2.694 0.00014104728268864272 0.0 0.0 0.00014104728268864272 0.0 0.0 0.0 0.0 0.0 0.0 0.0 0.0 0.0 0.0 0.0 0.0 0.0 0.0 0.0 0.0 0.0 
2727 2.695 0.00014116981031287086 0.0 0.0 0.00014116981031287086 0.0 0.0 0.0 0.0 0.0 0.0 0.0 0.0 0.0 0.0 0.0 0.0 0.0 0.0 0.0 0.0 0.0 
2728 2.696 0.0001412924056652516 0.0 0.0 0.0001412924056652516 0.0 0.0 0.0 0.0 0.0 0.0 0.0 0.0 0.0 0.0 0.0 0.0 0.0 0.0 0.0 0.0 0.0 
2729 2.697 0.00014141506871924992 0.0 0.0 0.00014141506871924992 0.0 0.0 0.0 0.0 0.0 0.0 0.0 0.0 0.0 0.0 0.0 0.0 0.0 0.0 0.0 0.0 0.0 
2730 2.698 0.00014153779944819193 0.0 0.0 0.00014153779944819193 0.0 0.0 0.0 0.0 0.0 0.0 0.0 0.0 0.0 0.0 0.0 0.0 0.0 0.0 0.0 0.0 0.0 
2731 2.699 0.0001416605978252649 0.0 0.0 0.0001416605978252649 0.0 0.0 0.0 0.0 0.0 0.0 0.0 0.0 0.0 0.0 0.0 0.0 0.0 0.0 0.0 0.0 0.0 
2732 2.7 0.000141783463823517 0.0 0.0 0.000141783463823517 0.0 0.0 0.0 0.0 0.0 0.0 0.0 0.0 0.0 0.0 0.0 0.0 0.0 0.0 0.0 0.0 0.0 
2733 2.701 0.00014190639741585697 0.0 0.0 0.00014190639741585697 0.0 0.0 0.0 0.0 0.0 0.0 0.0 0.0 0.0 0.0 0.0 0.0 0.0 0.0 0.0 0.0 0.0 
2734 2.702 0.0001420293985750541 0.0 0.0 0.0001420293985750541 0.0 0.0 0.0 0.0 0.0 0.0 0.0 0.0 0.0 0.0 0.0 0.0 0.0 0.0 0.0 0.0 0.0 
2735 2.703 0.000142152467273738 0.0 0.0 0.000142152467273738 0.0 0.0 0.0 0.0 0.0 0.0 0.0 0.0 0.0 0.0 0.0 0.0 0.0 0.0 0.0 0.0 0.0 
2736 2.704 0.00014227560348439833 0.0 0.0 0.00014227560348439833 0.0 0.0 0.0 0.0 0.0 0.0 0.0 0.0 0.0 0.0 0.0 0.0 0.0 0.0 0.0 0.0 0.0 
2737 2.705 0.00014239880717938457 0.0 0.0 0.00014239880717938457 0.0 0.0 0.0 0.0 0.0 0.0 0.0 0.0 0.0 0.0 0.0 0.0 0.0 0.0 0.0 0.0 0.0 
2738 2.706 0.0001425220783309059 0.0 0.0 0.0001425220783309059 0.0 0.0 0.0 0.0 0.0 0.0 0.0 0.0 0.0 0.0 0.0 0.0 0.0 0.0 0.0 0.0 0.0 
2739 2.707 0.00014264541691103104 0.0 0.0 0.00014264541691103104 0.0 0.0 0.0 0.0 0.0 0.0 0.0 0.0 0.0 0.0 0.0 0.0 0.0 0.0 0.0 0.0 0.0 
2740 2.708 0.000142768822891688 0.0 0.0 0.000142768822891688 0.0 0.0 0.0 0.0 0.0 0.0 0.0 0.0 0.0 0.0 0.0 0.0 0.0 0.0 0.0 0.0 0.0 
2741 2.709 0.0001428922962446637 0.0 0.0 0.0001428922962446637 0.0 0.0 0.0 0.0 0.0 0.0 0.0 0.0 0.0 0.0 0.0 0.0 0.0 0.0 0.0 0.0 0.0 
2742 2.71 0.00014301583694160418 0.0 0.0 0.00014301583694160418 0.0 0.0 0.0 0.0 0.0 0.0 0.0 0.0 0.0 0.0 0.0 0.0 0.0 0.0 0.0 0.0 0.0 
2743 2.711 0.00014313944495401395 0.0 0.0 0.00014313944495401395 0.0 0.0 0.0 0.0 0.0 0.0 0.0 0.0 0.0 0.0 0.0 0.0 0.0 0.0 0.0 0.0 0.0 
2744 2.712 0.00014326312025325614 0.0 0.0 0.00014326312025325614 0.0 0.0 0.0 0.0 0.0 0.0 0.0 0.0 0.0 0.0 0.0 0.0 0.0 0.0 0.0 0.0 0.0 
2745 2.713 0.00014338686281055208 0.0 0.0 0.00014338686281055208 0.0 0.0 0.0 0.0 0.0 0.0 0.0 0.0 0.0 0.0 0.0 0.0 0.0 0.0 0.0 0.0 0.0 
2746 2.714 0.00014351067259698122 0.0 0.0 0.00014351067259698122 0.0 0.0 0.0 0.0 0.0 0.0 0.0 0.0 0.0 0.0 0.0 0.0 0.0 0.0 0.0 0.0 0.0 
2747 2.715 0.00014363454958348076 0.0 0.0 0.00014363454958348076 0.0 0.0 0.0 0.0 0.0 0.0 0.0 0.0 0.0 0.0 0.0 0.0 0.0 0.0 0.0 0.0 0.0 
2748 2.716 0.00014375849374084583 0.0 0.0 0.00014375849374084583 0.0 0.0 0.0 0.0 0.0 0.0 0.0 0.0 0.0 0.0 0.0 0.0 0.0 0.0 0.0 0.0 0.0 
2749 2.717 0.0001438825050397288 0.0 0.0 0.0001438825050397288 0.0 0.0 0.0 0.0 0.0 0.0 0.0 0.0 0.0 0.0 0.0 0.0 0.0 0.0 0.0 0.0 0.0 
2750 2.718 0.00014400658345063935 0.0 0.0 0.00014400658345063935 0.0 0.0 0.0 0.0 0.0 0.0 0.0 0.0 0.0 0.0 0.0 0.0 0.0 0.0 0.0 0.0 0.0 
2751 2.718 0.00014413072894394442 0.0 0.0 0.00014413072894394442 0.0 0.0 0.0 0.0 0.0 0.0 0.0 0.0 0.0 0.0 0.0 0.0 0.0 0.0 0.0 0.0 0.0 
2752 2.719 0.00014425494148986748 0.0 0.0 0.00014425494148986748 0.0 0.0 0.0 0.0 0.0 0.0 0.0 0.0 0.0 0.0 0.0 0.0 0.0 0.0 0.0 0.0 0.0 
2753 2.72 0.00014437922105848904 0.0 0.0 0.00014437922105848904 0.0 0.0 0.0 0.0 0.0 0.0 0.0 0.0 0.0 0.0 0.0 0.0 0.0 0.0 0.0 0.0 0.0 
2754 2.721 0.00014450356761974587 0.0 0.0 0.00014450356761974587 0.0 0.0 0.0 0.0 0.0 0.0 0.0 0.0 0.0 0.0 0.0 0.0 0.0 0.0 0.0 0.0 0.0 
2755 2.722 0.00014462798114343094 0.0 0.0 0.00014462798114343094 0.0 0.0 0.0 0.0 0.0 0.0 0.0 0.0 0.0 0.0 0.0 0.0 0.0 0.0 0.0 0.0 0.0 
2756 2.723 0.00014475246159919347 0.0 0.0 0.00014475246159919347 0.0 0.0 0.0 0.0 0.0 0.0 0.0 0.0 0.0 0.0 0.0 0.0 0.0 0.0 0.0 0.0 0.0 
2757 2.724 0.00014487700895653846 0.0 0.0 0.00014487700895653846 0.0 0.0 0.0 0.0 0.0 0.0 0.0 0.0 0.0 0.0 0.0 0.0 0.0 0.0 0.0 0.0 0.0 
2758 2.725 0.0001450016231848266 0.0 0.0 0.0001450016231848266 0.0 0.0 0.0 0.0 0.0 0.0 0.0 0.0 0.0 0.0 0.0 0.0 0.0 0.0 0.0 0.0 0.0 
2759 2.726 0.00014512630425327395 0.0 0.0 0.00014512630425327395 0.0 0.0 0.0 0.0 0.0 0.0 0.0 0.0 0.0 0.0 0.0 0.0 0.0 0.0 0.0 0.0 0.0 
2760 2.727 0.00014525105213095198 0.0 0.0 0.00014525105213095198 0.0 0.0 0.0 0.0 0.0 0.0 0.0 0.0 0.0 0.0 0.0 0.0 0.0 0.0 0.0 0.0 0.0 
2761 2.728 0.00014537586678678704 0.0 0.0 0.00014537586678678704 0.0 0.0 0.0 0.0 0.0 0.0 0.0 0.0 0.0 0.0 0.0 0.0 0.0 0.0 0.0 0.0 0.0 
2762 2.729 0.0001455007481895605 0.0 0.0 0.0001455007481895605 0.0 0.0 0.0 0.0 0.0 0.0 0.0 0.0 0.0 0.0 0.0 0.0 0.0 0.0 0.0 0.0 0.0 
2763 2.73 0.00014562569630790833 0.0 0.0 0.00014562569630790833 0.0 0.0 0.0 0.0 0.0 0.0 0.0 0.0 0.0 0.0 0.0 0.0 0.0 0.0 0.0 0.0 0.0 
2764 2.731 0.0001457507111103209 0.0 0.0 0.0001457507111103209 0.0 0.0 0.0 0.0 0.0 0.0 0.0 0.0 0.0 0.0 0.0 0.0 0.0 0.0 0.0 0.0 0.0 
2765 2.732 0.0001458757925651429 0.0 0.0 0.0001458757925651429 0.0 0.0 0.0 0.0 0.0 0.0 0.0 0.0 0.0 0.0 0.0 0.0 0.0 0.0 0.0 0.0 0.0 
2766 2.733 0.00014600094064057305 0.0 0.0 0.00014600094064057305 0.0 0.0 0.0 0.0 0.0 0.0 0.0 0.0 0.0 0.0 0.0 0.0 0.0 0.0 0.0 0.0 0.0 
2767 2.734 0.00014612615530466383 0.0 0.0 0.00014612615530466383 0.0 0.0 0.0 0.0 0.0 0.0 0.0 0.0 0.0 0.0 0.0 0.0 0.0 0.0 0.0 0.0 0.0 
2768 2.735 0.00014625143652532155 0.0 0.0 0.00014625143652532155 0.0 0.0 0.0 0.0 0.0 0.0 0.0 0.0 0.0 0.0 0.0 0.0 0.0 0.0 0.0 0.0 0.0 
2769 2.736 0.00014637678427030583 0.0 0.0 0.00014637678427030583 0.0 0.0 0.0 0.0 0.0 0.0 0.0 0.0 0.0 0.0 0.0 0.0 0.0 0.0 0.0 0.0 0.0 
2770 2.737 0.0001465021985072295 0.0 0.0 0.0001465021985072295 0.0 0.0 0.0 0.0 0.0 0.0 0.0 0.0 0.0 0.0 0.0 0.0 0.0 0.0 0.0 0.0 0.0 
2771 2.738 0.00014662767920355855 0.0 0.0 0.00014662767920355855 0.0 0.0 0.0 0.0 0.0 0.0 0.0 0.0 0.0 0.0 0.0 0.0 0.0 0.0 0.0 0.0 0.0 
2772 2.739 0.00014675322632661176 0.0 0.0 0.00014675322632661176 0.0 0.0 0.0 0.0 0.0 0.0 0.0 0.0 0.0 0.0 0.0 0.0 0.0 0.0 0.0 0.0 0.0 
2773 2.74 0.00014687883984356047 0.0 0.0 0.00014687883984356047 0.0 0.0 0.0 0.0 0.0 0.0 0.0 0.0 0.0 0.0 0.0 0.0 0.0 0.0 0.0 0.0 0.0 
2774 2.741 0.00014700451972142852 0.0 0.0 0.00014700451972142852 0.0 0.0 0.0 0.0 0.0 0.0 0.0 0.0 0.0 0.0 0.0 0.0 0.0 0.0 0.0 0.0 0.0 
2775 2.742 0.00014713026592709204 0.0 0.0 0.00014713026592709204 0.0 0.0 0.0 0.0 0.0 0.0 0.0 0.0 0.0 0.0 0.0 0.0 0.0 0.0 0.0 0.0 0.0 
2776 2.743 0.00014725607842727898 0.0 0.0 0.00014725607842727898 0.0 0.0 0.0 0.0 0.0 0.0 0.0 0.0 0.0 0.0 0.0 0.0 0.0 0.0 0.0 0.0 0.0 
2777 2.744 0.0001473819571885694 0.0 0.0 0.0001473819571885694 0.0 0.0 0.0 0.0 0.0 0.0 0.0 0.0 0.0 0.0 0.0 0.0 0.0 0.0 0.0 0.0 0.0 
2778 2.745 0.00014750790217739473 0.0 0.0 0.00014750790217739473 0.0 0.0 0.0 0.0 0.0 0.0 0.0 0.0 0.0 0.0 0.0 0.0 0.0 0.0 0.0 0.0 0.0 
2779 2.746 0.000147633913360038 0.0 0.0 0.000147633913360038 0.0 0.0 0.0 0.0 0.0 0.0 0.0 0.0 0.0 0.0 0.0 0.0 0.0 0.0 0.0 0.0 0.0 
2780 2.747 0.00014775999070263329 0.0 0.0 0.00014775999070263329 0.0 0.0 0.0 0.0 0.0 0.0 0.0 0.0 0.0 0.0 0.0 0.0 0.0 0.0 0.0 0.0 0.0 
2781 2.748 0.00014788613417116578 0.0 0.0 0.00014788613417116578 0.0 0.0 0.0 0.0 0.0 0.0 0.0 0.0 0.0 0.0 0.0 0.0 0.0 0.0 0.0 0.0 0.0 
2782 2.749 0.00014801234373147158 0.0 0.0 0.00014801234373147158 0.0 0.0 0.0 0.0 0.0 0.0 0.0 0.0 0.0 0.0 0.0 0.0 0.0 0.0 0.0 0.0 0.0 
2783 2.75 0.00014813861934923715 0.0 0.0 0.00014813861934923715 0.0 0.0 0.0 0.0 0.0 0.0 0.0 0.0 0.0 0.0 0.0 0.0 0.0 0.0 0.0 0.0 0.0 
2784 2.751 0.0001482649609899996 0.0 0.0 0.0001482649609899996 0.0 0.0 0.0 0.0 0.0 0.0 0.0 0.0 0.0 0.0 0.0 0.0 0.0 0.0 0.0 0.0 0.0 
2785 2.752 0.00014839136861914605 0.0 0.0 0.00014839136861914605 0.0 0.0 0.0 0.0 0.0 0.0 0.0 0.0 0.0 0.0 0.0 0.0 0.0 0.0 0.0 0.0 0.0 
2786 2.753 0.00014851784220191373 0.0 0.0 0.00014851784220191373 0.0 0.0 0.0 0.0 0.0 0.0 0.0 0.0 0.0 0.0 0.0 0.0 0.0 0.0 0.0 0.0 0.0 
2787 2.754 0.00014864438170338968 0.0 0.0 0.00014864438170338968 0.0 0.0 0.0 0.0 0.0 0.0 0.0 0.0 0.0 0.0 0.0 0.0 0.0 0.0 0.0 0.0 0.0 
2788 2.755 0.0001487709870885104 0.0 0.0 0.0001487709870885104 0.0 0.0 0.0 0.0 0.0 0.0 0.0 0.0 0.0 0.0 0.0 0.0 0.0 0.0 0.0 0.0 0.0 
2789 2.756 0.00014889765832206192 0.0 0.0 0.00014889765832206192 0.0 0.0 0.0 0.0 0.0 0.0 0.0 0.0 0.0 0.0 0.0 0.0 0.0 0.0 0.0 0.0 0.0 
2790 2.757 0.00014902439536867946 0.0 0.0 0.00014902439536867946 0.0 0.0 0.0 0.0 0.0 0.0 0.0 0.0 0.0 0.0 0.0 0.0 0.0 0.0 0.0 0.0 0.0 
2791 2.758 0.00014915119819284707 0.0 0.0 0.00014915119819284707 0.0 0.0 0.0 0.0 0.0 0.0 0.0 0.0 0.0 0.0 0.0 0.0 0.0 0.0 0.0 0.0 0.0 
2792 2.759 0.00014927806675889768 0.0 0.0 0.00014927806675889768 0.0 0.0 0.0 0.0 0.0 0.0 0.0 0.0 0.0 0.0 0.0 0.0 0.0 0.0 0.0 0.0 0.0 
2793 2.76 0.00014940500103101286 0.0 0.0 0.00014940500103101286 0.0 0.0 0.0 0.0 0.0 0.0 0.0 0.0 0.0 0.0 0.0 0.0 0.0 0.0 0.0 0.0 0.0 
2794 2.761 0.0001495320009732225 0.0 0.0 0.0001495320009732225 0.0 0.0 0.0 0.0 0.0 0.0 0.0 0.0 0.0 0.0 0.0 0.0 0.0 0.0 0.0 0.0 0.0 
2795 2.762 0.0001496590665494045 0.0 0.0 0.0001496590665494045 0.0 0.0 0.0 0.0 0.0 0.0 0.0 0.0 0.0 0.0 0.0 0.0 0.0 0.0 0.0 0.0 0.0 
2796 2.763 0.000149786197723285 0.0 0.0 0.000149786197723285 0.0 0.0 0.0 0.0 0.0 0.0 0.0 0.0 0.0 0.0 0.0 0.0 0.0 0.0 0.0 0.0 0.0 
2797 2.764 0.00014991339445843767 0.0 0.0 0.00014991339445843767 0.0 0.0 0.0 0.0 0.0 0.0 0.0 0.0 0.0 0.0 0.0 0.0 0.0 0.0 0.0 0.0 0.0 
2798 2.765 0.00015004065671828394 0.0 0.0 0.00015004065671828394 0.0 0.0 0.0 0.0 0.0 0.0 0.0 0.0 0.0 0.0 0.0 0.0 0.0 0.0 0.0 0.0 0.0 
2799 2.766 0.0001501679844660924 0.0 0.0 0.0001501679844660924 0.0 0.0 0.0 0.0 0.0 0.0 0.0 0.0 0.0 0.0 0.0 0.0 0.0 0.0 0.0 0.0 0.0 
2800 2.767 0.00015029537766497896 0.0 0.0 0.00015029537766497896 0.0 0.0 0.0 0.0 0.0 0.0 0.0 0.0 0.0 0.0 0.0 0.0 0.0 0.0 0.0 0.0 0.0 
2801 2.768 0.0001504228362779063 0.0 0.0 0.0001504228362779063 0.0 0.0 0.0 0.0 0.0 0.0 0.0 0.0 0.0 0.0 0.0 0.0 0.0 0.0 0.0 0.0 0.0 
2802 2.769 0.00015055036026768404 0.0 0.0 0.00015055036026768404 0.0 0.0 0.0 0.0 0.0 0.0 0.0 0.0 0.0 0.0 0.0 0.0 0.0 0.0 0.0 0.0 0.0 
2803 2.77 0.0001506779495969681 0.0 0.0 0.0001506779495969681 0.0 0.0 0.0 0.0 0.0 0.0 0.0 0.0 0.0 0.0 0.0 0.0 0.0 0.0 0.0 0.0 0.0 
2804 2.771 0.00015080560422826104 0.0 0.0 0.00015080560422826104 0.0 0.0 0.0 0.0 0.0 0.0 0.0 0.0 0.0 0.0 0.0 0.0 0.0 0.0 0.0 0.0 0.0 
2805 2.772 0.00015093332412391126 0.0 0.0 0.00015093332412391126 0.0 0.0 0.0 0.0 0.0 0.0 0.0 0.0 0.0 0.0 0.0 0.0 0.0 0.0 0.0 0.0 0.0 
2806 2.773 0.0001510611092461133 0.0 0.0 0.0001510611092461133 0.0 0.0 0.0 0.0 0.0 0.0 0.0 0.0 0.0 0.0 0.0 0.0 0.0 0.0 0.0 0.0 0.0 
2807 2.774 0.00015118895955690723 0.0 0.0 0.00015118895955690723 0.0 0.0 0.0 0.0 0.0 0.0 0.0 0.0 0.0 0.0 0.0 0.0 0.0 0.0 0.0 0.0 0.0 
2808 2.775 0.00015131687501817882 0.0 0.0 0.00015131687501817882 0.0 0.0 0.0 0.0 0.0 0.0 0.0 0.0 0.0 0.0 0.0 0.0 0.0 0.0 0.0 0.0 0.0 
2809 2.776 0.000151444855591659 0.0 0.0 0.000151444855591659 0.0 0.0 0.0 0.0 0.0 0.0 0.0 0.0 0.0 0.0 0.0 0.0 0.0 0.0 0.0 0.0 0.0 
2810 2.777 0.00015157290123892403 0.0 0.0 0.00015157290123892403 0.0 0.0 0.0 0.0 0.0 0.0 0.0 0.0 0.0 0.0 0.0 0.0 0.0 0.0 0.0 0.0 0.0 
2811 2.778 0.00015170101192139477 0.0 0.0 0.00015170101192139477 0.0 0.0 0.0 0.0 0.0 0.0 0.0 0.0 0.0 0.0 0.0 0.0 0.0 0.0 0.0 0.0 0.0 
2812 2.779 0.000151829187600337 0.0 0.0 0.000151829187600337 0.0 0.0 0.0 0.0 0.0 0.0 0.0 0.0 0.0 0.0 0.0 0.0 0.0 0.0 0.0 0.0 0.0 
2813 2.78 0.00015195742823686102 0.0 0.0 0.00015195742823686102 0.0 0.0 0.0 0.0 0.0 0.0 0.0 0.0 0.0 0.0 0.0 0.0 0.0 0.0 0.0 0.0 0.0 
2814 2.781 0.00015208573379192126 0.0 0.0 0.00015208573379192126 0.0 0.0 0.0 0.0 0.0 0.0 0.0 0.0 0.0 0.0 0.0 0.0 0.0 0.0 0.0 0.0 0.0 
2815 2.782 0.00015221410422631637 0.0 0.0 0.00015221410422631637 0.0 0.0 0.0 0.0 0.0 0.0 0.0 0.0 0.0 0.0 0.0 0.0 0.0 0.0 0.0 0.0 0.0 
2816 2.783 0.0001523425395006888 0.0 0.0 0.0001523425395006888 0.0 0.0 0.0 0.0 0.0 0.0 0.0 0.0 0.0 0.0 0.0 0.0 0.0 0.0 0.0 0.0 0.0 
2817 2.784 0.0001524710395755248 0.0 0.0 0.0001524710395755248 0.0 0.0 0.0 0.0 0.0 0.0 0.0 0.0 0.0 0.0 0.0 0.0 0.0 0.0 0.0 0.0 0.0 
2818 2.785 0.0001525996044111539 0.0 0.0 0.0001525996044111539 0.0 0.0 0.0 0.0 0.0 0.0 0.0 0.0 0.0 0.0 0.0 0.0 0.0 0.0 0.0 0.0 0.0 
2819 2.786 0.0001527282339677491 0.0 0.0 0.0001527282339677491 0.0 0.0 0.0 0.0 0.0 0.0 0.0 0.0 0.0 0.0 0.0 0.0 0.0 0.0 0.0 0.0 0.0 
2820 2.787 0.0001528569282053263 0.0 0.0 0.0001528569282053263 0.0 0.0 0.0 0.0 0.0 0.0 0.0 0.0 0.0 0.0 0.0 0.0 0.0 0.0 0.0 0.0 0.0 
2821 2.788 0.0001529856870837445 0.0 0.0 0.0001529856870837445 0.0 0.0 0.0 0.0 0.0 0.0 0.0 0.0 0.0 0.0 0.0 0.0 0.0 0.0 0.0 0.0 0.0 
2822 2.789 0.00015311451056270505 0.0 0.0 0.00015311451056270505 0.0 0.0 0.0 0.0 0.0 0.0 0.0 0.0 0.0 0.0 0.0 0.0 0.0 0.0 0.0 0.0 0.0 
2823 2.79 0.000153243398601752 0.0 0.0 0.000153243398601752 0.0 0.0 0.0 0.0 0.0 0.0 0.0 0.0 0.0 0.0 0.0 0.0 0.0 0.0 0.0 0.0 0.0 
2824 2.791 0.00015337235116027152 0.0 0.0 0.00015337235116027152 0.0 0.0 0.0 0.0 0.0 0.0 0.0 0.0 0.0 0.0 0.0 0.0 0.0 0.0 0.0 0.0 0.0 
2825 2.792 0.0001535013681974919 0.0 0.0 0.0001535013681974919 0.0 0.0 0.0 0.0 0.0 0.0 0.0 0.0 0.0 0.0 0.0 0.0 0.0 0.0 0.0 0.0 0.0 
2826 2.793 0.00015363044967248312 0.0 0.0 0.00015363044967248312 0.0 0.0 0.0 0.0 0.0 0.0 0.0 0.0 0.0 0.0 0.0 0.0 0.0 0.0 0.0 0.0 0.0 
2827 2.794 0.00015375959554415704 0.0 0.0 0.00015375959554415704 0.0 0.0 0.0 0.0 0.0 0.0 0.0 0.0 0.0 0.0 0.0 0.0 0.0 0.0 0.0 0.0 0.0 
2828 2.795 0.00015388880577126671 0.0 0.0 0.00015388880577126671 0.0 0.0 0.0 0.0 0.0 0.0 0.0 0.0 0.0 0.0 0.0 0.0 0.0 0.0 0.0 0.0 0.0 
2829 2.796 0.00015401808031240656 0.0 0.0 0.00015401808031240656 0.0 0.0 0.0 0.0 0.0 0.0 0.0 0.0 0.0 0.0 0.0 0.0 0.0 0.0 0.0 0.0 0.0 
2830 2.797 0.00015414741912601193 0.0 0.0 0.00015414741912601193 0.0 0.0 0.0 0.0 0.0 0.0 0.0 0.0 0.0 0.0 0.0 0.0 0.0 0.0 0.0 0.0 0.0 
2831 2.798 0.00015427682217035912 0.0 0.0 0.00015427682217035912 0.0 0.0 0.0 0.0 0.0 0.0 0.0 0.0 0.0 0.0 0.0 0.0 0.0 0.0 0.0 0.0 0.0 
2832 2.799 0.00015440628940356489 0.0 0.0 0.00015440628940356489 0.0 0.0 0.0 0.0 0.0 0.0 0.0 0.0 0.0 0.0 0.0 0.0 0.0 0.0 0.0 0.0 0.0 
2833 2.8 0.00015453582078358644 0.0 0.0 0.00015453582078358644 0.0 0.0 0.0 0.0 0.0 0.0 0.0 0.0 0.0 0.0 0.0 0.0 0.0 0.0 0.0 0.0 0.0 
2834 2.801 0.0001546654162682213 0.0 0.0 0.0001546654162682213 0.0 0.0 0.0 0.0 0.0 0.0 0.0 0.0 0.0 0.0 0.0 0.0 0.0 0.0 0.0 0.0 0.0 
2835 2.802 0.0001547950758151067 0.0 0.0 0.0001547950758151067 0.0 0.0 0.0 0.0 0.0 0.0 0.0 0.0 0.0 0.0 0.0 0.0 0.0 0.0 0.0 0.0 0.0 
2836 2.802 0.00015492479938172005 0.0 0.0 0.00015492479938172005 0.0 0.0 0.0 0.0 0.0 0.0 0.0 0.0 0.0 0.0 0.0 0.0 0.0 0.0 0.0 0.0 0.0 
2837 2.803 0.00015505458692537805 0.0 0.0 0.00015505458692537805 0.0 0.0 0.0 0.0 0.0 0.0 0.0 0.0 0.0 0.0 0.0 0.0 0.0 0.0 0.0 0.0 0.0 
2838 2.804 0.00015518443840323691 0.0 0.0 0.00015518443840323691 0.0 0.0 0.0 0.0 0.0 0.0 0.0 0.0 0.0 0.0 0.0 0.0 0.0 0.0 0.0 0.0 0.0 
2839 2.805 0.00015531435377229194 0.0 0.0 0.00015531435377229194 0.0 0.0 0.0 0.0 0.0 0.0 0.0 0.0 0.0 0.0 0.0 0.0 0.0 0.0 0.0 0.0 0.0 
2840 2.806 0.00015544433298937744 0.0 0.0 0.00015544433298937744 0.0 0.0 0.0 0.0 0.0 0.0 0.0 0.0 0.0 0.0 0.0 0.0 0.0 0.0 0.0 0.0 0.0 
2841 2.807 0.00015557437601116652 0.0 0.0 0.00015557437601116652 0.0 0.0 0.0 0.0 0.0 0.0 0.0 0.0 0.0 0.0 0.0 0.0 0.0 0.0 0.0 0.0 0.0 
2842 2.808 0.0001557044827941709 0.0 0.0 0.0001557044827941709 0.0 0.0 0.0 0.0 0.0 0.0 0.0 0.0 0.0 0.0 0.0 0.0 0.0 0.0 0.0 0.0 0.0 
2843 2.809 0.00015583465329474045 0.0 0.0 0.00015583465329474045 0.0 0.0 0.0 0.0 0.0 0.0 0.0 0.0 0.0 0.0 0.0 0.0 0.0 0.0 0.0 0.0 0.0 
2844 2.81 0.00015596488746906335 0.0 0.0 0.00015596488746906335 0.0 0.0 0.0 0.0 0.0 0.0 0.0 0.0 0.0 0.0 0.0 0.0 0.0 0.0 0.0 0.0 0.0 
2845 2.811 0.0001560951852731658 0.0 0.0 0.0001560951852731658 0.0 0.0 0.0 0.0 0.0 0.0 0.0 0.0 0.0 0.0 0.0 0.0 0.0 0.0 0.0 0.0 0.0 
2846 2.812 0.00015622554666291143 0.0 0.0 0.00015622554666291143 0.0 0.0 0.0 0.0 0.0 0.0 0.0 0.0 0.0 0.0 0.0 0.0 0.0 0.0 0.0 0.0 0.0 
2847 2.813 0.00015635597159400176 0.0 0.0 0.00015635597159400176 0.0 0.0 0.0 0.0 0.0 0.0 0.0 0.0 0.0 0.0 0.0 0.0 0.0 0.0 0.0 0.0 0.0 
2848 2.814 0.0001564864600219754 0.0 0.0 0.0001564864600219754 0.0 0.0 0.0 0.0 0.0 0.0 0.0 0.0 0.0 0.0 0.0 0.0 0.0 0.0 0.0 0.0 0.0 
2849 2.815 0.0001566170119022082 0.0 0.0 0.0001566170119022082 0.0 0.0 0.0 0.0 0.0 0.0 0.0 0.0 0.0 0.0 0.0 0.0 0.0 0.0 0.0 0.0 0.0 
2850 2.816 0.00015674762718991285 0.0 0.0 0.00015674762718991285 0.0 0.0 0.0 0.0 0.0 0.0 0.0 0.0 0.0 0.0 0.0 0.0 0.0 0.0 0.0 0.0 0.0 
2851 2.817 0.00015687830584013886 0.0 0.0 0.00015687830584013886 0.0 0.0 0.0 0.0 0.0 0.0 0.0 0.0 0.0 0.0 0.0 0.0 0.0 0.0 0.0 0.0 0.0 
2852 2.818 0.00015700904780777204 0.0 0.0 0.00015700904780777204 0.0 0.0 0.0 0.0 0.0 0.0 0.0 0.0 0.0 0.0 0.0 0.0 0.0 0.0 0.0 0.0 0.0 
2853 2.819 0.0001571398530475348 0.0 0.0 0.0001571398530475348 0.0 0.0 0.0 0.0 0.0 0.0 0.0 0.0 0.0 0.0 0.0 0.0 0.0 0.0 0.0 0.0 0.0 
2854 2.82 0.00015727072151398535 0.0 0.0 0.00015727072151398535 0.0 0.0 0.0 0.0 0.0 0.0 0.0 0.0 0.0 0.0 0.0 0.0 0.0 0.0 0.0 0.0 0.0 
2855 2.821 0.000157401653161518 0.0 0.0 0.000157401653161518 0.0 0.0 0.0 0.0 0.0 0.0 0.0 0.0 0.0 0.0 0.0 0.0 0.0 0.0 0.0 0.0 0.0 
2856 2.822 0.00015753264794436263 0.0 0.0 0.00015753264794436263 0.0 0.0 0.0 0.0 0.0 0.0 0.0 0.0 0.0 0.0 0.0 0.0 0.0 0.0 0.0 0.0 0.0 
2857 2.823 0.00015766370581658465 0.0 0.0 0.00015766370581658465 0.0 0.0 0.0 0.0 0.0 0.0 0.0 0.0 0.0 0.0 0.0 0.0 0.0 0.0 0.0 0.0 0.0 
2858 2.824 0.0001577948267320847 0.0 0.0 0.0001577948267320847 0.0 0.0 0.0 0.0 0.0 0.0 0.0 0.0 0.0 0.0 0.0 0.0 0.0 0.0 0.0 0.0 0.0 
2859 2.825 0.0001579260106445986 0.0 0.0 0.0001579260106445986 0.0 0.0 0.0 0.0 0.0 0.0 0.0 0.0 0.0 0.0 0.0 0.0 0.0 0.0 0.0 0.0 0.0 
2860 2.826 0.0001580572575076968 0.0 0.0 0.0001580572575076968 0.0 0.0 0.0 0.0 0.0 0.0 0.0 0.0 0.0 0.0 0.0 0.0 0.0 0.0 0.0 0.0 0.0 
2861 2.827 0.0001581885672747847 0.0 0.0 0.0001581885672747847 0.0 0.0 0.0 0.0 0.0 0.0 0.0 0.0 0.0 0.0 0.0 0.0 0.0 0.0 0.0 0.0 0.0 
2862 2.828 0.00015831993989910196 0.0 0.0 0.00015831993989910196 0.0 0.0 0.0 0.0 0.0 0.0 0.0 0.0 0.0 0.0 0.0 0.0 0.0 0.0 0.0 0.0 0.0 
2863 2.829 0.0001584513753337225 0.0 0.0 0.0001584513753337225 0.0 0.0 0.0 0.0 0.0 0.0 0.0 0.0 0.0 0.0 0.0 0.0 0.0 0.0 0.0 0.0 0.0 
2864 2.83 0.00015858287353155443 0.0 0.0 0.00015858287353155443 0.0 0.0 0.0 0.0 0.0 0.0 0.0 0.0 0.0 0.0 0.0 0.0 0.0 0.0 0.0 0.0 0.0 
2865 2.831 0.0001587144344453395 0.0 0.0 0.0001587144344453395 0.0 0.0 0.0 0.0 0.0 0.0 0.0 0.0 0.0 0.0 0.0 0.0 0.0 0.0 0.0 0.0 0.0 
2866 2.832 0.00015884605802765313 0.0 0.0 0.00015884605802765313 0.0 0.0 0.0 0.0 0.0 0.0 0.0 0.0 0.0 0.0 0.0 0.0 0.0 0.0 0.0 0.0 0.0 
2867 2.833 0.00015897774423090429 0.0 0.0 0.00015897774423090429 0.0 0.0 0.0 0.0 0.0 0.0 0.0 0.0 0.0 0.0 0.0 0.0 0.0 0.0 0.0 0.0 0.0 
2868 2.834 0.00015910949300733504 0.0 0.0 0.00015910949300733504 0.0 0.0 0.0 0.0 0.0 0.0 0.0 0.0 0.0 0.0 0.0 0.0 0.0 0.0 0.0 0.0 0.0 
2869 2.835 0.00015924130430902044 0.0 0.0 0.00015924130430902044 0.0 0.0 0.0 0.0 0.0 0.0 0.0 0.0 0.0 0.0 0.0 0.0 0.0 0.0 0.0 0.0 0.0 
2870 2.836 0.00015937317808786857 0.0 0.0 0.00015937317808786857 0.0 0.0 0.0 0.0 0.0 0.0 0.0 0.0 0.0 0.0 0.0 0.0 0.0 0.0 0.0 0.0 0.0 
2871 2.837 0.00015950511429561981 0.0 0.0 0.00015950511429561981 0.0 0.0 0.0 0.0 0.0 0.0 0.0 0.0 0.0 0.0 0.0 0.0 0.0 0.0 0.0 0.0 0.0 
2872 2.838 0.00015963711288384714 0.0 0.0 0.00015963711288384714 0.0 0.0 0.0 0.0 0.0 0.0 0.0 0.0 0.0 0.0 0.0 0.0 0.0 0.0 0.0 0.0 0.0 
2873 2.839 0.00015976917380395572 0.0 0.0 0.00015976917380395572 0.0 0.0 0.0 0.0 0.0 0.0 0.0 0.0 0.0 0.0 0.0 0.0 0.0 0.0 0.0 0.0 0.0 
2874 2.84 0.00015990129700718255 0.0 0.0 0.00015990129700718255 0.0 0.0 0.0 0.0 0.0 0.0 0.0 0.0 0.0 0.0 0.0 0.0 0.0 0.0 0.0 0.0 0.0 
2875 2.841 0.00016003348244459655 0.0 0.0 0.00016003348244459655 0.0 0.0 0.0 0.0 0.0 0.0 0.0 0.0 0.0 0.0 0.0 0.0 0.0 0.0 0.0 0.0 0.0 
2876 2.842 0.00016016573006709823 0.0 0.0 0.00016016573006709823 0.0 0.0 0.0 0.0 0.0 0.0 0.0 0.0 0.0 0.0 0.0 0.0 0.0 0.0 0.0 0.0 0.0 
2877 2.843 0.00016029803982541935 0.0 0.0 0.00016029803982541935 0.0 0.0 0.0 0.0 0.0 0.0 0.0 0.0 0.0 0.0 0.0 0.0 0.0 0.0 0.0 0.0 0.0 
2878 2.844 0.0001604304116701228 0.0 0.0 0.0001604304116701228 0.0 0.0 0.0 0.0 0.0 0.0 0.0 0.0 0.0 0.0 0.0 0.0 0.0 0.0 0.0 0.0 0.0 
2879 2.845 0.00016056284555160272 0.0 0.0 0.00016056284555160272 0.0 0.0 0.0 0.0 0.0 0.0 0.0 0.0 0.0 0.0 0.0 0.0 0.0 0.0 0.0 0.0 0.0 
2880 2.846 0.00016069534142008367 0.0 0.0 0.00016069534142008367 0.0 0.0 0.0 0.0 0.0 0.0 0.0 0.0 0.0 0.0 0.0 0.0 0.0 0.0 0.0 0.0 0.0 
2881 2.847 0.00016082789922562088 0.0 0.0 0.00016082789922562088 0.0 0.0 0.0 0.0 0.0 0.0 0.0 0.0 0.0 0.0 0.0 0.0 0.0 0.0 0.0 0.0 0.0 
2882 2.848 0.00016096051891809993 0.0 0.0 0.00016096051891809993 0.0 0.0 0.0 0.0 0.0 0.0 0.0 0.0 0.0 0.0 0.0 0.0 0.0 0.0 0.0 0.0 0.0 
2883 2.849 0.0001610932004472366 0.0 0.0 0.0001610932004472366 0.0 0.0 0.0 0.0 0.0 0.0 0.0 0.0 0.0 0.0 0.0 0.0 0.0 0.0 0.0 0.0 0.0 
2884 2.85 0.00016122594376257647 0.0 0.0 0.00016122594376257647 0.0 0.0 0.0 0.0 0.0 0.0 0.0 0.0 0.0 0.0 0.0 0.0 0.0 0.0 0.0 0.0 0.0 
2885 2.851 0.00016135874881349492 0.0 0.0 0.00016135874881349492 0.0 0.0 0.0 0.0 0.0 0.0 0.0 0.0 0.0 0.0 0.0 0.0 0.0 0.0 0.0 0.0 0.0 
2886 2.852 0.00016149161554919678 0.0 0.0 0.00016149161554919678 0.0 0.0 0.0 0.0 0.0 0.0 0.0 0.0 0.0 0.0 0.0 0.0 0.0 0.0 0.0 0.0 0.0 
2887 2.853 0.00016162454391871635 0.0 0.0 0.00016162454391871635 0.0 0.0 0.0 0.0 0.0 0.0 0.0 0.0 0.0 0.0 0.0 0.0 0.0 0.0 0.0 0.0 0.0 
2888 2.854 0.00016175753387091682 0.0 0.0 0.00016175753387091682 0.0 0.0 0.0 0.0 0.0 0.0 0.0 0.0 0.0 0.0 0.0 0.0 0.0 0.0 0.0 0.0 0.0 
2889 2.855 0.00016189058535449037 0.0 0.0 0.00016189058535449037 0.0 0.0 0.0 0.0 0.0 0.0 0.0 0.0 0.0 0.0 0.0 0.0 0.0 0.0 0.0 0.0 0.0 
2890 2.856 0.00016202369831795797 0.0 0.0 0.00016202369831795797 0.0 0.0 0.0 0.0 0.0 0.0 0.0 0.0 0.0 0.0 0.0 0.0 0.0 0.0 0.0 0.0 0.0 
2891 2.857 0.00016215687270966901 0.0 0.0 0.00016215687270966901 0.0 0.0 0.0 0.0 0.0 0.0 0.0 0.0 0.0 0.0 0.0 0.0 0.0 0.0 0.0 0.0 0.0 
2892 2.858 0.0001622901084778011 0.0 0.0 0.0001622901084778011 0.0 0.0 0.0 0.0 0.0 0.0 0.0 0.0 0.0 0.0 0.0 0.0 0.0 0.0 0.0 0.0 0.0 
2893 2.859 0.00016242340557035996 0.0 0.0 0.00016242340557035996 0.0 0.0 0.0 0.0 0.0 0.0 0.0 0.0 0.0 0.0 0.0 0.0 0.0 0.0 0.0 0.0 0.0 
2894 2.86 0.0001625567639351793 0.0 0.0 0.0001625567639351793 0.0 0.0 0.0 0.0 0.0 0.0 0.0 0.0 0.0 0.0 0.0 0.0 0.0 0.0 0.0 0.0 0.0 
2895 2.861 0.00016269018351992035 0.0 0.0 0.00016269018351992035 0.0 0.0 0.0 0.0 0.0 0.0 0.0 0.0 0.0 0.0 0.0 0.0 0.0 0.0 0.0 0.0 0.0 
2896 2.862 0.0001628236642720718 0.0 0.0 0.0001628236642720718 0.0 0.0 0.0 0.0 0.0 0.0 0.0 0.0 0.0 0.0 0.0 0.0 0.0 0.0 0.0 0.0 0.0 
2897 2.863 0.0001629572061389497 0.0 0.0 0.0001629572061389497 0.0 0.0 0.0 0.0 0.0 0.0 0.0 0.0 0.0 0.0 0.0 0.0 0.0 0.0 0.0 0.0 0.0 
2898 2.864 0.00016309080906769713 0.0 0.0 0.00016309080906769713 0.0 0.0 0.0 0.0 0.0 0.0 0.0 0.0 0.0 0.0 0.0 0.0 0.0 0.0 0.0 0.0 0.0 
2899 2.865 0.00016322447300528396 0.0 0.0 0.00016322447300528396 0.0 0.0 0.0 0.0 0.0 0.0 0.0 0.0 0.0 0.0 0.0 0.0 0.0 0.0 0.0 0.0 0.0 
2900 2.866 0.0001633581978985067 0.0 0.0 0.0001633581978985067 0.0 0.0 0.0 0.0 0.0 0.0 0.0 0.0 0.0 0.0 0.0 0.0 0.0 0.0 0.0 0.0 0.0 
2901 2.867 0.00016349198369398834 0.0 0.0 0.00016349198369398834 0.0 0.0 0.0 0.0 0.0 0.0 0.0 0.0 0.0 0.0 0.0 0.0 0.0 0.0 0.0 0.0 0.0 
2902 2.868 0.00016362583033817808 0.0 0.0 0.00016362583033817808 0.0 0.0 0.0 0.0 0.0 0.0 0.0 0.0 0.0 0.0 0.0 0.0 0.0 0.0 0.0 0.0 0.0 
2903 2.869 0.00016375973777735112 0.0 0.0 0.00016375973777735112 0.0 0.0 0.0 0.0 0.0 0.0 0.0 0.0 0.0 0.0 0.0 0.0 0.0 0.0 0.0 0.0 0.0 
2904 2.87 0.00016389370595760853 0.0 0.0 0.00016389370595760853 0.0 0.0 0.0 0.0 0.0 0.0 0.0 0.0 0.0 0.0 0.0 0.0 0.0 0.0 0.0 0.0 0.0 
2905 2.871 0.0001640277348248769 0.0 0.0 0.0001640277348248769 0.0 0.0 0.0 0.0 0.0 0.0 0.0 0.0 0.0 0.0 0.0 0.0 0.0 0.0 0.0 0.0 0.0 
2906 2.872 0.00016416182432490834 0.0 0.0 0.00016416182432490834 0.0 0.0 0.0 0.0 0.0 0.0 0.0 0.0 0.0 0.0 0.0 0.0 0.0 0.0 0.0 0.0 0.0 
2907 2.873 0.0001642959744032801 0.0 0.0 0.0001642959744032801 0.0 0.0 0.0 0.0 0.0 0.0 0.0 0.0 0.0 0.0 0.0 0.0 0.0 0.0 0.0 0.0 0.0 
2908 2.874 0.00016443018500539446 0.0 0.0 0.00016443018500539446 0.0 0.0 0.0 0.0 0.0 0.0 0.0 0.0 0.0 0.0 0.0 0.0 0.0 0.0 0.0 0.0 0.0 
2909 2.875 0.0001645644560764784 0.0 0.0 0.0001645644560764784 0.0 0.0 0.0 0.0 0.0 0.0 0.0 0.0 0.0 0.0 0.0 0.0 0.0 0.0 0.0 0.0 0.0 
2910 2.876 0.0001646987875615835 0.0 0.0 0.0001646987875615835 0.0 0.0 0.0 0.0 0.0 0.0 0.0 0.0 0.0 0.0 0.0 0.0 0.0 0.0 0.0 0.0 0.0 
2911 2.877 0.0001648331794055859 0.0 0.0 0.0001648331794055859 0.0 0.0 0.0 0.0 0.0 0.0 0.0 0.0 0.0 0.0 0.0 0.0 0.0 0.0 0.0 0.0 0.0 
2912 2.878 0.0001649676315531857 0.0 0.0 0.0001649676315531857 0.0 0.0 0.0 0.0 0.0 0.0 0.0 0.0 0.0 0.0 0.0 0.0 0.0 0.0 0.0 0.0 0.0 
2913 2.879 0.00016510214394890705 0.0 0.0 0.00016510214394890705 0.0 0.0 0.0 0.0 0.0 0.0 0.0 0.0 0.0 0.0 0.0 0.0 0.0 0.0 0.0 0.0 0.0 
2914 2.88 0.00016523671653709786 0.0 0.0 0.00016523671653709786 0.0 0.0 0.0 0.0 0.0 0.0 0.0 0.0 0.0 0.0 0.0 0.0 0.0 0.0 0.0 0.0 0.0 
2915 2.881 0.00016537134926192964 0.0 0.0 0.00016537134926192964 0.0 0.0 0.0 0.0 0.0 0.0 0.0 0.0 0.0 0.0 0.0 0.0 0.0 0.0 0.0 0.0 0.0 
2916 2.882 0.00016550604206739714 0.0 0.0 0.00016550604206739714 0.0 0.0 0.0 0.0 0.0 0.0 0.0 0.0 0.0 0.0 0.0 0.0 0.0 0.0 0.0 0.0 0.0 
2917 2.883 0.00016564079489731848 0.0 0.0 0.00016564079489731848 0.0 0.0 0.0 0.0 0.0 0.0 0.0 0.0 0.0 0.0 0.0 0.0 0.0 0.0 0.0 0.0 0.0 
2918 2.884 0.00016577560769533438 0.0 0.0 0.00016577560769533438 0.0 0.0 0.0 0.0 0.0 0.0 0.0 0.0 0.0 0.0 0.0 0.0 0.0 0.0 0.0 0.0 0.0 
2919 2.885 0.00016591048040490863 0.0 0.0 0.00016591048040490863 0.0 0.0 0.0 0.0 0.0 0.0 0.0 0.0 0.0 0.0 0.0 0.0 0.0 0.0 0.0 0.0 0.0 
2920 2.885 0.00016604541296932733 0.0 0.0 0.00016604541296932733 0.0 0.0 0.0 0.0 0.0 0.0 0.0 0.0 0.0 0.0 0.0 0.0 0.0 0.0 0.0 0.0 0.0 
2921 2.886 0.0001661804053316991 0.0 0.0 0.0001661804053316991 0.0 0.0 0.0 0.0 0.0 0.0 0.0 0.0 0.0 0.0 0.0 0.0 0.0 0.0 0.0 0.0 0.0 
2922 2.887 0.0001663154574349545 0.0 0.0 0.0001663154574349545 0.0 0.0 0.0 0.0 0.0 0.0 0.0 0.0 0.0 0.0 0.0 0.0 0.0 0.0 0.0 0.0 0.0 
2923 2.888 0.000166450569221846 0.0 0.0 0.000166450569221846 0.0 0.0 0.0 0.0 0.0 0.0 0.0 0.0 0.0 0.0 0.0 0.0 0.0 0.0 0.0 0.0 0.0 
2924 2.889 0.00016658574063494803 0.0 0.0 0.00016658574063494803 0.0 0.0 0.0 0.0 0.0 0.0 0.0 0.0 0.0 0.0 0.0 0.0 0.0 0.0 0.0 0.0 0.0 
2925 2.89 0.00016672097161665622 0.0 0.0 0.00016672097161665622 0.0 0.0 0.0 0.0 0.0 0.0 0.0 0.0 0.0 0.0 0.0 0.0 0.0 0.0 0.0 0.0 0.0 
2926 2.891 0.0001668562621091877 0.0 0.0 0.0001668562621091877 0.0 0.0 0.0 0.0 0.0 0.0 0.0 0.0 0.0 0.0 0.0 0.0 0.0 0.0 0.0 0.0 0.0 
2927 2.892 0.00016699161205458062 0.0 0.0 0.00016699161205458062 0.0 0.0 0.0 0.0 0.0 0.0 0.0 0.0 0.0 0.0 0.0 0.0 0.0 0.0 0.0 0.0 0.0 
2928 2.893 0.0001671270213946941 0.0 0.0 0.0001671270213946941 0.0 0.0 0.0 0.0 0.0 0.0 0.0 0.0 0.0 0.0 0.0 0.0 0.0 0.0 0.0 0.0 0.0 
2929 2.894 0.00016726249007120784 0.0 0.0 0.00016726249007120784 0.0 0.0 0.0 0.0 0.0 0.0 0.0 0.0 0.0 0.0 0.0 0.0 0.0 0.0 0.0 0.0 0.0 
2930 2.895 0.000167398018025622 0.0 0.0 0.000167398018025622 0.0 0.0 0.0 0.0 0.0 0.0 0.0 0.0 0.0 0.0 0.0 0.0 0.0 0.0 0.0 0.0 0.0 
2931 2.896 0.00016753360519925723 0.0 0.0 0.00016753360519925723 0.0 0.0 0.0 0.0 0.0 0.0 0.0 0.0 0.0 0.0 0.0 0.0 0.0 0.0 0.0 0.0 0.0 
2932 2.897 0.00016766925153325398 0.0 0.0 0.00016766925153325398 0.0 0.0 0.0 0.0 0.0 0.0 0.0 0.0 0.0 0.0 0.0 0.0 0.0 0.0 0.0 0.0 0.0 
2933 2.898 0.00016780495696857274 0.0 0.0 0.00016780495696857274 0.0 0.0 0.0 0.0 0.0 0.0 0.0 0.0 0.0 0.0 0.0 0.0 0.0 0.0 0.0 0.0 0.0 
2934 2.899 0.00016794072144599362 0.0 0.0 0.00016794072144599362 0.0 0.0 0.0 0.0 0.0 0.0 0.0 0.0 0.0 0.0 0.0 0.0 0.0 0.0 0.0 0.0 0.0 
2935 2.9 0.00016807654490611615 0.0 0.0 0.00016807654490611615 0.0 0.0 0.0 0.0 0.0 0.0 0.0 0.0 0.0 0.0 0.0 0.0 0.0 0.0 0.0 0.0 0.0 
2936 2.901 0.00016821242728935924 0.0 0.0 0.00016821242728935924 0.0 0.0 0.0 0.0 0.0 0.0 0.0 0.0 0.0 0.0 0.0 0.0 0.0 0.0 0.0 0.0 0.0 
2937 2.902 0.00016834836853596072 0.0 0.0 0.00016834836853596072 0.0 0.0 0.0 0.0 0.0 0.0 0.0 0.0 0.0 0.0 0.0 0.0 0.0 0.0 0.0 0.0 0.0 
2938 2.903 0.0001684843685859773 0.0 0.0 0.0001684843685859773 0.0 0.0 0.0 0.0 0.0 0.0 0.0 0.0 0.0 0.0 0.0 0.0 0.0 0.0 0.0 0.0 0.0 
2939 2.904 0.0001686204273792843 0.0 0.0 0.0001686204273792843 0.0 0.0 0.0 0.0 0.0 0.0 0.0 0.0 0.0 0.0 0.0 0.0 0.0 0.0 0.0 0.0 0.0 
2940 2.905 0.00016875654485557553 0.0 0.0 0.00016875654485557553 0.0 0.0 0.0 0.0 0.0 0.0 0.0 0.0 0.0 0.0 0.0 0.0 0.0 0.0 0.0 0.0 0.0 
2941 2.906 0.00016889272095436302 0.0 0.0 0.00016889272095436302 0.0 0.0 0.0 0.0 0.0 0.0 0.0 0.0 0.0 0.0 0.0 0.0 0.0 0.0 0.0 0.0 0.0 
2942 2.907 0.00016902895561497682 0.0 0.0 0.00016902895561497682 0.0 0.0 0.0 0.0 0.0 0.0 0.0 0.0 0.0 0.0 0.0 0.0 0.0 0.0 0.0 0.0 0.0 
2943 2.908 0.00016916524877656476 0.0 0.0 0.00016916524877656476 0.0 0.0 0.0 0.0 0.0 0.0 0.0 0.0 0.0 0.0 0.0 0.0 0.0 0.0 0.0 0.0 0.0 
2944 2.909 0.00016930160037809236 0.0 0.0 0.00016930160037809236 0.0 0.0 0.0 0.0 0.0 0.0 0.0 0.0 0.0 0.0 0.0 0.0 0.0 0.0 0.0 0.0 0.0 
2945 2.91 0.00016943801035834252 0.0 0.0 0.00016943801035834252 0.0 0.0 0.0 0.0 0.0 0.0 0.0 0.0 0.0 0.0 0.0 0.0 0.0 0.0 0.0 0.0 0.0 
2946 2.911 0.0001695744786559153 0.0 0.0 0.0001695744786559153 0.0 0.0 0.0 0.0 0.0 0.0 0.0 0.0 0.0 0.0 0.0 0.0 0.0 0.0 0.0 0.0 0.0 
2947 2.912 0.0001697110052092279 0.0 0.0 0.0001697110052092279 0.0 0.0 0.0 0.0 0.0 0.0 0.0 0.0 0.0 0.0 0.0 0.0 0.0 0.0 0.0 0.0 0.0 
2948 2.913 0.00016984758995651416 0.0 0.0 0.00016984758995651416 0.0 0.0 0.0 0.0 0.0 0.0 0.0 0.0 0.0 0.0 0.0 0.0 0.0 0.0 0.0 0.0 0.0 
2949 2.914 0.0001699842328358246 0.0 0.0 0.0001699842328358246 0.0 0.0 0.0 0.0 0.0 0.0 0.0 0.0 0.0 0.0 0.0 0.0 0.0 0.0 0.0 0.0 0.0 
2950 2.915 0.00017012093378502614 0.0 0.0 0.00017012093378502614 0.0 0.0 0.0 0.0 0.0 0.0 0.0 0.0 0.0 0.0 0.0 0.0 0.0 0.0 0.0 0.0 0.0 
2951 2.916 0.00017025769274180185 0.0 0.0 0.00017025769274180185 0.0 0.0 0.0 0.0 0.0 0.0 0.0 0.0 0.0 0.0 0.0 0.0 0.0 0.0 0.0 0.0 0.0 
2952 2.917 0.0001703945096436508 0.0 0.0 0.0001703945096436508 0.0 0.0 0.0 0.0 0.0 0.0 0.0 0.0 0.0 0.0 0.0 0.0 0.0 0.0 0.0 0.0 0.0 
2953 2.918 0.00017053138442788785 0.0 0.0 0.00017053138442788785 0.0 0.0 0.0 0.0 0.0 0.0 0.0 0.0 0.0 0.0 0.0 0.0 0.0 0.0 0.0 0.0 0.0 
2954 2.919 0.00017066831703164346 0.0 0.0 0.00017066831703164346 0.0 0.0 0.0 0.0 0.0 0.0 0.0 0.0 0.0 0.0 0.0 0.0 0.0 0.0 0.0 0.0 0.0 
2955 2.92 0.00017080530739186338 0.0 0.0 0.00017080530739186338 0.0 0.0 0.0 0.0 0.0 0.0 0.0 0.0 0.0 0.0 0.0 0.0 0.0 0.0 0.0 0.0 0.0 
2956 2.921 0.0001709423554453086 0.0 0.0 0.0001709423554453086 0.0 0.0 0.0 0.0 0.0 0.0 0.0 0.0 0.0 0.0 0.0 0.0 0.0 0.0 0.0 0.0 0.0 
2957 2.922 0.0001710794611285551 0.0 0.0 0.0001710794611285551 0.0 0.0 0.0 0.0 0.0 0.0 0.0 0.0 0.0 0.0 0.0 0.0 0.0 0.0 0.0 0.0 0.0 
2958 2.923 0.0001712166243779935 0.0 0.0 0.0001712166243779935 0.0 0.0 0.0 0.0 0.0 0.0 0.0 0.0 0.0 0.0 0.0 0.0 0.0 0.0 0.0 0.0 0.0 
2959 2.924 0.00017135384512982909 0.0 0.0 0.00017135384512982909 0.0 0.0 0.0 0.0 0.0 0.0 0.0 0.0 0.0 0.0 0.0 0.0 0.0 0.0 0.0 0.0 0.0 
2960 2.925 0.00017149112332008146 0.0 0.0 0.00017149112332008146 0.0 0.0 0.0 0.0 0.0 0.0 0.0 0.0 0.0 0.0 0.0 0.0 0.0 0.0 0.0 0.0 0.0 
2961 2.926 0.00017162845888458436 0.0 0.0 0.00017162845888458436 0.0 0.0 0.0 0.0 0.0 0.0 0.0 0.0 0.0 0.0 0.0 0.0 0.0 0.0 0.0 0.0 0.0 
2962 2.927 0.00017176585175898555 0.0 0.0 0.00017176585175898555 0.0 0.0 0.0 0.0 0.0 0.0 0.0 0.0 0.0 0.0 0.0 0.0 0.0 0.0 0.0 0.0 0.0 
2963 2.928 0.00017190330187874644 0.0 0.0 0.00017190330187874644 0.0 0.0 0.0 0.0 0.0 0.0 0.0 0.0 0.0 0.0 0.0 0.0 0.0 0.0 0.0 0.0 0.0 
2964 2.929 0.00017204080917914203 0.0 0.0 0.00017204080917914203 0.0 0.0 0.0 0.0 0.0 0.0 0.0 0.0 0.0 0.0 0.0 0.0 0.0 0.0 0.0 0.0 0.0 
2965 2.93 0.0001721783735952606 0.0 0.0 0.0001721783735952606 0.0 0.0 0.0 0.0 0.0 0.0 0.0 0.0 0.0 0.0 0.0 0.0 0.0 0.0 0.0 0.0 0.0 
2966 2.931 0.00017231599506200364 0.0 0.0 0.00017231599506200364 0.0 0.0 0.0 0.0 0.0 0.0 0.0 0.0 0.0 0.0 0.0 0.0 0.0 0.0 0.0 0.0 0.0 
2967 2.932 0.00017245367351408552 0.0 0.0 0.00017245367351408552 0.0 0.0 0.0 0.0 0.0 0.0 0.0 0.0 0.0 0.0 0.0 0.0 0.0 0.0 0.0 0.0 0.0 
2968 2.933 0.00017259140888603342 0.0 0.0 0.00017259140888603342 0.0 0.0 0.0 0.0 0.0 0.0 0.0 0.0 0.0 0.0 0.0 0.0 0.0 0.0 0.0 0.0 0.0 
2969 2.934 0.00017272920111218693 0.0 0.0 0.00017272920111218693 0.0 0.0 0.0 0.0 0.0 0.0 0.0 0.0 0.0 0.0 0.0 0.0 0.0 0.0 0.0 0.0 0.0 
2970 2.935 0.0001728670501266979 0.0 0.0 0.0001728670501266979 0.0 0.0 0.0 0.0 0.0 0.0 0.0 0.0 0.0 0.0 0.0 0.0 0.0 0.0 0.0 0.0 0.0 
2971 2.936 0.00017300495586353062 0.0 0.0 0.00017300495586353062 0.0 0.0 0.0 0.0 0.0 0.0 0.0 0.0 0.0 0.0 0.0 0.0 0.0 0.0 0.0 0.0 0.0 
2972 2.937 0.00017314291825646088 0.0 0.0 0.00017314291825646088 0.0 0.0 0.0 0.0 0.0 0.0 0.0 0.0 0.0 0.0 0.0 0.0 0.0 0.0 0.0 0.0 0.0 
2973 2.938 0.00017328093723907652 0.0 0.0 0.00017328093723907652 0.0 0.0 0.0 0.0 0.0 0.0 0.0 0.0 0.0 0.0 0.0 0.0 0.0 0.0 0.0 0.0 0.0 
2974 2.939 0.00017341901274477668 0.0 0.0 0.00017341901274477668 0.0 0.0 0.0 0.0 0.0 0.0 0.0 0.0 0.0 0.0 0.0 0.0 0.0 0.0 0.0 0.0 0.0 
2975 2.94 0.00017355714470677192 0.0 0.0 0.00017355714470677192 0.0 0.0 0.0 0.0 0.0 0.0 0.0 0.0 0.0 0.0 0.0 0.0 0.0 0.0 0.0 0.0 0.0 
2976 2.941 0.0001736953330580838 0.0 0.0 0.0001736953330580838 0.0 0.0 0.0 0.0 0.0 0.0 0.0 0.0 0.0 0.0 0.0 0.0 0.0 0.0 0.0 0.0 0.0 
2977 2.942 0.00017383357773154492 0.0 0.0 0.00017383357773154492 0.0 0.0 0.0 0.0 0.0 0.0 0.0 0.0 0.0 0.0 0.0 0.0 0.0 0.0 0.0 0.0 0.0 
2978 2.943 0.00017397187865979844 0.0 0.0 0.00017397187865979844 0.0 0.0 0.0 0.0 0.0 0.0 0.0 0.0 0.0 0.0 0.0 0.0 0.0 0.0 0.0 0.0 0.0 
2979 2.944 0.00017411023577529807 0.0 0.0 0.00017411023577529807 0.0 0.0 0.0 0.0 0.0 0.0 0.0 0.0 0.0 0.0 0.0 0.0 0.0 0.0 0.0 0.0 0.0 
2980 2.945 0.00017424864901030782 0.0 0.0 0.00017424864901030782 0.0 0.0 0.0 0.0 0.0 0.0 0.0 0.0 0.0 0.0 0.0 0.0 0.0 0.0 0.0 0.0 0.0 
2981 2.946 0.0001743871182969019 0.0 0.0 0.0001743871182969019 0.0 0.0 0.0 0.0 0.0 0.0 0.0 0.0 0.0 0.0 0.0 0.0 0.0 0.0 0.0 0.0 0.0 
2982 2.947 0.00017452564356696423 0.0 0.0 0.00017452564356696423 0.0 0.0 0.0 0.0 0.0 0.0 0.0 0.0 0.0 0.0 0.0 0.0 0.0 0.0 0.0 0.0 0.0 
2983 2.948 0.00017466422475218837 0.0 0.0 0.00017466422475218837 0.0 0.0 0.0 0.0 0.0 0.0 0.0 0.0 0.0 0.0 0.0 0.0 0.0 0.0 0.0 0.0 0.0 
2984 2.949 0.00017480286178407764 0.0 0.0 0.00017480286178407764 0.0 0.0 0.0 0.0 0.0 0.0 0.0 0.0 0.0 0.0 0.0 0.0 0.0 0.0 0.0 0.0 0.0 
2985 2.95 0.00017494155459394446 0.0 0.0 0.00017494155459394446 0.0 0.0 0.0 0.0 0.0 0.0 0.0 0.0 0.0 0.0 0.0 0.0 0.0 0.0 0.0 0.0 0.0 
2986 2.951 0.0001750803031129103 0.0 0.0 0.0001750803031129103 0.0 0.0 0.0 0.0 0.0 0.0 0.0 0.0 0.0 0.0 0.0 0.0 0.0 0.0 0.0 0.0 0.0 
2987 2.952 0.00017521910727190553 0.0 0.0 0.00017521910727190553 0.0 0.0 0.0 0.0 0.0 0.0 0.0 0.0 0.0 0.0 0.0 0.0 0.0 0.0 0.0 0.0 0.0 
2988 2.953 0.00017535796700166937 0.0 0.0 0.00017535796700166937 0.0 0.0 0.0 0.0 0.0 0.0 0.0 0.0 0.0 0.0 0.0 0.0 0.0 0.0 0.0 0.0 0.0 
2989 2.954 0.00017549688223274918 0.0 0.0 0.00017549688223274918 0.0 0.0 0.0 0.0 0.0 0.0 0.0 0.0 0.0 0.0 0.0 0.0 0.0 0.0 0.0 0.0 0.0 
2990 2.955 0.000175635852895501 0.0 0.0 0.000175635852895501 0.0 0.0 0.0 0.0 0.0 0.0 0.0 0.0 0.0 0.0 0.0 0.0 0.0 0.0 0.0 0.0 0.0 
2991 2.956 0.0001757748789200886 0.0 0.0 0.0001757748789200886 0.0 0.0 0.0 0.0 0.0 0.0 0.0 0.0 0.0 0.0 0.0 0.0 0.0 0.0 0.0 0.0 0.0 
2992 2.957 0.00017591396023648384 0.0 0.0 0.00017591396023648384 0.0 0.0 0.0 0.0 0.0 0.0 0.0 0.0 0.0 0.0 0.0 0.0 0.0 0.0 0.0 0.0 0.0 
2993 2.958 0.00017605309677446603 0.0 0.0 0.00017605309677446603 0.0 0.0 0.0 0.0 0.0 0.0 0.0 0.0 0.0 0.0 0.0 0.0 0.0 0.0 0.0 0.0 0.0 
2994 2.959 0.0001761922884636222 0.0 0.0 0.0001761922884636222 0.0 0.0 0.0 0.0 0.0 0.0 0.0 0.0 0.0 0.0 0.0 0.0 0.0 0.0 0.0 0.0 0.0 
2995 2.96 0.00017633153523334644 0.0 0.0 0.00017633153523334644 0.0 0.0 0.0 0.0 0.0 0.0 0.0 0.0 0.0 0.0 0.0 0.0 0.0 0.0 0.0 0.0 0.0 
2996 2.961 0.00017647083701284006 0.0 0.0 0.00017647083701284006 0.0 0.0 0.0 0.0 0.0 0.0 0.0 0.0 0.0 0.0 0.0 0.0 0.0 0.0 0.0 0.0 0.0 
2997 2.962 0.00017661019373111105 0.0 0.0 0.00017661019373111105 0.0 0.0 0.0 0.0 0.0 0.0 0.0 0.0 0.0 0.0 0.0 0.0 0.0 0.0 0.0 0.0 0.0 
2998 2.963 0.0001767496053169743 0.0 0.0 0.0001767496053169743 0.0 0.0 0.0 0.0 0.0 0.0 0.0 0.0 0.0 0.0 0.0 0.0 0.0 0.0 0.0 0.0 0.0 
2999 2.964 0.000176889071699051 0.0 0.0 0.000176889071699051 0.0 0.0 0.0 0.0 0.0 0.0 0.0 0.0 0.0 0.0 0.0 0.0 0.0 0.0 0.0 0.0 0.0 
3000 2.965 0.00017702859280576856 0.0 0.0 0.00017702859280576856 0.0 0.0 0.0 0.0 0.0 0.0 0.0 0.0 0.0 0.0 0.0 0.0 0.0 0.0 0.0 0.0 0.0 
3001 2.966 0.00017716816856536065 0.0 0.0 0.00017716816856536065 0.0 0.0 0.0 0.0 0.0 0.0 0.0 0.0 0.0 0.0 0.0 0.0 0.0 0.0 0.0 0.0 0.0 
3002 2.967 0.00017730779890586657 0.0 0.0 0.00017730779890586657 0.0 0.0 0.0 0.0 0.0 0.0 0.0 0.0 0.0 0.0 0.0 0.0 0.0 0.0 0.0 0.0 0.0 
3003 2.968 0.00017744748375513142 0.0 0.0 0.00017744748375513142 0.0 0.0 0.0 0.0 0.0 0.0 0.0 0.0 0.0 0.0 0.0 0.0 0.0 0.0 0.0 0.0 0.0 
3004 2.969 0.0001775872230408057 0.0 0.0 0.0001775872230408057 0.0 0.0 0.0 0.0 0.0 0.0 0.0 0.0 0.0 0.0 0.0 0.0 0.0 0.0 0.0 0.0 0.0 
3005 2.969 0.00017772701669034531 0.0 0.0 0.00017772701669034531 0.0 0.0 0.0 0.0 0.0 0.0 0.0 0.0 0.0 0.0 0.0 0.0 0.0 0.0 0.0 0.0 0.0 
3006 2.97 0.00017786686463101102 0.0 0.0 0.00017786686463101102 0.0 0.0 0.0 0.0 0.0 0.0 0.0 0.0 0.0 0.0 0.0 0.0 0.0 0.0 0.0 0.0 0.0 
3007 2.971 0.00017800676678986842 0.0 0.0 0.00017800676678986842 0.0 0.0 0.0 0.0 0.0 0.0 0.0 0.0 0.0 0.0 0.0 0.0 0.0 0.0 0.0 0.0 0.0 
3008 2.972 0.00017814672309378798 0.0 0.0 0.00017814672309378798 0.0 0.0 0.0 0.0 0.0 0.0 0.0 0.0 0.0 0.0 0.0 0.0 0.0 0.0 0.0 0.0 0.0 
3009 2.973 0.00017828673346944446 0.0 0.0 0.00017828673346944446 0.0 0.0 0.0 0.0 0.0 0.0 0.0 0.0 0.0 0.0 0.0 0.0 0.0 0.0 0.0 0.0 0.0 
3010 2.974 0.00017842679784331697 0.0 0.0 0.00017842679784331697 0.0 0.0 0.0 0.0 0.0 0.0 0.0 0.0 0.0 0.0 0.0 0.0 0.0 0.0 0.0 0.0 0.0 
3011 2.975 0.0001785669161416886 0.0 0.0 0.0001785669161416886 0.0 0.0 0.0 0.0 0.0 0.0 0.0 0.0 0.0 0.0 0.0 0.0 0.0 0.0 0.0 0.0 0.0 
3012 2.976 0.00017870708829064626 0.0 0.0 0.00017870708829064626 0.0 0.0 0.0 0.0 0.0 0.0 0.0 0.0 0.0 0.0 0.0 0.0 0.0 0.0 0.0 0.0 0.0 
3013 2.977 0.00017884731421608074 0.0 0.0 0.00017884731421608074 0.0 0.0 0.0 0.0 0.0 0.0 0.0 0.0 0.0 0.0 0.0 0.0 0.0 0.0 0.0 0.0 0.0 
3014 2.978 0.00017898759384368603 0.0 0.0 0.00017898759384368603 0.0 0.0 0.0 0.0 0.0 0.0 0.0 0.0 0.0 0.0 0.0 0.0 0.0 0.0 0.0 0.0 0.0 
3015 2.979 0.00017912792709895949 0.0 0.0 0.00017912792709895949 0.0 0.0 0.0 0.0 0.0 0.0 0.0 0.0 0.0 0.0 0.0 0.0 0.0 0.0 0.0 0.0 0.0 
3016 2.98 0.00017926831390720153 0.0 0.0 0.00017926831390720153 0.0 0.0 0.0 0.0 0.0 0.0 0.0 0.0 0.0 0.0 0.0 0.0 0.0 0.0 0.0 0.0 0.0 
3017 2.981 0.00017940875419351543 0.0 0.0 0.00017940875419351543 0.0 0.0 0.0 0.0 0.0 0.0 0.0 0.0 0.0 0.0 0.0 0.0 0.0 0.0 0.0 0.0 0.0 
3018 2.982 0.00017954924788280712 0.0 0.0 0.00017954924788280712 0.0 0.0 0.0 0.0 0.0 0.0 0.0 0.0 0.0 0.0 0.0 0.0 0.0 0.0 0.0 0.0 0.0 
3019 2.983 0.000179689794899785 0.0 0.0 0.000179689794899785 0.0 0.0 0.0 0.0 0.0 0.0 0.0 0.0 0.0 0.0 0.0 0.0 0.0 0.0 0.0 0.0 0.0 
3020 2.984 0.00017983039516895975 0.0 0.0 0.00017983039516895975 0.0 0.0 0.0 0.0 0.0 0.0 0.0 0.0 0.0 0.0 0.0 0.0 0.0 0.0 0.0 0.0 0.0 
3021 2.985 0.000179971048614644 0.0 0.0 0.000179971048614644 0.0 0.0 0.0 0.0 0.0 0.0 0.0 0.0 0.0 0.0 0.0 0.0 0.0 0.0 0.0 0.0 0.0 
3022 2.986 0.0001801117551609524 0.0 0.0 0.0001801117551609524 0.0 0.0 0.0 0.0 0.0 0.0 0.0 0.0 0.0 0.0 0.0 0.0 0.0 0.0 0.0 0.0 0.0 
3023 2.987 0.00018025251473180112 0.0 0.0 0.00018025251473180112 0.0 0.0 0.0 0.0 0.0 0.0 0.0 0.0 0.0 0.0 0.0 0.0 0.0 0.0 0.0 0.0 0.0 
3024 2.988 0.00018039332725090792 0.0 0.0 0.00018039332725090792 0.0 0.0 0.0 0.0 0.0 0.0 0.0 0.0 0.0 0.0 0.0 0.0 0.0 0.0 0.0 0.0 0.0 
3025 2.989 0.00018053419264179178 0.0 0.0 0.00018053419264179178 0.0 0.0 0.0 0.0 0.0 0.0 0.0 0.0 0.0 0.0 0.0 0.0 0.0 0.0 0.0 0.0 0.0 
3026 2.99 0.00018067511082777273 0.0 0.0 0.00018067511082777273 0.0 0.0 0.0 0.0 0.0 0.0 0.0 0.0 0.0 0.0 0.0 0.0 0.0 0.0 0.0 0.0 0.0 
3027 2.991 0.00018081608173197176 0.0 0.0 0.00018081608173197176 0.0 0.0 0.0 0.0 0.0 0.0 0.0 0.0 0.0 0.0 0.0 0.0 0.0 0.0 0.0 0.0 0.0 
3028 2.992 0.00018095710527731037 0.0 0.0 0.00018095710527731037 0.0 0.0 0.0 0.0 0.0 0.0 0.0 0.0 0.0 0.0 0.0 0.0 0.0 0.0 0.0 0.0 0.0 
3029 2.993 0.00018109818138651055 0.0 0.0 0.00018109818138651055 0.0 0.0 0.0 0.0 0.0 0.0 0.0 0.0 0.0 0.0 0.0 0.0 0.0 0.0 0.0 0.0 0.0 
3030 2.994 0.00018123930998209493 0.0 0.0 0.00018123930998209493 0.0 0.0 0.0 0.0 0.0 0.0 0.0 0.0 0.0 0.0 0.0 0.0 0.0 0.0 0.0 0.0 0.0 
3031 2.995 0.00018138049098638558 0.0 0.0 0.00018138049098638558 0.0 0.0 0.0 0.0 0.0 0.0 0.0 0.0 0.0 0.0 0.0 0.0 0.0 0.0 0.0 0.0 0.0 
3032 2.996 0.0001815217243215051 0.0 0.0 0.0001815217243215051 0.0 0.0 0.0 0.0 0.0 0.0 0.0 0.0 0.0 0.0 0.0 0.0 0.0 0.0 0.0 0.0 0.0 
3033 2.997 0.00018166300990937525 0.0 0.0 0.00018166300990937525 0.0 0.0 0.0 0.0 0.0 0.0 0.0 0.0 0.0 0.0 0.0 0.0 0.0 0.0 0.0 0.0 0.0 
3034 2.998 0.0001818043476717177 0.0 0.0 0.0001818043476717177 0.0 0.0 0.0 0.0 0.0 0.0 0.0 0.0 0.0 0.0 0.0 0.0 0.0 0.0 0.0 0.0 0.0 
3035 2.999 0.00018194573753005307 0.0 0.0 0.00018194573753005307 0.0 0.0 0.0 0.0 0.0 0.0 0.0 0.0 0.0 0.0 0.0 0.0 0.0 0.0 0.0 0.0 0.0 
3036 3.0 0.00018208717940570128 0.0 0.0 0.00018208717940570128 0.0 0.0 0.0 0.0 0.0 0.0 0.0 0.0 0.0 0.0 0.0 0.0 0.0 0.0 0.0 0.0 0.0 
3037 3.001 0.00018222867321978105 0.0 0.0 0.00018222867321978105 0.0 0.0 0.0 0.0 0.0 0.0 0.0 0.0 0.0 0.0 0.0 0.0 0.0 0.0 0.0 0.0 0.0 
3038 3.002 0.00018237021889320977 0.0 0.0 0.00018237021889320977 0.0 0.0 0.0 0.0 0.0 0.0 0.0 0.0 0.0 0.0 0.0 0.0 0.0 0.0 0.0 0.0 0.0 
3039 3.003 0.0001825118163467035 0.0 0.0 0.0001825118163467035 0.0 0.0 0.0 0.0 0.0 0.0 0.0 0.0 0.0 0.0 0.0 0.0 0.0 0.0 0.0 0.0 0.0 
3040 3.004 0.00018265346550077642 0.0 0.0 0.00018265346550077642 0.0 0.0 0.0 0.0 0.0 0.0 0.0 0.0 0.0 0.0 0.0 0.0 0.0 0.0 0.0 0.0 0.0 
3041 3.005 0.00018279516627574084 0.0 0.0 0.00018279516627574084 0.0 0.0 0.0 0.0 0.0 0.0 0.0 0.0 0.0 0.0 0.0 0.0 0.0 0.0 0.0 0.0 0.0 
3042 3.006 0.0001829369185917071 0.0 0.0 0.0001829369185917071 0.0 0.0 0.0 0.0 0.0 0.0 0.0 0.0 0.0 0.0 0.0 0.0 0.0 0.0 0.0 0.0 0.0 
3043 3.007 0.00018307872236858312 0.0 0.0 0.00018307872236858312 0.0 0.0 0.0 0.0 0.0 0.0 0.0 0.0 0.0 0.0 0.0 0.0 0.0 0.0 0.0 0.0 0.0 
3044 3.008 0.00018322057752607443 0.0 0.0 0.00018322057752607443 0.0 0.0 0.0 0.0 0.0 0.0 0.0 0.0 0.0 0.0 0.0 0.0 0.0 0.0 0.0 0.0 0.0 
3045 3.009 0.00018336248398368384 0.0 0.0 0.00018336248398368384 0.0 0.0 0.0 0.0 0.0 0.0 0.0 0.0 0.0 0.0 0.0 0.0 0.0 0.0 0.0 0.0 0.0 
3046 3.01 0.00018350444166071126 0.0 0.0 0.00018350444166071126 0.0 0.0 0.0 0.0 0.0 0.0 0.0 0.0 0.0 0.0 0.0 0.0 0.0 0.0 0.0 0.0 0.0 
3047 3.011 0.00018364645047625345 0.0 0.0 0.00018364645047625345 0.0 0.0 0.0 0.0 0.0 0.0 0.0 0.0 0.0 0.0 0.0 0.0 0.0 0.0 0.0 0.0 0.0 
3048 3.012 0.00018378851034920422 0.0 0.0 0.00018378851034920422 0.0 0.0 0.0 0.0 0.0 0.0 0.0 0.0 0.0 0.0 0.0 0.0 0.0 0.0 0.0 0.0 0.0 
3049 3.013 0.0001839306211982536 0.0 0.0 0.0001839306211982536 0.0 0.0 0.0 0.0 0.0 0.0 0.0 0.0 0.0 0.0 0.0 0.0 0.0 0.0 0.0 0.0 0.0 
3050 3.014 0.000184072782941888 0.0 0.0 0.000184072782941888 0.0 0.0 0.0 0.0 0.0 0.0 0.0 0.0 0.0 0.0 0.0 0.0 0.0 0.0 0.0 0.0 0.0 
3051 3.015 0.00018421499549839014 0.0 0.0 0.00018421499549839014 0.0 0.0 0.0 0.0 0.0 0.0 0.0 0.0 0.0 0.0 0.0 0.0 0.0 0.0 0.0 0.0 0.0 
3052 3.016 0.0001843572587858385 0.0 0.0 0.0001843572587858385 0.0 0.0 0.0 0.0 0.0 0.0 0.0 0.0 0.0 0.0 0.0 0.0 0.0 0.0 0.0 0.0 0.0 
3053 3.017 0.00018449957272210747 0.0 0.0 0.00018449957272210747 0.0 0.0 0.0 0.0 0.0 0.0 0.0 0.0 0.0 0.0 0.0 0.0 0.0 0.0 0.0 0.0 0.0 
3054 3.018 0.00018464193722486695 0.0 0.0 0.00018464193722486695 0.0 0.0 0.0 0.0 0.0 0.0 0.0 0.0 0.0 0.0 0.0 0.0 0.0 0.0 0.0 0.0 0.0 
3055 3.019 0.0001847843522115821 0.0 0.0 0.0001847843522115821 0.0 0.0 0.0 0.0 0.0 0.0 0.0 0.0 0.0 0.0 0.0 0.0 0.0 0.0 0.0 0.0 0.0 
3056 3.02 0.00018492681759951332 0.0 0.0 0.00018492681759951332 0.0 0.0 0.0 0.0 0.0 0.0 0.0 0.0 0.0 0.0 0.0 0.0 0.0 0.0 0.0 0.0 0.0 
3057 3.021 0.0001850693333057161 0.0 0.0 0.0001850693333057161 0.0 0.0 0.0 0.0 0.0 0.0 0.0 0.0 0.0 0.0 0.0 0.0 0.0 0.0 0.0 0.0 0.0 
3058 3.022 0.00018521189924704053 0.0 0.0 0.00018521189924704053 0.0 0.0 0.0 0.0 0.0 0.0 0.0 0.0 0.0 0.0 0.0 0.0 0.0 0.0 0.0 0.0 0.0 
3059 3.023 0.00018535451534013148 0.0 0.0 0.00018535451534013148 0.0 0.0 0.0 0.0 0.0 0.0 0.0 0.0 0.0 0.0 0.0 0.0 0.0 0.0 0.0 0.0 0.0 
3060 3.024 0.0001854971815014279 0.0 0.0 0.0001854971815014279 0.0 0.0 0.0 0.0 0.0 0.0 0.0 0.0 0.0 0.0 0.0 0.0 0.0 0.0 0.0 0.0 0.0 
3061 3.025 0.0001856398976471633 0.0 0.0 0.0001856398976471633 0.0 0.0 0.0 0.0 0.0 0.0 0.0 0.0 0.0 0.0 0.0 0.0 0.0 0.0 0.0 0.0 0.0 
3062 3.026 0.000185782663693365 0.0 0.0 0.000185782663693365 0.0 0.0 0.0 0.0 0.0 0.0 0.0 0.0 0.0 0.0 0.0 0.0 0.0 0.0 0.0 0.0 0.0 
3063 3.027 0.00018592547955585413 0.0 0.0 0.00018592547955585413 0.0 0.0 0.0 0.0 0.0 0.0 0.0 0.0 0.0 0.0 0.0 0.0 0.0 0.0 0.0 0.0 0.0 
3064 3.028 0.00018606834515024542 0.0 0.0 0.00018606834515024542 0.0 0.0 0.0 0.0 0.0 0.0 0.0 0.0 0.0 0.0 0.0 0.0 0.0 0.0 0.0 0.0 0.0 
3065 3.029 0.00018621126039194708 0.0 0.0 0.00018621126039194708 0.0 0.0 0.0 0.0 0.0 0.0 0.0 0.0 0.0 0.0 0.0 0.0 0.0 0.0 0.0 0.0 0.0 
3066 3.03 0.00018635422519616064 0.0 0.0 0.00018635422519616064 0.0 0.0 0.0 0.0 0.0 0.0 0.0 0.0 0.0 0.0 0.0 0.0 0.0 0.0 0.0 0.0 0.0 
3067 3.031 0.00018649723947788036 0.0 0.0 0.00018649723947788036 0.0 0.0 0.0 0.0 0.0 0.0 0.0 0.0 0.0 0.0 0.0 0.0 0.0 0.0 0.0 0.0 0.0 
3068 3.032 0.0001866403031518937 0.0 0.0 0.0001866403031518937 0.0 0.0 0.0 0.0 0.0 0.0 0.0 0.0 0.0 0.0 0.0 0.0 0.0 0.0 0.0 0.0 0.0 
3069 3.033 0.00018678341613278043 0.0 0.0 0.00018678341613278043 0.0 0.0 0.0 0.0 0.0 0.0 0.0 0.0 0.0 0.0 0.0 0.0 0.0 0.0 0.0 0.0 0.0 
3070 3.034 0.00018692657833491313 0.0 0.0 0.00018692657833491313 0.0 0.0 0.0 0.0 0.0 0.0 0.0 0.0 0.0 0.0 0.0 0.0 0.0 0.0 0.0 0.0 0.0 
3071 3.035 0.00018706978967245643 0.0 0.0 0.00018706978967245643 0.0 0.0 0.0 0.0 0.0 0.0 0.0 0.0 0.0 0.0 0.0 0.0 0.0 0.0 0.0 0.0 0.0 
3072 3.036 0.00018721305005936698 0.0 0.0 0.00018721305005936698 0.0 0.0 0.0 0.0 0.0 0.0 0.0 0.0 0.0 0.0 0.0 0.0 0.0 0.0 0.0 0.0 0.0 
3073 3.037 0.00018735635940939348 0.0 0.0 0.00018735635940939348 0.0 0.0 0.0 0.0 0.0 0.0 0.0 0.0 0.0 0.0 0.0 0.0 0.0 0.0 0.0 0.0 0.0 
3074 3.038 0.00018749971763607612 0.0 0.0 0.00018749971763607612 0.0 0.0 0.0 0.0 0.0 0.0 0.0 0.0 0.0 0.0 0.0 0.0 0.0 0.0 0.0 0.0 0.0 
3075 3.039 0.00018764312465274674 0.0 0.0 0.00018764312465274674 0.0 0.0 0.0 0.0 0.0 0.0 0.0 0.0 0.0 0.0 0.0 0.0 0.0 0.0 0.0 0.0 0.0 
3076 3.04 0.00018778658037252845 0.0 0.0 0.00018778658037252845 0.0 0.0 0.0 0.0 0.0 0.0 0.0 0.0 0.0 0.0 0.0 0.0 0.0 0.0 0.0 0.0 0.0 
3077 3.041 0.00018793008470833542 0.0 0.0 0.00018793008470833542 0.0 0.0 0.0 0.0 0.0 0.0 0.0 0.0 0.0 0.0 0.0 0.0 0.0 0.0 0.0 0.0 0.0 
3078 3.042 0.00018807363757287273 0.0 0.0 0.00018807363757287273 0.0 0.0 0.0 0.0 0.0 0.0 0.0 0.0 0.0 0.0 0.0 0.0 0.0 0.0 0.0 0.0 0.0 
3079 3.043 0.00018821723887863626 0.0 0.0 0.00018821723887863626 0.0 0.0 0.0 0.0 0.0 0.0 0.0 0.0 0.0 0.0 0.0 0.0 0.0 0.0 0.0 0.0 0.0 
3080 3.044 0.00018836088853791237 0.0 0.0 0.00018836088853791237 0.0 0.0 0.0 0.0 0.0 0.0 0.0 0.0 0.0 0.0 0.0 0.0 0.0 0.0 0.0 0.0 0.0 
3081 3.045 0.00018850458646277782 0.0 0.0 0.00018850458646277782 0.0 0.0 0.0 0.0 0.0 0.0 0.0 0.0 0.0 0.0 0.0 0.0 0.0 0.0 0.0 0.0 0.0 
3082 3.046 0.0001886483325650994 0.0 0.0 0.0001886483325650994 0.0 0.0 0.0 0.0 0.0 0.0 0.0 0.0 0.0 0.0 0.0 0.0 0.0 0.0 0.0 0.0 0.0 
3083 3.047 0.00018879212675653397 0.0 0.0 0.00018879212675653397 0.0 0.0 0.0 0.0 0.0 0.0 0.0 0.0 0.0 0.0 0.0 0.0 0.0 0.0 0.0 0.0 0.0 
3084 3.048 0.0001889359689485281 0.0 0.0 0.0001889359689485281 0.0 0.0 0.0 0.0 0.0 0.0 0.0 0.0 0.0 0.0 0.0 0.0 0.0 0.0 0.0 0.0 0.0 
3085 3.049 0.000189079859052318 0.0 0.0 0.000189079859052318 0.0 0.0 0.0 0.0 0.0 0.0 0.0 0.0 0.0 0.0 0.0 0.0 0.0 0.0 0.0 0.0 0.0 
3086 3.05 0.0001892237969789292 0.0 0.0 0.0001892237969789292 0.0 0.0 0.0 0.0 0.0 0.0 0.0 0.0 0.0 0.0 0.0 0.0 0.0 0.0 0.0 0.0 0.0 
3087 3.051 0.00018936778263917647 0.0 0.0 0.00018936778263917647 0.0 0.0 0.0 0.0 0.0 0.0 0.0 0.0 0.0 0.0 0.0 0.0 0.0 0.0 0.0 0.0 0.0 
3088 3.052 0.00018951181594366364 0.0 0.0 0.00018951181594366364 0.0 0.0 0.0 0.0 0.0 0.0 0.0 0.0 0.0 0.0 0.0 0.0 0.0 0.0 0.0 0.0 0.0 
3089 3.053 0.00018965589680278316 0.0 0.0 0.00018965589680278316 0.0 0.0 0.0 0.0 0.0 0.0 0.0 0.0 0.0 0.0 0.0 0.0 0.0 0.0 0.0 0.0 0.0 
3090 3.053 0.0001898000251267164 0.0 0.0 0.0001898000251267164 0.0 0.0 0.0 0.0 0.0 0.0 0.0 0.0 0.0 0.0 0.0 0.0 0.0 0.0 0.0 0.0 0.0 
3091 3.054 0.0001899442008254329 0.0 0.0 0.0001899442008254329 0.0 0.0 0.0 0.0 0.0 0.0 0.0 0.0 0.0 0.0 0.0 0.0 0.0 0.0 0.0 0.0 0.0 
3092 3.055 0.00019008842380869058 0.0 0.0 0.00019008842380869058 0.0 0.0 0.0 0.0 0.0 0.0 0.0 0.0 0.0 0.0 0.0 0.0 0.0 0.0 0.0 0.0 0.0 
3093 3.056 0.00019023269398603542 0.0 0.0 0.00019023269398603542 0.0 0.0 0.0 0.0 0.0 0.0 0.0 0.0 0.0 0.0 0.0 0.0 0.0 0.0 0.0 0.0 0.0 
3094 3.057 0.00019037701126680125 0.0 0.0 0.00019037701126680125 0.0 0.0 0.0 0.0 0.0 0.0 0.0 0.0 0.0 0.0 0.0 0.0 0.0 0.0 0.0 0.0 0.0 
3095 3.058 0.00019052137556010957 0.0 0.0 0.00019052137556010957 0.0 0.0 0.0 0.0 0.0 0.0 0.0 0.0 0.0 0.0 0.0 0.0 0.0 0.0 0.0 0.0 0.0 
3096 3.059 0.00019066578677486942 0.0 0.0 0.00019066578677486942 0.0 0.0 0.0 0.0 0.0 0.0 0.0 0.0 0.0 0.0 0.0 0.0 0.0 0.0 0.0 0.0 0.0 
3097 3.06 0.00019081024481977702 0.0 0.0 0.00019081024481977702 0.0 0.0 0.0 0.0 0.0 0.0 0.0 0.0 0.0 0.0 0.0 0.0 0.0 0.0 0.0 0.0 0.0 
3098 3.061 0.00019095474960331585 0.0 0.0 0.00019095474960331585 0.0 0.0 0.0 0.0 0.0 0.0 0.0 0.0 0.0 0.0 0.0 0.0 0.0 0.0 0.0 0.0 0.0 
3099 3.062 0.00019109930103375627 0.0 0.0 0.00019109930103375627 0.0 0.0 0.0 0.0 0.0 0.0 0.0 0.0 0.0 0.0 0.0 0.0 0.0 0.0 0.0 0.0 0.0 
3100 3.063 0.00019124389901915536 0.0 0.0 0.00019124389901915536 0.0 0.0 0.0 0.0 0.0 0.0 0.0 0.0 0.0 0.0 0.0 0.0 0.0 0.0 0.0 0.0 0.0 
3101 3.064 0.0001913885434673567 0.0 0.0 0.0001913885434673567 0.0 0.0 0.0 0.0 0.0 0.0 0.0 0.0 0.0 0.0 0.0 0.0 0.0 0.0 0.0 0.0 0.0 
3102 3.065 0.00019153323428599032 0.0 0.0 0.00019153323428599032 0.0 0.0 0.0 0.0 0.0 0.0 0.0 0.0 0.0 0.0 0.0 0.0 0.0 0.0 0.0 0.0 0.0 
3103 3.066 0.0001916779713824724 0.0 0.0 0.0001916779713824724 0.0 0.0 0.0 0.0 0.0 0.0 0.0 0.0 0.0 0.0 0.0 0.0 0.0 0.0 0.0 0.0 0.0 
3104 3.067 0.00019182275466400514 0.0 0.0 0.00019182275466400514 0.0 0.0 0.0 0.0 0.0 0.0 0.0 0.0 0.0 0.0 0.0 0.0 0.0 0.0 0.0 0.0 0.0 
3105 3.068 0.0001919675840375764 0.0 0.0 0.0001919675840375764 0.0 0.0 0.0 0.0 0.0 0.0 0.0 0.0 0.0 0.0 0.0 0.0 0.0 0.0 0.0 0.0 0.0 
3106 3.069 0.00019211245940995984 0.0 0.0 0.00019211245940995984 0.0 0.0 0.0 0.0 0.0 0.0 0.0 0.0 0.0 0.0 0.0 0.0 0.0 0.0 0.0 0.0 0.0 
3107 3.07 0.00019225738068771446 0.0 0.0 0.00019225738068771446 0.0 0.0 0.0 0.0 0.0 0.0 0.0 0.0 0.0 0.0 0.0 0.0 0.0 0.0 0.0 0.0 0.0 
3108 3.071 0.00019240234777718446 0.0 0.0 0.00019240234777718446 0.0 0.0 0.0 0.0 0.0 0.0 0.0 0.0 0.0 0.0 0.0 0.0 0.0 0.0 0.0 0.0 0.0 
3109 3.072 0.00019254736058449913 0.0 0.0 0.00019254736058449913 0.0 0.0 0.0 0.0 0.0 0.0 0.0 0.0 0.0 0.0 0.0 0.0 0.0 0.0 0.0 0.0 0.0 
3110 3.073 0.00019269241901557254 0.0 0.0 0.00019269241901557254 0.0 0.0 0.0 0.0 0.0 0.0 0.0 0.0 0.0 0.0 0.0 0.0 0.0 0.0 0.0 0.0 0.0 
3111 3.074 0.00019283752297610368 0.0 0.0 0.00019283752297610368 0.0 0.0 0.0 0.0 0.0 0.0 0.0 0.0 0.0 0.0 0.0 0.0 0.0 0.0 0.0 0.0 0.0 
3112 3.075 0.00019298267237157583 0.0 0.0 0.00019298267237157583 0.0 0.0 0.0 0.0 0.0 0.0 0.0 0.0 0.0 0.0 0.0 0.0 0.0 0.0 0.0 0.0 0.0 
3113 3.076 0.0001931278671072566 0.0 0.0 0.0001931278671072566 0.0 0.0 0.0 0.0 0.0 0.0 0.0 0.0 0.0 0.0 0.0 0.0 0.0 0.0 0.0 0.0 0.0 
3114 3.077 0.00019327310708819776 0.0 0.0 0.00019327310708819776 0.0 0.0 0.0 0.0 0.0 0.0 0.0 0.0 0.0 0.0 0.0 0.0 0.0 0.0 0.0 0.0 0.0 
3115 3.078 0.000193418392219235 0.0 0.0 0.000193418392219235 0.0 0.0 0.0 0.0 0.0 0.0 0.0 0.0 0.0 0.0 0.0 0.0 0.0 0.0 0.0 0.0 0.0 
3116 3.079 0.00019356372240498778 0.0 0.0 0.00019356372240498778 0.0 0.0 0.0 0.0 0.0 0.0 0.0 0.0 0.0 0.0 0.0 0.0 0.0 0.0 0.0 0.0 0.0 
3117 3.08 0.00019370909754985908 0.0 0.0 0.00019370909754985908 0.0 0.0 0.0 0.0 0.0 0.0 0.0 0.0 0.0 0.0 0.0 0.0 0.0 0.0 0.0 0.0 0.0 
3118 3.081 0.00019385451755803536 0.0 0.0 0.00019385451755803536 0.0 0.0 0.0 0.0 0.0 0.0 0.0 0.0 0.0 0.0 0.0 0.0 0.0 0.0 0.0 0.0 0.0 
3119 3.082 0.00019399998233348616 0.0 0.0 0.00019399998233348616 0.0 0.0 0.0 0.0 0.0 0.0 0.0 0.0 0.0 0.0 0.0 0.0 0.0 0.0 0.0 0.0 0.0 
3120 3.083 0.00019414549177996411 0.0 0.0 0.00019414549177996411 0.0 0.0 0.0 0.0 0.0 0.0 0.0 0.0 0.0 0.0 0.0 0.0 0.0 0.0 0.0 0.0 0.0 
3121 3.084 0.0001942910458010046 0.0 0.0 0.0001942910458010046 0.0 0.0 0.0 0.0 0.0 0.0 0.0 0.0 0.0 0.0 0.0 0.0 0.0 0.0 0.0 0.0 0.0 
3122 3.085 0.00019443664429992576 0.0 0.0 0.00019443664429992576 0.0 0.0 0.0 0.0 0.0 0.0 0.0 0.0 0.0 0.0 0.0 0.0 0.0 0.0 0.0 0.0 0.0 
3123 3.086 0.00019458228717982807 0.0 0.0 0.00019458228717982807 0.0 0.0 0.0 0.0 0.0 0.0 0.0 0.0 0.0 0.0 0.0 0.0 0.0 0.0 0.0 0.0 0.0 
3124 3.087 0.00019472797434359448 0.0 0.0 0.00019472797434359448 0.0 0.0 0.0 0.0 0.0 0.0 0.0 0.0 0.0 0.0 0.0 0.0 0.0 0.0 0.0 0.0 0.0 
3125 3.088 0.00019487370569388967 0.0 0.0 0.00019487370569388967 0.0 0.0 0.0 0.0 0.0 0.0 0.0 0.0 0.0 0.0 0.0 0.0 0.0 0.0 0.0 0.0 0.0 
3126 3.089 0.00019501948113316057 0.0 0.0 0.00019501948113316057 0.0 0.0 0.0 0.0 0.0 0.0 0.0 0.0 0.0 0.0 0.0 0.0 0.0 0.0 0.0 0.0 0.0 
3127 3.09 0.00019516530056363577 0.0 0.0 0.00019516530056363577 0.0 0.0 0.0 0.0 0.0 0.0 0.0 0.0 0.0 0.0 0.0 0.0 0.0 0.0 0.0 0.0 0.0 
3128 3.091 0.00019531116388732527 0.0 0.0 0.00019531116388732527 0.0 0.0 0.0 0.0 0.0 0.0 0.0 0.0 0.0 0.0 0.0 0.0 0.0 0.0 0.0 0.0 0.0 
3129 3.092 0.00019545707100602063 0.0 0.0 0.00019545707100602063 0.0 0.0 0.0 0.0 0.0 0.0 0.0 0.0 0.0 0.0 0.0 0.0 0.0 0.0 0.0 0.0 0.0 
3130 3.093 0.00019560302182129423 0.0 0.0 0.00019560302182129423 0.0 0.0 0.0 0.0 0.0 0.0 0.0 0.0 0.0 0.0 0.0 0.0 0.0 0.0 0.0 0.0 0.0 
3131 3.094 0.00019574901623449994 0.0 0.0 0.00019574901623449994 0.0 0.0 0.0 0.0 0.0 0.0 0.0 0.0 0.0 0.0 0.0 0.0 0.0 0.0 0.0 0.0 0.0 
3132 3.095 0.00019589505414677208 0.0 0.0 0.00019589505414677208 0.0 0.0 0.0 0.0 0.0 0.0 0.0 0.0 0.0 0.0 0.0 0.0 0.0 0.0 0.0 0.0 0.0 
3133 3.096 0.00019604113545902569 0.0 0.0 0.00019604113545902569 0.0 0.0 0.0 0.0 0.0 0.0 0.0 0.0 0.0 0.0 0.0 0.0 0.0 0.0 0.0 0.0 0.0 
3134 3.097 0.00019618726007195636 0.0 0.0 0.00019618726007195636 0.0 0.0 0.0 0.0 0.0 0.0 0.0 0.0 0.0 0.0 0.0 0.0 0.0 0.0 0.0 0.0 0.0 
3135 3.098 0.00019633342788603976 0.0 0.0 0.00019633342788603976 0.0 0.0 0.0 0.0 0.0 0.0 0.0 0.0 0.0 0.0 0.0 0.0 0.0 0.0 0.0 0.0 0.0 
3136 3.099 0.0001964796388015318 0.0 0.0 0.0001964796388015318 0.0 0.0 0.0 0.0 0.0 0.0 0.0 0.0 0.0 0.0 0.0 0.0 0.0 0.0 0.0 0.0 0.0 
3137 3.1 0.00019662589271846834 0.0 0.0 0.00019662589271846834 0.0 0.0 0.0 0.0 0.0 0.0 0.0 0.0 0.0 0.0 0.0 0.0 0.0 0.0 0.0 0.0 0.0 
3138 3.101 0.00019677218953666466 0.0 0.0 0.00019677218953666466 0.0 0.0 0.0 0.0 0.0 0.0 0.0 0.0 0.0 0.0 0.0 0.0 0.0 0.0 0.0 0.0 0.0 
3139 3.102 0.00019691852915571604 0.0 0.0 0.00019691852915571604 0.0 0.0 0.0 0.0 0.0 0.0 0.0 0.0 0.0 0.0 0.0 0.0 0.0 0.0 0.0 0.0 0.0 
3140 3.103 0.00019706491147499682 0.0 0.0 0.00019706491147499682 0.0 0.0 0.0 0.0 0.0 0.0 0.0 0.0 0.0 0.0 0.0 0.0 0.0 0.0 0.0 0.0 0.0 
3141 3.104 0.00019721133639366047 0.0 0.0 0.00019721133639366047 0.0 0.0 0.0 0.0 0.0 0.0 0.0 0.0 0.0 0.0 0.0 0.0 0.0 0.0 0.0 0.0 0.0 
3142 3.105 0.00019735780381063963 0.0 0.0 0.00019735780381063963 0.0 0.0 0.0 0.0 0.0 0.0 0.0 0.0 0.0 0.0 0.0 0.0 0.0 0.0 0.0 0.0 0.0 
3143 3.106 0.00019750431362464582 0.0 0.0 0.00019750431362464582 0.0 0.0 0.0 0.0 0.0 0.0 0.0 0.0 0.0 0.0 0.0 0.0 0.0 0.0 0.0 0.0 0.0 
3144 3.107 0.00019765086573416898 0.0 0.0 0.00019765086573416898 0.0 0.0 0.0 0.0 0.0 0.0 0.0 0.0 0.0 0.0 0.0 0.0 0.0 0.0 0.0 0.0 0.0 
3145 3.108 0.00019779746003747764 0.0 0.0 0.00019779746003747764 0.0 0.0 0.0 0.0 0.0 0.0 0.0 0.0 0.0 0.0 0.0 0.0 0.0 0.0 0.0 0.0 0.0 
3146 3.109 0.00019794409643261865 0.0 0.0 0.00019794409643261865 0.0 0.0 0.0 0.0 0.0 0.0 0.0 0.0 0.0 0.0 0.0 0.0 0.0 0.0 0.0 0.0 0.0 
3147 3.11 0.00019809077481741693 0.0 0.0 0.00019809077481741693 0.0 0.0 0.0 0.0 0.0 0.0 0.0 0.0 0.0 0.0 0.0 0.0 0.0 0.0 0.0 0.0 0.0 
3148 3.111 0.00019823749508947534 0.0 0.0 0.00019823749508947534 0.0 0.0 0.0 0.0 0.0 0.0 0.0 0.0 0.0 0.0 0.0 0.0 0.0 0.0 0.0 0.0 0.0 
3149 3.112 0.00019838425714617435 0.0 0.0 0.00019838425714617435 0.0 0.0 0.0 0.0 0.0 0.0 0.0 0.0 0.0 0.0 0.0 0.0 0.0 0.0 0.0 0.0 0.0 
3150 3.113 0.00019853106088467228 0.0 0.0 0.00019853106088467228 0.0 0.0 0.0 0.0 0.0 0.0 0.0 0.0 0.0 0.0 0.0 0.0 0.0 0.0 0.0 0.0 0.0 
3151 3.114 0.0001986779062019046 0.0 0.0 0.0001986779062019046 0.0 0.0 0.0 0.0 0.0 0.0 0.0 0.0 0.0 0.0 0.0 0.0 0.0 0.0 0.0 0.0 0.0 
3152 3.115 0.0001988247929945841 0.0 0.0 0.0001988247929945841 0.0 0.0 0.0 0.0 0.0 0.0 0.0 0.0 0.0 0.0 0.0 0.0 0.0 0.0 0.0 0.0 0.0 
3153 3.116 0.00019897172115920054 0.0 0.0 0.00019897172115920054 0.0 0.0 0.0 0.0 0.0 0.0 0.0 0.0 0.0 0.0 0.0 0.0 0.0 0.0 0.0 0.0 0.0 
3154 3.117 0.00019911869059202072 0.0 0.0 0.00019911869059202072 0.0 0.0 0.0 0.0 0.0 0.0 0.0 0.0 0.0 0.0 0.0 0.0 0.0 0.0 0.0 0.0 0.0 
3155 3.118 0.00019926570118908787 0.0 0.0 0.00019926570118908787 0.0 0.0 0.0 0.0 0.0 0.0 0.0 0.0 0.0 0.0 0.0 0.0 0.0 0.0 0.0 0.0 0.0 
3156 3.119 0.00019941275284622193 0.0 0.0 0.00019941275284622193 0.0 0.0 0.0 0.0 0.0 0.0 0.0 0.0 0.0 0.0 0.0 0.0 0.0 0.0 0.0 0.0 0.0 
3157 3.12 0.00019955984545901907 0.0 0.0 0.00019955984545901907 0.0 0.0 0.0 0.0 0.0 0.0 0.0 0.0 0.0 0.0 0.0 0.0 0.0 0.0 0.0 0.0 0.0 
3158 3.121 0.00019970697892285151 0.0 0.0 0.00019970697892285151 0.0 0.0 0.0 0.0 0.0 0.0 0.0 0.0 0.0 0.0 0.0 0.0 0.0 0.0 0.0 0.0 0.0 
3159 3.122 0.00019985415313286776 0.0 0.0 0.00019985415313286776 0.0 0.0 0.0 0.0 0.0 0.0 0.0 0.0 0.0 0.0 0.0 0.0 0.0 0.0 0.0 0.0 0.0 
3160 3.123 0.00020000136798399188 0.0 0.0 0.00020000136798399188 0.0 0.0 0.0 0.0 0.0 0.0 0.0 0.0 0.0 0.0 0.0 0.0 0.0 0.0 0.0 0.0 0.0 
3161 3.124 0.00020014862337092357 0.0 0.0 0.00020014862337092357 0.0 0.0 0.0 0.0 0.0 0.0 0.0 0.0 0.0 0.0 0.0 0.0 0.0 0.0 0.0 0.0 0.0 
3162 3.125 0.00020029591918813803 0.0 0.0 0.00020029591918813803 0.0 0.0 0.0 0.0 0.0 0.0 0.0 0.0 0.0 0.0 0.0 0.0 0.0 0.0 0.0 0.0 0.0 
3163 3.126 0.00020044325532988573 0.0 0.0 0.00020044325532988573 0.0 0.0 0.0 0.0 0.0 0.0 0.0 0.0 0.0 0.0 0.0 0.0 0.0 0.0 0.0 0.0 0.0 
3164 3.127 0.00020059063169019232 0.0 0.0 0.00020059063169019232 0.0 0.0 0.0 0.0 0.0 0.0 0.0 0.0 0.0 0.0 0.0 0.0 0.0 0.0 0.0 0.0 0.0 
3165 3.128 0.00020073804816285828 0.0 0.0 0.00020073804816285828 0.0 0.0 0.0 0.0 0.0 0.0 0.0 0.0 0.0 0.0 0.0 0.0 0.0 0.0 0.0 0.0 0.0 
3166 3.129 0.00020088550464145873 0.0 0.0 0.00020088550464145873 0.0 0.0 0.0 0.0 0.0 0.0 0.0 0.0 0.0 0.0 0.0 0.0 0.0 0.0 0.0 0.0 0.0 
3167 3.13 0.00020103300101934364 0.0 0.0 0.00020103300101934364 0.0 0.0 0.0 0.0 0.0 0.0 0.0 0.0 0.0 0.0 0.0 0.0 0.0 0.0 0.0 0.0 0.0 
3168 3.131 0.0002011805371896372 0.0 0.0 0.0002011805371896372 0.0 0.0 0.0 0.0 0.0 0.0 0.0 0.0 0.0 0.0 0.0 0.0 0.0 0.0 0.0 0.0 0.0 
3169 3.132 0.00020132811304523782 0.0 0.0 0.00020132811304523782 0.0 0.0 0.0 0.0 0.0 0.0 0.0 0.0 0.0 0.0 0.0 0.0 0.0 0.0 0.0 0.0 0.0 
3170 3.133 0.00020147572847881802 0.0 0.0 0.00020147572847881802 0.0 0.0 0.0 0.0 0.0 0.0 0.0 0.0 0.0 0.0 0.0 0.0 0.0 0.0 0.0 0.0 0.0 
3171 3.134 0.00020162338338282422 0.0 0.0 0.00020162338338282422 0.0 0.0 0.0 0.0 0.0 0.0 0.0 0.0 0.0 0.0 0.0 0.0 0.0 0.0 0.0 0.0 0.0 
3172 3.135 0.00020177107764947656 0.0 0.0 0.00020177107764947656 0.0 0.0 0.0 0.0 0.0 0.0 0.0 0.0 0.0 0.0 0.0 0.0 0.0 0.0 0.0 0.0 0.0 
3173 3.136 0.0002019188111707686 0.0 0.0 0.0002019188111707686 0.0 0.0 0.0 0.0 0.0 0.0 0.0 0.0 0.0 0.0 0.0 0.0 0.0 0.0 0.0 0.0 0.0 
3174 3.136 0.00020206658383846725 0.0 0.0 0.00020206658383846725 0.0 0.0 0.0 0.0 0.0 0.0 0.0 0.0 0.0 0.0 0.0 0.0 0.0 0.0 0.0 0.0 0.0 
3175 3.137 0.00020221439554411294 0.0 0.0 0.00020221439554411294 0.0 0.0 0.0 0.0 0.0 0.0 0.0 0.0 0.0 0.0 0.0 0.0 0.0 0.0 0.0 0.0 0.0 
3176 3.138 0.00020236224617901867 0.0 0.0 0.00020236224617901867 0.0 0.0 0.0 0.0 0.0 0.0 0.0 0.0 0.0 0.0 0.0 0.0 0.0 0.0 0.0 0.0 0.0 
3177 3.139 0.0002025101356342706 0.0 0.0 0.0002025101356342706 0.0 0.0 0.0 0.0 0.0 0.0 0.0 0.0 0.0 0.0 0.0 0.0 0.0 0.0 0.0 0.0 0.0 
3178 3.14 0.00020265806380072746 0.0 0.0 0.00020265806380072746 0.0 0.0 0.0 0.0 0.0 0.0 0.0 0.0 0.0 0.0 0.0 0.0 0.0 0.0 0.0 0.0 0.0 
3179 3.141 0.00020280603056902044 0.0 0.0 0.00020280603056902044 0.0 0.0 0.0 0.0 0.0 0.0 0.0 0.0 0.0 0.0 0.0 0.0 0.0 0.0 0.0 0.0 0.0 
3180 3.142 0.00020295403582955317 0.0 0.0 0.00020295403582955317 0.0 0.0 0.0 0.0 0.0 0.0 0.0 0.0 0.0 0.0 0.0 0.0 0.0 0.0 0.0 0.0 0.0 
3181 3.143 0.00020310207947250137 0.0 0.0 0.00020310207947250137 0.0 0.0 0.0 0.0 0.0 0.0 0.0 0.0 0.0 0.0 0.0 0.0 0.0 0.0 0.0 0.0 0.0 
3182 3.144 0.00020325016138781268 0.0 0.0 0.00020325016138781268 0.0 0.0 0.0 0.0 0.0 0.0 0.0 0.0 0.0 0.0 0.0 0.0 0.0 0.0 0.0 0.0 0.0 
3183 3.145 0.0002033982814652067 0.0 0.0 0.0002033982814652067 0.0 0.0 0.0 0.0 0.0 0.0 0.0 0.0 0.0 0.0 0.0 0.0 0.0 0.0 0.0 0.0 0.0 
3184 3.146 0.00020354643959417468 0.0 0.0 0.00020354643959417468 0.0 0.0 0.0 0.0 0.0 0.0 0.0 0.0 0.0 0.0 0.0 0.0 0.0 0.0 0.0 0.0 0.0 
3185 3.147 0.00020369463566397925 0.0 0.0 0.00020369463566397925 0.0 0.0 0.0 0.0 0.0 0.0 0.0 0.0 0.0 0.0 0.0 0.0 0.0 0.0 0.0 0.0 0.0 
3186 3.148 0.00020384286956365435 0.0 0.0 0.00020384286956365435 0.0 0.0 0.0 0.0 0.0 0.0 0.0 0.0 0.0 0.0 0.0 0.0 0.0 0.0 0.0 0.0 0.0 
3187 3.149 0.00020399114118200518 0.0 0.0 0.00020399114118200518 0.0 0.0 0.0 0.0 0.0 0.0 0.0 0.0 0.0 0.0 0.0 0.0 0.0 0.0 0.0 0.0 0.0 
3188 3.15 0.00020413945040760793 0.0 0.0 0.00020413945040760793 0.0 0.0 0.0 0.0 0.0 0.0 0.0 0.0 0.0 0.0 0.0 0.0 0.0 0.0 0.0 0.0 0.0 
3189 3.151 0.00020428779712880938 0.0 0.0 0.00020428779712880938 0.0 0.0 0.0 0.0 0.0 0.0 0.0 0.0 0.0 0.0 0.0 0.0 0.0 0.0 0.0 0.0 0.0 
3190 3.152 0.0002044361812337271 0.0 0.0 0.0002044361812337271 0.0 0.0 0.0 0.0 0.0 0.0 0.0 0.0 0.0 0.0 0.0 0.0 0.0 0.0 0.0 0.0 0.0 
3191 3.153 0.00020458460261024925 0.0 0.0 0.00020458460261024925 0.0 0.0 0.0 0.0 0.0 0.0 0.0 0.0 0.0 0.0 0.0 0.0 0.0 0.0 0.0 0.0 0.0 
3192 3.154 0.00020473306114603398 0.0 0.0 0.00020473306114603398 0.0 0.0 0.0 0.0 0.0 0.0 0.0 0.0 0.0 0.0 0.0 0.0 0.0 0.0 0.0 0.0 0.0 
3193 3.155 0.00020488155672850986 0.0 0.0 0.00020488155672850986 0.0 0.0 0.0 0.0 0.0 0.0 0.0 0.0 0.0 0.0 0.0 0.0 0.0 0.0 0.0 0.0 0.0 
3194 3.156 0.00020503008924487533 0.0 0.0 0.00020503008924487533 0.0 0.0 0.0 0.0 0.0 0.0 0.0 0.0 0.0 0.0 0.0 0.0 0.0 0.0 0.0 0.0 0.0 
3195 3.157 0.00020517865858209856 0.0 0.0 0.00020517865858209856 0.0 0.0 0.0 0.0 0.0 0.0 0.0 0.0 0.0 0.0 0.0 0.0 0.0 0.0 0.0 0.0 0.0 
3196 3.158 0.00020532726462691738 0.0 0.0 0.00020532726462691738 0.0 0.0 0.0 0.0 0.0 0.0 0.0 0.0 0.0 0.0 0.0 0.0 0.0 0.0 0.0 0.0 0.0 
3197 3.159 0.00020547590726583922 0.0 0.0 0.00020547590726583922 0.0 0.0 0.0 0.0 0.0 0.0 0.0 0.0 0.0 0.0 0.0 0.0 0.0 0.0 0.0 0.0 0.0 
3198 3.16 0.00020562458638514062 0.0 0.0 0.00020562458638514062 0.0 0.0 0.0 0.0 0.0 0.0 0.0 0.0 0.0 0.0 0.0 0.0 0.0 0.0 0.0 0.0 0.0 
3199 3.161 0.00020577330187086744 0.0 0.0 0.00020577330187086744 0.0 0.0 0.0 0.0 0.0 0.0 0.0 0.0 0.0 0.0 0.0 0.0 0.0 0.0 0.0 0.0 0.0 
3200 3.162 0.00020592205360883434 0.0 0.0 0.00020592205360883434 0.0 0.0 0.0 0.0 0.0 0.0 0.0 0.0 0.0 0.0 0.0 0.0 0.0 0.0 0.0 0.0 0.0 
3201 3.163 0.00020607084148462483 0.0 0.0 0.00020607084148462483 0.0 0.0 0.0 0.0 0.0 0.0 0.0 0.0 0.0 0.0 0.0 0.0 0.0 0.0 0.0 0.0 0.0 
3202 3.164 0.00020621966538359121 0.0 0.0 0.00020621966538359121 0.0 0.0 0.0 0.0 0.0 0.0 0.0 0.0 0.0 0.0 0.0 0.0 0.0 0.0 0.0 0.0 0.0 
3203 3.165 0.00020636852519085393 0.0 0.0 0.00020636852519085393 0.0 0.0 0.0 0.0 0.0 0.0 0.0 0.0 0.0 0.0 0.0 0.0 0.0 0.0 0.0 0.0 0.0 
3204 3.166 0.00020651742079130214 0.0 0.0 0.00020651742079130214 0.0 0.0 0.0 0.0 0.0 0.0 0.0 0.0 0.0 0.0 0.0 0.0 0.0 0.0 0.0 0.0 0.0 
3205 3.167 0.00020666635206959287 0.0 0.0 0.00020666635206959287 0.0 0.0 0.0 0.0 0.0 0.0 0.0 0.0 0.0 0.0 0.0 0.0 0.0 0.0 0.0 0.0 0.0 
3206 3.168 0.00020681531891015122 0.0 0.0 0.00020681531891015122 0.0 0.0 0.0 0.0 0.0 0.0 0.0 0.0 0.0 0.0 0.0 0.0 0.0 0.0 0.0 0.0 0.0 
3207 3.169 0.0002069643211971701 0.0 0.0 0.0002069643211971701 0.0 0.0 0.0 0.0 0.0 0.0 0.0 0.0 0.0 0.0 0.0 0.0 0.0 0.0 0.0 0.0 0.0 
3208 3.17 0.00020711335881460998 0.0 0.0 0.00020711335881460998 0.0 0.0 0.0 0.0 0.0 0.0 0.0 0.0 0.0 0.0 0.0 0.0 0.0 0.0 0.0 0.0 0.0 
3209 3.171 0.00020726243164619903 0.0 0.0 0.00020726243164619903 0.0 0.0 0.0 0.0 0.0 0.0 0.0 0.0 0.0 0.0 0.0 0.0 0.0 0.0 0.0 0.0 0.0 
3210 3.172 0.00020741153957543258 0.0 0.0 0.00020741153957543258 0.0 0.0 0.0 0.0 0.0 0.0 0.0 0.0 0.0 0.0 0.0 0.0 0.0 0.0 0.0 0.0 0.0 
3211 3.173 0.00020756068248557315 0.0 0.0 0.00020756068248557315 0.0 0.0 0.0 0.0 0.0 0.0 0.0 0.0 0.0 0.0 0.0 0.0 0.0 0.0 0.0 0.0 0.0 
3212 3.174 0.00020770986025965034 0.0 0.0 0.00020770986025965034 0.0 0.0 0.0 0.0 0.0 0.0 0.0 0.0 0.0 0.0 0.0 0.0 0.0 0.0 0.0 0.0 0.0 
3213 3.175 0.00020785907278046055 0.0 0.0 0.00020785907278046055 0.0 0.0 0.0 0.0 0.0 0.0 0.0 0.0 0.0 0.0 0.0 0.0 0.0 0.0 0.0 0.0 0.0 
3214 3.176 0.00020800831993056674 0.0 0.0 0.00020800831993056674 0.0 0.0 0.0 0.0 0.0 0.0 0.0 0.0 0.0 0.0 0.0 0.0 0.0 0.0 0.0 0.0 0.0 
3215 3.177 0.00020815760159229862 0.0 0.0 0.00020815760159229862 0.0 0.0 0.0 0.0 0.0 0.0 0.0 0.0 0.0 0.0 0.0 0.0 0.0 0.0 0.0 0.0 0.0 
3216 3.178 0.00020830691764775215 0.0 0.0 0.00020830691764775215 0.0 0.0 0.0 0.0 0.0 0.0 0.0 0.0 0.0 0.0 0.0 0.0 0.0 0.0 0.0 0.0 0.0 
3217 3.179 0.00020845626797878937 0.0 0.0 0.00020845626797878937 0.0 0.0 0.0 0.0 0.0 0.0 0.0 0.0 0.0 0.0 0.0 0.0 0.0 0.0 0.0 0.0 0.0 
3218 3.18 0.00020860565246703857 0.0 0.0 0.00020860565246703857 0.0 0.0 0.0 0.0 0.0 0.0 0.0 0.0 0.0 0.0 0.0 0.0 0.0 0.0 0.0 0.0 0.0 
3219 3.181 0.00020875507099389374 0.0 0.0 0.00020875507099389374 0.0 0.0 0.0 0.0 0.0 0.0 0.0 0.0 0.0 0.0 0.0 0.0 0.0 0.0 0.0 0.0 0.0 
3220 3.182 0.0002089045234405147 0.0 0.0 0.0002089045234405147 0.0 0.0 0.0 0.0 0.0 0.0 0.0 0.0 0.0 0.0 0.0 0.0 0.0 0.0 0.0 0.0 0.0 
3221 3.183 0.00020905400968782687 0.0 0.0 0.00020905400968782687 0.0 0.0 0.0 0.0 0.0 0.0 0.0 0.0 0.0 0.0 0.0 0.0 0.0 0.0 0.0 0.0 0.0 
3222 3.184 0.00020920352961652076 0.0 0.0 0.00020920352961652076 0.0 0.0 0.0 0.0 0.0 0.0 0.0 0.0 0.0 0.0 0.0 0.0 0.0 0.0 0.0 0.0 0.0 
3223 3.185 0.00020935308310705256 0.0 0.0 0.00020935308310705256 0.0 0.0 0.0 0.0 0.0 0.0 0.0 0.0 0.0 0.0 0.0 0.0 0.0 0.0 0.0 0.0 0.0 
3224 3.186 0.0002095026700396433 0.0 0.0 0.0002095026700396433 0.0 0.0 0.0 0.0 0.0 0.0 0.0 0.0 0.0 0.0 0.0 0.0 0.0 0.0 0.0 0.0 0.0 
3225 3.187 0.00020965229029427888 0.0 0.0 0.00020965229029427888 0.0 0.0 0.0 0.0 0.0 0.0 0.0 0.0 0.0 0.0 0.0 0.0 0.0 0.0 0.0 0.0 0.0 
3226 3.188 0.00020980194375071017 0.0 0.0 0.00020980194375071017 0.0 0.0 0.0 0.0 0.0 0.0 0.0 0.0 0.0 0.0 0.0 0.0 0.0 0.0 0.0 0.0 0.0 
3227 3.189 0.00020995163028845248 0.0 0.0 0.00020995163028845248 0.0 0.0 0.0 0.0 0.0 0.0 0.0 0.0 0.0 0.0 0.0 0.0 0.0 0.0 0.0 0.0 0.0 
3228 3.19 0.0002101013497867855 0.0 0.0 0.0002101013497867855 0.0 0.0 0.0 0.0 0.0 0.0 0.0 0.0 0.0 0.0 0.0 0.0 0.0 0.0 0.0 0.0 0.0 
3229 3.191 0.00021025110212475354 0.0 0.0 0.00021025110212475354 0.0 0.0 0.0 0.0 0.0 0.0 0.0 0.0 0.0 0.0 0.0 0.0 0.0 0.0 0.0 0.0 0.0 
3230 3.192 0.00021040088718116476 0.0 0.0 0.00021040088718116476 0.0 0.0 0.0 0.0 0.0 0.0 0.0 0.0 0.0 0.0 0.0 0.0 0.0 0.0 0.0 0.0 0.0 
3231 3.193 0.00021055070483459132 0.0 0.0 0.00021055070483459132 0.0 0.0 0.0 0.0 0.0 0.0 0.0 0.0 0.0 0.0 0.0 0.0 0.0 0.0 0.0 0.0 0.0 
3232 3.194 0.00021070055496336934 0.0 0.0 0.00021070055496336934 0.0 0.0 0.0 0.0 0.0 0.0 0.0 0.0 0.0 0.0 0.0 0.0 0.0 0.0 0.0 0.0 0.0 
3233 3.195 0.00021085043744559855 0.0 0.0 0.00021085043744559855 0.0 0.0 0.0 0.0 0.0 0.0 0.0 0.0 0.0 0.0 0.0 0.0 0.0 0.0 0.0 0.0 0.0 
3234 3.196 0.0002110003521591421 0.0 0.0 0.0002110003521591421 0.0 0.0 0.0 0.0 0.0 0.0 0.0 0.0 0.0 0.0 0.0 0.0 0.0 0.0 0.0 0.0 0.0 
3235 3.197 0.0002111502989816267 0.0 0.0 0.0002111502989816267 0.0 0.0 0.0 0.0 0.0 0.0 0.0 0.0 0.0 0.0 0.0 0.0 0.0 0.0 0.0 0.0 0.0 
3236 3.198 0.000211300277790442 0.0 0.0 0.000211300277790442 0.0 0.0 0.0 0.0 0.0 0.0 0.0 0.0 0.0 0.0 0.0 0.0 0.0 0.0 0.0 0.0 0.0 
3237 3.199 0.00021145028846274107 0.0 0.0 0.00021145028846274107 0.0 0.0 0.0 0.0 0.0 0.0 0.0 0.0 0.0 0.0 0.0 0.0 0.0 0.0 0.0 0.0 0.0 
3238 3.2 0.00021160033087543945 0.0 0.0 0.00021160033087543945 0.0 0.0 0.0 0.0 0.0 0.0 0.0 0.0 0.0 0.0 0.0 0.0 0.0 0.0 0.0 0.0 0.0 
3239 3.201 0.00021175040490521566 0.0 0.0 0.00021175040490521566 0.0 0.0 0.0 0.0 0.0 0.0 0.0 0.0 0.0 0.0 0.0 0.0 0.0 0.0 0.0 0.0 0.0 
3240 3.202 0.00021190051042851085 0.0 0.0 0.00021190051042851085 0.0 0.0 0.0 0.0 0.0 0.0 0.0 0.0 0.0 0.0 0.0 0.0 0.0 0.0 0.0 0.0 0.0 
3241 3.203 0.00021205064732152847 0.0 0.0 0.00021205064732152847 0.0 0.0 0.0 0.0 0.0 0.0 0.0 0.0 0.0 0.0 0.0 0.0 0.0 0.0 0.0 0.0 0.0 
3242 3.204 0.00021220081546023434 0.0 0.0 0.00021220081546023434 0.0 0.0 0.0 0.0 0.0 0.0 0.0 0.0 0.0 0.0 0.0 0.0 0.0 0.0 0.0 0.0 0.0 
3243 3.205 0.00021235101472035642 0.0 0.0 0.00021235101472035642 0.0 0.0 0.0 0.0 0.0 0.0 0.0 0.0 0.0 0.0 0.0 0.0 0.0 0.0 0.0 0.0 0.0 
3244 3.206 0.00021250124497738455 0.0 0.0 0.00021250124497738455 0.0 0.0 0.0 0.0 0.0 0.0 0.0 0.0 0.0 0.0 0.0 0.0 0.0 0.0 0.0 0.0 0.0 
3245 3.207 0.00021265150610657048 0.0 0.0 0.00021265150610657048 0.0 0.0 0.0 0.0 0.0 0.0 0.0 0.0 0.0 0.0 0.0 0.0 0.0 0.0 0.0 0.0 0.0 
3246 3.208 0.0002128017979829277 0.0 0.0 0.0002128017979829277 0.0 0.0 0.0 0.0 0.0 0.0 0.0 0.0 0.0 0.0 0.0 0.0 0.0 0.0 0.0 0.0 0.0 
3247 3.209 0.00021295212048123098 0.0 0.0 0.00021295212048123098 0.0 0.0 0.0 0.0 0.0 0.0 0.0 0.0 0.0 0.0 0.0 0.0 0.0 0.0 0.0 0.0 0.0 
3248 3.21 0.00021310247347601676 0.0 0.0 0.00021310247347601676 0.0 0.0 0.0 0.0 0.0 0.0 0.0 0.0 0.0 0.0 0.0 0.0 0.0 0.0 0.0 0.0 0.0 
3249 3.211 0.0002132528568415825 0.0 0.0 0.0002132528568415825 0.0 0.0 0.0 0.0 0.0 0.0 0.0 0.0 0.0 0.0 0.0 0.0 0.0 0.0 0.0 0.0 0.0 
3250 3.212 0.0002134032704519869 0.0 0.0 0.0002134032704519869 0.0 0.0 0.0 0.0 0.0 0.0 0.0 0.0 0.0 0.0 0.0 0.0 0.0 0.0 0.0 0.0 0.0 
3251 3.213 0.00021355371418104935 0.0 0.0 0.00021355371418104935 0.0 0.0 0.0 0.0 0.0 0.0 0.0 0.0 0.0 0.0 0.0 0.0 0.0 0.0 0.0 0.0 0.0 
3252 3.214 0.00021370418790235028 0.0 0.0 0.00021370418790235028 0.0 0.0 0.0 0.0 0.0 0.0 0.0 0.0 0.0 0.0 0.0 0.0 0.0 0.0 0.0 0.0 0.0 
3253 3.215 0.00021385469148923054 0.0 0.0 0.00021385469148923054 0.0 0.0 0.0 0.0 0.0 0.0 0.0 0.0 0.0 0.0 0.0 0.0 0.0 0.0 0.0 0.0 0.0 
3254 3.216 0.00021400522481479162 0.0 0.0 0.00021400522481479162 0.0 0.0 0.0 0.0 0.0 0.0 0.0 0.0 0.0 0.0 0.0 0.0 0.0 0.0 0.0 0.0 0.0 
3255 3.217 0.00021415578775189515 0.0 0.0 0.00021415578775189515 0.0 0.0 0.0 0.0 0.0 0.0 0.0 0.0 0.0 0.0 0.0 0.0 0.0 0.0 0.0 0.0 0.0 
3256 3.218 0.00021430638017316302 0.0 0.0 0.00021430638017316302 0.0 0.0 0.0 0.0 0.0 0.0 0.0 0.0 0.0 0.0 0.0 0.0 0.0 0.0 0.0 0.0 0.0 
3257 3.219 0.0002144570019509773 0.0 0.0 0.0002144570019509773 0.0 0.0 0.0 0.0 0.0 0.0 0.0 0.0 0.0 0.0 0.0 0.0 0.0 0.0 0.0 0.0 0.0 
3258 3.22 0.00021460765295747987 0.0 0.0 0.00021460765295747987 0.0 0.0 0.0 0.0 0.0 0.0 0.0 0.0 0.0 0.0 0.0 0.0 0.0 0.0 0.0 0.0 0.0 
3259 3.22 0.00021475833306457216 0.0 0.0 0.00021475833306457216 0.0 0.0 0.0 0.0 0.0 0.0 0.0 0.0 0.0 0.0 0.0 0.0 0.0 0.0 0.0 0.0 0.0 
3260 3.221 0.00021490904214391534 0.0 0.0 0.00021490904214391534 0.0 0.0 0.0 0.0 0.0 0.0 0.0 0.0 0.0 0.0 0.0 0.0 0.0 0.0 0.0 0.0 0.0 
3261 3.222 0.00021505978006693013 0.0 0.0 0.00021505978006693013 0.0 0.0 0.0 0.0 0.0 0.0 0.0 0.0 0.0 0.0 0.0 0.0 0.0 0.0 0.0 0.0 0.0 
3262 3.223 0.00021521054670479636 0.0 0.0 0.00021521054670479636 0.0 0.0 0.0 0.0 0.0 0.0 0.0 0.0 0.0 0.0 0.0 0.0 0.0 0.0 0.0 0.0 0.0 
3263 3.224 0.0002153613419284532 0.0 0.0 0.0002153613419284532 0.0 0.0 0.0 0.0 0.0 0.0 0.0 0.0 0.0 0.0 0.0 0.0 0.0 0.0 0.0 0.0 0.0 
3264 3.225 0.00021551216560859865 0.0 0.0 0.00021551216560859865 0.0 0.0 0.0 0.0 0.0 0.0 0.0 0.0 0.0 0.0 0.0 0.0 0.0 0.0 0.0 0.0 0.0 
3265 3.226 0.00021566301761568956 0.0 0.0 0.00021566301761568956 0.0 0.0 0.0 0.0 0.0 0.0 0.0 0.0 0.0 0.0 0.0 0.0 0.0 0.0 0.0 0.0 0.0 
3266 3.227 0.0002158138978199418 0.0 0.0 0.0002158138978199418 0.0 0.0 0.0 0.0 0.0 0.0 0.0 0.0 0.0 0.0 0.0 0.0 0.0 0.0 0.0 0.0 0.0 
3267 3.228 0.00021596480609132956 0.0 0.0 0.00021596480609132956 0.0 0.0 0.0 0.0 0.0 0.0 0.0 0.0 0.0 0.0 0.0 0.0 0.0 0.0 0.0 0.0 0.0 
3268 3.229 0.00021611574229958542 0.0 0.0 0.00021611574229958542 0.0 0.0 0.0 0.0 0.0 0.0 0.0 0.0 0.0 0.0 0.0 0.0 0.0 0.0 0.0 0.0 0.0 
3269 3.23 0.0002162667063142005 0.0 0.0 0.0002162667063142005 0.0 0.0 0.0 0.0 0.0 0.0 0.0 0.0 0.0 0.0 0.0 0.0 0.0 0.0 0.0 0.0 0.0 
3270 3.231 0.00021641769800442374 0.0 0.0 0.00021641769800442374 0.0 0.0 0.0 0.0 0.0 0.0 0.0 0.0 0.0 0.0 0.0 0.0 0.0 0.0 0.0 0.0 0.0 
3271 3.232 0.00021656871723926238 0.0 0.0 0.00021656871723926238 0.0 0.0 0.0 0.0 0.0 0.0 0.0 0.0 0.0 0.0 0.0 0.0 0.0 0.0 0.0 0.0 0.0 
3272 3.233 0.0002167197638874814 0.0 0.0 0.0002167197638874814 0.0 0.0 0.0 0.0 0.0 0.0 0.0 0.0 0.0 0.0 0.0 0.0 0.0 0.0 0.0 0.0 0.0 
3273 3.234 0.00021687083781760344 0.0 0.0 0.00021687083781760344 0.0 0.0 0.0 0.0 0.0 0.0 0.0 0.0 0.0 0.0 0.0 0.0 0.0 0.0 0.0 0.0 0.0 
3274 3.235 0.00021702193889790888 0.0 0.0 0.00021702193889790888 0.0 0.0 0.0 0.0 0.0 0.0 0.0 0.0 0.0 0.0 0.0 0.0 0.0 0.0 0.0 0.0 0.0 
3275 3.236 0.0002171730669964354 0.0 0.0 0.0002171730669964354 0.0 0.0 0.0 0.0 0.0 0.0 0.0 0.0 0.0 0.0 0.0 0.0 0.0 0.0 0.0 0.0 0.0 
3276 3.237 0.00021732422198097805 0.0 0.0 0.00021732422198097805 0.0 0.0 0.0 0.0 0.0 0.0 0.0 0.0 0.0 0.0 0.0 0.0 0.0 0.0 0.0 0.0 0.0 
3277 3.238 0.00021747540371908888 0.0 0.0 0.00021747540371908888 0.0 0.0 0.0 0.0 0.0 0.0 0.0 0.0 0.0 0.0 0.0 0.0 0.0 0.0 0.0 0.0 0.0 
3278 3.239 0.00021762661207807727 0.0 0.0 0.00021762661207807727 0.0 0.0 0.0 0.0 0.0 0.0 0.0 0.0 0.0 0.0 0.0 0.0 0.0 0.0 0.0 0.0 0.0 
3279 3.24 0.0002177778469250092 0.0 0.0 0.0002177778469250092 0.0 0.0 0.0 0.0 0.0 0.0 0.0 0.0 0.0 0.0 0.0 0.0 0.0 0.0 0.0 0.0 0.0 
3280 3.241 0.00021792910812670746 0.0 0.0 0.00021792910812670746 0.0 0.0 0.0 0.0 0.0 0.0 0.0 0.0 0.0 0.0 0.0 0.0 0.0 0.0 0.0 0.0 0.0 
3281 3.242 0.00021808039554975156 0.0 0.0 0.00021808039554975156 0.0 0.0 0.0 0.0 0.0 0.0 0.0 0.0 0.0 0.0 0.0 0.0 0.0 0.0 0.0 0.0 0.0 
3282 3.243 0.00021823170906047734 0.0 0.0 0.00021823170906047734 0.0 0.0 0.0 0.0 0.0 0.0 0.0 0.0 0.0 0.0 0.0 0.0 0.0 0.0 0.0 0.0 0.0 
3283 3.244 0.00021838304852497692 0.0 0.0 0.00021838304852497692 0.0 0.0 0.0 0.0 0.0 0.0 0.0 0.0 0.0 0.0 0.0 0.0 0.0 0.0 0.0 0.0 0.0 
3284 3.245 0.00021853441380909882 0.0 0.0 0.00021853441380909882 0.0 0.0 0.0 0.0 0.0 0.0 0.0 0.0 0.0 0.0 0.0 0.0 0.0 0.0 0.0 0.0 0.0 
3285 3.246 0.00021868580477844737 0.0 0.0 0.00021868580477844737 0.0 0.0 0.0 0.0 0.0 0.0 0.0 0.0 0.0 0.0 0.0 0.0 0.0 0.0 0.0 0.0 0.0 
3286 3.247 0.000218837221298383 0.0 0.0 0.000218837221298383 0.0 0.0 0.0 0.0 0.0 0.0 0.0 0.0 0.0 0.0 0.0 0.0 0.0 0.0 0.0 0.0 0.0 
3287 3.248 0.00021898866323402183 0.0 0.0 0.00021898866323402183 0.0 0.0 0.0 0.0 0.0 0.0 0.0 0.0 0.0 0.0 0.0 0.0 0.0 0.0 0.0 0.0 0.0 
3288 3.249 0.00021914013045023562 0.0 0.0 0.00021914013045023562 0.0 0.0 0.0 0.0 0.0 0.0 0.0 0.0 0.0 0.0 0.0 0.0 0.0 0.0 0.0 0.0 0.0 
3289 3.25 0.0002192916228116515 0.0 0.0 0.0002192916228116515 0.0 0.0 0.0 0.0 0.0 0.0 0.0 0.0 0.0 0.0 0.0 0.0 0.0 0.0 0.0 0.0 0.0 
3290 3.251 0.00021944314018265234 0.0 0.0 0.00021944314018265234 0.0 0.0 0.0 0.0 0.0 0.0 0.0 0.0 0.0 0.0 0.0 0.0 0.0 0.0 0.0 0.0 0.0 
3291 3.252 0.0002195946824273759 0.0 0.0 0.0002195946824273759 0.0 0.0 0.0 0.0 0.0 0.0 0.0 0.0 0.0 0.0 0.0 0.0 0.0 0.0 0.0 0.0 0.0 
3292 3.253 0.0002197462494097152 0.0 0.0 0.0002197462494097152 0.0 0.0 0.0 0.0 0.0 0.0 0.0 0.0 0.0 0.0 0.0 0.0 0.0 0.0 0.0 0.0 0.0 
3293 3.254 0.00021989784099331813 0.0 0.0 0.00021989784099331813 0.0 0.0 0.0 0.0 0.0 0.0 0.0 0.0 0.0 0.0 0.0 0.0 0.0 0.0 0.0 0.0 0.0 
3294 3.255 0.0002200494570415874 0.0 0.0 0.0002200494570415874 0.0 0.0 0.0 0.0 0.0 0.0 0.0 0.0 0.0 0.0 0.0 0.0 0.0 0.0 0.0 0.0 0.0 
3295 3.256 0.00022020109741768067 0.0 0.0 0.00022020109741768067 0.0 0.0 0.0 0.0 0.0 0.0 0.0 0.0 0.0 0.0 0.0 0.0 0.0 0.0 0.0 0.0 0.0 
3296 3.257 0.00022035276198450985 0.0 0.0 0.00022035276198450985 0.0 0.0 0.0 0.0 0.0 0.0 0.0 0.0 0.0 0.0 0.0 0.0 0.0 0.0 0.0 0.0 0.0 
3297 3.258 0.00022050445060474148 0.0 0.0 0.00022050445060474148 0.0 0.0 0.0 0.0 0.0 0.0 0.0 0.0 0.0 0.0 0.0 0.0 0.0 0.0 0.0 0.0 0.0 
3298 3.259 0.00022065616314079624 0.0 0.0 0.00022065616314079624 0.0 0.0 0.0 0.0 0.0 0.0 0.0 0.0 0.0 0.0 0.0 0.0 0.0 0.0 0.0 0.0 0.0 
3299 3.26 0.00022080789945484917 0.0 0.0 0.00022080789945484917 0.0 0.0 0.0 0.0 0.0 0.0 0.0 0.0 0.0 0.0 0.0 0.0 0.0 0.0 0.0 0.0 0.0 
3300 3.261 0.0002209596594088292 0.0 0.0 0.0002209596594088292 0.0 0.0 0.0 0.0 0.0 0.0 0.0 0.0 0.0 0.0 0.0 0.0 0.0 0.0 0.0 0.0 0.0 
3301 3.262 0.0002211114428644192 0.0 0.0 0.0002211114428644192 0.0 0.0 0.0 0.0 0.0 0.0 0.0 0.0 0.0 0.0 0.0 0.0 0.0 0.0 0.0 0.0 0.0 
3302 3.263 0.00022126324968305602 0.0 0.0 0.00022126324968305602 0.0 0.0 0.0 0.0 0.0 0.0 0.0 0.0 0.0 0.0 0.0 0.0 0.0 0.0 0.0 0.0 0.0 
3303 3.264 0.00022141507972592967 0.0 0.0 0.00022141507972592967 0.0 0.0 0.0 0.0 0.0 0.0 0.0 0.0 0.0 0.0 0.0 0.0 0.0 0.0 0.0 0.0 0.0 
3304 3.265 0.00022156693285398422 0.0 0.0 0.00022156693285398422 0.0 0.0 0.0 0.0 0.0 0.0 0.0 0.0 0.0 0.0 0.0 0.0 0.0 0.0 0.0 0.0 0.0 
3305 3.266 0.00022171880892791685 0.0 0.0 0.00022171880892791685 0.0 0.0 0.0 0.0 0.0 0.0 0.0 0.0 0.0 0.0 0.0 0.0 0.0 0.0 0.0 0.0 0.0 
3306 3.267 0.000221870707808178 0.0 0.0 0.000221870707808178 0.0 0.0 0.0 0.0 0.0 0.0 0.0 0.0 0.0 0.0 0.0 0.0 0.0 0.0 0.0 0.0 0.0 
3307 3.268 0.00022202262935497132 0.0 0.0 0.00022202262935497132 0.0 0.0 0.0 0.0 0.0 0.0 0.0 0.0 0.0 0.0 0.0 0.0 0.0 0.0 0.0 0.0 0.0 
3308 3.269 0.00022217457342825345 0.0 0.0 0.00022217457342825345 0.0 0.0 0.0 0.0 0.0 0.0 0.0 0.0 0.0 0.0 0.0 0.0 0.0 0.0 0.0 0.0 0.0 
3309 3.27 0.00022232653988773384 0.0 0.0 0.00022232653988773384 0.0 0.0 0.0 0.0 0.0 0.0 0.0 0.0 0.0 0.0 0.0 0.0 0.0 0.0 0.0 0.0 0.0 
3310 3.271 0.00022247852859287481 0.0 0.0 0.00022247852859287481 0.0 0.0 0.0 0.0 0.0 0.0 0.0 0.0 0.0 0.0 0.0 0.0 0.0 0.0 0.0 0.0 0.0 
3311 3.272 0.00022263053940289112 0.0 0.0 0.00022263053940289112 0.0 0.0 0.0 0.0 0.0 0.0 0.0 0.0 0.0 0.0 0.0 0.0 0.0 0.0 0.0 0.0 0.0 
3312 3.273 0.00022278257217675022 0.0 0.0 0.00022278257217675022 0.0 0.0 0.0 0.0 0.0 0.0 0.0 0.0 0.0 0.0 0.0 0.0 0.0 0.0 0.0 0.0 0.0 
3313 3.274 0.00022293462677317182 0.0 0.0 0.00022293462677317182 0.0 0.0 0.0 0.0 0.0 0.0 0.0 0.0 0.0 0.0 0.0 0.0 0.0 0.0 0.0 0.0 0.0 
3314 3.275 0.00022308670305062797 0.0 0.0 0.00022308670305062797 0.0 0.0 0.0 0.0 0.0 0.0 0.0 0.0 0.0 0.0 0.0 0.0 0.0 0.0 0.0 0.0 0.0 
3315 3.276 0.00022323880086734266 0.0 0.0 0.00022323880086734266 0.0 0.0 0.0 0.0 0.0 0.0 0.0 0.0 0.0 0.0 0.0 0.0 0.0 0.0 0.0 0.0 0.0 
3316 3.277 0.0002233909200812921 0.0 0.0 0.0002233909200812921 0.0 0.0 0.0 0.0 0.0 0.0 0.0 0.0 0.0 0.0 0.0 0.0 0.0 0.0 0.0 0.0 0.0 
3317 3.278 0.0002235430605502042 0.0 0.0 0.0002235430605502042 0.0 0.0 0.0 0.0 0.0 0.0 0.0 0.0 0.0 0.0 0.0 0.0 0.0 0.0 0.0 0.0 0.0 
3318 3.279 0.00022369522213155872 0.0 0.0 0.00022369522213155872 0.0 0.0 0.0 0.0 0.0 0.0 0.0 0.0 0.0 0.0 0.0 0.0 0.0 0.0 0.0 0.0 0.0 
3319 3.28 0.00022384740468258703 0.0 0.0 0.00022384740468258703 0.0 0.0 0.0 0.0 0.0 0.0 0.0 0.0 0.0 0.0 0.0 0.0 0.0 0.0 0.0 0.0 0.0 
3320 3.281 0.0002239996080602719 0.0 0.0 0.0002239996080602719 0.0 0.0 0.0 0.0 0.0 0.0 0.0 0.0 0.0 0.0 0.0 0.0 0.0 0.0 0.0 0.0 0.0 
3321 3.282 0.0002241518321213476 0.0 0.0 0.0002241518321213476 0.0 0.0 0.0 0.0 0.0 0.0 0.0 0.0 0.0 0.0 0.0 0.0 0.0 0.0 0.0 0.0 0.0 
3322 3.283 0.0002243040767222997 0.0 0.0 0.0002243040767222997 0.0 0.0 0.0 0.0 0.0 0.0 0.0 0.0 0.0 0.0 0.0 0.0 0.0 0.0 0.0 0.0 0.0 
3323 3.284 0.00022445634171936474 0.0 0.0 0.00022445634171936474 0.0 0.0 0.0 0.0 0.0 0.0 0.0 0.0 0.0 0.0 0.0 0.0 0.0 0.0 0.0 0.0 0.0 
3324 3.285 0.00022460862696853034 0.0 0.0 0.00022460862696853034 0.0 0.0 0.0 0.0 0.0 0.0 0.0 0.0 0.0 0.0 0.0 0.0 0.0 0.0 0.0 0.0 0.0 
3325 3.286 0.00022476093232553512 0.0 0.0 0.00022476093232553512 0.0 0.0 0.0 0.0 0.0 0.0 0.0 0.0 0.0 0.0 0.0 0.0 0.0 0.0 0.0 0.0 0.0 
3326 3.287 0.00022491325764586843 0.0 0.0 0.00022491325764586843 0.0 0.0 0.0 0.0 0.0 0.0 0.0 0.0 0.0 0.0 0.0 0.0 0.0 0.0 0.0 0.0 0.0 
3327 3.288 0.00022506560278477008 0.0 0.0 0.00022506560278477008 0.0 0.0 0.0 0.0 0.0 0.0 0.0 0.0 0.0 0.0 0.0 0.0 0.0 0.0 0.0 0.0 0.0 
3328 3.289 0.00022521796759723066 0.0 0.0 0.00022521796759723066 0.0 0.0 0.0 0.0 0.0 0.0 0.0 0.0 0.0 0.0 0.0 0.0 0.0 0.0 0.0 0.0 0.0 
3329 3.29 0.00022537035193799122 0.0 0.0 0.00022537035193799122 0.0 0.0 0.0 0.0 0.0 0.0 0.0 0.0 0.0 0.0 0.0 0.0 0.0 0.0 0.0 0.0 0.0 
3330 3.291 0.0002255227556615428 0.0 0.0 0.0002255227556615428 0.0 0.0 0.0 0.0 0.0 0.0 0.0 0.0 0.0 0.0 0.0 0.0 0.0 0.0 0.0 0.0 0.0 
3331 3.292 0.0002256751786221269 0.0 0.0 0.0002256751786221269 0.0 0.0 0.0 0.0 0.0 0.0 0.0 0.0 0.0 0.0 0.0 0.0 0.0 0.0 0.0 0.0 0.0 
3332 3.293 0.00022582762067373504 0.0 0.0 0.00022582762067373504 0.0 0.0 0.0 0.0 0.0 0.0 0.0 0.0 0.0 0.0 0.0 0.0 0.0 0.0 0.0 0.0 0.0 
3333 3.294 0.00022598008167010858 0.0 0.0 0.00022598008167010858 0.0 0.0 0.0 0.0 0.0 0.0 0.0 0.0 0.0 0.0 0.0 0.0 0.0 0.0 0.0 0.0 0.0 
3334 3.295 0.00022613256146473875 0.0 0.0 0.00022613256146473875 0.0 0.0 0.0 0.0 0.0 0.0 0.0 0.0 0.0 0.0 0.0 0.0 0.0 0.0 0.0 0.0 0.0 
3335 3.296 0.0002262850599108666 0.0 0.0 0.0002262850599108666 0.0 0.0 0.0 0.0 0.0 0.0 0.0 0.0 0.0 0.0 0.0 0.0 0.0 0.0 0.0 0.0 0.0 
3336 3.297 0.0002264375768614826 0.0 0.0 0.0002264375768614826 0.0 0.0 0.0 0.0 0.0 0.0 0.0 0.0 0.0 0.0 0.0 0.0 0.0 0.0 0.0 0.0 0.0 
3337 3.298 0.00022659011216932687 0.0 0.0 0.00022659011216932687 0.0 0.0 0.0 0.0 0.0 0.0 0.0 0.0 0.0 0.0 0.0 0.0 0.0 0.0 0.0 0.0 0.0 
3338 3.299 0.00022674266568688885 0.0 0.0 0.00022674266568688885 0.0 0.0 0.0 0.0 0.0 0.0 0.0 0.0 0.0 0.0 0.0 0.0 0.0 0.0 0.0 0.0 0.0 
3339 3.3 0.0002268952372664072 0.0 0.0 0.0002268952372664072 0.0 0.0 0.0 0.0 0.0 0.0 0.0 0.0 0.0 0.0 0.0 0.0 0.0 0.0 0.0 0.0 0.0 
3340 3.301 0.00022704782675986965 0.0 0.0 0.00022704782675986965 0.0 0.0 0.0 0.0 0.0 0.0 0.0 0.0 0.0 0.0 0.0 0.0 0.0 0.0 0.0 0.0 0.0 
3341 3.302 0.0002272004340190132 0.0 0.0 0.0002272004340190132 0.0 0.0 0.0 0.0 0.0 0.0 0.0 0.0 0.0 0.0 0.0 0.0 0.0 0.0 0.0 0.0 0.0 
3342 3.303 0.00022735305889532348 0.0 0.0 0.00022735305889532348 0.0 0.0 0.0 0.0 0.0 0.0 0.0 0.0 0.0 0.0 0.0 0.0 0.0 0.0 0.0 0.0 0.0 
3343 3.303 0.00022750570124003517 0.0 0.0 0.00022750570124003517 0.0 0.0 0.0 0.0 0.0 0.0 0.0 0.0 0.0 0.0 0.0 0.0 0.0 0.0 0.0 0.0 0.0 
3344 3.304 0.00022765836090413147 0.0 0.0 0.00022765836090413147 0.0 0.0 0.0 0.0 0.0 0.0 0.0 0.0 0.0 0.0 0.0 0.0 0.0 0.0 0.0 0.0 0.0 
3345 3.305 0.00022781103773834423 0.0 0.0 0.00022781103773834423 0.0 0.0 0.0 0.0 0.0 0.0 0.0 0.0 0.0 0.0 0.0 0.0 0.0 0.0 0.0 0.0 0.0 
3346 3.306 0.0002279637315931538 0.0 0.0 0.0002279637315931538 0.0 0.0 0.0 0.0 0.0 0.0 0.0 0.0 0.0 0.0 0.0 0.0 0.0 0.0 0.0 0.0 0.0 
3347 3.307 0.00022811644231878872 0.0 0.0 0.00022811644231878872 0.0 0.0 0.0 0.0 0.0 0.0 0.0 0.0 0.0 0.0 0.0 0.0 0.0 0.0 0.0 0.0 0.0 
3348 3.308 0.00022826916976522615 0.0 0.0 0.00022826916976522615 0.0 0.0 0.0 0.0 0.0 0.0 0.0 0.0 0.0 0.0 0.0 0.0 0.0 0.0 0.0 0.0 0.0 
3349 3.309 0.00022842191378219097 0.0 0.0 0.00022842191378219097 0.0 0.0 0.0 0.0 0.0 0.0 0.0 0.0 0.0 0.0 0.0 0.0 0.0 0.0 0.0 0.0 0.0 
3350 3.31 0.00022857467421915628 0.0 0.0 0.00022857467421915628 0.0 0.0 0.0 0.0 0.0 0.0 0.0 0.0 0.0 0.0 0.0 0.0 0.0 0.0 0.0 0.0 0.0 
3351 3.311 0.00022872745092534315 0.0 0.0 0.00022872745092534315 0.0 0.0 0.0 0.0 0.0 0.0 0.0 0.0 0.0 0.0 0.0 0.0 0.0 0.0 0.0 0.0 0.0 
3352 3.312 0.0002288802437497204 0.0 0.0 0.0002288802437497204 0.0 0.0 0.0 0.0 0.0 0.0 0.0 0.0 0.0 0.0 0.0 0.0 0.0 0.0 0.0 0.0 0.0 
3353 3.313 0.00022903305254100452 0.0 0.0 0.00022903305254100452 0.0 0.0 0.0 0.0 0.0 0.0 0.0 0.0 0.0 0.0 0.0 0.0 0.0 0.0 0.0 0.0 0.0 
3354 3.314 0.00022918587714765976 0.0 0.0 0.00022918587714765976 0.0 0.0 0.0 0.0 0.0 0.0 0.0 0.0 0.0 0.0 0.0 0.0 0.0 0.0 0.0 0.0 0.0 
3355 3.315 0.00022933871741789762 0.0 0.0 0.00022933871741789762 0.0 0.0 0.0 0.0 0.0 0.0 0.0 0.0 0.0 0.0 0.0 0.0 0.0 0.0 0.0 0.0 0.0 
3356 3.316 0.00022949157319967722 0.0 0.0 0.00022949157319967722 0.0 0.0 0.0 0.0 0.0 0.0 0.0 0.0 0.0 0.0 0.0 0.0 0.0 0.0 0.0 0.0 0.0 
3357 3.317 0.0002296444443407048 0.0 0.0 0.0002296444443407048 0.0 0.0 0.0 0.0 0.0 0.0 0.0 0.0 0.0 0.0 0.0 0.0 0.0 0.0 0.0 0.0 0.0 
3358 3.318 0.00022979733068843387 0.0 0.0 0.00022979733068843387 0.0 0.0 0.0 0.0 0.0 0.0 0.0 0.0 0.0 0.0 0.0 0.0 0.0 0.0 0.0 0.0 0.0 
3359 3.319 0.00022995023209006486 0.0 0.0 0.00022995023209006486 0.0 0.0 0.0 0.0 0.0 0.0 0.0 0.0 0.0 0.0 0.0 0.0 0.0 0.0 0.0 0.0 0.0 
3360 3.32 0.00023010314839254543 0.0 0.0 0.00023010314839254543 0.0 0.0 0.0 0.0 0.0 0.0 0.0 0.0 0.0 0.0 0.0 0.0 0.0 0.0 0.0 0.0 0.0 
3361 3.321 0.00023025607944256998 0.0 0.0 0.00023025607944256998 0.0 0.0 0.0 0.0 0.0 0.0 0.0 0.0 0.0 0.0 0.0 0.0 0.0 0.0 0.0 0.0 0.0 
3362 3.322 0.00023040902508657957 0.0 0.0 0.00023040902508657957 0.0 0.0 0.0 0.0 0.0 0.0 0.0 0.0 0.0 0.0 0.0 0.0 0.0 0.0 0.0 0.0 0.0 
3363 3.323 0.00023056198517076208 0.0 0.0 0.00023056198517076208 0.0 0.0 0.0 0.0 0.0 0.0 0.0 0.0 0.0 0.0 0.0 0.0 0.0 0.0 0.0 0.0 0.0 
3364 3.324 0.00023071495954105176 0.0 0.0 0.00023071495954105176 0.0 0.0 0.0 0.0 0.0 0.0 0.0 0.0 0.0 0.0 0.0 0.0 0.0 0.0 0.0 0.0 0.0 
3365 3.325 0.0002308679480431295 0.0 0.0 0.0002308679480431295 0.0 0.0 0.0 0.0 0.0 0.0 0.0 0.0 0.0 0.0 0.0 0.0 0.0 0.0 0.0 0.0 0.0 
3366 3.326 0.00023102095052242238 0.0 0.0 0.00023102095052242238 0.0 0.0 0.0 0.0 0.0 0.0 0.0 0.0 0.0 0.0 0.0 0.0 0.0 0.0 0.0 0.0 0.0 
3367 3.327 0.000231173966824104 0.0 0.0 0.000231173966824104 0.0 0.0 0.0 0.0 0.0 0.0 0.0 0.0 0.0 0.0 0.0 0.0 0.0 0.0 0.0 0.0 0.0 
3368 3.328 0.00023132699679309383 0.0 0.0 0.00023132699679309383 0.0 0.0 0.0 0.0 0.0 0.0 0.0 0.0 0.0 0.0 0.0 0.0 0.0 0.0 0.0 0.0 0.0 
3369 3.329 0.00023148004027405747 0.0 0.0 0.00023148004027405747 0.0 0.0 0.0 0.0 0.0 0.0 0.0 0.0 0.0 0.0 0.0 0.0 0.0 0.0 0.0 0.0 0.0 
3370 3.33 0.0002316330971114065 0.0 0.0 0.0002316330971114065 0.0 0.0 0.0 0.0 0.0 0.0 0.0 0.0 0.0 0.0 0.0 0.0 0.0 0.0 0.0 0.0 0.0 
3371 3.331 0.00023178616714929855 0.0 0.0 0.00023178616714929855 0.0 0.0 0.0 0.0 0.0 0.0 0.0 0.0 0.0 0.0 0.0 0.0 0.0 0.0 0.0 0.0 0.0 
3372 3.332 0.00023193925023163656 0.0 0.0 0.00023193925023163656 0.0 0.0 0.0 0.0 0.0 0.0 0.0 0.0 0.0 0.0 0.0 0.0 0.0 0.0 0.0 0.0 0.0 
3373 3.333 0.00023209234620206958 0.0 0.0 0.00023209234620206958 0.0 0.0 0.0 0.0 0.0 0.0 0.0 0.0 0.0 0.0 0.0 0.0 0.0 0.0 0.0 0.0 0.0 
3374 3.334 0.00023224545490399193 0.0 0.0 0.00023224545490399193 0.0 0.0 0.0 0.0 0.0 0.0 0.0 0.0 0.0 0.0 0.0 0.0 0.0 0.0 0.0 0.0 0.0 
3375 3.335 0.00023239857618054352 0.0 0.0 0.00023239857618054352 0.0 0.0 0.0 0.0 0.0 0.0 0.0 0.0 0.0 0.0 0.0 0.0 0.0 0.0 0.0 0.0 0.0 
3376 3.336 0.00023255170987460967 0.0 0.0 0.00023255170987460967 0.0 0.0 0.0 0.0 0.0 0.0 0.0 0.0 0.0 0.0 0.0 0.0 0.0 0.0 0.0 0.0 0.0 
3377 3.337 0.00023270485582882092 0.0 0.0 0.00023270485582882092 0.0 0.0 0.0 0.0 0.0 0.0 0.0 0.0 0.0 0.0 0.0 0.0 0.0 0.0 0.0 0.0 0.0 
3378 3.338 0.00023285801388555293 0.0 0.0 0.00023285801388555293 0.0 0.0 0.0 0.0 0.0 0.0 0.0 0.0 0.0 0.0 0.0 0.0 0.0 0.0 0.0 0.0 0.0 
3379 3.339 0.00023301118388692656 0.0 0.0 0.00023301118388692656 0.0 0.0 0.0 0.0 0.0 0.0 0.0 0.0 0.0 0.0 0.0 0.0 0.0 0.0 0.0 0.0 0.0 
3380 3.34 0.0002331643656748077 0.0 0.0 0.0002331643656748077 0.0 0.0 0.0 0.0 0.0 0.0 0.0 0.0 0.0 0.0 0.0 0.0 0.0 0.0 0.0 0.0 0.0 
3381 3.341 0.00023331755909080683 0.0 0.0 0.00023331755909080683 0.0 0.0 0.0 0.0 0.0 0.0 0.0 0.0 0.0 0.0 0.0 0.0 0.0 0.0 0.0 0.0 0.0 
3382 3.342 0.00023347076397627964 0.0 0.0 0.00023347076397627964 0.0 0.0 0.0 0.0 0.0 0.0 0.0 0.0 0.0 0.0 0.0 0.0 0.0 0.0 0.0 0.0 0.0 
3383 3.343 0.00023362398017232633 0.0 0.0 0.00023362398017232633 0.0 0.0 0.0 0.0 0.0 0.0 0.0 0.0 0.0 0.0 0.0 0.0 0.0 0.0 0.0 0.0 0.0 
3384 3.344 0.00023377720751979167 0.0 0.0 0.00023377720751979167 0.0 0.0 0.0 0.0 0.0 0.0 0.0 0.0 0.0 0.0 0.0 0.0 0.0 0.0 0.0 0.0 0.0 
3385 3.345 0.00023393044585926512 0.0 0.0 0.00023393044585926512 0.0 0.0 0.0 0.0 0.0 0.0 0.0 0.0 0.0 0.0 0.0 0.0 0.0 0.0 0.0 0.0 0.0 
3386 3.346 0.0002340836950310805 0.0 0.0 0.0002340836950310805 0.0 0.0 0.0 0.0 0.0 0.0 0.0 0.0 0.0 0.0 0.0 0.0 0.0 0.0 0.0 0.0 0.0 
3387 3.347 0.0002342369548753159 0.0 0.0 0.0002342369548753159 0.0 0.0 0.0 0.0 0.0 0.0 0.0 0.0 0.0 0.0 0.0 0.0 0.0 0.0 0.0 0.0 0.0 
3388 3.348 0.00023439022523179392 0.0 0.0 0.00023439022523179392 0.0 0.0 0.0 0.0 0.0 0.0 0.0 0.0 0.0 0.0 0.0 0.0 0.0 0.0 0.0 0.0 0.0 
3389 3.349 0.00023454350594008096 0.0 0.0 0.00023454350594008096 0.0 0.0 0.0 0.0 0.0 0.0 0.0 0.0 0.0 0.0 0.0 0.0 0.0 0.0 0.0 0.0 0.0 
3390 3.35 0.0002346967968394878 0.0 0.0 0.0002346967968394878 0.0 0.0 0.0 0.0 0.0 0.0 0.0 0.0 0.0 0.0 0.0 0.0 0.0 0.0 0.0 0.0 0.0 
3391 3.351 0.00023485009776906928 0.0 0.0 0.00023485009776906928 0.0 0.0 0.0 0.0 0.0 0.0 0.0 0.0 0.0 0.0 0.0 0.0 0.0 0.0 0.0 0.0 0.0 
3392 3.352 0.00023500340856762378 0.0 0.0 0.00023500340856762378 0.0 0.0 0.0 0.0 0.0 0.0 0.0 0.0 0.0 0.0 0.0 0.0 0.0 0.0 0.0 0.0 0.0 
3393 3.353 0.00023515672907369376 0.0 0.0 0.00023515672907369376 0.0 0.0 0.0 0.0 0.0 0.0 0.0 0.0 0.0 0.0 0.0 0.0 0.0 0.0 0.0 0.0 0.0 
3394 3.354 0.0002353100591255654 0.0 0.0 0.0002353100591255654 0.0 0.0 0.0 0.0 0.0 0.0 0.0 0.0 0.0 0.0 0.0 0.0 0.0 0.0 0.0 0.0 0.0 
3395 3.355 0.00023546339856126862 0.0 0.0 0.00023546339856126862 0.0 0.0 0.0 0.0 0.0 0.0 0.0 0.0 0.0 0.0 0.0 0.0 0.0 0.0 0.0 0.0 0.0 
3396 3.356 0.00023561674721857655 0.0 0.0 0.00023561674721857655 0.0 0.0 0.0 0.0 0.0 0.0 0.0 0.0 0.0 0.0 0.0 0.0 0.0 0.0 0.0 0.0 0.0 
3397 3.357 0.00023577010493500616 0.0 0.0 0.00023577010493500616 0.0 0.0 0.0 0.0 0.0 0.0 0.0 0.0 0.0 0.0 0.0 0.0 0.0 0.0 0.0 0.0 0.0 
3398 3.358 0.00023592347154781777 0.0 0.0 0.00023592347154781777 0.0 0.0 0.0 0.0 0.0 0.0 0.0 0.0 0.0 0.0 0.0 0.0 0.0 0.0 0.0 0.0 0.0 
3399 3.359 0.00023607684689401476 0.0 0.0 0.00023607684689401476 0.0 0.0 0.0 0.0 0.0 0.0 0.0 0.0 0.0 0.0 0.0 0.0 0.0 0.0 0.0 0.0 0.0 
3400 3.36 0.00023623023081034407 0.0 0.0 0.00023623023081034407 0.0 0.0 0.0 0.0 0.0 0.0 0.0 0.0 0.0 0.0 0.0 0.0 0.0 0.0 0.0 0.0 0.0 
3401 3.361 0.00023638362313329562 0.0 0.0 0.00023638362313329562 0.0 0.0 0.0 0.0 0.0 0.0 0.0 0.0 0.0 0.0 0.0 0.0 0.0 0.0 0.0 0.0 0.0 
3402 3.362 0.00023653702369910224 0.0 0.0 0.00023653702369910224 0.0 0.0 0.0 0.0 0.0 0.0 0.0 0.0 0.0 0.0 0.0 0.0 0.0 0.0 0.0 0.0 0.0 
3403 3.363 0.00023669043234374003 0.0 0.0 0.00023669043234374003 0.0 0.0 0.0 0.0 0.0 0.0 0.0 0.0 0.0 0.0 0.0 0.0 0.0 0.0 0.0 0.0 0.0 
3404 3.364 0.0002368438489029279 0.0 0.0 0.0002368438489029279 0.0 0.0 0.0 0.0 0.0 0.0 0.0 0.0 0.0 0.0 0.0 0.0 0.0 0.0 0.0 0.0 0.0 
3405 3.365 0.00023699727321212748 0.0 0.0 0.00023699727321212748 0.0 0.0 0.0 0.0 0.0 0.0 0.0 0.0 0.0 0.0 0.0 0.0 0.0 0.0 0.0 0.0 0.0 
3406 3.366 0.0002371507051065433 0.0 0.0 0.0002371507051065433 0.0 0.0 0.0 0.0 0.0 0.0 0.0 0.0 0.0 0.0 0.0 0.0 0.0 0.0 0.0 0.0 0.0 
3407 3.367 0.00023730414442112228 0.0 0.0 0.00023730414442112228 0.0 0.0 0.0 0.0 0.0 0.0 0.0 0.0 0.0 0.0 0.0 0.0 0.0 0.0 0.0 0.0 0.0 
3408 3.368 0.0002374575909905543 0.0 0.0 0.0002374575909905543 0.0 0.0 0.0 0.0 0.0 0.0 0.0 0.0 0.0 0.0 0.0 0.0 0.0 0.0 0.0 0.0 0.0 
3409 3.369 0.00023761104464927146 0.0 0.0 0.00023761104464927146 0.0 0.0 0.0 0.0 0.0 0.0 0.0 0.0 0.0 0.0 0.0 0.0 0.0 0.0 0.0 0.0 0.0 
3410 3.37 0.0002377645052314485 0.0 0.0 0.0002377645052314485 0.0 0.0 0.0 0.0 0.0 0.0 0.0 0.0 0.0 0.0 0.0 0.0 0.0 0.0 0.0 0.0 0.0 
3411 3.371 0.00023791797257100225 0.0 0.0 0.00023791797257100225 0.0 0.0 0.0 0.0 0.0 0.0 0.0 0.0 0.0 0.0 0.0 0.0 0.0 0.0 0.0 0.0 0.0 
3412 3.372 0.0002380714465015921 0.0 0.0 0.0002380714465015921 0.0 0.0 0.0 0.0 0.0 0.0 0.0 0.0 0.0 0.0 0.0 0.0 0.0 0.0 0.0 0.0 0.0 
3413 3.373 0.00023822492685661938 0.0 0.0 0.00023822492685661938 0.0 0.0 0.0 0.0 0.0 0.0 0.0 0.0 0.0 0.0 0.0 0.0 0.0 0.0 0.0 0.0 0.0 
3414 3.374 0.00023837841346922782 0.0 0.0 0.00023837841346922782 0.0 0.0 0.0 0.0 0.0 0.0 0.0 0.0 0.0 0.0 0.0 0.0 0.0 0.0 0.0 0.0 0.0 
3415 3.375 0.00023853190617230294 0.0 0.0 0.00023853190617230294 0.0 0.0 0.0 0.0 0.0 0.0 0.0 0.0 0.0 0.0 0.0 0.0 0.0 0.0 0.0 0.0 0.0 
3416 3.376 0.0002386854047984724 0.0 0.0 0.0002386854047984724 0.0 0.0 0.0 0.0 0.0 0.0 0.0 0.0 0.0 0.0 0.0 0.0 0.0 0.0 0.0 0.0 0.0 
3417 3.377 0.0002388389091801057 0.0 0.0 0.0002388389091801057 0.0 0.0 0.0 0.0 0.0 0.0 0.0 0.0 0.0 0.0 0.0 0.0 0.0 0.0 0.0 0.0 0.0 
3418 3.378 0.00023899241914931423 0.0 0.0 0.00023899241914931423 0.0 0.0 0.0 0.0 0.0 0.0 0.0 0.0 0.0 0.0 0.0 0.0 0.0 0.0 0.0 0.0 0.0 
3419 3.379 0.0002391459345379511 0.0 0.0 0.0002391459345379511 0.0 0.0 0.0 0.0 0.0 0.0 0.0 0.0 0.0 0.0 0.0 0.0 0.0 0.0 0.0 0.0 0.0 
3420 3.38 0.00023929945517761104 0.0 0.0 0.00023929945517761104 0.0 0.0 0.0 0.0 0.0 0.0 0.0 0.0 0.0 0.0 0.0 0.0 0.0 0.0 0.0 0.0 0.0 
3421 3.381 0.0002394529808996306 0.0 0.0 0.0002394529808996306 0.0 0.0 0.0 0.0 0.0 0.0 0.0 0.0 0.0 0.0 0.0 0.0 0.0 0.0 0.0 0.0 0.0 
3422 3.382 0.00023960651153508757 0.0 0.0 0.00023960651153508757 0.0 0.0 0.0 0.0 0.0 0.0 0.0 0.0 0.0 0.0 0.0 0.0 0.0 0.0 0.0 0.0 0.0 
3423 3.383 0.0002397600469148015 0.0 0.0 0.0002397600469148015 0.0 0.0 0.0 0.0 0.0 0.0 0.0 0.0 0.0 0.0 0.0 0.0 0.0 0.0 0.0 0.0 0.0 
3424 3.384 0.00023991358686933318 0.0 0.0 0.00023991358686933318 0.0 0.0 0.0 0.0 0.0 0.0 0.0 0.0 0.0 0.0 0.0 0.0 0.0 0.0 0.0 0.0 0.0 
3425 3.385 0.00024006713122898488 0.0 0.0 0.00024006713122898488 0.0 0.0 0.0 0.0 0.0 0.0 0.0 0.0 0.0 0.0 0.0 0.0 0.0 0.0 0.0 0.0 0.0 
3426 3.386 0.00024022067982379987 0.0 0.0 0.00024022067982379987 0.0 0.0 0.0 0.0 0.0 0.0 0.0 0.0 0.0 0.0 0.0 0.0 0.0 0.0 0.0 0.0 0.0 
3427 3.387 0.00024037423248356307 0.0 0.0 0.00024037423248356307 0.0 0.0 0.0 0.0 0.0 0.0 0.0 0.0 0.0 0.0 0.0 0.0 0.0 0.0 0.0 0.0 0.0 
3428 3.387 0.0002405277890378001 0.0 0.0 0.0002405277890378001 0.0 0.0 0.0 0.0 0.0 0.0 0.0 0.0 0.0 0.0 0.0 0.0 0.0 0.0 0.0 0.0 0.0 
3429 3.388 0.00024068134931577788 0.0 0.0 0.00024068134931577788 0.0 0.0 0.0 0.0 0.0 0.0 0.0 0.0 0.0 0.0 0.0 0.0 0.0 0.0 0.0 0.0 0.0 
3430 3.389 0.0002408349131465042 0.0 0.0 0.0002408349131465042 0.0 0.0 0.0 0.0 0.0 0.0 0.0 0.0 0.0 0.0 0.0 0.0 0.0 0.0 0.0 0.0 0.0 
3431 3.39 0.00024098848035872795 0.0 0.0 0.00024098848035872795 0.0 0.0 0.0 0.0 0.0 0.0 0.0 0.0 0.0 0.0 0.0 0.0 0.0 0.0 0.0 0.0 0.0 
3432 3.391 0.0002411420507809389 0.0 0.0 0.0002411420507809389 0.0 0.0 0.0 0.0 0.0 0.0 0.0 0.0 0.0 0.0 0.0 0.0 0.0 0.0 0.0 0.0 0.0 
3433 3.392 0.00024129562424136746 0.0 0.0 0.00024129562424136746 0.0 0.0 0.0 0.0 0.0 0.0 0.0 0.0 0.0 0.0 0.0 0.0 0.0 0.0 0.0 0.0 0.0 
3434 3.393 0.00024144920056798485 0.0 0.0 0.00024144920056798485 0.0 0.0 0.0 0.0 0.0 0.0 0.0 0.0 0.0 0.0 0.0 0.0 0.0 0.0 0.0 0.0 0.0 
3435 3.394 0.000241602779588503 0.0 0.0 0.000241602779588503 0.0 0.0 0.0 0.0 0.0 0.0 0.0 0.0 0.0 0.0 0.0 0.0 0.0 0.0 0.0 0.0 0.0 
3436 3.395 0.00024175636113037455 0.0 0.0 0.00024175636113037455 0.0 0.0 0.0 0.0 0.0 0.0 0.0 0.0 0.0 0.0 0.0 0.0 0.0 0.0 0.0 0.0 0.0 
3437 3.396 0.0002419099450207925 0.0 0.0 0.0002419099450207925 0.0 0.0 0.0 0.0 0.0 0.0 0.0 0.0 0.0 0.0 0.0 0.0 0.0 0.0 0.0 0.0 0.0 
3438 3.397 0.00024206353108669067 0.0 0.0 0.00024206353108669067 0.0 0.0 0.0 0.0 0.0 0.0 0.0 0.0 0.0 0.0 0.0 0.0 0.0 0.0 0.0 0.0 0.0 
3439 3.398 0.000242217119154743 0.0 0.0 0.000242217119154743 0.0 0.0 0.0 0.0 0.0 0.0 0.0 0.0 0.0 0.0 0.0 0.0 0.0 0.0 0.0 0.0 0.0 
3440 3.399 0.00024237070905136393 0.0 0.0 0.00024237070905136393 0.0 0.0 0.0 0.0 0.0 0.0 0.0 0.0 0.0 0.0 0.0 0.0 0.0 0.0 0.0 0.0 0.0 
3441 3.4 0.0002425243006027082 0.0 0.0 0.0002425243006027082 0.0 0.0 0.0 0.0 0.0 0.0 0.0 0.0 0.0 0.0 0.0 0.0 0.0 0.0 0.0 0.0 0.0 
3442 3.401 0.00024267789363467096 0.0 0.0 0.00024267789363467096 0.0 0.0 0.0 0.0 0.0 0.0 0.0 0.0 0.0 0.0 0.0 0.0 0.0 0.0 0.0 0.0 0.0 
3443 3.402 0.00024283148797288749 0.0 0.0 0.00024283148797288749 0.0 0.0 0.0 0.0 0.0 0.0 0.0 0.0 0.0 0.0 0.0 0.0 0.0 0.0 0.0 0.0 0.0 
3444 3.403 0.00024298508344273295 0.0 0.0 0.00024298508344273295 0.0 0.0 0.0 0.0 0.0 0.0 0.0 0.0 0.0 0.0 0.0 0.0 0.0 0.0 0.0 0.0 0.0 
3445 3.404 0.00024313867986932309 0.0 0.0 0.00024313867986932309 0.0 0.0 0.0 0.0 0.0 0.0 0.0 0.0 0.0 0.0 0.0 0.0 0.0 0.0 0.0 0.0 0.0 
3446 3.405 0.00024329227707751335 0.0 0.0 0.00024329227707751335 0.0 0.0 0.0 0.0 0.0 0.0 0.0 0.0 0.0 0.0 0.0 0.0 0.0 0.0 0.0 0.0 0.0 
3447 3.406 0.0002434458748918992 0.0 0.0 0.0002434458748918992 0.0 0.0 0.0 0.0 0.0 0.0 0.0 0.0 0.0 0.0 0.0 0.0 0.0 0.0 0.0 0.0 0.0 
3448 3.407 0.00024359947313681618 0.0 0.0 0.00024359947313681618 0.0 0.0 0.0 0.0 0.0 0.0 0.0 0.0 0.0 0.0 0.0 0.0 0.0 0.0 0.0 0.0 0.0 
3449 3.408 0.0002437530716363396 0.0 0.0 0.0002437530716363396 0.0 0.0 0.0 0.0 0.0 0.0 0.0 0.0 0.0 0.0 0.0 0.0 0.0 0.0 0.0 0.0 0.0 
3450 3.409 0.0002439066702142846 0.0 0.0 0.0002439066702142846 0.0 0.0 0.0 0.0 0.0 0.0 0.0 0.0 0.0 0.0 0.0 0.0 0.0 0.0 0.0 0.0 0.0 
3451 3.41 0.00024406026869420604 0.0 0.0 0.00024406026869420604 0.0 0.0 0.0 0.0 0.0 0.0 0.0 0.0 0.0 0.0 0.0 0.0 0.0 0.0 0.0 0.0 0.0 
3452 3.411 0.0002442138668993987 0.0 0.0 0.0002442138668993987 0.0 0.0 0.0 0.0 0.0 0.0 0.0 0.0 0.0 0.0 0.0 0.0 0.0 0.0 0.0 0.0 0.0 
3453 3.412 0.00024436746465289667 0.0 0.0 0.00024436746465289667 0.0 0.0 0.0 0.0 0.0 0.0 0.0 0.0 0.0 0.0 0.0 0.0 0.0 0.0 0.0 0.0 0.0 
3454 3.413 0.000244521061777474 0.0 0.0 0.000244521061777474 0.0 0.0 0.0 0.0 0.0 0.0 0.0 0.0 0.0 0.0 0.0 0.0 0.0 0.0 0.0 0.0 0.0 
3455 3.414 0.0002446746580956443 0.0 0.0 0.0002446746580956443 0.0 0.0 0.0 0.0 0.0 0.0 0.0 0.0 0.0 0.0 0.0 0.0 0.0 0.0 0.0 0.0 0.0 
3456 3.415 0.0002448282534296604 0.0 0.0 0.0002448282534296604 0.0 0.0 0.0 0.0 0.0 0.0 0.0 0.0 0.0 0.0 0.0 0.0 0.0 0.0 0.0 0.0 0.0 
3457 3.416 0.0002449818476015147 0.0 0.0 0.0002449818476015147 0.0 0.0 0.0 0.0 0.0 0.0 0.0 0.0 0.0 0.0 0.0 0.0 0.0 0.0 0.0 0.0 0.0 
3458 3.417 0.0002451354404329393 0.0 0.0 0.0002451354404329393 0.0 0.0 0.0 0.0 0.0 0.0 0.0 0.0 0.0 0.0 0.0 0.0 0.0 0.0 0.0 0.0 0.0 
3459 3.418 0.00024528903174540545 0.0 0.0 0.00024528903174540545 0.0 0.0 0.0 0.0 0.0 0.0 0.0 0.0 0.0 0.0 0.0 0.0 0.0 0.0 0.0 0.0 0.0 
3460 3.419 0.00024544262136012363 0.0 0.0 0.00024544262136012363 0.0 0.0 0.0 0.0 0.0 0.0 0.0 0.0 0.0 0.0 0.0 0.0 0.0 0.0 0.0 0.0 0.0 
3461 3.42 0.00024559620909804384 0.0 0.0 0.00024559620909804384 0.0 0.0 0.0 0.0 0.0 0.0 0.0 0.0 0.0 0.0 0.0 0.0 0.0 0.0 0.0 0.0 0.0 
3462 3.421 0.0002457497947798551 0.0 0.0 0.0002457497947798551 0.0 0.0 0.0 0.0 0.0 0.0 0.0 0.0 0.0 0.0 0.0 0.0 0.0 0.0 0.0 0.0 0.0 
3463 3.422 0.0002459033782259858 0.0 0.0 0.0002459033782259858 0.0 0.0 0.0 0.0 0.0 0.0 0.0 0.0 0.0 0.0 0.0 0.0 0.0 0.0 0.0 0.0 0.0 
3464 3.423 0.0002460569592566033 0.0 0.0 0.0002460569592566033 0.0 0.0 0.0 0.0 0.0 0.0 0.0 0.0 0.0 0.0 0.0 0.0 0.0 0.0 0.0 0.0 0.0 
3465 3.424 0.0002462105376916143 0.0 0.0 0.0002462105376916143 0.0 0.0 0.0 0.0 0.0 0.0 0.0 0.0 0.0 0.0 0.0 0.0 0.0 0.0 0.0 0.0 0.0 
3466 3.425 0.0002463641133506642 0.0 0.0 0.0002463641133506642 0.0 0.0 0.0 0.0 0.0 0.0 0.0 0.0 0.0 0.0 0.0 0.0 0.0 0.0 0.0 0.0 0.0 
3467 3.426 0.00024651768605313783 0.0 0.0 0.00024651768605313783 0.0 0.0 0.0 0.0 0.0 0.0 0.0 0.0 0.0 0.0 0.0 0.0 0.0 0.0 0.0 0.0 0.0 
3468 3.427 0.0002466712556181587 0.0 0.0 0.0002466712556181587 0.0 0.0 0.0 0.0 0.0 0.0 0.0 0.0 0.0 0.0 0.0 0.0 0.0 0.0 0.0 0.0 0.0 
3469 3.428 0.00024682482186458944 0.0 0.0 0.00024682482186458944 0.0 0.0 0.0 0.0 0.0 0.0 0.0 0.0 0.0 0.0 0.0 0.0 0.0 0.0 0.0 0.0 0.0 
3470 3.429 0.0002469783846110314 0.0 0.0 0.0002469783846110314 0.0 0.0 0.0 0.0 0.0 0.0 0.0 0.0 0.0 0.0 0.0 0.0 0.0 0.0 0.0 0.0 0.0 
3471 3.43 0.000247131943675825 0.0 0.0 0.000247131943675825 0.0 0.0 0.0 0.0 0.0 0.0 0.0 0.0 0.0 0.0 0.0 0.0 0.0 0.0 0.0 0.0 0.0 
3472 3.431 0.0002472854988770492 0.0 0.0 0.0002472854988770492 0.0 0.0 0.0 0.0 0.0 0.0 0.0 0.0 0.0 0.0 0.0 0.0 0.0 0.0 0.0 0.0 0.0 
3473 3.432 0.0002474390500325221 0.0 0.0 0.0002474390500325221 0.0 0.0 0.0 0.0 0.0 0.0 0.0 0.0 0.0 0.0 0.0 0.0 0.0 0.0 0.0 0.0 0.0 
3474 3.433 0.0002475925969598002 0.0 0.0 0.0002475925969598002 0.0 0.0 0.0 0.0 0.0 0.0 0.0 0.0 0.0 0.0 0.0 0.0 0.0 0.0 0.0 0.0 0.0 
3475 3.434 0.0002477461394761789 0.0 0.0 0.0002477461394761789 0.0 0.0 0.0 0.0 0.0 0.0 0.0 0.0 0.0 0.0 0.0 0.0 0.0 0.0 0.0 0.0 0.0 
3476 3.435 0.00024789967739869225 0.0 0.0 0.00024789967739869225 0.0 0.0 0.0 0.0 0.0 0.0 0.0 0.0 0.0 0.0 0.0 0.0 0.0 0.0 0.0 0.0 0.0 
3477 3.436 0.00024805321054411294 0.0 0.0 0.00024805321054411294 0.0 0.0 0.0 0.0 0.0 0.0 0.0 0.0 0.0 0.0 0.0 0.0 0.0 0.0 0.0 0.0 0.0 
3478 3.437 0.0002482067387289521 0.0 0.0 0.0002482067387289521 0.0 0.0 0.0 0.0 0.0 0.0 0.0 0.0 0.0 0.0 0.0 0.0 0.0 0.0 0.0 0.0 0.0 
3479 3.438 0.00024836026176945967 0.0 0.0 0.00024836026176945967 0.0 0.0 0.0 0.0 0.0 0.0 0.0 0.0 0.0 0.0 0.0 0.0 0.0 0.0 0.0 0.0 0.0 
3480 3.439 0.00024851377948162395 0.0 0.0 0.00024851377948162395 0.0 0.0 0.0 0.0 0.0 0.0 0.0 0.0 0.0 0.0 0.0 0.0 0.0 0.0 0.0 0.0 0.0 
3481 3.44 0.0002486672916811719 0.0 0.0 0.0002486672916811719 0.0 0.0 0.0 0.0 0.0 0.0 0.0 0.0 0.0 0.0 0.0 0.0 0.0 0.0 0.0 0.0 0.0 
3482 3.441 0.0002488207981835687 0.0 0.0 0.0002488207981835687 0.0 0.0 0.0 0.0 0.0 0.0 0.0 0.0 0.0 0.0 0.0 0.0 0.0 0.0 0.0 0.0 0.0 
3483 3.442 0.0002489742988040182 0.0 0.0 0.0002489742988040182 0.0 0.0 0.0 0.0 0.0 0.0 0.0 0.0 0.0 0.0 0.0 0.0 0.0 0.0 0.0 0.0 0.0 
3484 3.443 0.0002491277933574626 0.0 0.0 0.0002491277933574626 0.0 0.0 0.0 0.0 0.0 0.0 0.0 0.0 0.0 0.0 0.0 0.0 0.0 0.0 0.0 0.0 0.0 
3485 3.444 0.0002492812816585825 0.0 0.0 0.0002492812816585825 0.0 0.0 0.0 0.0 0.0 0.0 0.0 0.0 0.0 0.0 0.0 0.0 0.0 0.0 0.0 0.0 0.0 
3486 3.445 0.0002494347635217967 0.0 0.0 0.0002494347635217967 0.0 0.0 0.0 0.0 0.0 0.0 0.0 0.0 0.0 0.0 0.0 0.0 0.0 0.0 0.0 0.0 0.0 
3487 3.446 0.0002495882387612624 0.0 0.0 0.0002495882387612624 0.0 0.0 0.0 0.0 0.0 0.0 0.0 0.0 0.0 0.0 0.0 0.0 0.0 0.0 0.0 0.0 0.0 
3488 3.447 0.00024974170719087524 0.0 0.0 0.00024974170719087524 0.0 0.0 0.0 0.0 0.0 0.0 0.0 0.0 0.0 0.0 0.0 0.0 0.0 0.0 0.0 0.0 0.0 
3489 3.448 0.0002498951686242689 0.0 0.0 0.0002498951686242689 0.0 0.0 0.0 0.0 0.0 0.0 0.0 0.0 0.0 0.0 0.0 0.0 0.0 0.0 0.0 0.0 0.0 
3490 3.449 0.0002500486228748154 0.0 0.0 0.0002500486228748154 0.0 0.0 0.0 0.0 0.0 0.0 0.0 0.0 0.0 0.0 0.0 0.0 0.0 0.0 0.0 0.0 0.0 
3491 3.45 0.00025020206975562504 0.0 0.0 0.00025020206975562504 0.0 0.0 0.0 0.0 0.0 0.0 0.0 0.0 0.0 0.0 0.0 0.0 0.0 0.0 0.0 0.0 0.0 
3492 3.451 0.00025035550907954627 0.0 0.0 0.00025035550907954627 0.0 0.0 0.0 0.0 0.0 0.0 0.0 0.0 0.0 0.0 0.0 0.0 0.0 0.0 0.0 0.0 0.0 
3493 3.452 0.00025050894065916567 0.0 0.0 0.00025050894065916567 0.0 0.0 0.0 0.0 0.0 0.0 0.0 0.0 0.0 0.0 0.0 0.0 0.0 0.0 0.0 0.0 0.0 
3494 3.453 0.00025066236430680783 0.0 0.0 0.00025066236430680783 0.0 0.0 0.0 0.0 0.0 0.0 0.0 0.0 0.0 0.0 0.0 0.0 0.0 0.0 0.0 0.0 0.0 
3495 3.454 0.00025081577983453575 0.0 0.0 0.00025081577983453575 0.0 0.0 0.0 0.0 0.0 0.0 0.0 0.0 0.0 0.0 0.0 0.0 0.0 0.0 0.0 0.0 0.0 
3496 3.455 0.0002509691870541503 0.0 0.0 0.0002509691870541503 0.0 0.0 0.0 0.0 0.0 0.0 0.0 0.0 0.0 0.0 0.0 0.0 0.0 0.0 0.0 0.0 0.0 
3497 3.456 0.00025112258577719053 0.0 0.0 0.00025112258577719053 0.0 0.0 0.0 0.0 0.0 0.0 0.0 0.0 0.0 0.0 0.0 0.0 0.0 0.0 0.0 0.0 0.0 
3498 3.457 0.00025127597581493355 0.0 0.0 0.00025127597581493355 0.0 0.0 0.0 0.0 0.0 0.0 0.0 0.0 0.0 0.0 0.0 0.0 0.0 0.0 0.0 0.0 0.0 
3499 3.458 0.0002514293569783944 0.0 0.0 0.0002514293569783944 0.0 0.0 0.0 0.0 0.0 0.0 0.0 0.0 0.0 0.0 0.0 0.0 0.0 0.0 0.0 0.0 0.0 
3500 3.459 0.0002515827290783262 0.0 0.0 0.0002515827290783262 0.0 0.0 0.0 0.0 0.0 0.0 0.0 0.0 0.0 0.0 0.0 0.0 0.0 0.0 0.0 0.0 0.0 
3501 3.46 0.00025173609192522017 0.0 0.0 0.00025173609192522017 0.0 0.0 0.0 0.0 0.0 0.0 0.0 0.0 0.0 0.0 0.0 0.0 0.0 0.0 0.0 0.0 0.0 
3502 3.461 0.0002518894453293053 0.0 0.0 0.0002518894453293053 0.0 0.0 0.0 0.0 0.0 0.0 0.0 0.0 0.0 0.0 0.0 0.0 0.0 0.0 0.0 0.0 0.0 
3503 3.462 0.00025204278910054886 0.0 0.0 0.00025204278910054886 0.0 0.0 0.0 0.0 0.0 0.0 0.0 0.0 0.0 0.0 0.0 0.0 0.0 0.0 0.0 0.0 0.0 
3504 3.463 0.00025219612304865573 0.0 0.0 0.00025219612304865573 0.0 0.0 0.0 0.0 0.0 0.0 0.0 0.0 0.0 0.0 0.0 0.0 0.0 0.0 0.0 0.0 0.0 
3505 3.464 0.00025234944698306874 0.0 0.0 0.00025234944698306874 0.0 0.0 0.0 0.0 0.0 0.0 0.0 0.0 0.0 0.0 0.0 0.0 0.0 0.0 0.0 0.0 0.0 
3506 3.465 0.0002525027607129689 0.0 0.0 0.0002525027607129689 0.0 0.0 0.0 0.0 0.0 0.0 0.0 0.0 0.0 0.0 0.0 0.0 0.0 0.0 0.0 0.0 0.0 
3507 3.466 0.00025265606404727505 0.0 0.0 0.00025265606404727505 0.0 0.0 0.0 0.0 0.0 0.0 0.0 0.0 0.0 0.0 0.0 0.0 0.0 0.0 0.0 0.0 0.0 
3508 3.467 0.0002528093567946437 0.0 0.0 0.0002528093567946437 0.0 0.0 0.0 0.0 0.0 0.0 0.0 0.0 0.0 0.0 0.0 0.0 0.0 0.0 0.0 0.0 0.0 
3509 3.468 0.00025296263876346944 0.0 0.0 0.00025296263876346944 0.0 0.0 0.0 0.0 0.0 0.0 0.0 0.0 0.0 0.0 0.0 0.0 0.0 0.0 0.0 0.0 0.0 
3510 3.469 0.0002531159097618846 0.0 0.0 0.0002531159097618846 0.0 0.0 0.0 0.0 0.0 0.0 0.0 0.0 0.0 0.0 0.0 0.0 0.0 0.0 0.0 0.0 0.0 
3511 3.47 0.0002532691695977596 0.0 0.0 0.0002532691695977596 0.0 0.0 0.0 0.0 0.0 0.0 0.0 0.0 0.0 0.0 0.0 0.0 0.0 0.0 0.0 0.0 0.0 
3512 3.471 0.00025342241807870235 0.0 0.0 0.00025342241807870235 0.0 0.0 0.0 0.0 0.0 0.0 0.0 0.0 0.0 0.0 0.0 0.0 0.0 0.0 0.0 0.0 0.0 
3513 3.471 0.00025357565501205883 0.0 0.0 0.00025357565501205883 0.0 0.0 0.0 0.0 0.0 0.0 0.0 0.0 0.0 0.0 0.0 0.0 0.0 0.0 0.0 0.0 0.0 
3514 3.472 0.00025372888020491286 0.0 0.0 0.00025372888020491286 0.0 0.0 0.0 0.0 0.0 0.0 0.0 0.0 0.0 0.0 0.0 0.0 0.0 0.0 0.0 0.0 0.0 
3515 3.473 0.000253882093464086 0.0 0.0 0.000253882093464086 0.0 0.0 0.0 0.0 0.0 0.0 0.0 0.0 0.0 0.0 0.0 0.0 0.0 0.0 0.0 0.0 0.0 
3516 3.474 0.00025403529459613763 0.0 0.0 0.00025403529459613763 0.0 0.0 0.0 0.0 0.0 0.0 0.0 0.0 0.0 0.0 0.0 0.0 0.0 0.0 0.0 0.0 0.0 
3517 3.475 0.00025418848340736484 0.0 0.0 0.00025418848340736484 0.0 0.0 0.0 0.0 0.0 0.0 0.0 0.0 0.0 0.0 0.0 0.0 0.0 0.0 0.0 0.0 0.0 
3518 3.476 0.00025434165970380276 0.0 0.0 0.00025434165970380276 0.0 0.0 0.0 0.0 0.0 0.0 0.0 0.0 0.0 0.0 0.0 0.0 0.0 0.0 0.0 0.0 0.0 
3519 3.477 0.0002544948232912241 0.0 0.0 0.0002544948232912241 0.0 0.0 0.0 0.0 0.0 0.0 0.0 0.0 0.0 0.0 0.0 0.0 0.0 0.0 0.0 0.0 0.0 
3520 3.478 0.0002546479739751394 0.0 0.0 0.0002546479739751394 0.0 0.0 0.0 0.0 0.0 0.0 0.0 0.0 0.0 0.0 0.0 0.0 0.0 0.0 0.0 0.0 0.0 
3521 3.479 0.00025480111156079703 0.0 0.0 0.00025480111156079703 0.0 0.0 0.0 0.0 0.0 0.0 0.0 0.0 0.0 0.0 0.0 0.0 0.0 0.0 0.0 0.0 0.0 
3522 3.48 0.0002549542358531831 0.0 0.0 0.0002549542358531831 0.0 0.0 0.0 0.0 0.0 0.0 0.0 0.0 0.0 0.0 0.0 0.0 0.0 0.0 0.0 0.0 0.0 
3523 3.481 0.00025510734665702163 0.0 0.0 0.00025510734665702163 0.0 0.0 0.0 0.0 0.0 0.0 0.0 0.0 0.0 0.0 0.0 0.0 0.0 0.0 0.0 0.0 0.0 
3524 3.482 0.0002552604437767743 0.0 0.0 0.0002552604437767743 0.0 0.0 0.0 0.0 0.0 0.0 0.0 0.0 0.0 0.0 0.0 0.0 0.0 0.0 0.0 0.0 0.0 
3525 3.483 0.00025541352701664036 0.0 0.0 0.00025541352701664036 0.0 0.0 0.0 0.0 0.0 0.0 0.0 0.0 0.0 0.0 0.0 0.0 0.0 0.0 0.0 0.0 0.0 
3526 3.484 0.0002555665961805573 0.0 0.0 0.0002555665961805573 0.0 0.0 0.0 0.0 0.0 0.0 0.0 0.0 0.0 0.0 0.0 0.0 0.0 0.0 0.0 0.0 0.0 
3527 3.485 0.0002557196510722 0.0 0.0 0.0002557196510722 0.0 0.0 0.0 0.0 0.0 0.0 0.0 0.0 0.0 0.0 0.0 0.0 0.0 0.0 0.0 0.0 0.0 
3528 3.486 0.0002558726914949814 0.0 0.0 0.0002558726914949814 0.0 0.0 0.0 0.0 0.0 0.0 0.0 0.0 0.0 0.0 0.0 0.0 0.0 0.0 0.0 0.0 0.0 
3529 3.487 0.000256025717252052 0.0 0.0 0.000256025717252052 0.0 0.0 0.0 0.0 0.0 0.0 0.0 0.0 0.0 0.0 0.0 0.0 0.0 0.0 0.0 0.0 0.0 
3530 3.488 0.00025617872814630017 0.0 0.0 0.00025617872814630017 0.0 0.0 0.0 0.0 0.0 0.0 0.0 0.0 0.0 0.0 0.0 0.0 0.0 0.0 0.0 0.0 0.0 
3531 3.489 0.0002563317239803523 0.0 0.0 0.0002563317239803523 0.0 0.0 0.0 0.0 0.0 0.0 0.0 0.0 0.0 0.0 0.0 0.0 0.0 0.0 0.0 0.0 0.0 
3532 3.49 0.00025648470455657196 0.0 0.0 0.00025648470455657196 0.0 0.0 0.0 0.0 0.0 0.0 0.0 0.0 0.0 0.0 0.0 0.0 0.0 0.0 0.0 0.0 0.0 
3533 3.491 0.00025663766967706124 0.0 0.0 0.00025663766967706124 0.0 0.0 0.0 0.0 0.0 0.0 0.0 0.0 0.0 0.0 0.0 0.0 0.0 0.0 0.0 0.0 0.0 
3534 3.492 0.0002567906191436596 0.0 0.0 0.0002567906191436596 0.0 0.0 0.0 0.0 0.0 0.0 0.0 0.0 0.0 0.0 0.0 0.0 0.0 0.0 0.0 0.0 0.0 
3535 3.493 0.0002569435527579445 0.0 0.0 0.0002569435527579445 0.0 0.0 0.0 0.0 0.0 0.0 0.0 0.0 0.0 0.0 0.0 0.0 0.0 0.0 0.0 0.0 0.0 
3536 3.494 0.00025709647032123113 0.0 0.0 0.00025709647032123113 0.0 0.0 0.0 0.0 0.0 0.0 0.0 0.0 0.0 0.0 0.0 0.0 0.0 0.0 0.0 0.0 0.0 
3537 3.495 0.00025724937163457243 0.0 0.0 0.00025724937163457243 0.0 0.0 0.0 0.0 0.0 0.0 0.0 0.0 0.0 0.0 0.0 0.0 0.0 0.0 0.0 0.0 0.0 
3538 3.496 0.0002574022564987597 0.0 0.0 0.0002574022564987597 0.0 0.0 0.0 0.0 0.0 0.0 0.0 0.0 0.0 0.0 0.0 0.0 0.0 0.0 0.0 0.0 0.0 
3539 3.497 0.0002575551247143212 0.0 0.0 0.0002575551247143212 0.0 0.0 0.0 0.0 0.0 0.0 0.0 0.0 0.0 0.0 0.0 0.0 0.0 0.0 0.0 0.0 0.0 
3540 3.498 0.0002577079760815237 0.0 0.0 0.0002577079760815237 0.0 0.0 0.0 0.0 0.0 0.0 0.0 0.0 0.0 0.0 0.0 0.0 0.0 0.0 0.0 0.0 0.0 
3541 3.499 0.0002578608104003718 0.0 0.0 0.0002578608104003718 0.0 0.0 0.0 0.0 0.0 0.0 0.0 0.0 0.0 0.0 0.0 0.0 0.0 0.0 0.0 0.0 0.0 
3542 3.5 0.0002580136274706079 0.0 0.0 0.0002580136274706079 0.0 0.0 0.0 0.0 0.0 0.0 0.0 0.0 0.0 0.0 0.0 0.0 0.0 0.0 0.0 0.0 0.0 
3543 3.501 0.00025816642709171214 0.0 0.0 0.00025816642709171214 0.0 0.0 0.0 0.0 0.0 0.0 0.0 0.0 0.0 0.0 0.0 0.0 0.0 0.0 0.0 0.0 0.0 
3544 3.502 0.00025831920906290286 0.0 0.0 0.00025831920906290286 0.0 0.0 0.0 0.0 0.0 0.0 0.0 0.0 0.0 0.0 0.0 0.0 0.0 0.0 0.0 0.0 0.0 
3545 3.503 0.0002584719731831362 0.0 0.0 0.0002584719731831362 0.0 0.0 0.0 0.0 0.0 0.0 0.0 0.0 0.0 0.0 0.0 0.0 0.0 0.0 0.0 0.0 0.0 
3546 3.504 0.00025862471925110615 0.0 0.0 0.00025862471925110615 0.0 0.0 0.0 0.0 0.0 0.0 0.0 0.0 0.0 0.0 0.0 0.0 0.0 0.0 0.0 0.0 0.0 
3547 3.505 0.00025877744706524476 0.0 0.0 0.00025877744706524476 0.0 0.0 0.0 0.0 0.0 0.0 0.0 0.0 0.0 0.0 0.0 0.0 0.0 0.0 0.0 0.0 0.0 
3548 3.506 0.00025893015642372205 0.0 0.0 0.00025893015642372205 0.0 0.0 0.0 0.0 0.0 0.0 0.0 0.0 0.0 0.0 0.0 0.0 0.0 0.0 0.0 0.0 0.0 
3549 3.507 0.00025908284712444627 0.0 0.0 0.00025908284712444627 0.0 0.0 0.0 0.0 0.0 0.0 0.0 0.0 0.0 0.0 0.0 0.0 0.0 0.0 0.0 0.0 0.0 
3550 3.508 0.00025923551896506327 0.0 0.0 0.00025923551896506327 0.0 0.0 0.0 0.0 0.0 0.0 0.0 0.0 0.0 0.0 0.0 0.0 0.0 0.0 0.0 0.0 0.0 
3551 3.509 0.00025938817174295714 0.0 0.0 0.00025938817174295714 0.0 0.0 0.0 0.0 0.0 0.0 0.0 0.0 0.0 0.0 0.0 0.0 0.0 0.0 0.0 0.0 0.0 
3552 3.51 0.0002595408052552502 0.0 0.0 0.0002595408052552502 0.0 0.0 0.0 0.0 0.0 0.0 0.0 0.0 0.0 0.0 0.0 0.0 0.0 0.0 0.0 0.0 0.0 
3553 3.511 0.0002596934192988025 0.0 0.0 0.0002596934192988025 0.0 0.0 0.0 0.0 0.0 0.0 0.0 0.0 0.0 0.0 0.0 0.0 0.0 0.0 0.0 0.0 0.0 
3554 3.512 0.00025984601367021263 0.0 0.0 0.00025984601367021263 0.0 0.0 0.0 0.0 0.0 0.0 0.0 0.0 0.0 0.0 0.0 0.0 0.0 0.0 0.0 0.0 0.0 
3555 3.513 0.00025999858816581683 0.0 0.0 0.00025999858816581683 0.0 0.0 0.0 0.0 0.0 0.0 0.0 0.0 0.0 0.0 0.0 0.0 0.0 0.0 0.0 0.0 0.0 
3556 3.514 0.00026015114258168986 0.0 0.0 0.00026015114258168986 0.0 0.0 0.0 0.0 0.0 0.0 0.0 0.0 0.0 0.0 0.0 0.0 0.0 0.0 0.0 0.0 0.0 
3557 3.515 0.00026030367671364457 0.0 0.0 0.00026030367671364457 0.0 0.0 0.0 0.0 0.0 0.0 0.0 0.0 0.0 0.0 0.0 0.0 0.0 0.0 0.0 0.0 0.0 
3558 3.516 0.0002604561903572319 0.0 0.0 0.0002604561903572319 0.0 0.0 0.0 0.0 0.0 0.0 0.0 0.0 0.0 0.0 0.0 0.0 0.0 0.0 0.0 0.0 0.0 
3559 3.517 0.0002606086833077412 0.0 0.0 0.0002606086833077412 0.0 0.0 0.0 0.0 0.0 0.0 0.0 0.0 0.0 0.0 0.0 0.0 0.0 0.0 0.0 0.0 0.0 
3560 3.518 0.00026076115536019994 0.0 0.0 0.00026076115536019994 0.0 0.0 0.0 0.0 0.0 0.0 0.0 0.0 0.0 0.0 0.0 0.0 0.0 0.0 0.0 0.0 0.0 
3561 3.519 0.0002609136063093738 0.0 0.0 0.0002609136063093738 0.0 0.0 0.0 0.0 0.0 0.0 0.0 0.0 0.0 0.0 0.0 0.0 0.0 0.0 0.0 0.0 0.0 
3562 3.52 0.0002610660359497671 0.0 0.0 0.0002610660359497671 0.0 0.0 0.0 0.0 0.0 0.0 0.0 0.0 0.0 0.0 0.0 0.0 0.0 0.0 0.0 0.0 0.0 
3563 3.521 0.00026121844407562216 0.0 0.0 0.00026121844407562216 0.0 0.0 0.0 0.0 0.0 0.0 0.0 0.0 0.0 0.0 0.0 0.0 0.0 0.0 0.0 0.0 0.0 
3564 3.522 0.00026137083048091985 0.0 0.0 0.00026137083048091985 0.0 0.0 0.0 0.0 0.0 0.0 0.0 0.0 0.0 0.0 0.0 0.0 0.0 0.0 0.0 0.0 0.0 
3565 3.523 0.0002615231949593796 0.0 0.0 0.0002615231949593796 0.0 0.0 0.0 0.0 0.0 0.0 0.0 0.0 0.0 0.0 0.0 0.0 0.0 0.0 0.0 0.0 0.0 
3566 3.524 0.0002616755373044588 0.0 0.0 0.0002616755373044588 0.0 0.0 0.0 0.0 0.0 0.0 0.0 0.0 0.0 0.0 0.0 0.0 0.0 0.0 0.0 0.0 0.0 
3567 3.525 0.0002618278573093538 0.0 0.0 0.0002618278573093538 0.0 0.0 0.0 0.0 0.0 0.0 0.0 0.0 0.0 0.0 0.0 0.0 0.0 0.0 0.0 0.0 0.0 
3568 3.526 0.0002619801547669993 0.0 0.0 0.0002619801547669993 0.0 0.0 0.0 0.0 0.0 0.0 0.0 0.0 0.0 0.0 0.0 0.0 0.0 0.0 0.0 0.0 0.0 
3569 3.527 0.0002621324294700684 0.0 0.0 0.0002621324294700684 0.0 0.0 0.0 0.0 0.0 0.0 0.0 0.0 0.0 0.0 0.0 0.0 0.0 0.0 0.0 0.0 0.0 
3570 3.528 0.0002622846812109729 0.0 0.0 0.0002622846812109729 0.0 0.0 0.0 0.0 0.0 0.0 0.0 0.0 0.0 0.0 0.0 0.0 0.0 0.0 0.0 0.0 0.0 
3571 3.529 0.00026243690978186346 0.0 0.0 0.00026243690978186346 0.0 0.0 0.0 0.0 0.0 0.0 0.0 0.0 0.0 0.0 0.0 0.0 0.0 0.0 0.0 0.0 0.0 
3572 3.53 0.0002625891149746289 0.0 0.0 0.0002625891149746289 0.0 0.0 0.0 0.0 0.0 0.0 0.0 0.0 0.0 0.0 0.0 0.0 0.0 0.0 0.0 0.0 0.0 
3573 3.531 0.00026274129658089703 0.0 0.0 0.00026274129658089703 0.0 0.0 0.0 0.0 0.0 0.0 0.0 0.0 0.0 0.0 0.0 0.0 0.0 0.0 0.0 0.0 0.0 
3574 3.532 0.00026289345439203457 0.0 0.0 0.00026289345439203457 0.0 0.0 0.0 0.0 0.0 0.0 0.0 0.0 0.0 0.0 0.0 0.0 0.0 0.0 0.0 0.0 0.0 
3575 3.533 0.00026304558819914645 0.0 0.0 0.00026304558819914645 0.0 0.0 0.0 0.0 0.0 0.0 0.0 0.0 0.0 0.0 0.0 0.0 0.0 0.0 0.0 0.0 0.0 
3576 3.534 0.000263197697793077 0.0 0.0 0.000263197697793077 0.0 0.0 0.0 0.0 0.0 0.0 0.0 0.0 0.0 0.0 0.0 0.0 0.0 0.0 0.0 0.0 0.0 
3577 3.535 0.00026334978296440914 0.0 0.0 0.00026334978296440914 0.0 0.0 0.0 0.0 0.0 0.0 0.0 0.0 0.0 0.0 0.0 0.0 0.0 0.0 0.0 0.0 0.0 
3578 3.536 0.00026350184350346464 0.0 0.0 0.00026350184350346464 0.0 0.0 0.0 0.0 0.0 0.0 0.0 0.0 0.0 0.0 0.0 0.0 0.0 0.0 0.0 0.0 0.0 
3579 3.537 0.00026365387920030433 0.0 0.0 0.00026365387920030433 0.0 0.0 0.0 0.0 0.0 0.0 0.0 0.0 0.0 0.0 0.0 0.0 0.0 0.0 0.0 0.0 0.0 
3580 3.538 0.00026380588984472794 0.0 0.0 0.00026380588984472794 0.0 0.0 0.0 0.0 0.0 0.0 0.0 0.0 0.0 0.0 0.0 0.0 0.0 0.0 0.0 0.0 0.0 
3581 3.539 0.00026395787522627437 0.0 0.0 0.00026395787522627437 0.0 0.0 0.0 0.0 0.0 0.0 0.0 0.0 0.0 0.0 0.0 0.0 0.0 0.0 0.0 0.0 0.0 
3582 3.54 0.0002641098351342214 0.0 0.0 0.0002641098351342214 0.0 0.0 0.0 0.0 0.0 0.0 0.0 0.0 0.0 0.0 0.0 0.0 0.0 0.0 0.0 0.0 0.0 
3583 3.541 0.0002642617693575861 0.0 0.0 0.0002642617693575861 0.0 0.0 0.0 0.0 0.0 0.0 0.0 0.0 0.0 0.0 0.0 0.0 0.0 0.0 0.0 0.0 0.0 
3584 3.542 0.00026441367768512467 0.0 0.0 0.00026441367768512467 0.0 0.0 0.0 0.0 0.0 0.0 0.0 0.0 0.0 0.0 0.0 0.0 0.0 0.0 0.0 0.0 0.0 
3585 3.543 0.00026456555990533246 0.0 0.0 0.00026456555990533246 0.0 0.0 0.0 0.0 0.0 0.0 0.0 0.0 0.0 0.0 0.0 0.0 0.0 0.0 0.0 0.0 0.0 
3586 3.544 0.0002647174158064441 0.0 0.0 0.0002647174158064441 0.0 0.0 0.0 0.0 0.0 0.0 0.0 0.0 0.0 0.0 0.0 0.0 0.0 0.0 0.0 0.0 0.0 
3587 3.545 0.0002648692451764338 0.0 0.0 0.0002648692451764338 0.0 0.0 0.0 0.0 0.0 0.0 0.0 0.0 0.0 0.0 0.0 0.0 0.0 0.0 0.0 0.0 0.0 
3588 3.546 0.00026502104780301463 0.0 0.0 0.00026502104780301463 0.0 0.0 0.0 0.0 0.0 0.0 0.0 0.0 0.0 0.0 0.0 0.0 0.0 0.0 0.0 0.0 0.0 
3589 3.547 0.0002651728234736396 0.0 0.0 0.0002651728234736396 0.0 0.0 0.0 0.0 0.0 0.0 0.0 0.0 0.0 0.0 0.0 0.0 0.0 0.0 0.0 0.0 0.0 
3590 3.548 0.00026532457197550103 0.0 0.0 0.00026532457197550103 0.0 0.0 0.0 0.0 0.0 0.0 0.0 0.0 0.0 0.0 0.0 0.0 0.0 0.0 0.0 0.0 0.0 
3591 3.549 0.0002654762930955306 0.0 0.0 0.0002654762930955306 0.0 0.0 0.0 0.0 0.0 0.0 0.0 0.0 0.0 0.0 0.0 0.0 0.0 0.0 0.0 0.0 0.0 
3592 3.55 0.0002656279866203998 0.0 0.0 0.0002656279866203998 0.0 0.0 0.0 0.0 0.0 0.0 0.0 0.0 0.0 0.0 0.0 0.0 0.0 0.0 0.0 0.0 0.0 
3593 3.551 0.0002657796523365196 0.0 0.0 0.0002657796523365196 0.0 0.0 0.0 0.0 0.0 0.0 0.0 0.0 0.0 0.0 0.0 0.0 0.0 0.0 0.0 0.0 0.0 
3594 3.552 0.0002659312900300409 0.0 0.0 0.0002659312900300409 0.0 0.0 0.0 0.0 0.0 0.0 0.0 0.0 0.0 0.0 0.0 0.0 0.0 0.0 0.0 0.0 0.0 
3595 3.553 0.000266082899486854 0.0 0.0 0.000266082899486854 0.0 0.0 0.0 0.0 0.0 0.0 0.0 0.0 0.0 0.0 0.0 0.0 0.0 0.0 0.0 0.0 0.0 
3596 3.554 0.0002662344804925894 0.0 0.0 0.0002662344804925894 0.0 0.0 0.0 0.0 0.0 0.0 0.0 0.0 0.0 0.0 0.0 0.0 0.0 0.0 0.0 0.0 0.0 
3597 3.554 0.0002663860328326173 0.0 0.0 0.0002663860328326173 0.0 0.0 0.0 0.0 0.0 0.0 0.0 0.0 0.0 0.0 0.0 0.0 0.0 0.0 0.0 0.0 0.0 
3598 3.555 0.0002665375562920478 0.0 0.0 0.0002665375562920478 0.0 0.0 0.0 0.0 0.0 0.0 0.0 0.0 0.0 0.0 0.0 0.0 0.0 0.0 0.0 0.0 0.0 
3599 3.556 0.0002666890506557311 0.0 0.0 0.0002666890506557311 0.0 0.0 0.0 0.0 0.0 0.0 0.0 0.0 0.0 0.0 0.0 0.0 0.0 0.0 0.0 0.0 0.0 
3600 3.557 0.0002668405157082572 0.0 0.0 0.0002668405157082572 0.0 0.0 0.0 0.0 0.0 0.0 0.0 0.0 0.0 0.0 0.0 0.0 0.0 0.0 0.0 0.0 0.0 
3601 3.558 0.00026699195123395673 0.0 0.0 0.00026699195123395673 0.0 0.0 0.0 0.0 0.0 0.0 0.0 0.0 0.0 0.0 0.0 0.0 0.0 0.0 0.0 0.0 0.0 
3602 3.559 0.0002671433570169001 0.0 0.0 0.0002671433570169001 0.0 0.0 0.0 0.0 0.0 0.0 0.0 0.0 0.0 0.0 0.0 0.0 0.0 0.0 0.0 0.0 0.0 
3603 3.56 0.00026729473284089805 0.0 0.0 0.00026729473284089805 0.0 0.0 0.0 0.0 0.0 0.0 0.0 0.0 0.0 0.0 0.0 0.0 0.0 0.0 0.0 0.0 0.0 
3604 3.561 0.00026744607848950175 0.0 0.0 0.00026744607848950175 0.0 0.0 0.0 0.0 0.0 0.0 0.0 0.0 0.0 0.0 0.0 0.0 0.0 0.0 0.0 0.0 0.0 
3605 3.562 0.0002675973937460026 0.0 0.0 0.0002675973937460026 0.0 0.0 0.0 0.0 0.0 0.0 0.0 0.0 0.0 0.0 0.0 0.0 0.0 0.0 0.0 0.0 0.0 
3606 3.563 0.0002677486783934326 0.0 0.0 0.0002677486783934326 0.0 0.0 0.0 0.0 0.0 0.0 0.0 0.0 0.0 0.0 0.0 0.0 0.0 0.0 0.0 0.0 0.0 
3607 3.564 0.0002678999322145642 0.0 0.0 0.0002678999322145642 0.0 0.0 0.0 0.0 0.0 0.0 0.0 0.0 0.0 0.0 0.0 0.0 0.0 0.0 0.0 0.0 0.0 
3608 3.565 0.00026805115499191047 0.0 0.0 0.00026805115499191047 0.0 0.0 0.0 0.0 0.0 0.0 0.0 0.0 0.0 0.0 0.0 0.0 0.0 0.0 0.0 0.0 0.0 
3609 3.566 0.0002682023465077251 0.0 0.0 0.0002682023465077251 0.0 0.0 0.0 0.0 0.0 0.0 0.0 0.0 0.0 0.0 0.0 0.0 0.0 0.0 0.0 0.0 0.0 
3610 3.567 0.0002683535065440027 0.0 0.0 0.0002683535065440027 0.0 0.0 0.0 0.0 0.0 0.0 0.0 0.0 0.0 0.0 0.0 0.0 0.0 0.0 0.0 0.0 0.0 
3611 3.568 0.00026850463488247827 0.0 0.0 0.00026850463488247827 0.0 0.0 0.0 0.0 0.0 0.0 0.0 0.0 0.0 0.0 0.0 0.0 0.0 0.0 0.0 0.0 0.0 
3612 3.569 0.00026865573130462815 0.0 0.0 0.00026865573130462815 0.0 0.0 0.0 0.0 0.0 0.0 0.0 0.0 0.0 0.0 0.0 0.0 0.0 0.0 0.0 0.0 0.0 
3613 3.57 0.0002688067955916693 0.0 0.0 0.0002688067955916693 0.0 0.0 0.0 0.0 0.0 0.0 0.0 0.0 0.0 0.0 0.0 0.0 0.0 0.0 0.0 0.0 0.0 
3614 3.571 0.00026895782752456006 0.0 0.0 0.00026895782752456006 0.0 0.0 0.0 0.0 0.0 0.0 0.0 0.0 0.0 0.0 0.0 0.0 0.0 0.0 0.0 0.0 0.0 
3615 3.572 0.0002691088268839994 0.0 0.0 0.0002691088268839994 0.0 0.0 0.0 0.0 0.0 0.0 0.0 0.0 0.0 0.0 0.0 0.0 0.0 0.0 0.0 0.0 0.0 
3616 3.573 0.00026925979345042796 0.0 0.0 0.00026925979345042796 0.0 0.0 0.0 0.0 0.0 0.0 0.0 0.0 0.0 0.0 0.0 0.0 0.0 0.0 0.0 0.0 0.0 
3617 3.574 0.0002694107270040273 0.0 0.0 0.0002694107270040273 0.0 0.0 0.0 0.0 0.0 0.0 0.0 0.0 0.0 0.0 0.0 0.0 0.0 0.0 0.0 0.0 0.0 
3618 3.575 0.00026956162732472047 0.0 0.0 0.00026956162732472047 0.0 0.0 0.0 0.0 0.0 0.0 0.0 0.0 0.0 0.0 0.0 0.0 0.0 0.0 0.0 0.0 0.0 
3619 3.576 0.00026971249419217196 0.0 0.0 0.00026971249419217196 0.0 0.0 0.0 0.0 0.0 0.0 0.0 0.0 0.0 0.0 0.0 0.0 0.0 0.0 0.0 0.0 0.0 
3620 3.577 0.0002698633273857876 0.0 0.0 0.0002698633273857876 0.0 0.0 0.0 0.0 0.0 0.0 0.0 0.0 0.0 0.0 0.0 0.0 0.0 0.0 0.0 0.0 0.0 
3621 3.578 0.000270014126684715 0.0 0.0 0.000270014126684715 0.0 0.0 0.0 0.0 0.0 0.0 0.0 0.0 0.0 0.0 0.0 0.0 0.0 0.0 0.0 0.0 0.0 
3622 3.579 0.00027016489186784323 0.0 0.0 0.00027016489186784323 0.0 0.0 0.0 0.0 0.0 0.0 0.0 0.0 0.0 0.0 0.0 0.0 0.0 0.0 0.0 0.0 0.0 
3623 3.58 0.00027031562271380346 0.0 0.0 0.00027031562271380346 0.0 0.0 0.0 0.0 0.0 0.0 0.0 0.0 0.0 0.0 0.0 0.0 0.0 0.0 0.0 0.0 0.0 
3624 3.581 0.00027046631900096824 0.0 0.0 0.00027046631900096824 0.0 0.0 0.0 0.0 0.0 0.0 0.0 0.0 0.0 0.0 0.0 0.0 0.0 0.0 0.0 0.0 0.0 
3625 3.582 0.0002706169805074523 0.0 0.0 0.0002706169805074523 0.0 0.0 0.0 0.0 0.0 0.0 0.0 0.0 0.0 0.0 0.0 0.0 0.0 0.0 0.0 0.0 0.0 
3626 3.583 0.00027076760701111237 0.0 0.0 0.00027076760701111237 0.0 0.0 0.0 0.0 0.0 0.0 0.0 0.0 0.0 0.0 0.0 0.0 0.0 0.0 0.0 0.0 0.0 
3627 3.584 0.00027091819828954715 0.0 0.0 0.00027091819828954715 0.0 0.0 0.0 0.0 0.0 0.0 0.0 0.0 0.0 0.0 0.0 0.0 0.0 0.0 0.0 0.0 0.0 
3628 3.585 0.00027106875412009765 0.0 0.0 0.00027106875412009765 0.0 0.0 0.0 0.0 0.0 0.0 0.0 0.0 0.0 0.0 0.0 0.0 0.0 0.0 0.0 0.0 0.0 
3629 3.586 0.0002712192742798472 0.0 0.0 0.0002712192742798472 0.0 0.0 0.0 0.0 0.0 0.0 0.0 0.0 0.0 0.0 0.0 0.0 0.0 0.0 0.0 0.0 0.0 
3630 3.587 0.00027136975854562126 0.0 0.0 0.00027136975854562126 0.0 0.0 0.0 0.0 0.0 0.0 0.0 0.0 0.0 0.0 0.0 0.0 0.0 0.0 0.0 0.0 0.0 
3631 3.588 0.00027152020669398786 0.0 0.0 0.00027152020669398786 0.0 0.0 0.0 0.0 0.0 0.0 0.0 0.0 0.0 0.0 0.0 0.0 0.0 0.0 0.0 0.0 0.0 
3632 3.589 0.0002716706185012577 0.0 0.0 0.0002716706185012577 0.0 0.0 0.0 0.0 0.0 0.0 0.0 0.0 0.0 0.0 0.0 0.0 0.0 0.0 0.0 0.0 0.0 
3633 3.59 0.0002718209937434839 0.0 0.0 0.0002718209937434839 0.0 0.0 0.0 0.0 0.0 0.0 0.0 0.0 0.0 0.0 0.0 0.0 0.0 0.0 0.0 0.0 0.0 
3634 3.591 0.00027197133219646253 0.0 0.0 0.00027197133219646253 0.0 0.0 0.0 0.0 0.0 0.0 0.0 0.0 0.0 0.0 0.0 0.0 0.0 0.0 0.0 0.0 0.0 
3635 3.592 0.0002721216336357322 0.0 0.0 0.0002721216336357322 0.0 0.0 0.0 0.0 0.0 0.0 0.0 0.0 0.0 0.0 0.0 0.0 0.0 0.0 0.0 0.0 0.0 
3636 3.593 0.0002722718978365748 0.0 0.0 0.0002722718978365748 0.0 0.0 0.0 0.0 0.0 0.0 0.0 0.0 0.0 0.0 0.0 0.0 0.0 0.0 0.0 0.0 0.0 
3637 3.594 0.0002724221245740149 0.0 0.0 0.0002724221245740149 0.0 0.0 0.0 0.0 0.0 0.0 0.0 0.0 0.0 0.0 0.0 0.0 0.0 0.0 0.0 0.0 0.0 
3638 3.595 0.0002725723136228205 0.0 0.0 0.0002725723136228205 0.0 0.0 0.0 0.0 0.0 0.0 0.0 0.0 0.0 0.0 0.0 0.0 0.0 0.0 0.0 0.0 0.0 
3639 3.596 0.0002727224647575025 0.0 0.0 0.0002727224647575025 0.0 0.0 0.0 0.0 0.0 0.0 0.0 0.0 0.0 0.0 0.0 0.0 0.0 0.0 0.0 0.0 0.0 
3640 3.597 0.0002728725777523153 0.0 0.0 0.0002728725777523153 0.0 0.0 0.0 0.0 0.0 0.0 0.0 0.0 0.0 0.0 0.0 0.0 0.0 0.0 0.0 0.0 0.0 
3641 3.598 0.00027302265238125675 0.0 0.0 0.00027302265238125675 0.0 0.0 0.0 0.0 0.0 0.0 0.0 0.0 0.0 0.0 0.0 0.0 0.0 0.0 0.0 0.0 0.0 
3642 3.599 0.00027317268841806807 0.0 0.0 0.00027317268841806807 0.0 0.0 0.0 0.0 0.0 0.0 0.0 0.0 0.0 0.0 0.0 0.0 0.0 0.0 0.0 0.0 0.0 
3643 3.6 0.0002733226856362343 0.0 0.0 0.0002733226856362343 0.0 0.0 0.0 0.0 0.0 0.0 0.0 0.0 0.0 0.0 0.0 0.0 0.0 0.0 0.0 0.0 0.0 
3644 3.601 0.00027347264380898407 0.0 0.0 0.00027347264380898407 0.0 0.0 0.0 0.0 0.0 0.0 0.0 0.0 0.0 0.0 0.0 0.0 0.0 0.0 0.0 0.0 0.0 
3645 3.602 0.0002736225627092898 0.0 0.0 0.0002736225627092898 0.0 0.0 0.0 0.0 0.0 0.0 0.0 0.0 0.0 0.0 0.0 0.0 0.0 0.0 0.0 0.0 0.0 
3646 3.603 0.00027377244210986796 0.0 0.0 0.00027377244210986796 0.0 0.0 0.0 0.0 0.0 0.0 0.0 0.0 0.0 0.0 0.0 0.0 0.0 0.0 0.0 0.0 0.0 
3647 3.604 0.000273922281783179 0.0 0.0 0.000273922281783179 0.0 0.0 0.0 0.0 0.0 0.0 0.0 0.0 0.0 0.0 0.0 0.0 0.0 0.0 0.0 0.0 0.0 
3648 3.605 0.0002740720815014275 0.0 0.0 0.0002740720815014275 0.0 0.0 0.0 0.0 0.0 0.0 0.0 0.0 0.0 0.0 0.0 0.0 0.0 0.0 0.0 0.0 0.0 
3649 3.606 0.00027422184103656255 0.0 0.0 0.00027422184103656255 0.0 0.0 0.0 0.0 0.0 0.0 0.0 0.0 0.0 0.0 0.0 0.0 0.0 0.0 0.0 0.0 0.0 
3650 3.607 0.00027437156016027714 0.0 0.0 0.00027437156016027714 0.0 0.0 0.0 0.0 0.0 0.0 0.0 0.0 0.0 0.0 0.0 0.0 0.0 0.0 0.0 0.0 0.0 
3651 3.608 0.00027452123864400913 0.0 0.0 0.00027452123864400913 0.0 0.0 0.0 0.0 0.0 0.0 0.0 0.0 0.0 0.0 0.0 0.0 0.0 0.0 0.0 0.0 0.0 
3652 3.609 0.00027467087625894087 0.0 0.0 0.00027467087625894087 0.0 0.0 0.0 0.0 0.0 0.0 0.0 0.0 0.0 0.0 0.0 0.0 0.0 0.0 0.0 0.0 0.0 
3653 3.61 0.00027482047277599934 0.0 0.0 0.00027482047277599934 0.0 0.0 0.0 0.0 0.0 0.0 0.0 0.0 0.0 0.0 0.0 0.0 0.0 0.0 0.0 0.0 0.0 
3654 3.611 0.0002749700279658564 0.0 0.0 0.0002749700279658564 0.0 0.0 0.0 0.0 0.0 0.0 0.0 0.0 0.0 0.0 0.0 0.0 0.0 0.0 0.0 0.0 0.0 
3655 3.612 0.00027511954159892895 0.0 0.0 0.00027511954159892895 0.0 0.0 0.0 0.0 0.0 0.0 0.0 0.0 0.0 0.0 0.0 0.0 0.0 0.0 0.0 0.0 0.0 
3656 3.613 0.0002752690134453787 0.0 0.0 0.0002752690134453787 0.0 0.0 0.0 0.0 0.0 0.0 0.0 0.0 0.0 0.0 0.0 0.0 0.0 0.0 0.0 0.0 0.0 
3657 3.614 0.0002754184432751126 0.0 0.0 0.0002754184432751126 0.0 0.0 0.0 0.0 0.0 0.0 0.0 0.0 0.0 0.0 0.0 0.0 0.0 0.0 0.0 0.0 0.0 
3658 3.615 0.00027556783085778307 0.0 0.0 0.00027556783085778307 0.0 0.0 0.0 0.0 0.0 0.0 0.0 0.0 0.0 0.0 0.0 0.0 0.0 0.0 0.0 0.0 0.0 
3659 3.616 0.0002757171759627879 0.0 0.0 0.0002757171759627879 0.0 0.0 0.0 0.0 0.0 0.0 0.0 0.0 0.0 0.0 0.0 0.0 0.0 0.0 0.0 0.0 0.0 
3660 3.617 0.00027586647835927015 0.0 0.0 0.00027586647835927015 0.0 0.0 0.0 0.0 0.0 0.0 0.0 0.0 0.0 0.0 0.0 0.0 0.0 0.0 0.0 0.0 0.0 
3661 3.618 0.00027601573781611886 0.0 0.0 0.00027601573781611886 0.0 0.0 0.0 0.0 0.0 0.0 0.0 0.0 0.0 0.0 0.0 0.0 0.0 0.0 0.0 0.0 0.0 
3662 3.619 0.00027616495410196846 0.0 0.0 0.00027616495410196846 0.0 0.0 0.0 0.0 0.0 0.0 0.0 0.0 0.0 0.0 0.0 0.0 0.0 0.0 0.0 0.0 0.0 
3663 3.62 0.00027631412698519975 0.0 0.0 0.00027631412698519975 0.0 0.0 0.0 0.0 0.0 0.0 0.0 0.0 0.0 0.0 0.0 0.0 0.0 0.0 0.0 0.0 0.0 
3664 3.621 0.00027646325623393903 0.0 0.0 0.00027646325623393903 0.0 0.0 0.0 0.0 0.0 0.0 0.0 0.0 0.0 0.0 0.0 0.0 0.0 0.0 0.0 0.0 0.0 
3665 3.622 0.0002766123416160592 0.0 0.0 0.0002766123416160592 0.0 0.0 0.0 0.0 0.0 0.0 0.0 0.0 0.0 0.0 0.0 0.0 0.0 0.0 0.0 0.0 0.0 
3666 3.623 0.0002767613828991791 0.0 0.0 0.0002767613828991791 0.0 0.0 0.0 0.0 0.0 0.0 0.0 0.0 0.0 0.0 0.0 0.0 0.0 0.0 0.0 0.0 0.0 
3667 3.624 0.0002769103798506641 0.0 0.0 0.0002769103798506641 0.0 0.0 0.0 0.0 0.0 0.0 0.0 0.0 0.0 0.0 0.0 0.0 0.0 0.0 0.0 0.0 0.0 
3668 3.625 0.00027705933223762616 0.0 0.0 0.00027705933223762616 0.0 0.0 0.0 0.0 0.0 0.0 0.0 0.0 0.0 0.0 0.0 0.0 0.0 0.0 0.0 0.0 0.0 
3669 3.626 0.00027720823982692376 0.0 0.0 0.00027720823982692376 0.0 0.0 0.0 0.0 0.0 0.0 0.0 0.0 0.0 0.0 0.0 0.0 0.0 0.0 0.0 0.0 0.0 
3670 3.627 0.00027735710238516214 0.0 0.0 0.00027735710238516214 0.0 0.0 0.0 0.0 0.0 0.0 0.0 0.0 0.0 0.0 0.0 0.0 0.0 0.0 0.0 0.0 0.0 
3671 3.628 0.00027750591967869365 0.0 0.0 0.00027750591967869365 0.0 0.0 0.0 0.0 0.0 0.0 0.0 0.0 0.0 0.0 0.0 0.0 0.0 0.0 0.0 0.0 0.0 
3672 3.629 0.0002776546914736175 0.0 0.0 0.0002776546914736175 0.0 0.0 0.0 0.0 0.0 0.0 0.0 0.0 0.0 0.0 0.0 0.0 0.0 0.0 0.0 0.0 0.0 
3673 3.63 0.0002778034175357802 0.0 0.0 0.0002778034175357802 0.0 0.0 0.0 0.0 0.0 0.0 0.0 0.0 0.0 0.0 0.0 0.0 0.0 0.0 0.0 0.0 0.0 
3674 3.631 0.0002779520976307755 0.0 0.0 0.0002779520976307755 0.0 0.0 0.0 0.0 0.0 0.0 0.0 0.0 0.0 0.0 0.0 0.0 0.0 0.0 0.0 0.0 0.0 
3675 3.632 0.0002781007315239447 0.0 0.0 0.0002781007315239447 0.0 0.0 0.0 0.0 0.0 0.0 0.0 0.0 0.0 0.0 0.0 0.0 0.0 0.0 0.0 0.0 0.0 
3676 3.633 0.00027824931898037645 0.0 0.0 0.00027824931898037645 0.0 0.0 0.0 0.0 0.0 0.0 0.0 0.0 0.0 0.0 0.0 0.0 0.0 0.0 0.0 0.0 0.0 
3677 3.634 0.0002783978597649074 0.0 0.0 0.0002783978597649074 0.0 0.0 0.0 0.0 0.0 0.0 0.0 0.0 0.0 0.0 0.0 0.0 0.0 0.0 0.0 0.0 0.0 
3678 3.635 0.0002785463536421219 0.0 0.0 0.0002785463536421219 0.0 0.0 0.0 0.0 0.0 0.0 0.0 0.0 0.0 0.0 0.0 0.0 0.0 0.0 0.0 0.0 0.0 
3679 3.636 0.00027869480037635234 0.0 0.0 0.00027869480037635234 0.0 0.0 0.0 0.0 0.0 0.0 0.0 0.0 0.0 0.0 0.0 0.0 0.0 0.0 0.0 0.0 0.0 
3680 3.637 0.0002788431997316793 0.0 0.0 0.0002788431997316793 0.0 0.0 0.0 0.0 0.0 0.0 0.0 0.0 0.0 0.0 0.0 0.0 0.0 0.0 0.0 0.0 0.0 
3681 3.638 0.0002789915514719316 0.0 0.0 0.0002789915514719316 0.0 0.0 0.0 0.0 0.0 0.0 0.0 0.0 0.0 0.0 0.0 0.0 0.0 0.0 0.0 0.0 0.0 
3682 3.638 0.0002791398553606865 0.0 0.0 0.0002791398553606865 0.0 0.0 0.0 0.0 0.0 0.0 0.0 0.0 0.0 0.0 0.0 0.0 0.0 0.0 0.0 0.0 0.0 
3683 3.639 0.0002792881111612699 0.0 0.0 0.0002792881111612699 0.0 0.0 0.0 0.0 0.0 0.0 0.0 0.0 0.0 0.0 0.0 0.0 0.0 0.0 0.0 0.0 0.0 
3684 3.64 0.0002794363186367562 0.0 0.0 0.0002794363186367562 0.0 0.0 0.0 0.0 0.0 0.0 0.0 0.0 0.0 0.0 0.0 0.0 0.0 0.0 0.0 0.0 0.0 
3685 3.641 0.00027958447754996906 0.0 0.0 0.00027958447754996906 0.0 0.0 0.0 0.0 0.0 0.0 0.0 0.0 0.0 0.0 0.0 0.0 0.0 0.0 0.0 0.0 0.0 
3686 3.642 0.0002797325876634806 0.0 0.0 0.0002797325876634806 0.0 0.0 0.0 0.0 0.0 0.0 0.0 0.0 0.0 0.0 0.0 0.0 0.0 0.0 0.0 0.0 0.0 
3687 3.643 0.0002798806487396126 0.0 0.0 0.0002798806487396126 0.0 0.0 0.0 0.0 0.0 0.0 0.0 0.0 0.0 0.0 0.0 0.0 0.0 0.0 0.0 0.0 0.0 
3688 3.644 0.0002800286605404359 0.0 0.0 0.0002800286605404359 0.0 0.0 0.0 0.0 0.0 0.0 0.0 0.0 0.0 0.0 0.0 0.0 0.0 0.0 0.0 0.0 0.0 
3689 3.645 0.00028017662282777095 0.0 0.0 0.00028017662282777095 0.0 0.0 0.0 0.0 0.0 0.0 0.0 0.0 0.0 0.0 0.0 0.0 0.0 0.0 0.0 0.0 0.0 
3690 3.646 0.0002803245353631876 0.0 0.0 0.0002803245353631876 0.0 0.0 0.0 0.0 0.0 0.0 0.0 0.0 0.0 0.0 0.0 0.0 0.0 0.0 0.0 0.0 0.0 
3691 3.647 0.0002804723979080056 0.0 0.0 0.0002804723979080056 0.0 0.0 0.0 0.0 0.0 0.0 0.0 0.0 0.0 0.0 0.0 0.0 0.0 0.0 0.0 0.0 0.0 
3692 3.648 0.0002806202102232946 0.0 0.0 0.0002806202102232946 0.0 0.0 0.0 0.0 0.0 0.0 0.0 0.0 0.0 0.0 0.0 0.0 0.0 0.0 0.0 0.0 0.0 
3693 3.649 0.00028076797206987443 0.0 0.0 0.00028076797206987443 0.0 0.0 0.0 0.0 0.0 0.0 0.0 0.0 0.0 0.0 0.0 0.0 0.0 0.0 0.0 0.0 0.0 
3694 3.65 0.0002809156832083149 0.0 0.0 0.0002809156832083149 0.0 0.0 0.0 0.0 0.0 0.0 0.0 0.0 0.0 0.0 0.0 0.0 0.0 0.0 0.0 0.0 0.0 
3695 3.651 0.0002810633433989364 0.0 0.0 0.0002810633433989364 0.0 0.0 0.0 0.0 0.0 0.0 0.0 0.0 0.0 0.0 0.0 0.0 0.0 0.0 0.0 0.0 0.0 
3696 3.652 0.0002812109524018099 0.0 0.0 0.0002812109524018099 0.0 0.0 0.0 0.0 0.0 0.0 0.0 0.0 0.0 0.0 0.0 0.0 0.0 0.0 0.0 0.0 0.0 
3697 3.653 0.0002813585099767568 0.0 0.0 0.0002813585099767568 0.0 0.0 0.0 0.0 0.0 0.0 0.0 0.0 0.0 0.0 0.0 0.0 0.0 0.0 0.0 0.0 0.0 
3698 3.654 0.00028150601588334975 0.0 0.0 0.00028150601588334975 0.0 0.0 0.0 0.0 0.0 0.0 0.0 0.0 0.0 0.0 0.0 0.0 0.0 0.0 0.0 0.0 0.0 
3699 3.655 0.000281653469880912 0.0 0.0 0.000281653469880912 0.0 0.0 0.0 0.0 0.0 0.0 0.0 0.0 0.0 0.0 0.0 0.0 0.0 0.0 0.0 0.0 0.0 
3700 3.656 0.0002818008717285184 0.0 0.0 0.0002818008717285184 0.0 0.0 0.0 0.0 0.0 0.0 0.0 0.0 0.0 0.0 0.0 0.0 0.0 0.0 0.0 0.0 0.0 
3701 3.657 0.00028194822118499487 0.0 0.0 0.00028194822118499487 0.0 0.0 0.0 0.0 0.0 0.0 0.0 0.0 0.0 0.0 0.0 0.0 0.0 0.0 0.0 0.0 0.0 
3702 3.658 0.00028209551800891896 0.0 0.0 0.00028209551800891896 0.0 0.0 0.0 0.0 0.0 0.0 0.0 0.0 0.0 0.0 0.0 0.0 0.0 0.0 0.0 0.0 0.0 
3703 3.659 0.0002822427619586199 0.0 0.0 0.0002822427619586199 0.0 0.0 0.0 0.0 0.0 0.0 0.0 0.0 0.0 0.0 0.0 0.0 0.0 0.0 0.0 0.0 0.0 
3704 3.66 0.0002823899527921786 0.0 0.0 0.0002823899527921786 0.0 0.0 0.0 0.0 0.0 0.0 0.0 0.0 0.0 0.0 0.0 0.0 0.0 0.0 0.0 0.0 0.0 
3705 3.661 0.0002825370902674283 0.0 0.0 0.0002825370902674283 0.0 0.0 0.0 0.0 0.0 0.0 0.0 0.0 0.0 0.0 0.0 0.0 0.0 0.0 0.0 0.0 0.0 
3706 3.662 0.0002826841741419541 0.0 0.0 0.0002826841741419541 0.0 0.0 0.0 0.0 0.0 0.0 0.0 0.0 0.0 0.0 0.0 0.0 0.0 0.0 0.0 0.0 0.0 
3707 3.663 0.00028283120417309384 0.0 0.0 0.00028283120417309384 0.0 0.0 0.0 0.0 0.0 0.0 0.0 0.0 0.0 0.0 0.0 0.0 0.0 0.0 0.0 0.0 0.0 
3708 3.664 0.00028297818011793747 0.0 0.0 0.00028297818011793747 0.0 0.0 0.0 0.0 0.0 0.0 0.0 0.0 0.0 0.0 0.0 0.0 0.0 0.0 0.0 0.0 0.0 
3709 3.665 0.00028312510173332783 0.0 0.0 0.00028312510173332783 0.0 0.0 0.0 0.0 0.0 0.0 0.0 0.0 0.0 0.0 0.0 0.0 0.0 0.0 0.0 0.0 0.0 
3710 3.666 0.0002832719687758606 0.0 0.0 0.0002832719687758606 0.0 0.0 0.0 0.0 0.0 0.0 0.0 0.0 0.0 0.0 0.0 0.0 0.0 0.0 0.0 0.0 0.0 
3711 3.667 0.0002834187810018846 0.0 0.0 0.0002834187810018846 0.0 0.0 0.0 0.0 0.0 0.0 0.0 0.0 0.0 0.0 0.0 0.0 0.0 0.0 0.0 0.0 0.0 
3712 3.668 0.0002835655381675019 0.0 0.0 0.0002835655381675019 0.0 0.0 0.0 0.0 0.0 0.0 0.0 0.0 0.0 0.0 0.0 0.0 0.0 0.0 0.0 0.0 0.0 
3713 3.669 0.00028371224002856764 0.0 0.0 0.00028371224002856764 0.0 0.0 0.0 0.0 0.0 0.0 0.0 0.0 0.0 0.0 0.0 0.0 0.0 0.0 0.0 0.0 0.0 
3714 3.67 0.000283858886340691 0.0 0.0 0.000283858886340691 0.0 0.0 0.0 0.0 0.0 0.0 0.0 0.0 0.0 0.0 0.0 0.0 0.0 0.0 0.0 0.0 0.0 
3715 3.671 0.00028400547685923454 0.0 0.0 0.00028400547685923454 0.0 0.0 0.0 0.0 0.0 0.0 0.0 0.0 0.0 0.0 0.0 0.0 0.0 0.0 0.0 0.0 0.0 
3716 3.672 0.00028415201133931493 0.0 0.0 0.00028415201133931493 0.0 0.0 0.0 0.0 0.0 0.0 0.0 0.0 0.0 0.0 0.0 0.0 0.0 0.0 0.0 0.0 0.0 
3717 3.673 0.00028429848953580306 0.0 0.0 0.00028429848953580306 0.0 0.0 0.0 0.0 0.0 0.0 0.0 0.0 0.0 0.0 0.0 0.0 0.0 0.0 0.0 0.0 0.0 
3718 3.674 0.0002844449112033238 0.0 0.0 0.0002844449112033238 0.0 0.0 0.0 0.0 0.0 0.0 0.0 0.0 0.0 0.0 0.0 0.0 0.0 0.0 0.0 0.0 0.0 
3719 3.675 0.00028459127609625686 0.0 0.0 0.00028459127609625686 0.0 0.0 0.0 0.0 0.0 0.0 0.0 0.0 0.0 0.0 0.0 0.0 0.0 0.0 0.0 0.0 0.0 
3720 3.676 0.0002847375839687365 0.0 0.0 0.0002847375839687365 0.0 0.0 0.0 0.0 0.0 0.0 0.0 0.0 0.0 0.0 0.0 0.0 0.0 0.0 0.0 0.0 0.0 
3721 3.677 0.0002848838345746516 0.0 0.0 0.0002848838345746516 0.0 0.0 0.0 0.0 0.0 0.0 0.0 0.0 0.0 0.0 0.0 0.0 0.0 0.0 0.0 0.0 0.0 
3722 3.678 0.00028503002766764636 0.0 0.0 0.00028503002766764636 0.0 0.0 0.0 0.0 0.0 0.0 0.0 0.0 0.0 0.0 0.0 0.0 0.0 0.0 0.0 0.0 0.0 
3723 3.679 0.0002851761630011202 0.0 0.0 0.0002851761630011202 0.0 0.0 0.0 0.0 0.0 0.0 0.0 0.0 0.0 0.0 0.0 0.0 0.0 0.0 0.0 0.0 0.0 
3724 3.68 0.00028532224032822793 0.0 0.0 0.00028532224032822793 0.0 0.0 0.0 0.0 0.0 0.0 0.0 0.0 0.0 0.0 0.0 0.0 0.0 0.0 0.0 0.0 0.0 
3725 3.681 0.00028546825940187974 0.0 0.0 0.00028546825940187974 0.0 0.0 0.0 0.0 0.0 0.0 0.0 0.0 0.0 0.0 0.0 0.0 0.0 0.0 0.0 0.0 0.0 
3726 3.682 0.00028561421997474204 0.0 0.0 0.00028561421997474204 0.0 0.0 0.0 0.0 0.0 0.0 0.0 0.0 0.0 0.0 0.0 0.0 0.0 0.0 0.0 0.0 0.0 
3727 3.683 0.00028576012179923685 0.0 0.0 0.00028576012179923685 0.0 0.0 0.0 0.0 0.0 0.0 0.0 0.0 0.0 0.0 0.0 0.0 0.0 0.0 0.0 0.0 0.0 
3728 3.684 0.0002859059646275427 0.0 0.0 0.0002859059646275427 0.0 0.0 0.0 0.0 0.0 0.0 0.0 0.0 0.0 0.0 0.0 0.0 0.0 0.0 0.0 0.0 0.0 
3729 3.685 0.0002860517482115942 0.0 0.0 0.0002860517482115942 0.0 0.0 0.0 0.0 0.0 0.0 0.0 0.0 0.0 0.0 0.0 0.0 0.0 0.0 0.0 0.0 0.0 
3730 3.686 0.00028619747230308284 0.0 0.0 0.00028619747230308284 0.0 0.0 0.0 0.0 0.0 0.0 0.0 0.0 0.0 0.0 0.0 0.0 0.0 0.0 0.0 0.0 0.0 
3731 3.687 0.00028634313665345656 0.0 0.0 0.00028634313665345656 0.0 0.0 0.0 0.0 0.0 0.0 0.0 0.0 0.0 0.0 0.0 0.0 0.0 0.0 0.0 0.0 0.0 
3732 3.688 0.0002864887410139205 0.0 0.0 0.0002864887410139205 0.0 0.0 0.0 0.0 0.0 0.0 0.0 0.0 0.0 0.0 0.0 0.0 0.0 0.0 0.0 0.0 0.0 
3733 3.689 0.00028663428513543704 0.0 0.0 0.00028663428513543704 0.0 0.0 0.0 0.0 0.0 0.0 0.0 0.0 0.0 0.0 0.0 0.0 0.0 0.0 0.0 0.0 0.0 
3734 3.69 0.0002867797687687259 0.0 0.0 0.0002867797687687259 0.0 0.0 0.0 0.0 0.0 0.0 0.0 0.0 0.0 0.0 0.0 0.0 0.0 0.0 0.0 0.0 0.0 
3735 3.691 0.00028692519166426404 0.0 0.0 0.00028692519166426404 0.0 0.0 0.0 0.0 0.0 0.0 0.0 0.0 0.0 0.0 0.0 0.0 0.0 0.0 0.0 0.0 0.0 
3736 3.692 0.0002870705535722867 0.0 0.0 0.0002870705535722867 0.0 0.0 0.0 0.0 0.0 0.0 0.0 0.0 0.0 0.0 0.0 0.0 0.0 0.0 0.0 0.0 0.0 
3737 3.693 0.00028721585424278687 0.0 0.0 0.00028721585424278687 0.0 0.0 0.0 0.0 0.0 0.0 0.0 0.0 0.0 0.0 0.0 0.0 0.0 0.0 0.0 0.0 0.0 
3738 3.694 0.0002873610934255157 0.0 0.0 0.0002873610934255157 0.0 0.0 0.0 0.0 0.0 0.0 0.0 0.0 0.0 0.0 0.0 0.0 0.0 0.0 0.0 0.0 0.0 
3739 3.695 0.0002875062708699828 0.0 0.0 0.0002875062708699828 0.0 0.0 0.0 0.0 0.0 0.0 0.0 0.0 0.0 0.0 0.0 0.0 0.0 0.0 0.0 0.0 0.0 
3740 3.696 0.0002876513863254563 0.0 0.0 0.0002876513863254563 0.0 0.0 0.0 0.0 0.0 0.0 0.0 0.0 0.0 0.0 0.0 0.0 0.0 0.0 0.0 0.0 0.0 
3741 3.697 0.0002877964395409634 0.0 0.0 0.0002877964395409634 0.0 0.0 0.0 0.0 0.0 0.0 0.0 0.0 0.0 0.0 0.0 0.0 0.0 0.0 0.0 0.0 0.0 
3742 3.698 0.00028794143026529003 0.0 0.0 0.00028794143026529003 0.0 0.0 0.0 0.0 0.0 0.0 0.0 0.0 0.0 0.0 0.0 0.0 0.0 0.0 0.0 0.0 0.0 
3743 3.699 0.00028808635824698146 0.0 0.0 0.00028808635824698146 0.0 0.0 0.0 0.0 0.0 0.0 0.0 0.0 0.0 0.0 0.0 0.0 0.0 0.0 0.0 0.0 0.0 
3744 3.7 0.0002882312232343427 0.0 0.0 0.0002882312232343427 0.0 0.0 0.0 0.0 0.0 0.0 0.0 0.0 0.0 0.0 0.0 0.0 0.0 0.0 0.0 0.0 0.0 
3745 3.701 0.0002883760249754378 0.0 0.0 0.0002883760249754378 0.0 0.0 0.0 0.0 0.0 0.0 0.0 0.0 0.0 0.0 0.0 0.0 0.0 0.0 0.0 0.0 0.0 
3746 3.702 0.0002885207632180914 0.0 0.0 0.0002885207632180914 0.0 0.0 0.0 0.0 0.0 0.0 0.0 0.0 0.0 0.0 0.0 0.0 0.0 0.0 0.0 0.0 0.0 
3747 3.703 0.0002886654377098876 0.0 0.0 0.0002886654377098876 0.0 0.0 0.0 0.0 0.0 0.0 0.0 0.0 0.0 0.0 0.0 0.0 0.0 0.0 0.0 0.0 0.0 
3748 3.704 0.00028881004819817133 0.0 0.0 0.00028881004819817133 0.0 0.0 0.0 0.0 0.0 0.0 0.0 0.0 0.0 0.0 0.0 0.0 0.0 0.0 0.0 0.0 0.0 
3749 3.705 0.0002889545944300478 0.0 0.0 0.0002889545944300478 0.0 0.0 0.0 0.0 0.0 0.0 0.0 0.0 0.0 0.0 0.0 0.0 0.0 0.0 0.0 0.0 0.0 
3750 3.706 0.0002890990761523829 0.0 0.0 0.0002890990761523829 0.0 0.0 0.0 0.0 0.0 0.0 0.0 0.0 0.0 0.0 0.0 0.0 0.0 0.0 0.0 0.0 0.0 
3751 3.707 0.0002892434931118038 0.0 0.0 0.0002892434931118038 0.0 0.0 0.0 0.0 0.0 0.0 0.0 0.0 0.0 0.0 0.0 0.0 0.0 0.0 0.0 0.0 0.0 
3752 3.708 0.0002893878450546986 0.0 0.0 0.0002893878450546986 0.0 0.0 0.0 0.0 0.0 0.0 0.0 0.0 0.0 0.0 0.0 0.0 0.0 0.0 0.0 0.0 0.0 
3753 3.709 0.0002895321317272167 0.0 0.0 0.0002895321317272167 0.0 0.0 0.0 0.0 0.0 0.0 0.0 0.0 0.0 0.0 0.0 0.0 0.0 0.0 0.0 0.0 0.0 
3754 3.71 0.0002896763528752697 0.0 0.0 0.0002896763528752697 0.0 0.0 0.0 0.0 0.0 0.0 0.0 0.0 0.0 0.0 0.0 0.0 0.0 0.0 0.0 0.0 0.0 
3755 3.711 0.00028982050824453054 0.0 0.0 0.00028982050824453054 0.0 0.0 0.0 0.0 0.0 0.0 0.0 0.0 0.0 0.0 0.0 0.0 0.0 0.0 0.0 0.0 0.0 
3756 3.712 0.0002899645975804344 0.0 0.0 0.0002899645975804344 0.0 0.0 0.0 0.0 0.0 0.0 0.0 0.0 0.0 0.0 0.0 0.0 0.0 0.0 0.0 0.0 0.0 
3757 3.713 0.00029010862062817886 0.0 0.0 0.00029010862062817886 0.0 0.0 0.0 0.0 0.0 0.0 0.0 0.0 0.0 0.0 0.0 0.0 0.0 0.0 0.0 0.0 0.0 
3758 3.714 0.0002902525771327241 0.0 0.0 0.0002902525771327241 0.0 0.0 0.0 0.0 0.0 0.0 0.0 0.0 0.0 0.0 0.0 0.0 0.0 0.0 0.0 0.0 0.0 
3759 3.715 0.0002903964668387929 0.0 0.0 0.0002903964668387929 0.0 0.0 0.0 0.0 0.0 0.0 0.0 0.0 0.0 0.0 0.0 0.0 0.0 0.0 0.0 0.0 0.0 
3760 3.716 0.00029054028949087116 0.0 0.0 0.00029054028949087116 0.0 0.0 0.0 0.0 0.0 0.0 0.0 0.0 0.0 0.0 0.0 0.0 0.0 0.0 0.0 0.0 0.0 
3761 3.717 0.00029068404483320826 0.0 0.0 0.00029068404483320826 0.0 0.0 0.0 0.0 0.0 0.0 0.0 0.0 0.0 0.0 0.0 0.0 0.0 0.0 0.0 0.0 0.0 
3762 3.718 0.0002908277326098167 0.0 0.0 0.0002908277326098167 0.0 0.0 0.0 0.0 0.0 0.0 0.0 0.0 0.0 0.0 0.0 0.0 0.0 0.0 0.0 0.0 0.0 
3763 3.719 0.0002909713525644728 0.0 0.0 0.0002909713525644728 0.0 0.0 0.0 0.0 0.0 0.0 0.0 0.0 0.0 0.0 0.0 0.0 0.0 0.0 0.0 0.0 0.0 
3764 3.72 0.00029111490444071696 0.0 0.0 0.00029111490444071696 0.0 0.0 0.0 0.0 0.0 0.0 0.0 0.0 0.0 0.0 0.0 0.0 0.0 0.0 0.0 0.0 0.0 
3765 3.721 0.00029125838798185375 0.0 0.0 0.00029125838798185375 0.0 0.0 0.0 0.0 0.0 0.0 0.0 0.0 0.0 0.0 0.0 0.0 0.0 0.0 0.0 0.0 0.0 
3766 3.722 0.00029140180293095214 0.0 0.0 0.00029140180293095214 0.0 0.0 0.0 0.0 0.0 0.0 0.0 0.0 0.0 0.0 0.0 0.0 0.0 0.0 0.0 0.0 0.0 
3767 3.722 0.00029154514903084576 0.0 0.0 0.00029154514903084576 0.0 0.0 0.0 0.0 0.0 0.0 0.0 0.0 0.0 0.0 0.0 0.0 0.0 0.0 0.0 0.0 0.0 
3768 3.723 0.00029168842602413303 0.0 0.0 0.00029168842602413303 0.0 0.0 0.0 0.0 0.0 0.0 0.0 0.0 0.0 0.0 0.0 0.0 0.0 0.0 0.0 0.0 0.0 
3769 3.724 0.00029183163365317804 0.0 0.0 0.00029183163365317804 0.0 0.0 0.0 0.0 0.0 0.0 0.0 0.0 0.0 0.0 0.0 0.0 0.0 0.0 0.0 0.0 0.0 
3770 3.725 0.00029197477166010964 0.0 0.0 0.00029197477166010964 0.0 0.0 0.0 0.0 0.0 0.0 0.0 0.0 0.0 0.0 0.0 0.0 0.0 0.0 0.0 0.0 0.0 
3771 3.726 0.0002921178397868227 0.0 0.0 0.0002921178397868227 0.0 0.0 0.0 0.0 0.0 0.0 0.0 0.0 0.0 0.0 0.0 0.0 0.0 0.0 0.0 0.0 0.0 
3772 3.727 0.0002922608377749781 0.0 0.0 0.0002922608377749781 0.0 0.0 0.0 0.0 0.0 0.0 0.0 0.0 0.0 0.0 0.0 0.0 0.0 0.0 0.0 0.0 0.0 
3773 3.728 0.0002924037653660024 0.0 0.0 0.0002924037653660024 0.0 0.0 0.0 0.0 0.0 0.0 0.0 0.0 0.0 0.0 0.0 0.0 0.0 0.0 0.0 0.0 0.0 
3774 3.729 0.00029254662230108905 0.0 0.0 0.00029254662230108905 0.0 0.0 0.0 0.0 0.0 0.0 0.0 0.0 0.0 0.0 0.0 0.0 0.0 0.0 0.0 0.0 0.0 
3775 3.73 0.0002926894083211977 0.0 0.0 0.0002926894083211977 0.0 0.0 0.0 0.0 0.0 0.0 0.0 0.0 0.0 0.0 0.0 0.0 0.0 0.0 0.0 0.0 0.0 
3776 3.731 0.0002928321231670554 0.0 0.0 0.0002928321231670554 0.0 0.0 0.0 0.0 0.0 0.0 0.0 0.0 0.0 0.0 0.0 0.0 0.0 0.0 0.0 0.0 0.0 
3777 3.732 0.0002929747665791561 0.0 0.0 0.0002929747665791561 0.0 0.0 0.0 0.0 0.0 0.0 0.0 0.0 0.0 0.0 0.0 0.0 0.0 0.0 0.0 0.0 0.0 
3778 3.733 0.0002931173382977609 0.0 0.0 0.0002931173382977609 0.0 0.0 0.0 0.0 0.0 0.0 0.0 0.0 0.0 0.0 0.0 0.0 0.0 0.0 0.0 0.0 0.0 
3779 3.734 0.000293259838062899 0.0 0.0 0.000293259838062899 0.0 0.0 0.0 0.0 0.0 0.0 0.0 0.0 0.0 0.0 0.0 0.0 0.0 0.0 0.0 0.0 0.0 
3780 3.735 0.0002934022656143673 0.0 0.0 0.0002934022656143673 0.0 0.0 0.0 0.0 0.0 0.0 0.0 0.0 0.0 0.0 0.0 0.0 0.0 0.0 0.0 0.0 0.0 
3781 3.736 0.0002935446206917309 0.0 0.0 0.0002935446206917309 0.0 0.0 0.0 0.0 0.0 0.0 0.0 0.0 0.0 0.0 0.0 0.0 0.0 0.0 0.0 0.0 0.0 
3782 3.737 0.00029368690303432346 0.0 0.0 0.00029368690303432346 0.0 0.0 0.0 0.0 0.0 0.0 0.0 0.0 0.0 0.0 0.0 0.0 0.0 0.0 0.0 0.0 0.0 
3783 3.738 0.0002938291123812469 0.0 0.0 0.0002938291123812469 0.0 0.0 0.0 0.0 0.0 0.0 0.0 0.0 0.0 0.0 0.0 0.0 0.0 0.0 0.0 0.0 0.0 
3784 3.739 0.0002939712484713728 0.0 0.0 0.0002939712484713728 0.0 0.0 0.0 0.0 0.0 0.0 0.0 0.0 0.0 0.0 0.0 0.0 0.0 0.0 0.0 0.0 0.0 
3785 3.74 0.00029411331104334124 0.0 0.0 0.00029411331104334124 0.0 0.0 0.0 0.0 0.0 0.0 0.0 0.0 0.0 0.0 0.0 0.0 0.0 0.0 0.0 0.0 0.0 
3786 3.741 0.0002942552998355624 0.0 0.0 0.0002942552998355624 0.0 0.0 0.0 0.0 0.0 0.0 0.0 0.0 0.0 0.0 0.0 0.0 0.0 0.0 0.0 0.0 0.0 
3787 3.742 0.00029439721458621594 0.0 0.0 0.00029439721458621594 0.0 0.0 0.0 0.0 0.0 0.0 0.0 0.0 0.0 0.0 0.0 0.0 0.0 0.0 0.0 0.0 0.0 
3788 3.743 0.0002945390550332513 0.0 0.0 0.0002945390550332513 0.0 0.0 0.0 0.0 0.0 0.0 0.0 0.0 0.0 0.0 0.0 0.0 0.0 0.0 0.0 0.0 0.0 
3789 3.744 0.0002946808209143886 0.0 0.0 0.0002946808209143886 0.0 0.0 0.0 0.0 0.0 0.0 0.0 0.0 0.0 0.0 0.0 0.0 0.0 0.0 0.0 0.0 0.0 
3790 3.745 0.00029482251196711836 0.0 0.0 0.00029482251196711836 0.0 0.0 0.0 0.0 0.0 0.0 0.0 0.0 0.0 0.0 0.0 0.0 0.0 0.0 0.0 0.0 0.0 
3791 3.746 0.000294964127928702 0.0 0.0 0.000294964127928702 0.0 0.0 0.0 0.0 0.0 0.0 0.0 0.0 0.0 0.0 0.0 0.0 0.0 0.0 0.0 0.0 0.0 
3792 3.747 0.0002951056685361719 0.0 0.0 0.0002951056685361719 0.0 0.0 0.0 0.0 0.0 0.0 0.0 0.0 0.0 0.0 0.0 0.0 0.0 0.0 0.0 0.0 0.0 
3793 3.748 0.0002952471335263317 0.0 0.0 0.0002952471335263317 0.0 0.0 0.0 0.0 0.0 0.0 0.0 0.0 0.0 0.0 0.0 0.0 0.0 0.0 0.0 0.0 0.0 
3794 3.749 0.0002953885226357572 0.0 0.0 0.0002953885226357572 0.0 0.0 0.0 0.0 0.0 0.0 0.0 0.0 0.0 0.0 0.0 0.0 0.0 0.0 0.0 0.0 0.0 
3795 3.75 0.0002955298356007955 0.0 0.0 0.0002955298356007955 0.0 0.0 0.0 0.0 0.0 0.0 0.0 0.0 0.0 0.0 0.0 0.0 0.0 0.0 0.0 0.0 0.0 
3796 3.751 0.0002956710721575664 0.0 0.0 0.0002956710721575664 0.0 0.0 0.0 0.0 0.0 0.0 0.0 0.0 0.0 0.0 0.0 0.0 0.0 0.0 0.0 0.0 0.0 
3797 3.752 0.0002958122320419619 0.0 0.0 0.0002958122320419619 0.0 0.0 0.0 0.0 0.0 0.0 0.0 0.0 0.0 0.0 0.0 0.0 0.0 0.0 0.0 0.0 0.0 
3798 3.753 0.00029595331498964684 0.0 0.0 0.00029595331498964684 0.0 0.0 0.0 0.0 0.0 0.0 0.0 0.0 0.0 0.0 0.0 0.0 0.0 0.0 0.0 0.0 0.0 
3799 3.754 0.000296094320736059 0.0 0.0 0.000296094320736059 0.0 0.0 0.0 0.0 0.0 0.0 0.0 0.0 0.0 0.0 0.0 0.0 0.0 0.0 0.0 0.0 0.0 
3800 3.755 0.0002962352490164097 0.0 0.0 0.0002962352490164097 0.0 0.0 0.0 0.0 0.0 0.0 0.0 0.0 0.0 0.0 0.0 0.0 0.0 0.0 0.0 0.0 0.0 
3801 3.756 0.0002963760995656837 0.0 0.0 0.0002963760995656837 0.0 0.0 0.0 0.0 0.0 0.0 0.0 0.0 0.0 0.0 0.0 0.0 0.0 0.0 0.0 0.0 0.0 
3802 3.757 0.00029651687211863954 0.0 0.0 0.00029651687211863954 0.0 0.0 0.0 0.0 0.0 0.0 0.0 0.0 0.0 0.0 0.0 0.0 0.0 0.0 0.0 0.0 0.0 
3803 3.758 0.0002966575664098103 0.0 0.0 0.0002966575664098103 0.0 0.0 0.0 0.0 0.0 0.0 0.0 0.0 0.0 0.0 0.0 0.0 0.0 0.0 0.0 0.0 0.0 
3804 3.759 0.00029679818217350314 0.0 0.0 0.00029679818217350314 0.0 0.0 0.0 0.0 0.0 0.0 0.0 0.0 0.0 0.0 0.0 0.0 0.0 0.0 0.0 0.0 0.0 
3805 3.76 0.0002969387191438002 0.0 0.0 0.0002969387191438002 0.0 0.0 0.0 0.0 0.0 0.0 0.0 0.0 0.0 0.0 0.0 0.0 0.0 0.0 0.0 0.0 0.0 
3806 3.761 0.00029707917705455874 0.0 0.0 0.00029707917705455874 0.0 0.0 0.0 0.0 0.0 0.0 0.0 0.0 0.0 0.0 0.0 0.0 0.0 0.0 0.0 0.0 0.0 
3807 3.762 0.000297219555639411 0.0 0.0 0.000297219555639411 0.0 0.0 0.0 0.0 0.0 0.0 0.0 0.0 0.0 0.0 0.0 0.0 0.0 0.0 0.0 0.0 0.0 
3808 3.763 0.0002973598546317652 0.0 0.0 0.0002973598546317652 0.0 0.0 0.0 0.0 0.0 0.0 0.0 0.0 0.0 0.0 0.0 0.0 0.0 0.0 0.0 0.0 0.0 
3809 3.764 0.00029750007376480516 0.0 0.0 0.00029750007376480516 0.0 0.0 0.0 0.0 0.0 0.0 0.0 0.0 0.0 0.0 0.0 0.0 0.0 0.0 0.0 0.0 0.0 
3810 3.765 0.0002976402127714913 0.0 0.0 0.0002976402127714913 0.0 0.0 0.0 0.0 0.0 0.0 0.0 0.0 0.0 0.0 0.0 0.0 0.0 0.0 0.0 0.0 0.0 
3811 3.766 0.0002977802713845603 0.0 0.0 0.0002977802713845603 0.0 0.0 0.0 0.0 0.0 0.0 0.0 0.0 0.0 0.0 0.0 0.0 0.0 0.0 0.0 0.0 0.0 
3812 3.767 0.0002979202493365257 0.0 0.0 0.0002979202493365257 0.0 0.0 0.0 0.0 0.0 0.0 0.0 0.0 0.0 0.0 0.0 0.0 0.0 0.0 0.0 0.0 0.0 
3813 3.768 0.00029806014635967807 0.0 0.0 0.00029806014635967807 0.0 0.0 0.0 0.0 0.0 0.0 0.0 0.0 0.0 0.0 0.0 0.0 0.0 0.0 0.0 0.0 0.0 
3814 3.769 0.0002981999621860857 0.0 0.0 0.0002981999621860857 0.0 0.0 0.0 0.0 0.0 0.0 0.0 0.0 0.0 0.0 0.0 0.0 0.0 0.0 0.0 0.0 0.0 
3815 3.77 0.00029833969654759413 0.0 0.0 0.00029833969654759413 0.0 0.0 0.0 0.0 0.0 0.0 0.0 0.0 0.0 0.0 0.0 0.0 0.0 0.0 0.0 0.0 0.0 
3816 3.771 0.00029847934917582724 0.0 0.0 0.00029847934917582724 0.0 0.0 0.0 0.0 0.0 0.0 0.0 0.0 0.0 0.0 0.0 0.0 0.0 0.0 0.0 0.0 0.0 
3817 3.772 0.0002986189198021873 0.0 0.0 0.0002986189198021873 0.0 0.0 0.0 0.0 0.0 0.0 0.0 0.0 0.0 0.0 0.0 0.0 0.0 0.0 0.0 0.0 0.0 
3818 3.773 0.0002987584081578548 0.0 0.0 0.0002987584081578548 0.0 0.0 0.0 0.0 0.0 0.0 0.0 0.0 0.0 0.0 0.0 0.0 0.0 0.0 0.0 0.0 0.0 
3819 3.774 0.00029889781397378953 0.0 0.0 0.00029889781397378953 0.0 0.0 0.0 0.0 0.0 0.0 0.0 0.0 0.0 0.0 0.0 0.0 0.0 0.0 0.0 0.0 0.0 
3820 3.775 0.00029903713698073046 0.0 0.0 0.00029903713698073046 0.0 0.0 0.0 0.0 0.0 0.0 0.0 0.0 0.0 0.0 0.0 0.0 0.0 0.0 0.0 0.0 0.0 
3821 3.776 0.00029917637690919603 0.0 0.0 0.00029917637690919603 0.0 0.0 0.0 0.0 0.0 0.0 0.0 0.0 0.0 0.0 0.0 0.0 0.0 0.0 0.0 0.0 0.0 
3822 3.777 0.0002993155334894847 0.0 0.0 0.0002993155334894847 0.0 0.0 0.0 0.0 0.0 0.0 0.0 0.0 0.0 0.0 0.0 0.0 0.0 0.0 0.0 0.0 0.0 
3823 3.778 0.0002994546064516749 0.0 0.0 0.0002994546064516749 0.0 0.0 0.0 0.0 0.0 0.0 0.0 0.0 0.0 0.0 0.0 0.0 0.0 0.0 0.0 0.0 0.0 
3824 3.779 0.0002995935955256256 0.0 0.0 0.0002995935955256256 0.0 0.0 0.0 0.0 0.0 0.0 0.0 0.0 0.0 0.0 0.0 0.0 0.0 0.0 0.0 0.0 0.0 
3825 3.78 0.0002997325004409767 0.0 0.0 0.0002997325004409767 0.0 0.0 0.0 0.0 0.0 0.0 0.0 0.0 0.0 0.0 0.0 0.0 0.0 0.0 0.0 0.0 0.0 
3826 3.781 0.000299871320927149 0.0 0.0 0.000299871320927149 0.0 0.0 0.0 0.0 0.0 0.0 0.0 0.0 0.0 0.0 0.0 0.0 0.0 0.0 0.0 0.0 0.0 
3827 3.782 0.0003000100567133451 0.0 0.0 0.0003000100567133451 0.0 0.0 0.0 0.0 0.0 0.0 0.0 0.0 0.0 0.0 0.0 0.0 0.0 0.0 0.0 0.0 0.0 
3828 3.783 0.00030014870752854907 0.0 0.0 0.00030014870752854907 0.0 0.0 0.0 0.0 0.0 0.0 0.0 0.0 0.0 0.0 0.0 0.0 0.0 0.0 0.0 0.0 0.0 
3829 3.784 0.000300287273101527 0.0 0.0 0.000300287273101527 0.0 0.0 0.0 0.0 0.0 0.0 0.0 0.0 0.0 0.0 0.0 0.0 0.0 0.0 0.0 0.0 0.0 
3830 3.785 0.00030042575316082776 0.0 0.0 0.00030042575316082776 0.0 0.0 0.0 0.0 0.0 0.0 0.0 0.0 0.0 0.0 0.0 0.0 0.0 0.0 0.0 0.0 0.0 
3831 3.786 0.00030056414743478255 0.0 0.0 0.00030056414743478255 0.0 0.0 0.0 0.0 0.0 0.0 0.0 0.0 0.0 0.0 0.0 0.0 0.0 0.0 0.0 0.0 0.0 
3832 3.787 0.0003007024556515059 0.0 0.0 0.0003007024556515059 0.0 0.0 0.0 0.0 0.0 0.0 0.0 0.0 0.0 0.0 0.0 0.0 0.0 0.0 0.0 0.0 0.0 
3833 3.788 0.00030084067753889557 0.0 0.0 0.00030084067753889557 0.0 0.0 0.0 0.0 0.0 0.0 0.0 0.0 0.0 0.0 0.0 0.0 0.0 0.0 0.0 0.0 0.0 
3834 3.789 0.00030097881282463294 0.0 0.0 0.00030097881282463294 0.0 0.0 0.0 0.0 0.0 0.0 0.0 0.0 0.0 0.0 0.0 0.0 0.0 0.0 0.0 0.0 0.0 
3835 3.79 0.0003011168612361837 0.0 0.0 0.0003011168612361837 0.0 0.0 0.0 0.0 0.0 0.0 0.0 0.0 0.0 0.0 0.0 0.0 0.0 0.0 0.0 0.0 0.0 
3836 3.791 0.00030125482250079776 0.0 0.0 0.00030125482250079776 0.0 0.0 0.0 0.0 0.0 0.0 0.0 0.0 0.0 0.0 0.0 0.0 0.0 0.0 0.0 0.0 0.0 
3837 3.792 0.0003013926963455096 0.0 0.0 0.0003013926963455096 0.0 0.0 0.0 0.0 0.0 0.0 0.0 0.0 0.0 0.0 0.0 0.0 0.0 0.0 0.0 0.0 0.0 
3838 3.793 0.0003015304824971389 0.0 0.0 0.0003015304824971389 0.0 0.0 0.0 0.0 0.0 0.0 0.0 0.0 0.0 0.0 0.0 0.0 0.0 0.0 0.0 0.0 0.0 
3839 3.794 0.00030166818068229063 0.0 0.0 0.00030166818068229063 0.0 0.0 0.0 0.0 0.0 0.0 0.0 0.0 0.0 0.0 0.0 0.0 0.0 0.0 0.0 0.0 0.0 
3840 3.795 0.0003018057906273557 0.0 0.0 0.0003018057906273557 0.0 0.0 0.0 0.0 0.0 0.0 0.0 0.0 0.0 0.0 0.0 0.0 0.0 0.0 0.0 0.0 0.0 
3841 3.796 0.0003019433120585106 0.0 0.0 0.0003019433120585106 0.0 0.0 0.0 0.0 0.0 0.0 0.0 0.0 0.0 0.0 0.0 0.0 0.0 0.0 0.0 0.0 0.0 
3842 3.797 0.0003020807447017185 0.0 0.0 0.0003020807447017185 0.0 0.0 0.0 0.0 0.0 0.0 0.0 0.0 0.0 0.0 0.0 0.0 0.0 0.0 0.0 0.0 0.0 
3843 3.798 0.0003022180882827293 0.0 0.0 0.0003022180882827293 0.0 0.0 0.0 0.0 0.0 0.0 0.0 0.0 0.0 0.0 0.0 0.0 0.0 0.0 0.0 0.0 0.0 
3844 3.799 0.0003023553425270797 0.0 0.0 0.0003023553425270797 0.0 0.0 0.0 0.0 0.0 0.0 0.0 0.0 0.0 0.0 0.0 0.0 0.0 0.0 0.0 0.0 0.0 
3845 3.8 0.0003024925071600943 0.0 0.0 0.0003024925071600943 0.0 0.0 0.0 0.0 0.0 0.0 0.0 0.0 0.0 0.0 0.0 0.0 0.0 0.0 0.0 0.0 0.0 
3846 3.801 0.00030262958190688493 0.0 0.0 0.00030262958190688493 0.0 0.0 0.0 0.0 0.0 0.0 0.0 0.0 0.0 0.0 0.0 0.0 0.0 0.0 0.0 0.0 0.0 
3847 3.802 0.0003027665664923517 0.0 0.0 0.0003027665664923517 0.0 0.0 0.0 0.0 0.0 0.0 0.0 0.0 0.0 0.0 0.0 0.0 0.0 0.0 0.0 0.0 0.0 
3848 3.803 0.0003029034606411833 0.0 0.0 0.0003029034606411833 0.0 0.0 0.0 0.0 0.0 0.0 0.0 0.0 0.0 0.0 0.0 0.0 0.0 0.0 0.0 0.0 0.0 
3849 3.804 0.00030304026407785694 0.0 0.0 0.00030304026407785694 0.0 0.0 0.0 0.0 0.0 0.0 0.0 0.0 0.0 0.0 0.0 0.0 0.0 0.0 0.0 0.0 0.0 
3850 3.805 0.0003031769765266391 0.0 0.0 0.0003031769765266391 0.0 0.0 0.0 0.0 0.0 0.0 0.0 0.0 0.0 0.0 0.0 0.0 0.0 0.0 0.0 0.0 0.0 
3851 3.805 0.00030331359771158583 0.0 0.0 0.00030331359771158583 0.0 0.0 0.0 0.0 0.0 0.0 0.0 0.0 0.0 0.0 0.0 0.0 0.0 0.0 0.0 0.0 0.0 
3852 3.806 0.00030345012735654293 0.0 0.0 0.00030345012735654293 0.0 0.0 0.0 0.0 0.0 0.0 0.0 0.0 0.0 0.0 0.0 0.0 0.0 0.0 0.0 0.0 0.0 
3853 3.807 0.0003035865651851464 0.0 0.0 0.0003035865651851464 0.0 0.0 0.0 0.0 0.0 0.0 0.0 0.0 0.0 0.0 0.0 0.0 0.0 0.0 0.0 0.0 0.0 
3854 3.808 0.0003037229109208228 0.0 0.0 0.0003037229109208228 0.0 0.0 0.0 0.0 0.0 0.0 0.0 0.0 0.0 0.0 0.0 0.0 0.0 0.0 0.0 0.0 0.0 
3855 3.809 0.00030385916428678943 0.0 0.0 0.00030385916428678943 0.0 0.0 0.0 0.0 0.0 0.0 0.0 0.0 0.0 0.0 0.0 0.0 0.0 0.0 0.0 0.0 0.0 
3856 3.81 0.0003039953250060552 0.0 0.0 0.0003039953250060552 0.0 0.0 0.0 0.0 0.0 0.0 0.0 0.0 0.0 0.0 0.0 0.0 0.0 0.0 0.0 0.0 0.0 
3857 3.811 0.0003041313928014203 0.0 0.0 0.0003041313928014203 0.0 0.0 0.0 0.0 0.0 0.0 0.0 0.0 0.0 0.0 0.0 0.0 0.0 0.0 0.0 0.0 0.0 
3858 3.812 0.00030426736739547715 0.0 0.0 0.00030426736739547715 0.0 0.0 0.0 0.0 0.0 0.0 0.0 0.0 0.0 0.0 0.0 0.0 0.0 0.0 0.0 0.0 0.0 
3859 3.813 0.00030440324851061033 0.0 0.0 0.00030440324851061033 0.0 0.0 0.0 0.0 0.0 0.0 0.0 0.0 0.0 0.0 0.0 0.0 0.0 0.0 0.0 0.0 0.0 
3860 3.814 0.0003045390358689974 0.0 0.0 0.0003045390358689974 0.0 0.0 0.0 0.0 0.0 0.0 0.0 0.0 0.0 0.0 0.0 0.0 0.0 0.0 0.0 0.0 0.0 
3861 3.815 0.0003046747291926085 0.0 0.0 0.0003046747291926085 0.0 0.0 0.0 0.0 0.0 0.0 0.0 0.0 0.0 0.0 0.0 0.0 0.0 0.0 0.0 0.0 0.0 
3862 3.816 0.00030481032820320764 0.0 0.0 0.00030481032820320764 0.0 0.0 0.0 0.0 0.0 0.0 0.0 0.0 0.0 0.0 0.0 0.0 0.0 0.0 0.0 0.0 0.0 
3863 3.817 0.0003049458326223527 0.0 0.0 0.0003049458326223527 0.0 0.0 0.0 0.0 0.0 0.0 0.0 0.0 0.0 0.0 0.0 0.0 0.0 0.0 0.0 0.0 0.0 
3864 3.818 0.00030508124217139537 0.0 0.0 0.00030508124217139537 0.0 0.0 0.0 0.0 0.0 0.0 0.0 0.0 0.0 0.0 0.0 0.0 0.0 0.0 0.0 0.0 0.0 
3865 3.819 0.00030521655657148207 0.0 0.0 0.00030521655657148207 0.0 0.0 0.0 0.0 0.0 0.0 0.0 0.0 0.0 0.0 0.0 0.0 0.0 0.0 0.0 0.0 0.0 
3866 3.82 0.00030535177554355417 0.0 0.0 0.00030535177554355417 0.0 0.0 0.0 0.0 0.0 0.0 0.0 0.0 0.0 0.0 0.0 0.0 0.0 0.0 0.0 0.0 0.0 
3867 3.821 0.0003054868988083484 0.0 0.0 0.0003054868988083484 0.0 0.0 0.0 0.0 0.0 0.0 0.0 0.0 0.0 0.0 0.0 0.0 0.0 0.0 0.0 0.0 0.0 
3868 3.822 0.000305621926086397 0.0 0.0 0.000305621926086397 0.0 0.0 0.0 0.0 0.0 0.0 0.0 0.0 0.0 0.0 0.0 0.0 0.0 0.0 0.0 0.0 0.0 
3869 3.823 0.0003057568570980281 0.0 0.0 0.0003057568570980281 0.0 0.0 0.0 0.0 0.0 0.0 0.0 0.0 0.0 0.0 0.0 0.0 0.0 0.0 0.0 0.0 0.0 
3870 3.824 0.0003058916915633669 0.0 0.0 0.0003058916915633669 0.0 0.0 0.0 0.0 0.0 0.0 0.0 0.0 0.0 0.0 0.0 0.0 0.0 0.0 0.0 0.0 0.0 
3871 3.825 0.0003060264292023347 0.0 0.0 0.0003060264292023347 0.0 0.0 0.0 0.0 0.0 0.0 0.0 0.0 0.0 0.0 0.0 0.0 0.0 0.0 0.0 0.0 0.0 
3872 3.826 0.00030616106973465024 0.0 0.0 0.00030616106973465024 0.0 0.0 0.0 0.0 0.0 0.0 0.0 0.0 0.0 0.0 0.0 0.0 0.0 0.0 0.0 0.0 0.0 
3873 3.827 0.00030629561287983005 0.0 0.0 0.00030629561287983005 0.0 0.0 0.0 0.0 0.0 0.0 0.0 0.0 0.0 0.0 0.0 0.0 0.0 0.0 0.0 0.0 0.0 
3874 3.828 0.0003064300583571883 0.0 0.0 0.0003064300583571883 0.0 0.0 0.0 0.0 0.0 0.0 0.0 0.0 0.0 0.0 0.0 0.0 0.0 0.0 0.0 0.0 0.0 
3875 3.829 0.0003065644058858376 0.0 0.0 0.0003065644058858376 0.0 0.0 0.0 0.0 0.0 0.0 0.0 0.0 0.0 0.0 0.0 0.0 0.0 0.0 0.0 0.0 0.0 
3876 3.83 0.0003066986551846892 0.0 0.0 0.0003066986551846892 0.0 0.0 0.0 0.0 0.0 0.0 0.0 0.0 0.0 0.0 0.0 0.0 0.0 0.0 0.0 0.0 0.0 
3877 3.831 0.00030683280597245386 0.0 0.0 0.00030683280597245386 0.0 0.0 0.0 0.0 0.0 0.0 0.0 0.0 0.0 0.0 0.0 0.0 0.0 0.0 0.0 0.0 0.0 
3878 3.832 0.00030696685796764136 0.0 0.0 0.00030696685796764136 0.0 0.0 0.0 0.0 0.0 0.0 0.0 0.0 0.0 0.0 0.0 0.0 0.0 0.0 0.0 0.0 0.0 
3879 3.833 0.0003071008108885613 0.0 0.0 0.0003071008108885613 0.0 0.0 0.0 0.0 0.0 0.0 0.0 0.0 0.0 0.0 0.0 0.0 0.0 0.0 0.0 0.0 0.0 
3880 3.834 0.0003072346644533242 0.0 0.0 0.0003072346644533242 0.0 0.0 0.0 0.0 0.0 0.0 0.0 0.0 0.0 0.0 0.0 0.0 0.0 0.0 0.0 0.0 0.0 
3881 3.835 0.0003073684183798406 0.0 0.0 0.0003073684183798406 0.0 0.0 0.0 0.0 0.0 0.0 0.0 0.0 0.0 0.0 0.0 0.0 0.0 0.0 0.0 0.0 0.0 
3882 3.836 0.0003075020723858225 0.0 0.0 0.0003075020723858225 0.0 0.0 0.0 0.0 0.0 0.0 0.0 0.0 0.0 0.0 0.0 0.0 0.0 0.0 0.0 0.0 0.0 
3883 3.837 0.00030763562618878323 0.0 0.0 0.00030763562618878323 0.0 0.0 0.0 0.0 0.0 0.0 0.0 0.0 0.0 0.0 0.0 0.0 0.0 0.0 0.0 0.0 0.0 
3884 3.838 0.00030776907950603793 0.0 0.0 0.00030776907950603793 0.0 0.0 0.0 0.0 0.0 0.0 0.0 0.0 0.0 0.0 0.0 0.0 0.0 0.0 0.0 0.0 0.0 
3885 3.839 0.00030790243205470406 0.0 0.0 0.00030790243205470406 0.0 0.0 0.0 0.0 0.0 0.0 0.0 0.0 0.0 0.0 0.0 0.0 0.0 0.0 0.0 0.0 0.0 
3886 3.84 0.0003080356835517019 0.0 0.0 0.0003080356835517019 0.0 0.0 0.0 0.0 0.0 0.0 0.0 0.0 0.0 0.0 0.0 0.0 0.0 0.0 0.0 0.0 0.0 
3887 3.841 0.00030816883371375466 0.0 0.0 0.00030816883371375466 0.0 0.0 0.0 0.0 0.0 0.0 0.0 0.0 0.0 0.0 0.0 0.0 0.0 0.0 0.0 0.0 0.0 
3888 3.842 0.00030830188225738886 0.0 0.0 0.00030830188225738886 0.0 0.0 0.0 0.0 0.0 0.0 0.0 0.0 0.0 0.0 0.0 0.0 0.0 0.0 0.0 0.0 0.0 
3889 3.843 0.0003084348288989353 0.0 0.0 0.0003084348288989353 0.0 0.0 0.0 0.0 0.0 0.0 0.0 0.0 0.0 0.0 0.0 0.0 0.0 0.0 0.0 0.0 0.0 
3890 3.844 0.00030856767335452854 0.0 0.0 0.00030856767335452854 0.0 0.0 0.0 0.0 0.0 0.0 0.0 0.0 0.0 0.0 0.0 0.0 0.0 0.0 0.0 0.0 0.0 
3891 3.845 0.0003087004153401084 0.0 0.0 0.0003087004153401084 0.0 0.0 0.0 0.0 0.0 0.0 0.0 0.0 0.0 0.0 0.0 0.0 0.0 0.0 0.0 0.0 0.0 
3892 3.846 0.00030883305457141954 0.0 0.0 0.00030883305457141954 0.0 0.0 0.0 0.0 0.0 0.0 0.0 0.0 0.0 0.0 0.0 0.0 0.0 0.0 0.0 0.0 0.0 
3893 3.847 0.00030896559076401195 0.0 0.0 0.00030896559076401195 0.0 0.0 0.0 0.0 0.0 0.0 0.0 0.0 0.0 0.0 0.0 0.0 0.0 0.0 0.0 0.0 0.0 
3894 3.848 0.00030909802363324185 0.0 0.0 0.00030909802363324185 0.0 0.0 0.0 0.0 0.0 0.0 0.0 0.0 0.0 0.0 0.0 0.0 0.0 0.0 0.0 0.0 0.0 
3895 3.849 0.0003092303528942717 0.0 0.0 0.0003092303528942717 0.0 0.0 0.0 0.0 0.0 0.0 0.0 0.0 0.0 0.0 0.0 0.0 0.0 0.0 0.0 0.0 0.0 
3896 3.85 0.00030936257826207075 0.0 0.0 0.00030936257826207075 0.0 0.0 0.0 0.0 0.0 0.0 0.0 0.0 0.0 0.0 0.0 0.0 0.0 0.0 0.0 0.0 0.0 
3897 3.851 0.0003094946994514152 0.0 0.0 0.0003094946994514152 0.0 0.0 0.0 0.0 0.0 0.0 0.0 0.0 0.0 0.0 0.0 0.0 0.0 0.0 0.0 0.0 0.0 
3898 3.852 0.00030962671617688935 0.0 0.0 0.00030962671617688935 0.0 0.0 0.0 0.0 0.0 0.0 0.0 0.0 0.0 0.0 0.0 0.0 0.0 0.0 0.0 0.0 0.0 
3899 3.853 0.0003097586281528849 0.0 0.0 0.0003097586281528849 0.0 0.0 0.0 0.0 0.0 0.0 0.0 0.0 0.0 0.0 0.0 0.0 0.0 0.0 0.0 0.0 0.0 
3900 3.854 0.0003098904350936025 0.0 0.0 0.0003098904350936025 0.0 0.0 0.0 0.0 0.0 0.0 0.0 0.0 0.0 0.0 0.0 0.0 0.0 0.0 0.0 0.0 0.0 
3901 3.855 0.00031002213671305133 0.0 0.0 0.00031002213671305133 0.0 0.0 0.0 0.0 0.0 0.0 0.0 0.0 0.0 0.0 0.0 0.0 0.0 0.0 0.0 0.0 0.0 
3902 3.856 0.00031015373272505004 0.0 0.0 0.00031015373272505004 0.0 0.0 0.0 0.0 0.0 0.0 0.0 0.0 0.0 0.0 0.0 0.0 0.0 0.0 0.0 0.0 0.0 
3903 3.857 0.00031028522284322704 0.0 0.0 0.00031028522284322704 0.0 0.0 0.0 0.0 0.0 0.0 0.0 0.0 0.0 0.0 0.0 0.0 0.0 0.0 0.0 0.0 0.0 
3904 3.858 0.00031041660678102055 0.0 0.0 0.00031041660678102055 0.0 0.0 0.0 0.0 0.0 0.0 0.0 0.0 0.0 0.0 0.0 0.0 0.0 0.0 0.0 0.0 0.0 
3905 3.859 0.00031054788425167963 0.0 0.0 0.00031054788425167963 0.0 0.0 0.0 0.0 0.0 0.0 0.0 0.0 0.0 0.0 0.0 0.0 0.0 0.0 0.0 0.0 0.0 
3906 3.86 0.0003106790549682646 0.0 0.0 0.0003106790549682646 0.0 0.0 0.0 0.0 0.0 0.0 0.0 0.0 0.0 0.0 0.0 0.0 0.0 0.0 0.0 0.0 0.0 
3907 3.861 0.00031081011864364657 0.0 0.0 0.00031081011864364657 0.0 0.0 0.0 0.0 0.0 0.0 0.0 0.0 0.0 0.0 0.0 0.0 0.0 0.0 0.0 0.0 0.0 
3908 3.862 0.000310941074990509 0.0 0.0 0.000310941074990509 0.0 0.0 0.0 0.0 0.0 0.0 0.0 0.0 0.0 0.0 0.0 0.0 0.0 0.0 0.0 0.0 0.0 
3909 3.863 0.0003110719237213474 0.0 0.0 0.0003110719237213474 0.0 0.0 0.0 0.0 0.0 0.0 0.0 0.0 0.0 0.0 0.0 0.0 0.0 0.0 0.0 0.0 0.0 
3910 3.864 0.00031120266454847024 0.0 0.0 0.00031120266454847024 0.0 0.0 0.0 0.0 0.0 0.0 0.0 0.0 0.0 0.0 0.0 0.0 0.0 0.0 0.0 0.0 0.0 
3911 3.865 0.0003113332971839991 0.0 0.0 0.0003113332971839991 0.0 0.0 0.0 0.0 0.0 0.0 0.0 0.0 0.0 0.0 0.0 0.0 0.0 0.0 0.0 0.0 0.0 
3912 3.866 0.00031146382133986905 0.0 0.0 0.00031146382133986905 0.0 0.0 0.0 0.0 0.0 0.0 0.0 0.0 0.0 0.0 0.0 0.0 0.0 0.0 0.0 0.0 0.0 
3913 3.867 0.00031159423672782934 0.0 0.0 0.00031159423672782934 0.0 0.0 0.0 0.0 0.0 0.0 0.0 0.0 0.0 0.0 0.0 0.0 0.0 0.0 0.0 0.0 0.0 
3914 3.868 0.00031172454305944365 0.0 0.0 0.00031172454305944365 0.0 0.0 0.0 0.0 0.0 0.0 0.0 0.0 0.0 0.0 0.0 0.0 0.0 0.0 0.0 0.0 0.0 
3915 3.869 0.0003118547400460906 0.0 0.0 0.0003118547400460906 0.0 0.0 0.0 0.0 0.0 0.0 0.0 0.0 0.0 0.0 0.0 0.0 0.0 0.0 0.0 0.0 0.0 
3916 3.87 0.00031198482739896446 0.0 0.0 0.00031198482739896446 0.0 0.0 0.0 0.0 0.0 0.0 0.0 0.0 0.0 0.0 0.0 0.0 0.0 0.0 0.0 0.0 0.0 
3917 3.871 0.0003121148048290749 0.0 0.0 0.0003121148048290749 0.0 0.0 0.0 0.0 0.0 0.0 0.0 0.0 0.0 0.0 0.0 0.0 0.0 0.0 0.0 0.0 0.0 
3918 3.872 0.0003122446720472482 0.0 0.0 0.0003122446720472482 0.0 0.0 0.0 0.0 0.0 0.0 0.0 0.0 0.0 0.0 0.0 0.0 0.0 0.0 0.0 0.0 0.0 
3919 3.873 0.0003123744287641273 0.0 0.0 0.0003123744287641273 0.0 0.0 0.0 0.0 0.0 0.0 0.0 0.0 0.0 0.0 0.0 0.0 0.0 0.0 0.0 0.0 0.0 
3920 3.874 0.0003125040746901723 0.0 0.0 0.0003125040746901723 0.0 0.0 0.0 0.0 0.0 0.0 0.0 0.0 0.0 0.0 0.0 0.0 0.0 0.0 0.0 0.0 0.0 
3921 3.875 0.00031263360953566086 0.0 0.0 0.00031263360953566086 0.0 0.0 0.0 0.0 0.0 0.0 0.0 0.0 0.0 0.0 0.0 0.0 0.0 0.0 0.0 0.0 0.0 
3922 3.876 0.000312763033010689 0.0 0.0 0.000312763033010689 0.0 0.0 0.0 0.0 0.0 0.0 0.0 0.0 0.0 0.0 0.0 0.0 0.0 0.0 0.0 0.0 0.0 
3923 3.877 0.0003128923448251709 0.0 0.0 0.0003128923448251709 0.0 0.0 0.0 0.0 0.0 0.0 0.0 0.0 0.0 0.0 0.0 0.0 0.0 0.0 0.0 0.0 0.0 
3924 3.878 0.0003130215446888403 0.0 0.0 0.0003130215446888403 0.0 0.0 0.0 0.0 0.0 0.0 0.0 0.0 0.0 0.0 0.0 0.0 0.0 0.0 0.0 0.0 0.0 
3925 3.879 0.0003131506323112498 0.0 0.0 0.0003131506323112498 0.0 0.0 0.0 0.0 0.0 0.0 0.0 0.0 0.0 0.0 0.0 0.0 0.0 0.0 0.0 0.0 0.0 
3926 3.88 0.0003132796074017725 0.0 0.0 0.0003132796074017725 0.0 0.0 0.0 0.0 0.0 0.0 0.0 0.0 0.0 0.0 0.0 0.0 0.0 0.0 0.0 0.0 0.0 
3927 3.881 0.00031340846966960143 0.0 0.0 0.00031340846966960143 0.0 0.0 0.0 0.0 0.0 0.0 0.0 0.0 0.0 0.0 0.0 0.0 0.0 0.0 0.0 0.0 0.0 
3928 3.882 0.0003135372188237508 0.0 0.0 0.0003135372188237508 0.0 0.0 0.0 0.0 0.0 0.0 0.0 0.0 0.0 0.0 0.0 0.0 0.0 0.0 0.0 0.0 0.0 
3929 3.883 0.00031366585457305596 0.0 0.0 0.00031366585457305596 0.0 0.0 0.0 0.0 0.0 0.0 0.0 0.0 0.0 0.0 0.0 0.0 0.0 0.0 0.0 0.0 0.0 
3930 3.884 0.0003137943766261742 0.0 0.0 0.0003137943766261742 0.0 0.0 0.0 0.0 0.0 0.0 0.0 0.0 0.0 0.0 0.0 0.0 0.0 0.0 0.0 0.0 0.0 
3931 3.885 0.00031392278469158494 0.0 0.0 0.00031392278469158494 0.0 0.0 0.0 0.0 0.0 0.0 0.0 0.0 0.0 0.0 0.0 0.0 0.0 0.0 0.0 0.0 0.0 
3932 3.886 0.00031405107847759056 0.0 0.0 0.00031405107847759056 0.0 0.0 0.0 0.0 0.0 0.0 0.0 0.0 0.0 0.0 0.0 0.0 0.0 0.0 0.0 0.0 0.0 
3933 3.887 0.0003141792576923161 0.0 0.0 0.0003141792576923161 0.0 0.0 0.0 0.0 0.0 0.0 0.0 0.0 0.0 0.0 0.0 0.0 0.0 0.0 0.0 0.0 0.0 
3934 3.888 0.00031430732204371114 0.0 0.0 0.00031430732204371114 0.0 0.0 0.0 0.0 0.0 0.0 0.0 0.0 0.0 0.0 0.0 0.0 0.0 0.0 0.0 0.0 0.0 
3935 3.889 0.0003144352712395486 0.0 0.0 0.0003144352712395486 0.0 0.0 0.0 0.0 0.0 0.0 0.0 0.0 0.0 0.0 0.0 0.0 0.0 0.0 0.0 0.0 0.0 
3936 3.889 0.0003145631049874265 0.0 0.0 0.0003145631049874265 0.0 0.0 0.0 0.0 0.0 0.0 0.0 0.0 0.0 0.0 0.0 0.0 0.0 0.0 0.0 0.0 0.0 
3937 3.89 0.0003146908229947679 0.0 0.0 0.0003146908229947679 0.0 0.0 0.0 0.0 0.0 0.0 0.0 0.0 0.0 0.0 0.0 0.0 0.0 0.0 0.0 0.0 0.0 
3938 3.891 0.0003148184249688213 0.0 0.0 0.0003148184249688213 0.0 0.0 0.0 0.0 0.0 0.0 0.0 0.0 0.0 0.0 0.0 0.0 0.0 0.0 0.0 0.0 0.0 
3939 3.892 0.00031494591061666135 0.0 0.0 0.00031494591061666135 0.0 0.0 0.0 0.0 0.0 0.0 0.0 0.0 0.0 0.0 0.0 0.0 0.0 0.0 0.0 0.0 0.0 
3940 3.893 0.00031507327964518935 0.0 0.0 0.00031507327964518935 0.0 0.0 0.0 0.0 0.0 0.0 0.0 0.0 0.0 0.0 0.0 0.0 0.0 0.0 0.0 0.0 0.0 
3941 3.894 0.0003152005317611334 0.0 0.0 0.0003152005317611334 0.0 0.0 0.0 0.0 0.0 0.0 0.0 0.0 0.0 0.0 0.0 0.0 0.0 0.0 0.0 0.0 0.0 
3942 3.895 0.0003153276666710495 0.0 0.0 0.0003153276666710495 0.0 0.0 0.0 0.0 0.0 0.0 0.0 0.0 0.0 0.0 0.0 0.0 0.0 0.0 0.0 0.0 0.0 
3943 3.896 0.00031545468408132127 0.0 0.0 0.00031545468408132127 0.0 0.0 0.0 0.0 0.0 0.0 0.0 0.0 0.0 0.0 0.0 0.0 0.0 0.0 0.0 0.0 0.0 
3944 3.897 0.00031558158369816115 0.0 0.0 0.00031558158369816115 0.0 0.0 0.0 0.0 0.0 0.0 0.0 0.0 0.0 0.0 0.0 0.0 0.0 0.0 0.0 0.0 0.0 
3945 3.898 0.0003157083652276103 0.0 0.0 0.0003157083652276103 0.0 0.0 0.0 0.0 0.0 0.0 0.0 0.0 0.0 0.0 0.0 0.0 0.0 0.0 0.0 0.0 0.0 
3946 3.899 0.0003158350283755395 0.0 0.0 0.0003158350283755395 0.0 0.0 0.0 0.0 0.0 0.0 0.0 0.0 0.0 0.0 0.0 0.0 0.0 0.0 0.0 0.0 0.0 
3947 3.9 0.0003159615728476495 0.0 0.0 0.0003159615728476495 0.0 0.0 0.0 0.0 0.0 0.0 0.0 0.0 0.0 0.0 0.0 0.0 0.0 0.0 0.0 0.0 0.0 
3948 3.901 0.0003160879983494716 0.0 0.0 0.0003160879983494716 0.0 0.0 0.0 0.0 0.0 0.0 0.0 0.0 0.0 0.0 0.0 0.0 0.0 0.0 0.0 0.0 0.0 
3949 3.902 0.000316214304586368 0.0 0.0 0.000316214304586368 0.0 0.0 0.0 0.0 0.0 0.0 0.0 0.0 0.0 0.0 0.0 0.0 0.0 0.0 0.0 0.0 0.0 
3950 3.903 0.00031634049126353216 0.0 0.0 0.00031634049126353216 0.0 0.0 0.0 0.0 0.0 0.0 0.0 0.0 0.0 0.0 0.0 0.0 0.0 0.0 0.0 0.0 0.0 
3951 3.904 0.00031646655808598997 0.0 0.0 0.00031646655808598997 0.0 0.0 0.0 0.0 0.0 0.0 0.0 0.0 0.0 0.0 0.0 0.0 0.0 0.0 0.0 0.0 0.0 
3952 3.905 0.0003165925047585994 0.0 0.0 0.0003165925047585994 0.0 0.0 0.0 0.0 0.0 0.0 0.0 0.0 0.0 0.0 0.0 0.0 0.0 0.0 0.0 0.0 0.0 
3953 3.906 0.00031671833098605157 0.0 0.0 0.00031671833098605157 0.0 0.0 0.0 0.0 0.0 0.0 0.0 0.0 0.0 0.0 0.0 0.0 0.0 0.0 0.0 0.0 0.0 
3954 3.907 0.00031684403647287094 0.0 0.0 0.00031684403647287094 0.0 0.0 0.0 0.0 0.0 0.0 0.0 0.0 0.0 0.0 0.0 0.0 0.0 0.0 0.0 0.0 0.0 
3955 3.908 0.00031696962092341615 0.0 0.0 0.00031696962092341615 0.0 0.0 0.0 0.0 0.0 0.0 0.0 0.0 0.0 0.0 0.0 0.0 0.0 0.0 0.0 0.0 0.0 
3956 3.909 0.00031709508404188027 0.0 0.0 0.00031709508404188027 0.0 0.0 0.0 0.0 0.0 0.0 0.0 0.0 0.0 0.0 0.0 0.0 0.0 0.0 0.0 0.0 0.0 
3957 3.91 0.00031722042553229126 0.0 0.0 0.00031722042553229126 0.0 0.0 0.0 0.0 0.0 0.0 0.0 0.0 0.0 0.0 0.0 0.0 0.0 0.0 0.0 0.0 0.0 
3958 3.911 0.00031734564509851266 0.0 0.0 0.00031734564509851266 0.0 0.0 0.0 0.0 0.0 0.0 0.0 0.0 0.0 0.0 0.0 0.0 0.0 0.0 0.0 0.0 0.0 
3959 3.912 0.0003174707424442441 0.0 0.0 0.0003174707424442441 0.0 0.0 0.0 0.0 0.0 0.0 0.0 0.0 0.0 0.0 0.0 0.0 0.0 0.0 0.0 0.0 0.0 
3960 3.913 0.0003175957172730218 0.0 0.0 0.0003175957172730218 0.0 0.0 0.0 0.0 0.0 0.0 0.0 0.0 0.0 0.0 0.0 0.0 0.0 0.0 0.0 0.0 0.0 
3961 3.914 0.0003177205692882188 0.0 0.0 0.0003177205692882188 0.0 0.0 0.0 0.0 0.0 0.0 0.0 0.0 0.0 0.0 0.0 0.0 0.0 0.0 0.0 0.0 0.0 
3962 3.915 0.0003178452981930459 0.0 0.0 0.0003178452981930459 0.0 0.0 0.0 0.0 0.0 0.0 0.0 0.0 0.0 0.0 0.0 0.0 0.0 0.0 0.0 0.0 0.0 
3963 3.916 0.00031796990369055195 0.0 0.0 0.00031796990369055195 0.0 0.0 0.0 0.0 0.0 0.0 0.0 0.0 0.0 0.0 0.0 0.0 0.0 0.0 0.0 0.0 0.0 
3964 3.917 0.0003180943854836244 0.0 0.0 0.0003180943854836244 0.0 0.0 0.0 0.0 0.0 0.0 0.0 0.0 0.0 0.0 0.0 0.0 0.0 0.0 0.0 0.0 0.0 
3965 3.918 0.00031821874327499 0.0 0.0 0.00031821874327499 0.0 0.0 0.0 0.0 0.0 0.0 0.0 0.0 0.0 0.0 0.0 0.0 0.0 0.0 0.0 0.0 0.0 
3966 3.919 0.0003183429767672149 0.0 0.0 0.0003183429767672149 0.0 0.0 0.0 0.0 0.0 0.0 0.0 0.0 0.0 0.0 0.0 0.0 0.0 0.0 0.0 0.0 0.0 
3967 3.92 0.0003184670856627057 0.0 0.0 0.0003184670856627057 0.0 0.0 0.0 0.0 0.0 0.0 0.0 0.0 0.0 0.0 0.0 0.0 0.0 0.0 0.0 0.0 0.0 
3968 3.921 0.0003185910696637094 0.0 0.0 0.0003185910696637094 0.0 0.0 0.0 0.0 0.0 0.0 0.0 0.0 0.0 0.0 0.0 0.0 0.0 0.0 0.0 0.0 0.0 
3969 3.922 0.00031871492847231444 0.0 0.0 0.00031871492847231444 0.0 0.0 0.0 0.0 0.0 0.0 0.0 0.0 0.0 0.0 0.0 0.0 0.0 0.0 0.0 0.0 0.0 
3970 3.923 0.0003188386617904512 0.0 0.0 0.0003188386617904512 0.0 0.0 0.0 0.0 0.0 0.0 0.0 0.0 0.0 0.0 0.0 0.0 0.0 0.0 0.0 0.0 0.0 
3971 3.924 0.00031896226931989207 0.0 0.0 0.00031896226931989207 0.0 0.0 0.0 0.0 0.0 0.0 0.0 0.0 0.0 0.0 0.0 0.0 0.0 0.0 0.0 0.0 0.0 
3972 3.925 0.0003190857507622524 0.0 0.0 0.0003190857507622524 0.0 0.0 0.0 0.0 0.0 0.0 0.0 0.0 0.0 0.0 0.0 0.0 0.0 0.0 0.0 0.0 0.0 
3973 3.926 0.000319209105818991 0.0 0.0 0.000319209105818991 0.0 0.0 0.0 0.0 0.0 0.0 0.0 0.0 0.0 0.0 0.0 0.0 0.0 0.0 0.0 0.0 0.0 
3974 3.927 0.0003193323341914104 0.0 0.0 0.0003193323341914104 0.0 0.0 0.0 0.0 0.0 0.0 0.0 0.0 0.0 0.0 0.0 0.0 0.0 0.0 0.0 0.0 0.0 
3975 3.928 0.0003194554355806577 0.0 0.0 0.0003194554355806577 0.0 0.0 0.0 0.0 0.0 0.0 0.0 0.0 0.0 0.0 0.0 0.0 0.0 0.0 0.0 0.0 0.0 
3976 3.929 0.0003195784096877252 0.0 0.0 0.0003195784096877252 0.0 0.0 0.0 0.0 0.0 0.0 0.0 0.0 0.0 0.0 0.0 0.0 0.0 0.0 0.0 0.0 0.0 
3977 3.93 0.00031970125621345034 0.0 0.0 0.00031970125621345034 0.0 0.0 0.0 0.0 0.0 0.0 0.0 0.0 0.0 0.0 0.0 0.0 0.0 0.0 0.0 0.0 0.0 
3978 3.931 0.0003198239748585167 0.0 0.0 0.0003198239748585167 0.0 0.0 0.0 0.0 0.0 0.0 0.0 0.0 0.0 0.0 0.0 0.0 0.0 0.0 0.0 0.0 0.0 
3979 3.932 0.000319946565323455 0.0 0.0 0.000319946565323455 0.0 0.0 0.0 0.0 0.0 0.0 0.0 0.0 0.0 0.0 0.0 0.0 0.0 0.0 0.0 0.0 0.0 
3980 3.933 0.0003200690273086423 0.0 0.0 0.0003200690273086423 0.0 0.0 0.0 0.0 0.0 0.0 0.0 0.0 0.0 0.0 0.0 0.0 0.0 0.0 0.0 0.0 0.0 
3981 3.934 0.0003201913605143042 0.0 0.0 0.0003201913605143042 0.0 0.0 0.0 0.0 0.0 0.0 0.0 0.0 0.0 0.0 0.0 0.0 0.0 0.0 0.0 0.0 0.0 
3982 3.935 0.00032031356464051384 0.0 0.0 0.00032031356464051384 0.0 0.0 0.0 0.0 0.0 0.0 0.0 0.0 0.0 0.0 0.0 0.0 0.0 0.0 0.0 0.0 0.0 
3983 3.936 0.00032043563938719373 0.0 0.0 0.00032043563938719373 0.0 0.0 0.0 0.0 0.0 0.0 0.0 0.0 0.0 0.0 0.0 0.0 0.0 0.0 0.0 0.0 0.0 
3984 3.937 0.00032055758445411565 0.0 0.0 0.00032055758445411565 0.0 0.0 0.0 0.0 0.0 0.0 0.0 0.0 0.0 0.0 0.0 0.0 0.0 0.0 0.0 0.0 0.0 
3985 3.938 0.0003206793995409009 0.0 0.0 0.0003206793995409009 0.0 0.0 0.0 0.0 0.0 0.0 0.0 0.0 0.0 0.0 0.0 0.0 0.0 0.0 0.0 0.0 0.0 
3986 3.939 0.0003208010843470219 0.0 0.0 0.0003208010843470219 0.0 0.0 0.0 0.0 0.0 0.0 0.0 0.0 0.0 0.0 0.0 0.0 0.0 0.0 0.0 0.0 0.0 
3987 3.94 0.0003209226385718015 0.0 0.0 0.0003209226385718015 0.0 0.0 0.0 0.0 0.0 0.0 0.0 0.0 0.0 0.0 0.0 0.0 0.0 0.0 0.0 0.0 0.0 
3988 3.941 0.0003210440619144147 0.0 0.0 0.0003210440619144147 0.0 0.0 0.0 0.0 0.0 0.0 0.0 0.0 0.0 0.0 0.0 0.0 0.0 0.0 0.0 0.0 0.0 
3989 3.942 0.0003211653540738884 0.0 0.0 0.0003211653540738884 0.0 0.0 0.0 0.0 0.0 0.0 0.0 0.0 0.0 0.0 0.0 0.0 0.0 0.0 0.0 0.0 0.0 
3990 3.943 0.0003212865147491019 0.0 0.0 0.0003212865147491019 0.0 0.0 0.0 0.0 0.0 0.0 0.0 0.0 0.0 0.0 0.0 0.0 0.0 0.0 0.0 0.0 0.0 
3991 3.944 0.0003214075436387885 0.0 0.0 0.0003214075436387885 0.0 0.0 0.0 0.0 0.0 0.0 0.0 0.0 0.0 0.0 0.0 0.0 0.0 0.0 0.0 0.0 0.0 
3992 3.945 0.00032152844044153477 0.0 0.0 0.00032152844044153477 0.0 0.0 0.0 0.0 0.0 0.0 0.0 0.0 0.0 0.0 0.0 0.0 0.0 0.0 0.0 0.0 0.0 
3993 3.946 0.0003216492048557821 0.0 0.0 0.0003216492048557821 0.0 0.0 0.0 0.0 0.0 0.0 0.0 0.0 0.0 0.0 0.0 0.0 0.0 0.0 0.0 0.0 0.0 
3994 3.947 0.0003217698365798266 0.0 0.0 0.0003217698365798266 0.0 0.0 0.0 0.0 0.0 0.0 0.0 0.0 0.0 0.0 0.0 0.0 0.0 0.0 0.0 0.0 0.0 
3995 3.948 0.00032189033531182 0.0 0.0 0.00032189033531182 0.0 0.0 0.0 0.0 0.0 0.0 0.0 0.0 0.0 0.0 0.0 0.0 0.0 0.0 0.0 0.0 0.0 
3996 3.949 0.0003220107007497704 0.0 0.0 0.0003220107007497704 0.0 0.0 0.0 0.0 0.0 0.0 0.0 0.0 0.0 0.0 0.0 0.0 0.0 0.0 0.0 0.0 0.0 
3997 3.95 0.00032213093259154225 0.0 0.0 0.00032213093259154225 0.0 0.0 0.0 0.0 0.0 0.0 0.0 0.0 0.0 0.0 0.0 0.0 0.0 0.0 0.0 0.0 0.0 
3998 3.951 0.00032225103053485764 0.0 0.0 0.00032225103053485764 0.0 0.0 0.0 0.0 0.0 0.0 0.0 0.0 0.0 0.0 0.0 0.0 0.0 0.0 0.0 0.0 0.0 
3999 3.952 0.0003223709942772963 0.0 0.0 0.0003223709942772963 0.0 0.0 0.0 0.0 0.0 0.0 0.0 0.0 0.0 0.0 0.0 0.0 0.0 0.0 0.0 0.0 0.0 
4000 3.953 0.0003224908235162964 0.0 0.0 0.0003224908235162964 0.0 0.0 0.0 0.0 0.0 0.0 0.0 0.0 0.0 0.0 0.0 0.0 0.0 0.0 0.0 0.0 0.0 
4001 3.954 0.00032261051794915544 0.0 0.0 0.00032261051794915544 0.0 0.0 0.0 0.0 0.0 0.0 0.0 0.0 0.0 0.0 0.0 0.0 0.0 0.0 0.0 0.0 0.0 
4002 3.955 0.00032273007727303023 0.0 0.0 0.00032273007727303023 0.0 0.0 0.0 0.0 0.0 0.0 0.0 0.0 0.0 0.0 0.0 0.0 0.0 0.0 0.0 0.0 0.0 
4003 3.956 0.00032284950118493784 0.0 0.0 0.00032284950118493784 0.0 0.0 0.0 0.0 0.0 0.0 0.0 0.0 0.0 0.0 0.0 0.0 0.0 0.0 0.0 0.0 0.0 
4004 3.957 0.0003229687893817562 0.0 0.0 0.0003229687893817562 0.0 0.0 0.0 0.0 0.0 0.0 0.0 0.0 0.0 0.0 0.0 0.0 0.0 0.0 0.0 0.0 0.0 
4005 3.958 0.0003230879415602246 0.0 0.0 0.0003230879415602246 0.0 0.0 0.0 0.0 0.0 0.0 0.0 0.0 0.0 0.0 0.0 0.0 0.0 0.0 0.0 0.0 0.0 
4006 3.959 0.00032320695741694416 0.0 0.0 0.00032320695741694416 0.0 0.0 0.0 0.0 0.0 0.0 0.0 0.0 0.0 0.0 0.0 0.0 0.0 0.0 0.0 0.0 0.0 
4007 3.96 0.0003233258366483789 0.0 0.0 0.0003233258366483789 0.0 0.0 0.0 0.0 0.0 0.0 0.0 0.0 0.0 0.0 0.0 0.0 0.0 0.0 0.0 0.0 0.0 
4008 3.961 0.0003234445789508555 0.0 0.0 0.0003234445789508555 0.0 0.0 0.0 0.0 0.0 0.0 0.0 0.0 0.0 0.0 0.0 0.0 0.0 0.0 0.0 0.0 0.0 
4009 3.962 0.00032356318402056486 0.0 0.0 0.00032356318402056486 0.0 0.0 0.0 0.0 0.0 0.0 0.0 0.0 0.0 0.0 0.0 0.0 0.0 0.0 0.0 0.0 0.0 
4010 3.963 0.0003236816515535618 0.0 0.0 0.0003236816515535618 0.0 0.0 0.0 0.0 0.0 0.0 0.0 0.0 0.0 0.0 0.0 0.0 0.0 0.0 0.0 0.0 0.0 
4011 3.964 0.0003237999812457665 0.0 0.0 0.0003237999812457665 0.0 0.0 0.0 0.0 0.0 0.0 0.0 0.0 0.0 0.0 0.0 0.0 0.0 0.0 0.0 0.0 0.0 
4012 3.965 0.00032391817279296426 0.0 0.0 0.00032391817279296426 0.0 0.0 0.0 0.0 0.0 0.0 0.0 0.0 0.0 0.0 0.0 0.0 0.0 0.0 0.0 0.0 0.0 
4013 3.966 0.0003240362258908068 0.0 0.0 0.0003240362258908068 0.0 0.0 0.0 0.0 0.0 0.0 0.0 0.0 0.0 0.0 0.0 0.0 0.0 0.0 0.0 0.0 0.0 
4014 3.967 0.00032415414023481253 0.0 0.0 0.00032415414023481253 0.0 0.0 0.0 0.0 0.0 0.0 0.0 0.0 0.0 0.0 0.0 0.0 0.0 0.0 0.0 0.0 0.0 
4015 3.968 0.0003242719155203672 0.0 0.0 0.0003242719155203672 0.0 0.0 0.0 0.0 0.0 0.0 0.0 0.0 0.0 0.0 0.0 0.0 0.0 0.0 0.0 0.0 0.0 
4016 3.969 0.00032438955144272434 0.0 0.0 0.00032438955144272434 0.0 0.0 0.0 0.0 0.0 0.0 0.0 0.0 0.0 0.0 0.0 0.0 0.0 0.0 0.0 0.0 0.0 
4017 3.97 0.00032450704769700637 0.0 0.0 0.00032450704769700637 0.0 0.0 0.0 0.0 0.0 0.0 0.0 0.0 0.0 0.0 0.0 0.0 0.0 0.0 0.0 0.0 0.0 
4018 3.971 0.0003246244039782047 0.0 0.0 0.0003246244039782047 0.0 0.0 0.0 0.0 0.0 0.0 0.0 0.0 0.0 0.0 0.0 0.0 0.0 0.0 0.0 0.0 0.0 
4019 3.972 0.00032474161998118035 0.0 0.0 0.00032474161998118035 0.0 0.0 0.0 0.0 0.0 0.0 0.0 0.0 0.0 0.0 0.0 0.0 0.0 0.0 0.0 0.0 0.0 
4020 3.972 0.0003248586954006651 0.0 0.0 0.0003248586954006651 0.0 0.0 0.0 0.0 0.0 0.0 0.0 0.0 0.0 0.0 0.0 0.0 0.0 0.0 0.0 0.0 0.0 
4021 3.973 0.0003249756299312614 0.0 0.0 0.0003249756299312614 0.0 0.0 0.0 0.0 0.0 0.0 0.0 0.0 0.0 0.0 0.0 0.0 0.0 0.0 0.0 0.0 0.0 
4022 3.974 0.0003250924232674439 0.0 0.0 0.0003250924232674439 0.0 0.0 0.0 0.0 0.0 0.0 0.0 0.0 0.0 0.0 0.0 0.0 0.0 0.0 0.0 0.0 0.0 
4023 3.975 0.0003252090751035586 0.0 0.0 0.0003252090751035586 0.0 0.0 0.0 0.0 0.0 0.0 0.0 0.0 0.0 0.0 0.0 0.0 0.0 0.0 0.0 0.0 0.0 
4024 3.976 0.00032532558513382497 0.0 0.0 0.00032532558513382497 0.0 0.0 0.0 0.0 0.0 0.0 0.0 0.0 0.0 0.0 0.0 0.0 0.0 0.0 0.0 0.0 0.0 
4025 3.977 0.00032544195305233604 0.0 0.0 0.00032544195305233604 0.0 0.0 0.0 0.0 0.0 0.0 0.0 0.0 0.0 0.0 0.0 0.0 0.0 0.0 0.0 0.0 0.0 
4026 3.978 0.00032555817855305867 0.0 0.0 0.00032555817855305867 0.0 0.0 0.0 0.0 0.0 0.0 0.0 0.0 0.0 0.0 0.0 0.0 0.0 0.0 0.0 0.0 0.0 
4027 3.979 0.0003256742613298346 0.0 0.0 0.0003256742613298346 0.0 0.0 0.0 0.0 0.0 0.0 0.0 0.0 0.0 0.0 0.0 0.0 0.0 0.0 0.0 0.0 0.0 
4028 3.98 0.0003257902010763807 0.0 0.0 0.0003257902010763807 0.0 0.0 0.0 0.0 0.0 0.0 0.0 0.0 0.0 0.0 0.0 0.0 0.0 0.0 0.0 0.0 0.0 
4029 3.981 0.00032590599748629027 0.0 0.0 0.00032590599748629027 0.0 0.0 0.0 0.0 0.0 0.0 0.0 0.0 0.0 0.0 0.0 0.0 0.0 0.0 0.0 0.0 0.0 
4030 3.982 0.0003260216502530328 0.0 0.0 0.0003260216502530328 0.0 0.0 0.0 0.0 0.0 0.0 0.0 0.0 0.0 0.0 0.0 0.0 0.0 0.0 0.0 0.0 0.0 
4031 3.983 0.0003261371590699554 0.0 0.0 0.0003261371590699554 0.0 0.0 0.0 0.0 0.0 0.0 0.0 0.0 0.0 0.0 0.0 0.0 0.0 0.0 0.0 0.0 0.0 
4032 3.984 0.00032625252363028276 0.0 0.0 0.00032625252363028276 0.0 0.0 0.0 0.0 0.0 0.0 0.0 0.0 0.0 0.0 0.0 0.0 0.0 0.0 0.0 0.0 0.0 
4033 3.985 0.0003263677436271183 0.0 0.0 0.0003263677436271183 0.0 0.0 0.0 0.0 0.0 0.0 0.0 0.0 0.0 0.0 0.0 0.0 0.0 0.0 0.0 0.0 0.0 
4034 3.986 0.0003264828187534445 0.0 0.0 0.0003264828187534445 0.0 0.0 0.0 0.0 0.0 0.0 0.0 0.0 0.0 0.0 0.0 0.0 0.0 0.0 0.0 0.0 0.0 
4035 3.987 0.0003265977487021237 0.0 0.0 0.0003265977487021237 0.0 0.0 0.0 0.0 0.0 0.0 0.0 0.0 0.0 0.0 0.0 0.0 0.0 0.0 0.0 0.0 0.0 
4036 3.988 0.0003267125331658988 0.0 0.0 0.0003267125331658988 0.0 0.0 0.0 0.0 0.0 0.0 0.0 0.0 0.0 0.0 0.0 0.0 0.0 0.0 0.0 0.0 0.0 
4037 3.989 0.0003268271718373932 0.0 0.0 0.0003268271718373932 0.0 0.0 0.0 0.0 0.0 0.0 0.0 0.0 0.0 0.0 0.0 0.0 0.0 0.0 0.0 0.0 0.0 
4038 3.99 0.000326941664409113 0.0 0.0 0.000326941664409113 0.0 0.0 0.0 0.0 0.0 0.0 0.0 0.0 0.0 0.0 0.0 0.0 0.0 0.0 0.0 0.0 0.0 
4039 3.991 0.0003270560105734458 0.0 0.0 0.0003270560105734458 0.0 0.0 0.0 0.0 0.0 0.0 0.0 0.0 0.0 0.0 0.0 0.0 0.0 0.0 0.0 0.0 0.0 
4040 3.992 0.0003271702100226627 0.0 0.0 0.0003271702100226627 0.0 0.0 0.0 0.0 0.0 0.0 0.0 0.0 0.0 0.0 0.0 0.0 0.0 0.0 0.0 0.0 0.0 
4041 3.993 0.0003272842624489183 0.0 0.0 0.0003272842624489183 0.0 0.0 0.0 0.0 0.0 0.0 0.0 0.0 0.0 0.0 0.0 0.0 0.0 0.0 0.0 0.0 0.0 
4042 3.994 0.0003273981675442516 0.0 0.0 0.0003273981675442516 0.0 0.0 0.0 0.0 0.0 0.0 0.0 0.0 0.0 0.0 0.0 0.0 0.0 0.0 0.0 0.0 0.0 
4043 3.995 0.0003275119250005864 0.0 0.0 0.0003275119250005864 0.0 0.0 0.0 0.0 0.0 0.0 0.0 0.0 0.0 0.0 0.0 0.0 0.0 0.0 0.0 0.0 0.0 
4044 3.996 0.00032762553450973244 0.0 0.0 0.00032762553450973244 0.0 0.0 0.0 0.0 0.0 0.0 0.0 0.0 0.0 0.0 0.0 0.0 0.0 0.0 0.0 0.0 0.0 
4045 3.997 0.0003277389957633855 0.0 0.0 0.0003277389957633855 0.0 0.0 0.0 0.0 0.0 0.0 0.0 0.0 0.0 0.0 0.0 0.0 0.0 0.0 0.0 0.0 0.0 
4046 3.998 0.00032785230845312833 0.0 0.0 0.00032785230845312833 0.0 0.0 0.0 0.0 0.0 0.0 0.0 0.0 0.0 0.0 0.0 0.0 0.0 0.0 0.0 0.0 0.0 
4047 3.999 0.00032796547227043136 0.0 0.0 0.00032796547227043136 0.0 0.0 0.0 0.0 0.0 0.0 0.0 0.0 0.0 0.0 0.0 0.0 0.0 0.0 0.0 0.0 0.0 
4048 4.0 0.00032807848690665317 0.0 0.0 0.00032807848690665317 0.0 0.0 0.0 0.0 0.0 0.0 0.0 0.0 0.0 0.0 0.0 0.0 0.0 0.0 0.0 0.0 0.0 
4049 4.001 0.0003281913520530415 0.0 0.0 0.0003281913520530415 0.0 0.0 0.0 0.0 0.0 0.0 0.0 0.0 0.0 0.0 0.0 0.0 0.0 0.0 0.0 0.0 0.0 
4050 4.002 0.00032830406740073334 0.0 0.0 0.00032830406740073334 0.0 0.0 0.0 0.0 0.0 0.0 0.0 0.0 0.0 0.0 0.0 0.0 0.0 0.0 0.0 0.0 0.0 
4051 4.003 0.00032841663264075624 0.0 0.0 0.00032841663264075624 0.0 0.0 0.0 0.0 0.0 0.0 0.0 0.0 0.0 0.0 0.0 0.0 0.0 0.0 0.0 0.0 0.0 
4052 4.004 0.00032852904746402857 0.0 0.0 0.00032852904746402857 0.0 0.0 0.0 0.0 0.0 0.0 0.0 0.0 0.0 0.0 0.0 0.0 0.0 0.0 0.0 0.0 0.0 
4053 4.005 0.0003286413115613602 0.0 0.0 0.0003286413115613602 0.0 0.0 0.0 0.0 0.0 0.0 0.0 0.0 0.0 0.0 0.0 0.0 0.0 0.0 0.0 0.0 0.0 
4054 4.006 0.0003287534246234535 0.0 0.0 0.0003287534246234535 0.0 0.0 0.0 0.0 0.0 0.0 0.0 0.0 0.0 0.0 0.0 0.0 0.0 0.0 0.0 0.0 0.0 
4055 4.007 0.00032886538634090346 0.0 0.0 0.00032886538634090346 0.0 0.0 0.0 0.0 0.0 0.0 0.0 0.0 0.0 0.0 0.0 0.0 0.0 0.0 0.0 0.0 0.0 
4056 4.008 0.00032897719640419894 0.0 0.0 0.00032897719640419894 0.0 0.0 0.0 0.0 0.0 0.0 0.0 0.0 0.0 0.0 0.0 0.0 0.0 0.0 0.0 0.0 0.0 
4057 4.009 0.0003290888545037231 0.0 0.0 0.0003290888545037231 0.0 0.0 0.0 0.0 0.0 0.0 0.0 0.0 0.0 0.0 0.0 0.0 0.0 0.0 0.0 0.0 0.0 
4058 4.01 0.00032920036032975386 0.0 0.0 0.00032920036032975386 0.0 0.0 0.0 0.0 0.0 0.0 0.0 0.0 0.0 0.0 0.0 0.0 0.0 0.0 0.0 0.0 0.0 
4059 4.011 0.0003293117135724649 0.0 0.0 0.0003293117135724649 0.0 0.0 0.0 0.0 0.0 0.0 0.0 0.0 0.0 0.0 0.0 0.0 0.0 0.0 0.0 0.0 0.0 
4060 4.012 0.0003294229139219265 0.0 0.0 0.0003294229139219265 0.0 0.0 0.0 0.0 0.0 0.0 0.0 0.0 0.0 0.0 0.0 0.0 0.0 0.0 0.0 0.0 0.0 
4061 4.013 0.00032953396106810543 0.0 0.0 0.00032953396106810543 0.0 0.0 0.0 0.0 0.0 0.0 0.0 0.0 0.0 0.0 0.0 0.0 0.0 0.0 0.0 0.0 0.0 
4062 4.014 0.0003296448547008666 0.0 0.0 0.0003296448547008666 0.0 0.0 0.0 0.0 0.0 0.0 0.0 0.0 0.0 0.0 0.0 0.0 0.0 0.0 0.0 0.0 0.0 
4063 4.015 0.00032975559450997314 0.0 0.0 0.00032975559450997314 0.0 0.0 0.0 0.0 0.0 0.0 0.0 0.0 0.0 0.0 0.0 0.0 0.0 0.0 0.0 0.0 0.0 
4064 4.016 0.00032986618018508734 0.0 0.0 0.00032986618018508734 0.0 0.0 0.0 0.0 0.0 0.0 0.0 0.0 0.0 0.0 0.0 0.0 0.0 0.0 0.0 0.0 0.0 
4065 4.017 0.0003299766114157712 0.0 0.0 0.0003299766114157712 0.0 0.0 0.0 0.0 0.0 0.0 0.0 0.0 0.0 0.0 0.0 0.0 0.0 0.0 0.0 0.0 0.0 
4066 4.018 0.00033008688789148706 0.0 0.0 0.00033008688789148706 0.0 0.0 0.0 0.0 0.0 0.0 0.0 0.0 0.0 0.0 0.0 0.0 0.0 0.0 0.0 0.0 0.0 
4067 4.019 0.0003301970093015988 0.0 0.0 0.0003301970093015988 0.0 0.0 0.0 0.0 0.0 0.0 0.0 0.0 0.0 0.0 0.0 0.0 0.0 0.0 0.0 0.0 0.0 
4068 4.02 0.0003303069753353716 0.0 0.0 0.0003303069753353716 0.0 0.0 0.0 0.0 0.0 0.0 0.0 0.0 0.0 0.0 0.0 0.0 0.0 0.0 0.0 0.0 0.0 
4069 4.021 0.0003304167856819738 0.0 0.0 0.0003304167856819738 0.0 0.0 0.0 0.0 0.0 0.0 0.0 0.0 0.0 0.0 0.0 0.0 0.0 0.0 0.0 0.0 0.0 
4070 4.022 0.00033052644003047656 0.0 0.0 0.00033052644003047656 0.0 0.0 0.0 0.0 0.0 0.0 0.0 0.0 0.0 0.0 0.0 0.0 0.0 0.0 0.0 0.0 0.0 
4071 4.023 0.00033063593806985516 0.0 0.0 0.00033063593806985516 0.0 0.0 0.0 0.0 0.0 0.0 0.0 0.0 0.0 0.0 0.0 0.0 0.0 0.0 0.0 0.0 0.0 
4072 4.024 0.0003307452794889896 0.0 0.0 0.0003307452794889896 0.0 0.0 0.0 0.0 0.0 0.0 0.0 0.0 0.0 0.0 0.0 0.0 0.0 0.0 0.0 0.0 0.0 
4073 4.025 0.00033085446397666514 0.0 0.0 0.00033085446397666514 0.0 0.0 0.0 0.0 0.0 0.0 0.0 0.0 0.0 0.0 0.0 0.0 0.0 0.0 0.0 0.0 0.0 
4074 4.026 0.00033096349122157295 0.0 0.0 0.00033096349122157295 0.0 0.0 0.0 0.0 0.0 0.0 0.0 0.0 0.0 0.0 0.0 0.0 0.0 0.0 0.0 0.0 0.0 
4075 4.027 0.0003310723609123115 0.0 0.0 0.0003310723609123115 0.0 0.0 0.0 0.0 0.0 0.0 0.0 0.0 0.0 0.0 0.0 0.0 0.0 0.0 0.0 0.0 0.0 
4076 4.028 0.00033118107273738615 0.0 0.0 0.00033118107273738615 0.0 0.0 0.0 0.0 0.0 0.0 0.0 0.0 0.0 0.0 0.0 0.0 0.0 0.0 0.0 0.0 0.0 
4077 4.029 0.0003312896263852108 0.0 0.0 0.0003312896263852108 0.0 0.0 0.0 0.0 0.0 0.0 0.0 0.0 0.0 0.0 0.0 0.0 0.0 0.0 0.0 0.0 0.0 
4078 4.03 0.0003313980215441083 0.0 0.0 0.0003313980215441083 0.0 0.0 0.0 0.0 0.0 0.0 0.0 0.0 0.0 0.0 0.0 0.0 0.0 0.0 0.0 0.0 0.0 
4079 4.031 0.00033150625790231086 0.0 0.0 0.00033150625790231086 0.0 0.0 0.0 0.0 0.0 0.0 0.0 0.0 0.0 0.0 0.0 0.0 0.0 0.0 0.0 0.0 0.0 
4080 4.032 0.00033161433514796134 0.0 0.0 0.00033161433514796134 0.0 0.0 0.0 0.0 0.0 0.0 0.0 0.0 0.0 0.0 0.0 0.0 0.0 0.0 0.0 0.0 0.0 
4081 4.033 0.0003317222529691136 0.0 0.0 0.0003317222529691136 0.0 0.0 0.0 0.0 0.0 0.0 0.0 0.0 0.0 0.0 0.0 0.0 0.0 0.0 0.0 0.0 0.0 
4082 4.034 0.00033183001105373304 0.0 0.0 0.00033183001105373304 0.0 0.0 0.0 0.0 0.0 0.0 0.0 0.0 0.0 0.0 0.0 0.0 0.0 0.0 0.0 0.0 0.0 
4083 4.035 0.00033193760908969787 0.0 0.0 0.00033193760908969787 0.0 0.0 0.0 0.0 0.0 0.0 0.0 0.0 0.0 0.0 0.0 0.0 0.0 0.0 0.0 0.0 0.0 
4084 4.036 0.00033204504676479944 0.0 0.0 0.00033204504676479944 0.0 0.0 0.0 0.0 0.0 0.0 0.0 0.0 0.0 0.0 0.0 0.0 0.0 0.0 0.0 0.0 0.0 
4085 4.037 0.000332152323766743 0.0 0.0 0.000332152323766743 0.0 0.0 0.0 0.0 0.0 0.0 0.0 0.0 0.0 0.0 0.0 0.0 0.0 0.0 0.0 0.0 0.0 
4086 4.038 0.0003322594397831486 0.0 0.0 0.0003322594397831486 0.0 0.0 0.0 0.0 0.0 0.0 0.0 0.0 0.0 0.0 0.0 0.0 0.0 0.0 0.0 0.0 0.0 
4087 4.039 0.00033236639450155177 0.0 0.0 0.00033236639450155177 0.0 0.0 0.0 0.0 0.0 0.0 0.0 0.0 0.0 0.0 0.0 0.0 0.0 0.0 0.0 0.0 0.0 
4088 4.04 0.0003324731876094039 0.0 0.0 0.0003324731876094039 0.0 0.0 0.0 0.0 0.0 0.0 0.0 0.0 0.0 0.0 0.0 0.0 0.0 0.0 0.0 0.0 0.0 
4089 4.041 0.00033257981879407345 0.0 0.0 0.00033257981879407345 0.0 0.0 0.0 0.0 0.0 0.0 0.0 0.0 0.0 0.0 0.0 0.0 0.0 0.0 0.0 0.0 0.0 
4090 4.042 0.0003326862877428468 0.0 0.0 0.0003326862877428468 0.0 0.0 0.0 0.0 0.0 0.0 0.0 0.0 0.0 0.0 0.0 0.0 0.0 0.0 0.0 0.0 0.0 
4091 4.043 0.00033279259414292805 0.0 0.0 0.00033279259414292805 0.0 0.0 0.0 0.0 0.0 0.0 0.0 0.0 0.0 0.0 0.0 0.0 0.0 0.0 0.0 0.0 0.0 
4092 4.044 0.00033289873768144087 0.0 0.0 0.00033289873768144087 0.0 0.0 0.0 0.0 0.0 0.0 0.0 0.0 0.0 0.0 0.0 0.0 0.0 0.0 0.0 0.0 0.0 
4093 4.045 0.00033300471804542875 0.0 0.0 0.00033300471804542875 0.0 0.0 0.0 0.0 0.0 0.0 0.0 0.0 0.0 0.0 0.0 0.0 0.0 0.0 0.0 0.0 0.0 
4094 4.046 0.0003331105349218555 0.0 0.0 0.0003331105349218555 0.0 0.0 0.0 0.0 0.0 0.0 0.0 0.0 0.0 0.0 0.0 0.0 0.0 0.0 0.0 0.0 0.0 
4095 4.047 0.00033321618799760663 0.0 0.0 0.00033321618799760663 0.0 0.0 0.0 0.0 0.0 0.0 0.0 0.0 0.0 0.0 0.0 0.0 0.0 0.0 0.0 0.0 0.0 
4096 4.048 0.00033332167695948936 0.0 0.0 0.00033332167695948936 0.0 0.0 0.0 0.0 0.0 0.0 0.0 0.0 0.0 0.0 0.0 0.0 0.0 0.0 0.0 0.0 0.0 
4097 4.049 0.0003334270014942339 0.0 0.0 0.0003334270014942339 0.0 0.0 0.0 0.0 0.0 0.0 0.0 0.0 0.0 0.0 0.0 0.0 0.0 0.0 0.0 0.0 0.0 
4098 4.05 0.000333532161288494 0.0 0.0 0.000333532161288494 0.0 0.0 0.0 0.0 0.0 0.0 0.0 0.0 0.0 0.0 0.0 0.0 0.0 0.0 0.0 0.0 0.0 
4099 4.051 0.00033363715602884795 0.0 0.0 0.00033363715602884795 0.0 0.0 0.0 0.0 0.0 0.0 0.0 0.0 0.0 0.0 0.0 0.0 0.0 0.0 0.0 0.0 0.0 
4100 4.052 0.00033374198540179855 0.0 0.0 0.00033374198540179855 0.0 0.0 0.0 0.0 0.0 0.0 0.0 0.0 0.0 0.0 0.0 0.0 0.0 0.0 0.0 0.0 0.0 
4101 4.053 0.00033384664909377515 0.0 0.0 0.00033384664909377515 0.0 0.0 0.0 0.0 0.0 0.0 0.0 0.0 0.0 0.0 0.0 0.0 0.0 0.0 0.0 0.0 0.0 
4102 4.054 0.000333951146791133 0.0 0.0 0.000333951146791133 0.0 0.0 0.0 0.0 0.0 0.0 0.0 0.0 0.0 0.0 0.0 0.0 0.0 0.0 0.0 0.0 0.0 
4103 4.055 0.00033405547818015534 0.0 0.0 0.00033405547818015534 0.0 0.0 0.0 0.0 0.0 0.0 0.0 0.0 0.0 0.0 0.0 0.0 0.0 0.0 0.0 0.0 0.0 
4104 4.056 0.0003341596429470531 0.0 0.0 0.0003341596429470531 0.0 0.0 0.0 0.0 0.0 0.0 0.0 0.0 0.0 0.0 0.0 0.0 0.0 0.0 0.0 0.0 0.0 
4105 4.056 0.0003342636407779662 0.0 0.0 0.0003342636407779662 0.0 0.0 0.0 0.0 0.0 0.0 0.0 0.0 0.0 0.0 0.0 0.0 0.0 0.0 0.0 0.0 0.0 
4106 4.057 0.00033436747135896403 0.0 0.0 0.00033436747135896403 0.0 0.0 0.0 0.0 0.0 0.0 0.0 0.0 0.0 0.0 0.0 0.0 0.0 0.0 0.0 0.0 0.0 
4107 4.058 0.0003344711343760466 0.0 0.0 0.0003344711343760466 0.0 0.0 0.0 0.0 0.0 0.0 0.0 0.0 0.0 0.0 0.0 0.0 0.0 0.0 0.0 0.0 0.0 
4108 4.059 0.0003345746295151453 0.0 0.0 0.0003345746295151453 0.0 0.0 0.0 0.0 0.0 0.0 0.0 0.0 0.0 0.0 0.0 0.0 0.0 0.0 0.0 0.0 0.0 
4109 4.06 0.00033467795646212274 0.0 0.0 0.00033467795646212274 0.0 0.0 0.0 0.0 0.0 0.0 0.0 0.0 0.0 0.0 0.0 0.0 0.0 0.0 0.0 0.0 0.0 
4110 4.061 0.0003347811149027748 0.0 0.0 0.0003347811149027748 0.0 0.0 0.0 0.0 0.0 0.0 0.0 0.0 0.0 0.0 0.0 0.0 0.0 0.0 0.0 0.0 0.0 
4111 4.062 0.0003348841045228309 0.0 0.0 0.0003348841045228309 0.0 0.0 0.0 0.0 0.0 0.0 0.0 0.0 0.0 0.0 0.0 0.0 0.0 0.0 0.0 0.0 0.0 
4112 4.063 0.00033498692500795436 0.0 0.0 0.00033498692500795436 0.0 0.0 0.0 0.0 0.0 0.0 0.0 0.0 0.0 0.0 0.0 0.0 0.0 0.0 0.0 0.0 0.0 
4113 4.064 0.00033508957604374385 0.0 0.0 0.00033508957604374385 0.0 0.0 0.0 0.0 0.0 0.0 0.0 0.0 0.0 0.0 0.0 0.0 0.0 0.0 0.0 0.0 0.0 
4114 4.065 0.00033519205731573343 0.0 0.0 0.00033519205731573343 0.0 0.0 0.0 0.0 0.0 0.0 0.0 0.0 0.0 0.0 0.0 0.0 0.0 0.0 0.0 0.0 0.0 
4115 4.066 0.0003352943685093943 0.0 0.0 0.0003352943685093943 0.0 0.0 0.0 0.0 0.0 0.0 0.0 0.0 0.0 0.0 0.0 0.0 0.0 0.0 0.0 0.0 0.0 
4116 4.067 0.00033539650931013466 0.0 0.0 0.00033539650931013466 0.0 0.0 0.0 0.0 0.0 0.0 0.0 0.0 0.0 0.0 0.0 0.0 0.0 0.0 0.0 0.0 0.0 
4117 4.068 0.00033549847940330096 0.0 0.0 0.00033549847940330096 0.0 0.0 0.0 0.0 0.0 0.0 0.0 0.0 0.0 0.0 0.0 0.0 0.0 0.0 0.0 0.0 0.0 
4118 4.069 0.00033560027847417853 0.0 0.0 0.00033560027847417853 0.0 0.0 0.0 0.0 0.0 0.0 0.0 0.0 0.0 0.0 0.0 0.0 0.0 0.0 0.0 0.0 0.0 
4119 4.07 0.0003357019062079926 0.0 0.0 0.0003357019062079926 0.0 0.0 0.0 0.0 0.0 0.0 0.0 0.0 0.0 0.0 0.0 0.0 0.0 0.0 0.0 0.0 0.0 
4120 4.071 0.0003358033622899087 0.0 0.0 0.0003358033622899087 0.0 0.0 0.0 0.0 0.0 0.0 0.0 0.0 0.0 0.0 0.0 0.0 0.0 0.0 0.0 0.0 0.0 
4121 4.072 0.0003359046464050341 0.0 0.0 0.0003359046464050341 0.0 0.0 0.0 0.0 0.0 0.0 0.0 0.0 0.0 0.0 0.0 0.0 0.0 0.0 0.0 0.0 0.0 
4122 4.073 0.0003360057582384176 0.0 0.0 0.0003360057582384176 0.0 0.0 0.0 0.0 0.0 0.0 0.0 0.0 0.0 0.0 0.0 0.0 0.0 0.0 0.0 0.0 0.0 
4123 4.074 0.0003361066974750512 0.0 0.0 0.0003361066974750512 0.0 0.0 0.0 0.0 0.0 0.0 0.0 0.0 0.0 0.0 0.0 0.0 0.0 0.0 0.0 0.0 0.0 
4124 4.075 0.0003362074637998706 0.0 0.0 0.0003362074637998706 0.0 0.0 0.0 0.0 0.0 0.0 0.0 0.0 0.0 0.0 0.0 0.0 0.0 0.0 0.0 0.0 0.0 
4125 4.076 0.0003363080568977561 0.0 0.0 0.0003363080568977561 0.0 0.0 0.0 0.0 0.0 0.0 0.0 0.0 0.0 0.0 0.0 0.0 0.0 0.0 0.0 0.0 0.0 
4126 4.077 0.00033640847645353294 0.0 0.0 0.00033640847645353294 0.0 0.0 0.0 0.0 0.0 0.0 0.0 0.0 0.0 0.0 0.0 0.0 0.0 0.0 0.0 0.0 0.0 
4127 4.078 0.0003365087221519729 0.0 0.0 0.0003365087221519729 0.0 0.0 0.0 0.0 0.0 0.0 0.0 0.0 0.0 0.0 0.0 0.0 0.0 0.0 0.0 0.0 0.0 
4128 4.079 0.00033660879367779434 0.0 0.0 0.00033660879367779434 0.0 0.0 0.0 0.0 0.0 0.0 0.0 0.0 0.0 0.0 0.0 0.0 0.0 0.0 0.0 0.0 0.0 
4129 4.08 0.00033670869071566334 0.0 0.0 0.00033670869071566334 0.0 0.0 0.0 0.0 0.0 0.0 0.0 0.0 0.0 0.0 0.0 0.0 0.0 0.0 0.0 0.0 0.0 
4130 4.081 0.00033680841295019484 0.0 0.0 0.00033680841295019484 0.0 0.0 0.0 0.0 0.0 0.0 0.0 0.0 0.0 0.0 0.0 0.0 0.0 0.0 0.0 0.0 0.0 
4131 4.082 0.0003369079600659527 0.0 0.0 0.0003369079600659527 0.0 0.0 0.0 0.0 0.0 0.0 0.0 0.0 0.0 0.0 0.0 0.0 0.0 0.0 0.0 0.0 0.0 
4132 4.083 0.000337007331747451 0.0 0.0 0.000337007331747451 0.0 0.0 0.0 0.0 0.0 0.0 0.0 0.0 0.0 0.0 0.0 0.0 0.0 0.0 0.0 0.0 0.0 
4133 4.084 0.0003371065276791551 0.0 0.0 0.0003371065276791551 0.0 0.0 0.0 0.0 0.0 0.0 0.0 0.0 0.0 0.0 0.0 0.0 0.0 0.0 0.0 0.0 0.0 
4134 4.085 0.0003372055475454817 0.0 0.0 0.0003372055475454817 0.0 0.0 0.0 0.0 0.0 0.0 0.0 0.0 0.0 0.0 0.0 0.0 0.0 0.0 0.0 0.0 0.0 
4135 4.086 0.00033730439103080026 0.0 0.0 0.00033730439103080026 0.0 0.0 0.0 0.0 0.0 0.0 0.0 0.0 0.0 0.0 0.0 0.0 0.0 0.0 0.0 0.0 0.0 
4136 4.087 0.0003374030578194337 0.0 0.0 0.0003374030578194337 0.0 0.0 0.0 0.0 0.0 0.0 0.0 0.0 0.0 0.0 0.0 0.0 0.0 0.0 0.0 0.0 0.0 
4137 4.088 0.00033750154759565906 0.0 0.0 0.00033750154759565906 0.0 0.0 0.0 0.0 0.0 0.0 0.0 0.0 0.0 0.0 0.0 0.0 0.0 0.0 0.0 0.0 0.0 
4138 4.089 0.0003375998600437085 0.0 0.0 0.0003375998600437085 0.0 0.0 0.0 0.0 0.0 0.0 0.0 0.0 0.0 0.0 0.0 0.0 0.0 0.0 0.0 0.0 0.0 
4139 4.09 0.0003376979948477701 0.0 0.0 0.0003376979948477701 0.0 0.0 0.0 0.0 0.0 0.0 0.0 0.0 0.0 0.0 0.0 0.0 0.0 0.0 0.0 0.0 0.0 
4140 4.091 0.00033779595169198845 0.0 0.0 0.00033779595169198845 0.0 0.0 0.0 0.0 0.0 0.0 0.0 0.0 0.0 0.0 0.0 0.0 0.0 0.0 0.0 0.0 0.0 
4141 4.092 0.0003378937302604658 0.0 0.0 0.0003378937302604658 0.0 0.0 0.0 0.0 0.0 0.0 0.0 0.0 0.0 0.0 0.0 0.0 0.0 0.0 0.0 0.0 0.0 
4142 4.093 0.0003379913302372627 0.0 0.0 0.0003379913302372627 0.0 0.0 0.0 0.0 0.0 0.0 0.0 0.0 0.0 0.0 0.0 0.0 0.0 0.0 0.0 0.0 0.0 
4143 4.094 0.0003380887513063989 0.0 0.0 0.0003380887513063989 0.0 0.0 0.0 0.0 0.0 0.0 0.0 0.0 0.0 0.0 0.0 0.0 0.0 0.0 0.0 0.0 0.0 
4144 4.095 0.00033818599315185434 0.0 0.0 0.00033818599315185434 0.0 0.0 0.0 0.0 0.0 0.0 0.0 0.0 0.0 0.0 0.0 0.0 0.0 0.0 0.0 0.0 0.0 
4145 4.096 0.00033828305545756946 0.0 0.0 0.00033828305545756946 0.0 0.0 0.0 0.0 0.0 0.0 0.0 0.0 0.0 0.0 0.0 0.0 0.0 0.0 0.0 0.0 0.0 
4146 4.097 0.00033837993790744657 0.0 0.0 0.00033837993790744657 0.0 0.0 0.0 0.0 0.0 0.0 0.0 0.0 0.0 0.0 0.0 0.0 0.0 0.0 0.0 0.0 0.0 
4147 4.098 0.00033847664018535074 0.0 0.0 0.00033847664018535074 0.0 0.0 0.0 0.0 0.0 0.0 0.0 0.0 0.0 0.0 0.0 0.0 0.0 0.0 0.0 0.0 0.0 
4148 4.099 0.0003385731619751099 0.0 0.0 0.0003385731619751099 0.0 0.0 0.0 0.0 0.0 0.0 0.0 0.0 0.0 0.0 0.0 0.0 0.0 0.0 0.0 0.0 0.0 
4149 4.1 0.000338669502960517 0.0 0.0 0.000338669502960517 0.0 0.0 0.0 0.0 0.0 0.0 0.0 0.0 0.0 0.0 0.0 0.0 0.0 0.0 0.0 0.0 0.0 
4150 4.101 0.00033876566282532884 0.0 0.0 0.00033876566282532884 0.0 0.0 0.0 0.0 0.0 0.0 0.0 0.0 0.0 0.0 0.0 0.0 0.0 0.0 0.0 0.0 0.0 
4151 4.102 0.00033886164125326927 0.0 0.0 0.00033886164125326927 0.0 0.0 0.0 0.0 0.0 0.0 0.0 0.0 0.0 0.0 0.0 0.0 0.0 0.0 0.0 0.0 0.0 
4152 4.103 0.0003389574379280284 0.0 0.0 0.0003389574379280284 0.0 0.0 0.0 0.0 0.0 0.0 0.0 0.0 0.0 0.0 0.0 0.0 0.0 0.0 0.0 0.0 0.0 
4153 4.104 0.00033905305253326395 0.0 0.0 0.00033905305253326395 0.0 0.0 0.0 0.0 0.0 0.0 0.0 0.0 0.0 0.0 0.0 0.0 0.0 0.0 0.0 0.0 0.0 
4154 4.105 0.0003391484847526021 0.0 0.0 0.0003391484847526021 0.0 0.0 0.0 0.0 0.0 0.0 0.0 0.0 0.0 0.0 0.0 0.0 0.0 0.0 0.0 0.0 0.0 
4155 4.106 0.0003392437342696384 0.0 0.0 0.0003392437342696384 0.0 0.0 0.0 0.0 0.0 0.0 0.0 0.0 0.0 0.0 0.0 0.0 0.0 0.0 0.0 0.0 0.0 
4156 4.107 0.0003393388007679386 0.0 0.0 0.0003393388007679386 0.0 0.0 0.0 0.0 0.0 0.0 0.0 0.0 0.0 0.0 0.0 0.0 0.0 0.0 0.0 0.0 0.0 
4157 4.108 0.0003394336839310393 0.0 0.0 0.0003394336839310393 0.0 0.0 0.0 0.0 0.0 0.0 0.0 0.0 0.0 0.0 0.0 0.0 0.0 0.0 0.0 0.0 0.0 
4158 4.109 0.00033952838344244914 0.0 0.0 0.00033952838344244914 0.0 0.0 0.0 0.0 0.0 0.0 0.0 0.0 0.0 0.0 0.0 0.0 0.0 0.0 0.0 0.0 0.0 
4159 4.11 0.0003396228989856495 0.0 0.0 0.0003396228989856495 0.0 0.0 0.0 0.0 0.0 0.0 0.0 0.0 0.0 0.0 0.0 0.0 0.0 0.0 0.0 0.0 0.0 
4160 4.111 0.0003397172302440953 0.0 0.0 0.0003397172302440953 0.0 0.0 0.0 0.0 0.0 0.0 0.0 0.0 0.0 0.0 0.0 0.0 0.0 0.0 0.0 0.0 0.0 
4161 4.112 0.00033981137690121594 0.0 0.0 0.00033981137690121594 0.0 0.0 0.0 0.0 0.0 0.0 0.0 0.0 0.0 0.0 0.0 0.0 0.0 0.0 0.0 0.0 0.0 
4162 4.113 0.0003399053386404161 0.0 0.0 0.0003399053386404161 0.0 0.0 0.0 0.0 0.0 0.0 0.0 0.0 0.0 0.0 0.0 0.0 0.0 0.0 0.0 0.0 0.0 
4163 4.114 0.00033999911514507697 0.0 0.0 0.00033999911514507697 0.0 0.0 0.0 0.0 0.0 0.0 0.0 0.0 0.0 0.0 0.0 0.0 0.0 0.0 0.0 0.0 0.0 
4164 4.115 0.0003400927060985563 0.0 0.0 0.0003400927060985563 0.0 0.0 0.0 0.0 0.0 0.0 0.0 0.0 0.0 0.0 0.0 0.0 0.0 0.0 0.0 0.0 0.0 
4165 4.116 0.00034018611118419024 0.0 0.0 0.00034018611118419024 0.0 0.0 0.0 0.0 0.0 0.0 0.0 0.0 0.0 0.0 0.0 0.0 0.0 0.0 0.0 0.0 0.0 
4166 4.117 0.0003402793300852936 0.0 0.0 0.0003402793300852936 0.0 0.0 0.0 0.0 0.0 0.0 0.0 0.0 0.0 0.0 0.0 0.0 0.0 0.0 0.0 0.0 0.0 
4167 4.118 0.0003403723624851609 0.0 0.0 0.0003403723624851609 0.0 0.0 0.0 0.0 0.0 0.0 0.0 0.0 0.0 0.0 0.0 0.0 0.0 0.0 0.0 0.0 0.0 
4168 4.119 0.000340465208067067 0.0 0.0 0.000340465208067067 0.0 0.0 0.0 0.0 0.0 0.0 0.0 0.0 0.0 0.0 0.0 0.0 0.0 0.0 0.0 0.0 0.0 
4169 4.12 0.0003405578665142689 0.0 0.0 0.0003405578665142689 0.0 0.0 0.0 0.0 0.0 0.0 0.0 0.0 0.0 0.0 0.0 0.0 0.0 0.0 0.0 0.0 0.0 
4170 4.121 0.000340650337510005 0.0 0.0 0.000340650337510005 0.0 0.0 0.0 0.0 0.0 0.0 0.0 0.0 0.0 0.0 0.0 0.0 0.0 0.0 0.0 0.0 0.0 
4171 4.122 0.00034074262073749764 0.0 0.0 0.00034074262073749764 0.0 0.0 0.0 0.0 0.0 0.0 0.0 0.0 0.0 0.0 0.0 0.0 0.0 0.0 0.0 0.0 0.0 
4172 4.123 0.00034083471587995306 0.0 0.0 0.00034083471587995306 0.0 0.0 0.0 0.0 0.0 0.0 0.0 0.0 0.0 0.0 0.0 0.0 0.0 0.0 0.0 0.0 0.0 
4173 4.124 0.0003409266226205624 0.0 0.0 0.0003409266226205624 0.0 0.0 0.0 0.0 0.0 0.0 0.0 0.0 0.0 0.0 0.0 0.0 0.0 0.0 0.0 0.0 0.0 
4174 4.125 0.00034101834064250276 0.0 0.0 0.00034101834064250276 0.0 0.0 0.0 0.0 0.0 0.0 0.0 0.0 0.0 0.0 0.0 0.0 0.0 0.0 0.0 0.0 0.0 
4175 4.126 0.00034110986962893806 0.0 0.0 0.00034110986962893806 0.0 0.0 0.0 0.0 0.0 0.0 0.0 0.0 0.0 0.0 0.0 0.0 0.0 0.0 0.0 0.0 0.0 
4176 4.127 0.0003412012092630198 0.0 0.0 0.0003412012092630198 0.0 0.0 0.0 0.0 0.0 0.0 0.0 0.0 0.0 0.0 0.0 0.0 0.0 0.0 0.0 0.0 0.0 
4177 4.128 0.00034129235922788803 0.0 0.0 0.00034129235922788803 0.0 0.0 0.0 0.0 0.0 0.0 0.0 0.0 0.0 0.0 0.0 0.0 0.0 0.0 0.0 0.0 0.0 
4178 4.129 0.00034138331920667244 0.0 0.0 0.00034138331920667244 0.0 0.0 0.0 0.0 0.0 0.0 0.0 0.0 0.0 0.0 0.0 0.0 0.0 0.0 0.0 0.0 0.0 
4179 4.13 0.0003414740888824929 0.0 0.0 0.0003414740888824929 0.0 0.0 0.0 0.0 0.0 0.0 0.0 0.0 0.0 0.0 0.0 0.0 0.0 0.0 0.0 0.0 0.0 
4180 4.131 0.00034156466793846055 0.0 0.0 0.00034156466793846055 0.0 0.0 0.0 0.0 0.0 0.0 0.0 0.0 0.0 0.0 0.0 0.0 0.0 0.0 0.0 0.0 0.0 
4181 4.132 0.00034165505605767885 0.0 0.0 0.00034165505605767885 0.0 0.0 0.0 0.0 0.0 0.0 0.0 0.0 0.0 0.0 0.0 0.0 0.0 0.0 0.0 0.0 0.0 
4182 4.133 0.000341745252923244 0.0 0.0 0.000341745252923244 0.0 0.0 0.0 0.0 0.0 0.0 0.0 0.0 0.0 0.0 0.0 0.0 0.0 0.0 0.0 0.0 0.0 
4183 4.134 0.0003418352582182465 0.0 0.0 0.0003418352582182465 0.0 0.0 0.0 0.0 0.0 0.0 0.0 0.0 0.0 0.0 0.0 0.0 0.0 0.0 0.0 0.0 0.0 
4184 4.135 0.0003419250716257716 0.0 0.0 0.0003419250716257716 0.0 0.0 0.0 0.0 0.0 0.0 0.0 0.0 0.0 0.0 0.0 0.0 0.0 0.0 0.0 0.0 0.0 
4185 4.136 0.00034201469282890034 0.0 0.0 0.00034201469282890034 0.0 0.0 0.0 0.0 0.0 0.0 0.0 0.0 0.0 0.0 0.0 0.0 0.0 0.0 0.0 0.0 0.0 
4186 4.137 0.0003421041215107105 0.0 0.0 0.0003421041215107105 0.0 0.0 0.0 0.0 0.0 0.0 0.0 0.0 0.0 0.0 0.0 0.0 0.0 0.0 0.0 0.0 0.0 
4187 4.138 0.00034219335735427743 0.0 0.0 0.00034219335735427743 0.0 0.0 0.0 0.0 0.0 0.0 0.0 0.0 0.0 0.0 0.0 0.0 0.0 0.0 0.0 0.0 0.0 
4188 4.139 0.00034228240004267494 0.0 0.0 0.00034228240004267494 0.0 0.0 0.0 0.0 0.0 0.0 0.0 0.0 0.0 0.0 0.0 0.0 0.0 0.0 0.0 0.0 0.0 
4189 4.14 0.00034237124925897637 0.0 0.0 0.00034237124925897637 0.0 0.0 0.0 0.0 0.0 0.0 0.0 0.0 0.0 0.0 0.0 0.0 0.0 0.0 0.0 0.0 0.0 
4190 4.14 0.0003424599046862556 0.0 0.0 0.0003424599046862556 0.0 0.0 0.0 0.0 0.0 0.0 0.0 0.0 0.0 0.0 0.0 0.0 0.0 0.0 0.0 0.0 0.0 
4191 4.141 0.00034254836600758733 0.0 0.0 0.00034254836600758733 0.0 0.0 0.0 0.0 0.0 0.0 0.0 0.0 0.0 0.0 0.0 0.0 0.0 0.0 0.0 0.0 0.0 
4192 4.142 0.00034263663290604897 0.0 0.0 0.00034263663290604897 0.0 0.0 0.0 0.0 0.0 0.0 0.0 0.0 0.0 0.0 0.0 0.0 0.0 0.0 0.0 0.0 0.0 
4193 4.143 0.0003427247050647207 0.0 0.0 0.0003427247050647207 0.0 0.0 0.0 0.0 0.0 0.0 0.0 0.0 0.0 0.0 0.0 0.0 0.0 0.0 0.0 0.0 0.0 
4194 4.144 0.0003428125821666872 0.0 0.0 0.0003428125821666872 0.0 0.0 0.0 0.0 0.0 0.0 0.0 0.0 0.0 0.0 0.0 0.0 0.0 0.0 0.0 0.0 0.0 
4195 4.145 0.00034290026389503754 0.0 0.0 0.00034290026389503754 0.0 0.0 0.0 0.0 0.0 0.0 0.0 0.0 0.0 0.0 0.0 0.0 0.0 0.0 0.0 0.0 0.0 
4196 4.146 0.000342987749932867 0.0 0.0 0.000342987749932867 0.0 0.0 0.0 0.0 0.0 0.0 0.0 0.0 0.0 0.0 0.0 0.0 0.0 0.0 0.0 0.0 0.0 
4197 4.147 0.0003430750399632779 0.0 0.0 0.0003430750399632779 0.0 0.0 0.0 0.0 0.0 0.0 0.0 0.0 0.0 0.0 0.0 0.0 0.0 0.0 0.0 0.0 0.0 
4198 4.148 0.0003431621336693801 0.0 0.0 0.0003431621336693801 0.0 0.0 0.0 0.0 0.0 0.0 0.0 0.0 0.0 0.0 0.0 0.0 0.0 0.0 0.0 0.0 0.0 
4199 4.149 0.0003432490307342922 0.0 0.0 0.0003432490307342922 0.0 0.0 0.0 0.0 0.0 0.0 0.0 0.0 0.0 0.0 0.0 0.0 0.0 0.0 0.0 0.0 0.0 
4200 4.15 0.0003433357308411426 0.0 0.0 0.0003433357308411426 0.0 0.0 0.0 0.0 0.0 0.0 0.0 0.0 0.0 0.0 0.0 0.0 0.0 0.0 0.0 0.0 0.0 
4201 4.151 0.00034342223367307017 0.0 0.0 0.00034342223367307017 0.0 0.0 0.0 0.0 0.0 0.0 0.0 0.0 0.0 0.0 0.0 0.0 0.0 0.0 0.0 0.0 0.0 
4202 4.152 0.00034350853891322537 0.0 0.0 0.00034350853891322537 0.0 0.0 0.0 0.0 0.0 0.0 0.0 0.0 0.0 0.0 0.0 0.0 0.0 0.0 0.0 0.0 0.0 
4203 4.153 0.00034359464624477115 0.0 0.0 0.00034359464624477115 0.0 0.0 0.0 0.0 0.0 0.0 0.0 0.0 0.0 0.0 0.0 0.0 0.0 0.0 0.0 0.0 0.0 
4204 4.154 0.0003436805553508839 0.0 0.0 0.0003436805553508839 0.0 0.0 0.0 0.0 0.0 0.0 0.0 0.0 0.0 0.0 0.0 0.0 0.0 0.0 0.0 0.0 0.0 
4205 4.155 0.0003437662659147542 0.0 0.0 0.0003437662659147542 0.0 0.0 0.0 0.0 0.0 0.0 0.0 0.0 0.0 0.0 0.0 0.0 0.0 0.0 0.0 0.0 0.0 
4206 4.156 0.00034385177761958824 0.0 0.0 0.00034385177761958824 0.0 0.0 0.0 0.0 0.0 0.0 0.0 0.0 0.0 0.0 0.0 0.0 0.0 0.0 0.0 0.0 0.0 
4207 4.157 0.0003439370901486083 0.0 0.0 0.0003439370901486083 0.0 0.0 0.0 0.0 0.0 0.0 0.0 0.0 0.0 0.0 0.0 0.0 0.0 0.0 0.0 0.0 0.0 
4208 4.158 0.0003440222031850541 0.0 0.0 0.0003440222031850541 0.0 0.0 0.0 0.0 0.0 0.0 0.0 0.0 0.0 0.0 0.0 0.0 0.0 0.0 0.0 0.0 0.0 
4209 4.159 0.0003441071164121833 0.0 0.0 0.0003441071164121833 0.0 0.0 0.0 0.0 0.0 0.0 0.0 0.0 0.0 0.0 0.0 0.0 0.0 0.0 0.0 0.0 0.0 
4210 4.16 0.0003441918295132726 0.0 0.0 0.0003441918295132726 0.0 0.0 0.0 0.0 0.0 0.0 0.0 0.0 0.0 0.0 0.0 0.0 0.0 0.0 0.0 0.0 0.0 
4211 4.161 0.0003442763421716193 0.0 0.0 0.0003442763421716193 0.0 0.0 0.0 0.0 0.0 0.0 0.0 0.0 0.0 0.0 0.0 0.0 0.0 0.0 0.0 0.0 0.0 
4212 4.162 0.00034436065407054126 0.0 0.0 0.00034436065407054126 0.0 0.0 0.0 0.0 0.0 0.0 0.0 0.0 0.0 0.0 0.0 0.0 0.0 0.0 0.0 0.0 0.0 
4213 4.163 0.0003444447648933785 0.0 0.0 0.0003444447648933785 0.0 0.0 0.0 0.0 0.0 0.0 0.0 0.0 0.0 0.0 0.0 0.0 0.0 0.0 0.0 0.0 0.0 
4214 4.164 0.00034452867432349443 0.0 0.0 0.00034452867432349443 0.0 0.0 0.0 0.0 0.0 0.0 0.0 0.0 0.0 0.0 0.0 0.0 0.0 0.0 0.0 0.0 0.0 
4215 4.165 0.00034461238204427566 0.0 0.0 0.00034461238204427566 0.0 0.0 0.0 0.0 0.0 0.0 0.0 0.0 0.0 0.0 0.0 0.0 0.0 0.0 0.0 0.0 0.0 
4216 4.166 0.0003446958877391343 0.0 0.0 0.0003446958877391343 0.0 0.0 0.0 0.0 0.0 0.0 0.0 0.0 0.0 0.0 0.0 0.0 0.0 0.0 0.0 0.0 0.0 
4217 4.167 0.0003447791910915082 0.0 0.0 0.0003447791910915082 0.0 0.0 0.0 0.0 0.0 0.0 0.0 0.0 0.0 0.0 0.0 0.0 0.0 0.0 0.0 0.0 0.0 
4218 4.168 0.0003448622917848619 0.0 0.0 0.0003448622917848619 0.0 0.0 0.0 0.0 0.0 0.0 0.0 0.0 0.0 0.0 0.0 0.0 0.0 0.0 0.0 0.0 0.0 
4219 4.169 0.00034494518950268816 0.0 0.0 0.00034494518950268816 0.0 0.0 0.0 0.0 0.0 0.0 0.0 0.0 0.0 0.0 0.0 0.0 0.0 0.0 0.0 0.0 0.0 
4220 4.17 0.00034502788392850795 0.0 0.0 0.00034502788392850795 0.0 0.0 0.0 0.0 0.0 0.0 0.0 0.0 0.0 0.0 0.0 0.0 0.0 0.0 0.0 0.0 0.0 
4221 4.171 0.0003451103747458726 0.0 0.0 0.0003451103747458726 0.0 0.0 0.0 0.0 0.0 0.0 0.0 0.0 0.0 0.0 0.0 0.0 0.0 0.0 0.0 0.0 0.0 
4222 4.172 0.0003451926616383642 0.0 0.0 0.0003451926616383642 0.0 0.0 0.0 0.0 0.0 0.0 0.0 0.0 0.0 0.0 0.0 0.0 0.0 0.0 0.0 0.0 0.0 
4223 4.173 0.00034527474428959595 0.0 0.0 0.00034527474428959595 0.0 0.0 0.0 0.0 0.0 0.0 0.0 0.0 0.0 0.0 0.0 0.0 0.0 0.0 0.0 0.0 0.0 
4224 4.174 0.00034535662238321447 0.0 0.0 0.00034535662238321447 0.0 0.0 0.0 0.0 0.0 0.0 0.0 0.0 0.0 0.0 0.0 0.0 0.0 0.0 0.0 0.0 0.0 
4225 4.175 0.0003454382956028997 0.0 0.0 0.0003454382956028997 0.0 0.0 0.0 0.0 0.0 0.0 0.0 0.0 0.0 0.0 0.0 0.0 0.0 0.0 0.0 0.0 0.0 
4226 4.176 0.00034551976363236657 0.0 0.0 0.00034551976363236657 0.0 0.0 0.0 0.0 0.0 0.0 0.0 0.0 0.0 0.0 0.0 0.0 0.0 0.0 0.0 0.0 0.0 
4227 4.177 0.00034560102615536543 0.0 0.0 0.00034560102615536543 0.0 0.0 0.0 0.0 0.0 0.0 0.0 0.0 0.0 0.0 0.0 0.0 0.0 0.0 0.0 0.0 0.0 
4228 4.178 0.00034568208285568357 0.0 0.0 0.00034568208285568357 0.0 0.0 0.0 0.0 0.0 0.0 0.0 0.0 0.0 0.0 0.0 0.0 0.0 0.0 0.0 0.0 0.0 
4229 4.179 0.0003457629334171457 0.0 0.0 0.0003457629334171457 0.0 0.0 0.0 0.0 0.0 0.0 0.0 0.0 0.0 0.0 0.0 0.0 0.0 0.0 0.0 0.0 0.0 
4230 4.18 0.0003458435775236152 0.0 0.0 0.0003458435775236152 0.0 0.0 0.0 0.0 0.0 0.0 0.0 0.0 0.0 0.0 0.0 0.0 0.0 0.0 0.0 0.0 0.0 
4231 4.181 0.0003459240148589954 0.0 0.0 0.0003459240148589954 0.0 0.0 0.0 0.0 0.0 0.0 0.0 0.0 0.0 0.0 0.0 0.0 0.0 0.0 0.0 0.0 0.0 
4232 4.182 0.00034600424510723016 0.0 0.0 0.00034600424510723016 0.0 0.0 0.0 0.0 0.0 0.0 0.0 0.0 0.0 0.0 0.0 0.0 0.0 0.0 0.0 0.0 0.0 
4233 4.183 0.0003460842679523048 0.0 0.0 0.0003460842679523048 0.0 0.0 0.0 0.0 0.0 0.0 0.0 0.0 0.0 0.0 0.0 0.0 0.0 0.0 0.0 0.0 0.0 
4234 4.184 0.00034616408307824756 0.0 0.0 0.00034616408307824756 0.0 0.0 0.0 0.0 0.0 0.0 0.0 0.0 0.0 0.0 0.0 0.0 0.0 0.0 0.0 0.0 0.0 
4235 4.185 0.0003462436901691303 0.0 0.0 0.0003462436901691303 0.0 0.0 0.0 0.0 0.0 0.0 0.0 0.0 0.0 0.0 0.0 0.0 0.0 0.0 0.0 0.0 0.0 
4236 4.186 0.00034632308890906934 0.0 0.0 0.00034632308890906934 0.0 0.0 0.0 0.0 0.0 0.0 0.0 0.0 0.0 0.0 0.0 0.0 0.0 0.0 0.0 0.0 0.0 
4237 4.187 0.00034640227898222707 0.0 0.0 0.00034640227898222707 0.0 0.0 0.0 0.0 0.0 0.0 0.0 0.0 0.0 0.0 0.0 0.0 0.0 0.0 0.0 0.0 0.0 
4238 4.188 0.00034648126007281224 0.0 0.0 0.00034648126007281224 0.0 0.0 0.0 0.0 0.0 0.0 0.0 0.0 0.0 0.0 0.0 0.0 0.0 0.0 0.0 0.0 0.0 
4239 4.189 0.00034656003186508136 0.0 0.0 0.00034656003186508136 0.0 0.0 0.0 0.0 0.0 0.0 0.0 0.0 0.0 0.0 0.0 0.0 0.0 0.0 0.0 0.0 0.0 
4240 4.19 0.0003466385940433398 0.0 0.0 0.0003466385940433398 0.0 0.0 0.0 0.0 0.0 0.0 0.0 0.0 0.0 0.0 0.0 0.0 0.0 0.0 0.0 0.0 0.0 
4241 4.191 0.00034671694629194254 0.0 0.0 0.00034671694629194254 0.0 0.0 0.0 0.0 0.0 0.0 0.0 0.0 0.0 0.0 0.0 0.0 0.0 0.0 0.0 0.0 0.0 
4242 4.192 0.0003467950882952954 0.0 0.0 0.0003467950882952954 0.0 0.0 0.0 0.0 0.0 0.0 0.0 0.0 0.0 0.0 0.0 0.0 0.0 0.0 0.0 0.0 0.0 
4243 4.193 0.0003468730197378558 0.0 0.0 0.0003468730197378558 0.0 0.0 0.0 0.0 0.0 0.0 0.0 0.0 0.0 0.0 0.0 0.0 0.0 0.0 0.0 0.0 0.0 
4244 4.194 0.000346950740304134 0.0 0.0 0.000346950740304134 0.0 0.0 0.0 0.0 0.0 0.0 0.0 0.0 0.0 0.0 0.0 0.0 0.0 0.0 0.0 0.0 0.0 
4245 4.195 0.0003470282496786945 0.0 0.0 0.0003470282496786945 0.0 0.0 0.0 0.0 0.0 0.0 0.0 0.0 0.0 0.0 0.0 0.0 0.0 0.0 0.0 0.0 0.0 
4246 4.196 0.0003471055475461557 0.0 0.0 0.0003471055475461557 0.0 0.0 0.0 0.0 0.0 0.0 0.0 0.0 0.0 0.0 0.0 0.0 0.0 0.0 0.0 0.0 0.0 
4247 4.197 0.0003471826335911929 0.0 0.0 0.0003471826335911929 0.0 0.0 0.0 0.0 0.0 0.0 0.0 0.0 0.0 0.0 0.0 0.0 0.0 0.0 0.0 0.0 0.0 
4248 4.198 0.0003472595074985374 0.0 0.0 0.0003472595074985374 0.0 0.0 0.0 0.0 0.0 0.0 0.0 0.0 0.0 0.0 0.0 0.0 0.0 0.0 0.0 0.0 0.0 
4249 4.199 0.0003473361689529791 0.0 0.0 0.0003473361689529791 0.0 0.0 0.0 0.0 0.0 0.0 0.0 0.0 0.0 0.0 0.0 0.0 0.0 0.0 0.0 0.0 0.0 
4250 4.2 0.0003474126176393665 0.0 0.0 0.0003474126176393665 0.0 0.0 0.0 0.0 0.0 0.0 0.0 0.0 0.0 0.0 0.0 0.0 0.0 0.0 0.0 0.0 0.0 
4251 4.201 0.00034748885324260815 0.0 0.0 0.00034748885324260815 0.0 0.0 0.0 0.0 0.0 0.0 0.0 0.0 0.0 0.0 0.0 0.0 0.0 0.0 0.0 0.0 0.0 
4252 4.202 0.0003475648754476736 0.0 0.0 0.0003475648754476736 0.0 0.0 0.0 0.0 0.0 0.0 0.0 0.0 0.0 0.0 0.0 0.0 0.0 0.0 0.0 0.0 0.0 
4253 4.203 0.00034764068393959455 0.0 0.0 0.00034764068393959455 0.0 0.0 0.0 0.0 0.0 0.0 0.0 0.0 0.0 0.0 0.0 0.0 0.0 0.0 0.0 0.0 0.0 
4254 4.204 0.00034771627840346573 0.0 0.0 0.00034771627840346573 0.0 0.0 0.0 0.0 0.0 0.0 0.0 0.0 0.0 0.0 0.0 0.0 0.0 0.0 0.0 0.0 0.0 
4255 4.205 0.00034779165852444604 0.0 0.0 0.00034779165852444604 0.0 0.0 0.0 0.0 0.0 0.0 0.0 0.0 0.0 0.0 0.0 0.0 0.0 0.0 0.0 0.0 0.0 
4256 4.206 0.0003478668239877593 0.0 0.0 0.0003478668239877593 0.0 0.0 0.0 0.0 0.0 0.0 0.0 0.0 0.0 0.0 0.0 0.0 0.0 0.0 0.0 0.0 0.0 
4257 4.207 0.00034794177447869623 0.0 0.0 0.00034794177447869623 0.0 0.0 0.0 0.0 0.0 0.0 0.0 0.0 0.0 0.0 0.0 0.0 0.0 0.0 0.0 0.0 0.0 
4258 4.208 0.000348016509682614 0.0 0.0 0.000348016509682614 0.0 0.0 0.0 0.0 0.0 0.0 0.0 0.0 0.0 0.0 0.0 0.0 0.0 0.0 0.0 0.0 0.0 
4259 4.209 0.00034809102928493865 0.0 0.0 0.00034809102928493865 0.0 0.0 0.0 0.0 0.0 0.0 0.0 0.0 0.0 0.0 0.0 0.0 0.0 0.0 0.0 0.0 0.0 
4260 4.21 0.0003481653329711655 0.0 0.0 0.0003481653329711655 0.0 0.0 0.0 0.0 0.0 0.0 0.0 0.0 0.0 0.0 0.0 0.0 0.0 0.0 0.0 0.0 0.0 
4261 4.211 0.0003482394204268602 0.0 0.0 0.0003482394204268602 0.0 0.0 0.0 0.0 0.0 0.0 0.0 0.0 0.0 0.0 0.0 0.0 0.0 0.0 0.0 0.0 0.0 
4262 4.212 0.0003483132913376599 0.0 0.0 0.0003483132913376599 0.0 0.0 0.0 0.0 0.0 0.0 0.0 0.0 0.0 0.0 0.0 0.0 0.0 0.0 0.0 0.0 0.0 
4263 4.213 0.00034838694538927425 0.0 0.0 0.00034838694538927425 0.0 0.0 0.0 0.0 0.0 0.0 0.0 0.0 0.0 0.0 0.0 0.0 0.0 0.0 0.0 0.0 0.0 
4264 4.214 0.0003484603822674868 0.0 0.0 0.0003484603822674868 0.0 0.0 0.0 0.0 0.0 0.0 0.0 0.0 0.0 0.0 0.0 0.0 0.0 0.0 0.0 0.0 0.0 
4265 4.215 0.0003485336016581552 0.0 0.0 0.0003485336016581552 0.0 0.0 0.0 0.0 0.0 0.0 0.0 0.0 0.0 0.0 0.0 0.0 0.0 0.0 0.0 0.0 0.0 
4266 4.216 0.0003486066032472134 0.0 0.0 0.0003486066032472134 0.0 0.0 0.0 0.0 0.0 0.0 0.0 0.0 0.0 0.0 0.0 0.0 0.0 0.0 0.0 0.0 0.0 
4267 4.217 0.0003486793867206718 0.0 0.0 0.0003486793867206718 0.0 0.0 0.0 0.0 0.0 0.0 0.0 0.0 0.0 0.0 0.0 0.0 0.0 0.0 0.0 0.0 0.0 
4268 4.218 0.0003487519517646186 0.0 0.0 0.0003487519517646186 0.0 0.0 0.0 0.0 0.0 0.0 0.0 0.0 0.0 0.0 0.0 0.0 0.0 0.0 0.0 0.0 0.0 
4269 4.219 0.0003488242980652212 0.0 0.0 0.0003488242980652212 0.0 0.0 0.0 0.0 0.0 0.0 0.0 0.0 0.0 0.0 0.0 0.0 0.0 0.0 0.0 0.0 0.0 
4270 4.22 0.00034889642530872673 0.0 0.0 0.00034889642530872673 0.0 0.0 0.0 0.0 0.0 0.0 0.0 0.0 0.0 0.0 0.0 0.0 0.0 0.0 0.0 0.0 0.0 
4271 4.221 0.00034896833318146355 0.0 0.0 0.00034896833318146355 0.0 0.0 0.0 0.0 0.0 0.0 0.0 0.0 0.0 0.0 0.0 0.0 0.0 0.0 0.0 0.0 0.0 
4272 4.222 0.0003490400213698421 0.0 0.0 0.0003490400213698421 0.0 0.0 0.0 0.0 0.0 0.0 0.0 0.0 0.0 0.0 0.0 0.0 0.0 0.0 0.0 0.0 0.0 
4273 4.223 0.000349111489560356 0.0 0.0 0.000349111489560356 0.0 0.0 0.0 0.0 0.0 0.0 0.0 0.0 0.0 0.0 0.0 0.0 0.0 0.0 0.0 0.0 0.0 
4274 4.223 0.00034918273743958305 0.0 0.0 0.00034918273743958305 0.0 0.0 0.0 0.0 0.0 0.0 0.0 0.0 0.0 0.0 0.0 0.0 0.0 0.0 0.0 0.0 0.0 
4275 4.224 0.00034925376469418677 0.0 0.0 0.00034925376469418677 0.0 0.0 0.0 0.0 0.0 0.0 0.0 0.0 0.0 0.0 0.0 0.0 0.0 0.0 0.0 0.0 0.0 
4276 4.225 0.0003493245710109167 0.0 0.0 0.0003493245710109167 0.0 0.0 0.0 0.0 0.0 0.0 0.0 0.0 0.0 0.0 0.0 0.0 0.0 0.0 0.0 0.0 0.0 
4277 4.226 0.00034939515607661014 0.0 0.0 0.00034939515607661014 0.0 0.0 0.0 0.0 0.0 0.0 0.0 0.0 0.0 0.0 0.0 0.0 0.0 0.0 0.0 0.0 0.0 
4278 4.227 0.000349465519578193 0.0 0.0 0.000349465519578193 0.0 0.0 0.0 0.0 0.0 0.0 0.0 0.0 0.0 0.0 0.0 0.0 0.0 0.0 0.0 0.0 0.0 
4279 4.228 0.0003495356612026809 0.0 0.0 0.0003495356612026809 0.0 0.0 0.0 0.0 0.0 0.0 0.0 0.0 0.0 0.0 0.0 0.0 0.0 0.0 0.0 0.0 0.0 
4280 4.229 0.0003496055806371802 0.0 0.0 0.0003496055806371802 0.0 0.0 0.0 0.0 0.0 0.0 0.0 0.0 0.0 0.0 0.0 0.0 0.0 0.0 0.0 0.0 0.0 
4281 4.23 0.0003496752775688891 0.0 0.0 0.0003496752775688891 0.0 0.0 0.0 0.0 0.0 0.0 0.0 0.0 0.0 0.0 0.0 0.0 0.0 0.0 0.0 0.0 0.0 
4282 4.231 0.00034974475168509885 0.0 0.0 0.00034974475168509885 0.0 0.0 0.0 0.0 0.0 0.0 0.0 0.0 0.0 0.0 0.0 0.0 0.0 0.0 0.0 0.0 0.0 
4283 4.232 0.0003498140026731946 0.0 0.0 0.0003498140026731946 0.0 0.0 0.0 0.0 0.0 0.0 0.0 0.0 0.0 0.0 0.0 0.0 0.0 0.0 0.0 0.0 0.0 
4284 4.233 0.00034988303022065703 0.0 0.0 0.00034988303022065703 0.0 0.0 0.0 0.0 0.0 0.0 0.0 0.0 0.0 0.0 0.0 0.0 0.0 0.0 0.0 0.0 0.0 
4285 4.234 0.0003499518340150628 0.0 0.0 0.0003499518340150628 0.0 0.0 0.0 0.0 0.0 0.0 0.0 0.0 0.0 0.0 0.0 0.0 0.0 0.0 0.0 0.0 0.0 
4286 4.235 0.00035002041374408585 0.0 0.0 0.00035002041374408585 0.0 0.0 0.0 0.0 0.0 0.0 0.0 0.0 0.0 0.0 0.0 0.0 0.0 0.0 0.0 0.0 0.0 
4287 4.236 0.0003500887690954989 0.0 0.0 0.0003500887690954989 0.0 0.0 0.0 0.0 0.0 0.0 0.0 0.0 0.0 0.0 0.0 0.0 0.0 0.0 0.0 0.0 0.0 
4288 4.237 0.00035015689975717394 0.0 0.0 0.00035015689975717394 0.0 0.0 0.0 0.0 0.0 0.0 0.0 0.0 0.0 0.0 0.0 0.0 0.0 0.0 0.0 0.0 0.0 
4289 4.238 0.0003502248054170835 0.0 0.0 0.0003502248054170835 0.0 0.0 0.0 0.0 0.0 0.0 0.0 0.0 0.0 0.0 0.0 0.0 0.0 0.0 0.0 0.0 0.0 
4290 4.239 0.0003502924857633028 0.0 0.0 0.0003502924857633028 0.0 0.0 0.0 0.0 0.0 0.0 0.0 0.0 0.0 0.0 0.0 0.0 0.0 0.0 0.0 0.0 0.0 
4291 4.24 0.00035035994048400866 0.0 0.0 0.00035035994048400866 0.0 0.0 0.0 0.0 0.0 0.0 0.0 0.0 0.0 0.0 0.0 0.0 0.0 0.0 0.0 0.0 0.0 
4292 4.241 0.00035042716926748273 0.0 0.0 0.00035042716926748273 0.0 0.0 0.0 0.0 0.0 0.0 0.0 0.0 0.0 0.0 0.0 0.0 0.0 0.0 0.0 0.0 0.0 
4293 4.242 0.0003504941718021115 0.0 0.0 0.0003504941718021115 0.0 0.0 0.0 0.0 0.0 0.0 0.0 0.0 0.0 0.0 0.0 0.0 0.0 0.0 0.0 0.0 0.0 
4294 4.243 0.000350560947776388 0.0 0.0 0.000350560947776388 0.0 0.0 0.0 0.0 0.0 0.0 0.0 0.0 0.0 0.0 0.0 0.0 0.0 0.0 0.0 0.0 0.0 
4295 4.244 0.0003506274968789121 0.0 0.0 0.0003506274968789121 0.0 0.0 0.0 0.0 0.0 0.0 0.0 0.0 0.0 0.0 0.0 0.0 0.0 0.0 0.0 0.0 0.0 
4296 4.245 0.0003506938187983925 0.0 0.0 0.0003506938187983925 0.0 0.0 0.0 0.0 0.0 0.0 0.0 0.0 0.0 0.0 0.0 0.0 0.0 0.0 0.0 0.0 0.0 
4297 4.246 0.00035075991322364733 0.0 0.0 0.00035075991322364733 0.0 0.0 0.0 0.0 0.0 0.0 0.0 0.0 0.0 0.0 0.0 0.0 0.0 0.0 0.0 0.0 0.0 
4298 4.247 0.0003508257798436055 0.0 0.0 0.0003508257798436055 0.0 0.0 0.0 0.0 0.0 0.0 0.0 0.0 0.0 0.0 0.0 0.0 0.0 0.0 0.0 0.0 0.0 
4299 4.248 0.0003508914183473077 0.0 0.0 0.0003508914183473077 0.0 0.0 0.0 0.0 0.0 0.0 0.0 0.0 0.0 0.0 0.0 0.0 0.0 0.0 0.0 0.0 0.0 
4300 4.249 0.0003509568284239076 0.0 0.0 0.0003509568284239076 0.0 0.0 0.0 0.0 0.0 0.0 0.0 0.0 0.0 0.0 0.0 0.0 0.0 0.0 0.0 0.0 0.0 
4301 4.25 0.00035102200976267286 0.0 0.0 0.00035102200976267286 0.0 0.0 0.0 0.0 0.0 0.0 0.0 0.0 0.0 0.0 0.0 0.0 0.0 0.0 0.0 0.0 0.0 
4302 4.251 0.00035108696205298667 0.0 0.0 0.00035108696205298667 0.0 0.0 0.0 0.0 0.0 0.0 0.0 0.0 0.0 0.0 0.0 0.0 0.0 0.0 0.0 0.0 0.0 
4303 4.252 0.00035115168498434817 0.0 0.0 0.00035115168498434817 0.0 0.0 0.0 0.0 0.0 0.0 0.0 0.0 0.0 0.0 0.0 0.0 0.0 0.0 0.0 0.0 0.0 
4304 4.253 0.000351216178246374 0.0 0.0 0.000351216178246374 0.0 0.0 0.0 0.0 0.0 0.0 0.0 0.0 0.0 0.0 0.0 0.0 0.0 0.0 0.0 0.0 0.0 
4305 4.254 0.00035128044152879994 0.0 0.0 0.00035128044152879994 0.0 0.0 0.0 0.0 0.0 0.0 0.0 0.0 0.0 0.0 0.0 0.0 0.0 0.0 0.0 0.0 0.0 
4306 4.255 0.00035134447452148094 0.0 0.0 0.00035134447452148094 0.0 0.0 0.0 0.0 0.0 0.0 0.0 0.0 0.0 0.0 0.0 0.0 0.0 0.0 0.0 0.0 0.0 
4307 4.256 0.00035140827691439294 0.0 0.0 0.00035140827691439294 0.0 0.0 0.0 0.0 0.0 0.0 0.0 0.0 0.0 0.0 0.0 0.0 0.0 0.0 0.0 0.0 0.0 
4308 4.257 0.00035147184839763417 0.0 0.0 0.00035147184839763417 0.0 0.0 0.0 0.0 0.0 0.0 0.0 0.0 0.0 0.0 0.0 0.0 0.0 0.0 0.0 0.0 0.0 
4309 4.258 0.000351535188661426 0.0 0.0 0.000351535188661426 0.0 0.0 0.0 0.0 0.0 0.0 0.0 0.0 0.0 0.0 0.0 0.0 0.0 0.0 0.0 0.0 0.0 
4310 4.259 0.00035159829739611376 0.0 0.0 0.00035159829739611376 0.0 0.0 0.0 0.0 0.0 0.0 0.0 0.0 0.0 0.0 0.0 0.0 0.0 0.0 0.0 0.0 0.0 
4311 4.26 0.00035166117429216866 0.0 0.0 0.00035166117429216866 0.0 0.0 0.0 0.0 0.0 0.0 0.0 0.0 0.0 0.0 0.0 0.0 0.0 0.0 0.0 0.0 0.0 
4312 4.261 0.00035172381904018823 0.0 0.0 0.00035172381904018823 0.0 0.0 0.0 0.0 0.0 0.0 0.0 0.0 0.0 0.0 0.0 0.0 0.0 0.0 0.0 0.0 0.0 
4313 4.262 0.00035178623133089805 0.0 0.0 0.00035178623133089805 0.0 0.0 0.0 0.0 0.0 0.0 0.0 0.0 0.0 0.0 0.0 0.0 0.0 0.0 0.0 0.0 0.0 
4314 4.263 0.0003518484108551524 0.0 0.0 0.0003518484108551524 0.0 0.0 0.0 0.0 0.0 0.0 0.0 0.0 0.0 0.0 0.0 0.0 0.0 0.0 0.0 0.0 0.0 
4315 4.264 0.0003519103573039356 0.0 0.0 0.0003519103573039356 0.0 0.0 0.0 0.0 0.0 0.0 0.0 0.0 0.0 0.0 0.0 0.0 0.0 0.0 0.0 0.0 0.0 
4316 4.265 0.0003519720703683634 0.0 0.0 0.0003519720703683634 0.0 0.0 0.0 0.0 0.0 0.0 0.0 0.0 0.0 0.0 0.0 0.0 0.0 0.0 0.0 0.0 0.0 
4317 4.266 0.00035203354973968386 0.0 0.0 0.00035203354973968386 0.0 0.0 0.0 0.0 0.0 0.0 0.0 0.0 0.0 0.0 0.0 0.0 0.0 0.0 0.0 0.0 0.0 
4318 4.267 0.00035209479510927855 0.0 0.0 0.00035209479510927855 0.0 0.0 0.0 0.0 0.0 0.0 0.0 0.0 0.0 0.0 0.0 0.0 0.0 0.0 0.0 0.0 0.0 
4319 4.268 0.0003521558061686636 0.0 0.0 0.0003521558061686636 0.0 0.0 0.0 0.0 0.0 0.0 0.0 0.0 0.0 0.0 0.0 0.0 0.0 0.0 0.0 0.0 0.0 
4320 4.269 0.00035221658260949144 0.0 0.0 0.00035221658260949144 0.0 0.0 0.0 0.0 0.0 0.0 0.0 0.0 0.0 0.0 0.0 0.0 0.0 0.0 0.0 0.0 0.0 
4321 4.27 0.00035227712412355113 0.0 0.0 0.00035227712412355113 0.0 0.0 0.0 0.0 0.0 0.0 0.0 0.0 0.0 0.0 0.0 0.0 0.0 0.0 0.0 0.0 0.0 
4322 4.271 0.00035233743040276994 0.0 0.0 0.00035233743040276994 0.0 0.0 0.0 0.0 0.0 0.0 0.0 0.0 0.0 0.0 0.0 0.0 0.0 0.0 0.0 0.0 0.0 
4323 4.272 0.0003523975011392148 0.0 0.0 0.0003523975011392148 0.0 0.0 0.0 0.0 0.0 0.0 0.0 0.0 0.0 0.0 0.0 0.0 0.0 0.0 0.0 0.0 0.0 
4324 4.273 0.0003524573360250931 0.0 0.0 0.0003524573360250931 0.0 0.0 0.0 0.0 0.0 0.0 0.0 0.0 0.0 0.0 0.0 0.0 0.0 0.0 0.0 0.0 0.0 
4325 4.274 0.0003525169347527537 0.0 0.0 0.0003525169347527537 0.0 0.0 0.0 0.0 0.0 0.0 0.0 0.0 0.0 0.0 0.0 0.0 0.0 0.0 0.0 0.0 0.0 
4326 4.275 0.0003525762970146885 0.0 0.0 0.0003525762970146885 0.0 0.0 0.0 0.0 0.0 0.0 0.0 0.0 0.0 0.0 0.0 0.0 0.0 0.0 0.0 0.0 0.0 
4327 4.276 0.00035263542250353364 0.0 0.0 0.00035263542250353364 0.0 0.0 0.0 0.0 0.0 0.0 0.0 0.0 0.0 0.0 0.0 0.0 0.0 0.0 0.0 0.0 0.0 
4328 4.277 0.0003526943109120703 0.0 0.0 0.0003526943109120703 0.0 0.0 0.0 0.0 0.0 0.0 0.0 0.0 0.0 0.0 0.0 0.0 0.0 0.0 0.0 0.0 0.0 
4329 4.278 0.00035275296193322607 0.0 0.0 0.00035275296193322607 0.0 0.0 0.0 0.0 0.0 0.0 0.0 0.0 0.0 0.0 0.0 0.0 0.0 0.0 0.0 0.0 0.0 
4330 4.279 0.0003528113752600764 0.0 0.0 0.0003528113752600764 0.0 0.0 0.0 0.0 0.0 0.0 0.0 0.0 0.0 0.0 0.0 0.0 0.0 0.0 0.0 0.0 0.0 
4331 4.28 0.00035286955058584516 0.0 0.0 0.00035286955058584516 0.0 0.0 0.0 0.0 0.0 0.0 0.0 0.0 0.0 0.0 0.0 0.0 0.0 0.0 0.0 0.0 0.0 
4332 4.281 0.0003529274876039064 0.0 0.0 0.0003529274876039064 0.0 0.0 0.0 0.0 0.0 0.0 0.0 0.0 0.0 0.0 0.0 0.0 0.0 0.0 0.0 0.0 0.0 
4333 4.282 0.0003529851860077855 0.0 0.0 0.0003529851860077855 0.0 0.0 0.0 0.0 0.0 0.0 0.0 0.0 0.0 0.0 0.0 0.0 0.0 0.0 0.0 0.0 0.0 
4334 4.283 0.0003530426454911598 0.0 0.0 0.0003530426454911598 0.0 0.0 0.0 0.0 0.0 0.0 0.0 0.0 0.0 0.0 0.0 0.0 0.0 0.0 0.0 0.0 0.0 
4335 4.284 0.0003530998657478606 0.0 0.0 0.0003530998657478606 0.0 0.0 0.0 0.0 0.0 0.0 0.0 0.0 0.0 0.0 0.0 0.0 0.0 0.0 0.0 0.0 0.0 
4336 4.285 0.0003531568464718736 0.0 0.0 0.0003531568464718736 0.0 0.0 0.0 0.0 0.0 0.0 0.0 0.0 0.0 0.0 0.0 0.0 0.0 0.0 0.0 0.0 0.0 
4337 4.286 0.00035321358735734056 0.0 0.0 0.00035321358735734056 0.0 0.0 0.0 0.0 0.0 0.0 0.0 0.0 0.0 0.0 0.0 0.0 0.0 0.0 0.0 0.0 0.0 
4338 4.287 0.0003532700880985605 0.0 0.0 0.0003532700880985605 0.0 0.0 0.0 0.0 0.0 0.0 0.0 0.0 0.0 0.0 0.0 0.0 0.0 0.0 0.0 0.0 0.0 
4339 4.288 0.0003533263483899906 0.0 0.0 0.0003533263483899906 0.0 0.0 0.0 0.0 0.0 0.0 0.0 0.0 0.0 0.0 0.0 0.0 0.0 0.0 0.0 0.0 0.0 
4340 4.289 0.0003533823679262474 0.0 0.0 0.0003533823679262474 0.0 0.0 0.0 0.0 0.0 0.0 0.0 0.0 0.0 0.0 0.0 0.0 0.0 0.0 0.0 0.0 0.0 
4341 4.29 0.0003534381464021088 0.0 0.0 0.0003534381464021088 0.0 0.0 0.0 0.0 0.0 0.0 0.0 0.0 0.0 0.0 0.0 0.0 0.0 0.0 0.0 0.0 0.0 
4342 4.291 0.0003534936835125139 0.0 0.0 0.0003534936835125139 0.0 0.0 0.0 0.0 0.0 0.0 0.0 0.0 0.0 0.0 0.0 0.0 0.0 0.0 0.0 0.0 0.0 
4343 4.292 0.0003535489789525655 0.0 0.0 0.0003535489789525655 0.0 0.0 0.0 0.0 0.0 0.0 0.0 0.0 0.0 0.0 0.0 0.0 0.0 0.0 0.0 0.0 0.0 
4344 4.293 0.00035360403241753034 0.0 0.0 0.00035360403241753034 0.0 0.0 0.0 0.0 0.0 0.0 0.0 0.0 0.0 0.0 0.0 0.0 0.0 0.0 0.0 0.0 0.0 
4345 4.294 0.0003536588436028411 0.0 0.0 0.0003536588436028411 0.0 0.0 0.0 0.0 0.0 0.0 0.0 0.0 0.0 0.0 0.0 0.0 0.0 0.0 0.0 0.0 0.0 
4346 4.295 0.0003537134122040967 0.0 0.0 0.0003537134122040967 0.0 0.0 0.0 0.0 0.0 0.0 0.0 0.0 0.0 0.0 0.0 0.0 0.0 0.0 0.0 0.0 0.0 
4347 4.296 0.00035376773791706464 0.0 0.0 0.00035376773791706464 0.0 0.0 0.0 0.0 0.0 0.0 0.0 0.0 0.0 0.0 0.0 0.0 0.0 0.0 0.0 0.0 0.0 
4348 4.297 0.00035382182043768127 0.0 0.0 0.00035382182043768127 0.0 0.0 0.0 0.0 0.0 0.0 0.0 0.0 0.0 0.0 0.0 0.0 0.0 0.0 0.0 0.0 0.0 
4349 4.298 0.00035387565946205346 0.0 0.0 0.00035387565946205346 0.0 0.0 0.0 0.0 0.0 0.0 0.0 0.0 0.0 0.0 0.0 0.0 0.0 0.0 0.0 0.0 0.0 
4350 4.299 0.0003539292546864595 0.0 0.0 0.0003539292546864595 0.0 0.0 0.0 0.0 0.0 0.0 0.0 0.0 0.0 0.0 0.0 0.0 0.0 0.0 0.0 0.0 0.0 
4351 4.3 0.00035398260580735087 0.0 0.0 0.00035398260580735087 0.0 0.0 0.0 0.0 0.0 0.0 0.0 0.0 0.0 0.0 0.0 0.0 0.0 0.0 0.0 0.0 0.0 
4352 4.301 0.00035403571252135306 0.0 0.0 0.00035403571252135306 0.0 0.0 0.0 0.0 0.0 0.0 0.0 0.0 0.0 0.0 0.0 0.0 0.0 0.0 0.0 0.0 0.0 
4353 4.302 0.0003540885745252666 0.0 0.0 0.0003540885745252666 0.0 0.0 0.0 0.0 0.0 0.0 0.0 0.0 0.0 0.0 0.0 0.0 0.0 0.0 0.0 0.0 0.0 
4354 4.303 0.0003541411915160689 0.0 0.0 0.0003541411915160689 0.0 0.0 0.0 0.0 0.0 0.0 0.0 0.0 0.0 0.0 0.0 0.0 0.0 0.0 0.0 0.0 0.0 
4355 4.304 0.00035419356319091474 0.0 0.0 0.00035419356319091474 0.0 0.0 0.0 0.0 0.0 0.0 0.0 0.0 0.0 0.0 0.0 0.0 0.0 0.0 0.0 0.0 0.0 
4356 4.305 0.0003542456892471383 0.0 0.0 0.0003542456892471383 0.0 0.0 0.0 0.0 0.0 0.0 0.0 0.0 0.0 0.0 0.0 0.0 0.0 0.0 0.0 0.0 0.0 
4357 4.306 0.0003542975693822536 0.0 0.0 0.0003542975693822536 0.0 0.0 0.0 0.0 0.0 0.0 0.0 0.0 0.0 0.0 0.0 0.0 0.0 0.0 0.0 0.0 0.0 
4358 4.307 0.0003543492032939563 0.0 0.0 0.0003543492032939563 0.0 0.0 0.0 0.0 0.0 0.0 0.0 0.0 0.0 0.0 0.0 0.0 0.0 0.0 0.0 0.0 0.0 
4359 4.307 0.0003544005906801249 0.0 0.0 0.0003544005906801249 0.0 0.0 0.0 0.0 0.0 0.0 0.0 0.0 0.0 0.0 0.0 0.0 0.0 0.0 0.0 0.0 0.0 
4360 4.308 0.00035445173123882143 0.0 0.0 0.00035445173123882143 0.0 0.0 0.0 0.0 0.0 0.0 0.0 0.0 0.0 0.0 0.0 0.0 0.0 0.0 0.0 0.0 0.0 
4361 4.309 0.0003545026246682934 0.0 0.0 0.0003545026246682934 0.0 0.0 0.0 0.0 0.0 0.0 0.0 0.0 0.0 0.0 0.0 0.0 0.0 0.0 0.0 0.0 0.0 
4362 4.31 0.00035455327066697453 0.0 0.0 0.00035455327066697453 0.0 0.0 0.0 0.0 0.0 0.0 0.0 0.0 0.0 0.0 0.0 0.0 0.0 0.0 0.0 0.0 0.0 
4363 4.311 0.00035460366893348645 0.0 0.0 0.00035460366893348645 0.0 0.0 0.0 0.0 0.0 0.0 0.0 0.0 0.0 0.0 0.0 0.0 0.0 0.0 0.0 0.0 0.0 
4364 4.312 0.0003546538191666393 0.0 0.0 0.0003546538191666393 0.0 0.0 0.0 0.0 0.0 0.0 0.0 0.0 0.0 0.0 0.0 0.0 0.0 0.0 0.0 0.0 0.0 
4365 4.313 0.0003547037210654336 0.0 0.0 0.0003547037210654336 0.0 0.0 0.0 0.0 0.0 0.0 0.0 0.0 0.0 0.0 0.0 0.0 0.0 0.0 0.0 0.0 0.0 
4366 4.314 0.0003547533743290612 0.0 0.0 0.0003547533743290612 0.0 0.0 0.0 0.0 0.0 0.0 0.0 0.0 0.0 0.0 0.0 0.0 0.0 0.0 0.0 0.0 0.0 
4367 4.315 0.00035480277865690657 0.0 0.0 0.00035480277865690657 0.0 0.0 0.0 0.0 0.0 0.0 0.0 0.0 0.0 0.0 0.0 0.0 0.0 0.0 0.0 0.0 0.0 
4368 4.316 0.0003548519337485481 0.0 0.0 0.0003548519337485481 0.0 0.0 0.0 0.0 0.0 0.0 0.0 0.0 0.0 0.0 0.0 0.0 0.0 0.0 0.0 0.0 0.0 
4369 4.317 0.0003549008393037593 0.0 0.0 0.0003549008393037593 0.0 0.0 0.0 0.0 0.0 0.0 0.0 0.0 0.0 0.0 0.0 0.0 0.0 0.0 0.0 0.0 0.0 
4370 4.318 0.00035494949502251004 0.0 0.0 0.00035494949502251004 0.0 0.0 0.0 0.0 0.0 0.0 0.0 0.0 0.0 0.0 0.0 0.0 0.0 0.0 0.0 0.0 0.0 
4371 4.319 0.0003549979006049678 0.0 0.0 0.0003549979006049678 0.0 0.0 0.0 0.0 0.0 0.0 0.0 0.0 0.0 0.0 0.0 0.0 0.0 0.0 0.0 0.0 0.0 
4372 4.32 0.0003550460557514991 0.0 0.0 0.0003550460557514991 0.0 0.0 0.0 0.0 0.0 0.0 0.0 0.0 0.0 0.0 0.0 0.0 0.0 0.0 0.0 0.0 0.0 
4373 4.321 0.0003550939601626706 0.0 0.0 0.0003550939601626706 0.0 0.0 0.0 0.0 0.0 0.0 0.0 0.0 0.0 0.0 0.0 0.0 0.0 0.0 0.0 0.0 0.0 
4374 4.322 0.00035514161353925007 0.0 0.0 0.00035514161353925007 0.0 0.0 0.0 0.0 0.0 0.0 0.0 0.0 0.0 0.0 0.0 0.0 0.0 0.0 0.0 0.0 0.0 
4375 4.323 0.00035518901558220843 0.0 0.0 0.00035518901558220843 0.0 0.0 0.0 0.0 0.0 0.0 0.0 0.0 0.0 0.0 0.0 0.0 0.0 0.0 0.0 0.0 0.0 
4376 4.324 0.00035523616599272037 0.0 0.0 0.00035523616599272037 0.0 0.0 0.0 0.0 0.0 0.0 0.0 0.0 0.0 0.0 0.0 0.0 0.0 0.0 0.0 0.0 0.0 
4377 4.325 0.00035528306447216585 0.0 0.0 0.00035528306447216585 0.0 0.0 0.0 0.0 0.0 0.0 0.0 0.0 0.0 0.0 0.0 0.0 0.0 0.0 0.0 0.0 0.0 
4378 4.326 0.00035532971072213104 0.0 0.0 0.00035532971072213104 0.0 0.0 0.0 0.0 0.0 0.0 0.0 0.0 0.0 0.0 0.0 0.0 0.0 0.0 0.0 0.0 0.0 
4379 4.327 0.00035537610444441034 0.0 0.0 0.00035537610444441034 0.0 0.0 0.0 0.0 0.0 0.0 0.0 0.0 0.0 0.0 0.0 0.0 0.0 0.0 0.0 0.0 0.0 
4380 4.328 0.00035542224534100683 0.0 0.0 0.00035542224534100683 0.0 0.0 0.0 0.0 0.0 0.0 0.0 0.0 0.0 0.0 0.0 0.0 0.0 0.0 0.0 0.0 0.0 
4381 4.329 0.00035546813311413403 0.0 0.0 0.00035546813311413403 0.0 0.0 0.0 0.0 0.0 0.0 0.0 0.0 0.0 0.0 0.0 0.0 0.0 0.0 0.0 0.0 0.0 
4382 4.33 0.00035551376746621727 0.0 0.0 0.00035551376746621727 0.0 0.0 0.0 0.0 0.0 0.0 0.0 0.0 0.0 0.0 0.0 0.0 0.0 0.0 0.0 0.0 0.0 
4383 4.331 0.0003555591480998942 0.0 0.0 0.0003555591480998942 0.0 0.0 0.0 0.0 0.0 0.0 0.0 0.0 0.0 0.0 0.0 0.0 0.0 0.0 0.0 0.0 0.0 
4384 4.332 0.00035560427471801714 0.0 0.0 0.00035560427471801714 0.0 0.0 0.0 0.0 0.0 0.0 0.0 0.0 0.0 0.0 0.0 0.0 0.0 0.0 0.0 0.0 0.0 
4385 4.333 0.00035564914702365354 0.0 0.0 0.00035564914702365354 0.0 0.0 0.0 0.0 0.0 0.0 0.0 0.0 0.0 0.0 0.0 0.0 0.0 0.0 0.0 0.0 0.0 
4386 4.334 0.00035569376472008795 0.0 0.0 0.00035569376472008795 0.0 0.0 0.0 0.0 0.0 0.0 0.0 0.0 0.0 0.0 0.0 0.0 0.0 0.0 0.0 0.0 0.0 
4387 4.335 0.0003557381275108223 0.0 0.0 0.0003557381275108223 0.0 0.0 0.0 0.0 0.0 0.0 0.0 0.0 0.0 0.0 0.0 0.0 0.0 0.0 0.0 0.0 0.0 
4388 4.336 0.0003557822350995783 0.0 0.0 0.0003557822350995783 0.0 0.0 0.0 0.0 0.0 0.0 0.0 0.0 0.0 0.0 0.0 0.0 0.0 0.0 0.0 0.0 0.0 
4389 4.337 0.00035582608719029806 0.0 0.0 0.00035582608719029806 0.0 0.0 0.0 0.0 0.0 0.0 0.0 0.0 0.0 0.0 0.0 0.0 0.0 0.0 0.0 0.0 0.0 
4390 4.338 0.00035586968348714566 0.0 0.0 0.00035586968348714566 0.0 0.0 0.0 0.0 0.0 0.0 0.0 0.0 0.0 0.0 0.0 0.0 0.0 0.0 0.0 0.0 0.0 
4391 4.339 0.0003559130236945081 0.0 0.0 0.0003559130236945081 0.0 0.0 0.0 0.0 0.0 0.0 0.0 0.0 0.0 0.0 0.0 0.0 0.0 0.0 0.0 0.0 0.0 
4392 4.34 0.0003559561075169972 0.0 0.0 0.0003559561075169972 0.0 0.0 0.0 0.0 0.0 0.0 0.0 0.0 0.0 0.0 0.0 0.0 0.0 0.0 0.0 0.0 0.0 
4393 4.341 0.00035599893465945015 0.0 0.0 0.00035599893465945015 0.0 0.0 0.0 0.0 0.0 0.0 0.0 0.0 0.0 0.0 0.0 0.0 0.0 0.0 0.0 0.0 0.0 
4394 4.342 0.0003560415048269314 0.0 0.0 0.0003560415048269314 0.0 0.0 0.0 0.0 0.0 0.0 0.0 0.0 0.0 0.0 0.0 0.0 0.0 0.0 0.0 0.0 0.0 
4395 4.343 0.0003560838177247337 0.0 0.0 0.0003560838177247337 0.0 0.0 0.0 0.0 0.0 0.0 0.0 0.0 0.0 0.0 0.0 0.0 0.0 0.0 0.0 0.0 0.0 
4396 4.344 0.00035612587305837944 0.0 0.0 0.00035612587305837944 0.0 0.0 0.0 0.0 0.0 0.0 0.0 0.0 0.0 0.0 0.0 0.0 0.0 0.0 0.0 0.0 0.0 
4397 4.345 0.0003561676705336221 0.0 0.0 0.0003561676705336221 0.0 0.0 0.0 0.0 0.0 0.0 0.0 0.0 0.0 0.0 0.0 0.0 0.0 0.0 0.0 0.0 0.0 
4398 4.346 0.0003562092098564471 0.0 0.0 0.0003562092098564471 0.0 0.0 0.0 0.0 0.0 0.0 0.0 0.0 0.0 0.0 0.0 0.0 0.0 0.0 0.0 0.0 0.0 
4399 4.347 0.0003562504907330738 0.0 0.0 0.0003562504907330738 0.0 0.0 0.0 0.0 0.0 0.0 0.0 0.0 0.0 0.0 0.0 0.0 0.0 0.0 0.0 0.0 0.0 
4400 4.348 0.00035629151286995615 0.0 0.0 0.00035629151286995615 0.0 0.0 0.0 0.0 0.0 0.0 0.0 0.0 0.0 0.0 0.0 0.0 0.0 0.0 0.0 0.0 0.0 
4401 4.349 0.00035633227597378425 0.0 0.0 0.00035633227597378425 0.0 0.0 0.0 0.0 0.0 0.0 0.0 0.0 0.0 0.0 0.0 0.0 0.0 0.0 0.0 0.0 0.0 
4402 4.35 0.00035637277975148586 0.0 0.0 0.00035637277975148586 0.0 0.0 0.0 0.0 0.0 0.0 0.0 0.0 0.0 0.0 0.0 0.0 0.0 0.0 0.0 0.0 0.0 
4403 4.351 0.0003564130239102276 0.0 0.0 0.0003564130239102276 0.0 0.0 0.0 0.0 0.0 0.0 0.0 0.0 0.0 0.0 0.0 0.0 0.0 0.0 0.0 0.0 0.0 
4404 4.352 0.00035645300815741605 0.0 0.0 0.00035645300815741605 0.0 0.0 0.0 0.0 0.0 0.0 0.0 0.0 0.0 0.0 0.0 0.0 0.0 0.0 0.0 0.0 0.0 
4405 4.353 0.00035649273220069924 0.0 0.0 0.00035649273220069924 0.0 0.0 0.0 0.0 0.0 0.0 0.0 0.0 0.0 0.0 0.0 0.0 0.0 0.0 0.0 0.0 0.0 
4406 4.354 0.0003565321957479682 0.0 0.0 0.0003565321957479682 0.0 0.0 0.0 0.0 0.0 0.0 0.0 0.0 0.0 0.0 0.0 0.0 0.0 0.0 0.0 0.0 0.0 
4407 4.355 0.0003565713985073575 0.0 0.0 0.0003565713985073575 0.0 0.0 0.0 0.0 0.0 0.0 0.0 0.0 0.0 0.0 0.0 0.0 0.0 0.0 0.0 0.0 0.0 
4408 4.356 0.00035661034018724766 0.0 0.0 0.00035661034018724766 0.0 0.0 0.0 0.0 0.0 0.0 0.0 0.0 0.0 0.0 0.0 0.0 0.0 0.0 0.0 0.0 0.0 
4409 4.357 0.00035664902049626566 0.0 0.0 0.00035664902049626566 0.0 0.0 0.0 0.0 0.0 0.0 0.0 0.0 0.0 0.0 0.0 0.0 0.0 0.0 0.0 0.0 0.0 
4410 4.358 0.0003566874391432867 0.0 0.0 0.0003566874391432867 0.0 0.0 0.0 0.0 0.0 0.0 0.0 0.0 0.0 0.0 0.0 0.0 0.0 0.0 0.0 0.0 0.0 
4411 4.359 0.0003567255958374349 0.0 0.0 0.0003567255958374349 0.0 0.0 0.0 0.0 0.0 0.0 0.0 0.0 0.0 0.0 0.0 0.0 0.0 0.0 0.0 0.0 0.0 
4412 4.36 0.0003567634902880859 0.0 0.0 0.0003567634902880859 0.0 0.0 0.0 0.0 0.0 0.0 0.0 0.0 0.0 0.0 0.0 0.0 0.0 0.0 0.0 0.0 0.0 
4413 4.361 0.0003568011222048664 0.0 0.0 0.0003568011222048664 0.0 0.0 0.0 0.0 0.0 0.0 0.0 0.0 0.0 0.0 0.0 0.0 0.0 0.0 0.0 0.0 0.0 
4414 4.362 0.00035683849129765734 0.0 0.0 0.00035683849129765734 0.0 0.0 0.0 0.0 0.0 0.0 0.0 0.0 0.0 0.0 0.0 0.0 0.0 0.0 0.0 0.0 0.0 
4415 4.363 0.00035687559727659384 0.0 0.0 0.00035687559727659384 0.0 0.0 0.0 0.0 0.0 0.0 0.0 0.0 0.0 0.0 0.0 0.0 0.0 0.0 0.0 0.0 0.0 
4416 4.364 0.00035691243985206707 0.0 0.0 0.00035691243985206707 0.0 0.0 0.0 0.0 0.0 0.0 0.0 0.0 0.0 0.0 0.0 0.0 0.0 0.0 0.0 0.0 0.0 
4417 4.365 0.00035694901873472586 0.0 0.0 0.00035694901873472586 0.0 0.0 0.0 0.0 0.0 0.0 0.0 0.0 0.0 0.0 0.0 0.0 0.0 0.0 0.0 0.0 0.0 
4418 4.366 0.00035698533363547763 0.0 0.0 0.00035698533363547763 0.0 0.0 0.0 0.0 0.0 0.0 0.0 0.0 0.0 0.0 0.0 0.0 0.0 0.0 0.0 0.0 0.0 
4419 4.367 0.0003570213842654898 0.0 0.0 0.0003570213842654898 0.0 0.0 0.0 0.0 0.0 0.0 0.0 0.0 0.0 0.0 0.0 0.0 0.0 0.0 0.0 0.0 0.0 
4420 4.368 0.00035705717033619126 0.0 0.0 0.00035705717033619126 0.0 0.0 0.0 0.0 0.0 0.0 0.0 0.0 0.0 0.0 0.0 0.0 0.0 0.0 0.0 0.0 0.0 
4421 4.369 0.00035709269155927343 0.0 0.0 0.00035709269155927343 0.0 0.0 0.0 0.0 0.0 0.0 0.0 0.0 0.0 0.0 0.0 0.0 0.0 0.0 0.0 0.0 0.0 
4422 4.37 0.00035712794764669234 0.0 0.0 0.00035712794764669234 0.0 0.0 0.0 0.0 0.0 0.0 0.0 0.0 0.0 0.0 0.0 0.0 0.0 0.0 0.0 0.0 0.0 
4423 4.371 0.0003571629383106687 0.0 0.0 0.0003571629383106687 0.0 0.0 0.0 0.0 0.0 0.0 0.0 0.0 0.0 0.0 0.0 0.0 0.0 0.0 0.0 0.0 0.0 
4424 4.372 0.0003571976632636907 0.0 0.0 0.0003571976632636907 0.0 0.0 0.0 0.0 0.0 0.0 0.0 0.0 0.0 0.0 0.0 0.0 0.0 0.0 0.0 0.0 0.0 
4425 4.373 0.00035723212221851436 0.0 0.0 0.00035723212221851436 0.0 0.0 0.0 0.0 0.0 0.0 0.0 0.0 0.0 0.0 0.0 0.0 0.0 0.0 0.0 0.0 0.0 
4426 4.374 0.00035726631488816515 0.0 0.0 0.00035726631488816515 0.0 0.0 0.0 0.0 0.0 0.0 0.0 0.0 0.0 0.0 0.0 0.0 0.0 0.0 0.0 0.0 0.0 
4427 4.375 0.00035730024098593944 0.0 0.0 0.00035730024098593944 0.0 0.0 0.0 0.0 0.0 0.0 0.0 0.0 0.0 0.0 0.0 0.0 0.0 0.0 0.0 0.0 0.0 
4428 4.376 0.000357333900225406 0.0 0.0 0.000357333900225406 0.0 0.0 0.0 0.0 0.0 0.0 0.0 0.0 0.0 0.0 0.0 0.0 0.0 0.0 0.0 0.0 0.0 
4429 4.377 0.00035736729232040696 0.0 0.0 0.00035736729232040696 0.0 0.0 0.0 0.0 0.0 0.0 0.0 0.0 0.0 0.0 0.0 0.0 0.0 0.0 0.0 0.0 0.0 
4430 4.378 0.0003574004169850592 0.0 0.0 0.0003574004169850592 0.0 0.0 0.0 0.0 0.0 0.0 0.0 0.0 0.0 0.0 0.0 0.0 0.0 0.0 0.0 0.0 0.0 
4431 4.379 0.0003574332739337562 0.0 0.0 0.0003574332739337562 0.0 0.0 0.0 0.0 0.0 0.0 0.0 0.0 0.0 0.0 0.0 0.0 0.0 0.0 0.0 0.0 0.0 
4432 4.38 0.0003574658628811692 0.0 0.0 0.0003574658628811692 0.0 0.0 0.0 0.0 0.0 0.0 0.0 0.0 0.0 0.0 0.0 0.0 0.0 0.0 0.0 0.0 0.0 
4433 4.381 0.00035749818354224785 0.0 0.0 0.00035749818354224785 0.0 0.0 0.0 0.0 0.0 0.0 0.0 0.0 0.0 0.0 0.0 0.0 0.0 0.0 0.0 0.0 0.0 
4434 4.382 0.0003575302356322228 0.0 0.0 0.0003575302356322228 0.0 0.0 0.0 0.0 0.0 0.0 0.0 0.0 0.0 0.0 0.0 0.0 0.0 0.0 0.0 0.0 0.0 
4435 4.383 0.00035756201886660616 0.0 0.0 0.00035756201886660616 0.0 0.0 0.0 0.0 0.0 0.0 0.0 0.0 0.0 0.0 0.0 0.0 0.0 0.0 0.0 0.0 0.0 
4436 4.384 0.0003575935329611932 0.0 0.0 0.0003575935329611932 0.0 0.0 0.0 0.0 0.0 0.0 0.0 0.0 0.0 0.0 0.0 0.0 0.0 0.0 0.0 0.0 0.0 
4437 4.385 0.0003576247776320636 0.0 0.0 0.0003576247776320636 0.0 0.0 0.0 0.0 0.0 0.0 0.0 0.0 0.0 0.0 0.0 0.0 0.0 0.0 0.0 0.0 0.0 
4438 4.386 0.000357655752595583 0.0 0.0 0.000357655752595583 0.0 0.0 0.0 0.0 0.0 0.0 0.0 0.0 0.0 0.0 0.0 0.0 0.0 0.0 0.0 0.0 0.0 
4439 4.387 0.0003576864575684043 0.0 0.0 0.0003576864575684043 0.0 0.0 0.0 0.0 0.0 0.0 0.0 0.0 0.0 0.0 0.0 0.0 0.0 0.0 0.0 0.0 0.0 
4440 4.388 0.00035771689226746906 0.0 0.0 0.00035771689226746906 0.0 0.0 0.0 0.0 0.0 0.0 0.0 0.0 0.0 0.0 0.0 0.0 0.0 0.0 0.0 0.0 0.0 
4441 4.389 0.00035774705641000845 0.0 0.0 0.00035774705641000845 0.0 0.0 0.0 0.0 0.0 0.0 0.0 0.0 0.0 0.0 0.0 0.0 0.0 0.0 0.0 0.0 0.0 
4442 4.39 0.00035777694971354557 0.0 0.0 0.00035777694971354557 0.0 0.0 0.0 0.0 0.0 0.0 0.0 0.0 0.0 0.0 0.0 0.0 0.0 0.0 0.0 0.0 0.0 
4443 4.391 0.0003578065718958959 0.0 0.0 0.0003578065718958959 0.0 0.0 0.0 0.0 0.0 0.0 0.0 0.0 0.0 0.0 0.0 0.0 0.0 0.0 0.0 0.0 0.0 
4444 4.391 0.0003578359226751691 0.0 0.0 0.0003578359226751691 0.0 0.0 0.0 0.0 0.0 0.0 0.0 0.0 0.0 0.0 0.0 0.0 0.0 0.0 0.0 0.0 0.0 
4445 4.392 0.0003578650017697705 0.0 0.0 0.0003578650017697705 0.0 0.0 0.0 0.0 0.0 0.0 0.0 0.0 0.0 0.0 0.0 0.0 0.0 0.0 0.0 0.0 0.0 
4446 4.393 0.00035789380889840217 0.0 0.0 0.00035789380889840217 0.0 0.0 0.0 0.0 0.0 0.0 0.0 0.0 0.0 0.0 0.0 0.0 0.0 0.0 0.0 0.0 0.0 
4447 4.394 0.0003579223437800646 0.0 0.0 0.0003579223437800646 0.0 0.0 0.0 0.0 0.0 0.0 0.0 0.0 0.0 0.0 0.0 0.0 0.0 0.0 0.0 0.0 0.0 
4448 4.395 0.0003579506061340578 0.0 0.0 0.0003579506061340578 0.0 0.0 0.0 0.0 0.0 0.0 0.0 0.0 0.0 0.0 0.0 0.0 0.0 0.0 0.0 0.0 0.0 
4449 4.396 0.0003579785956799831 0.0 0.0 0.0003579785956799831 0.0 0.0 0.0 0.0 0.0 0.0 0.0 0.0 0.0 0.0 0.0 0.0 0.0 0.0 0.0 0.0 0.0 
4450 4.397 0.00035800631213774416 0.0 0.0 0.00035800631213774416 0.0 0.0 0.0 0.0 0.0 0.0 0.0 0.0 0.0 0.0 0.0 0.0 0.0 0.0 0.0 0.0 0.0 
4451 4.398 0.00035803375522754853 0.0 0.0 0.00035803375522754853 0.0 0.0 0.0 0.0 0.0 0.0 0.0 0.0 0.0 0.0 0.0 0.0 0.0 0.0 0.0 0.0 0.0 
4452 4.399 0.0003580609246699087 0.0 0.0 0.0003580609246699087 0.0 0.0 0.0 0.0 0.0 0.0 0.0 0.0 0.0 0.0 0.0 0.0 0.0 0.0 0.0 0.0 0.0 
4453 4.4 0.0003580878201856446 0.0 0.0 0.0003580878201856446 0.0 0.0 0.0 0.0 0.0 0.0 0.0 0.0 0.0 0.0 0.0 0.0 0.0 0.0 0.0 0.0 0.0 
4454 4.401 0.00035811444149588334 0.0 0.0 0.00035811444149588334 0.0 0.0 0.0 0.0 0.0 0.0 0.0 0.0 0.0 0.0 0.0 0.0 0.0 0.0 0.0 0.0 0.0 
4455 4.402 0.00035814078832206204 0.0 0.0 0.00035814078832206204 0.0 0.0 0.0 0.0 0.0 0.0 0.0 0.0 0.0 0.0 0.0 0.0 0.0 0.0 0.0 0.0 0.0 
4456 4.403 0.0003581668603859286 0.0 0.0 0.0003581668603859286 0.0 0.0 0.0 0.0 0.0 0.0 0.0 0.0 0.0 0.0 0.0 0.0 0.0 0.0 0.0 0.0 0.0 
4457 4.404 0.00035819265740954294 0.0 0.0 0.00035819265740954294 0.0 0.0 0.0 0.0 0.0 0.0 0.0 0.0 0.0 0.0 0.0 0.0 0.0 0.0 0.0 0.0 0.0 
4458 4.405 0.00035821817911527886 0.0 0.0 0.00035821817911527886 0.0 0.0 0.0 0.0 0.0 0.0 0.0 0.0 0.0 0.0 0.0 0.0 0.0 0.0 0.0 0.0 0.0 
4459 4.406 0.0003582434252258253 0.0 0.0 0.0003582434252258253 0.0 0.0 0.0 0.0 0.0 0.0 0.0 0.0 0.0 0.0 0.0 0.0 0.0 0.0 0.0 0.0 0.0 
4460 4.407 0.0003582683954641875 0.0 0.0 0.0003582683954641875 0.0 0.0 0.0 0.0 0.0 0.0 0.0 0.0 0.0 0.0 0.0 0.0 0.0 0.0 0.0 0.0 0.0 
4461 4.408 0.00035829308955368877 0.0 0.0 0.00035829308955368877 0.0 0.0 0.0 0.0 0.0 0.0 0.0 0.0 0.0 0.0 0.0 0.0 0.0 0.0 0.0 0.0 0.0 
4462 4.409 0.0003583175072179715 0.0 0.0 0.0003583175072179715 0.0 0.0 0.0 0.0 0.0 0.0 0.0 0.0 0.0 0.0 0.0 0.0 0.0 0.0 0.0 0.0 0.0 
4463 4.41 0.0003583416481809991 0.0 0.0 0.0003583416481809991 0.0 0.0 0.0 0.0 0.0 0.0 0.0 0.0 0.0 0.0 0.0 0.0 0.0 0.0 0.0 0.0 0.0 
4464 4.411 0.0003583655121670569 0.0 0.0 0.0003583655121670569 0.0 0.0 0.0 0.0 0.0 0.0 0.0 0.0 0.0 0.0 0.0 0.0 0.0 0.0 0.0 0.0 0.0 
4465 4.412 0.0003583890989007539 0.0 0.0 0.0003583890989007539 0.0 0.0 0.0 0.0 0.0 0.0 0.0 0.0 0.0 0.0 0.0 0.0 0.0 0.0 0.0 0.0 0.0 
4466 4.413 0.0003584124081070241 0.0 0.0 0.0003584124081070241 0.0 0.0 0.0 0.0 0.0 0.0 0.0 0.0 0.0 0.0 0.0 0.0 0.0 0.0 0.0 0.0 0.0 
4467 4.414 0.0003584354395111276 0.0 0.0 0.0003584354395111276 0.0 0.0 0.0 0.0 0.0 0.0 0.0 0.0 0.0 0.0 0.0 0.0 0.0 0.0 0.0 0.0 0.0 
4468 4.415 0.00035845819283865295 0.0 0.0 0.00035845819283865295 0.0 0.0 0.0 0.0 0.0 0.0 0.0 0.0 0.0 0.0 0.0 0.0 0.0 0.0 0.0 0.0 0.0 
4469 4.416 0.00035848066781551713 0.0 0.0 0.00035848066781551713 0.0 0.0 0.0 0.0 0.0 0.0 0.0 0.0 0.0 0.0 0.0 0.0 0.0 0.0 0.0 0.0 0.0 
4470 4.417 0.0003585028641679686 0.0 0.0 0.0003585028641679686 0.0 0.0 0.0 0.0 0.0 0.0 0.0 0.0 0.0 0.0 0.0 0.0 0.0 0.0 0.0 0.0 0.0 
4471 4.418 0.00035852478162258717 0.0 0.0 0.00035852478162258717 0.0 0.0 0.0 0.0 0.0 0.0 0.0 0.0 0.0 0.0 0.0 0.0 0.0 0.0 0.0 0.0 0.0 
4472 4.419 0.0003585464199062868 0.0 0.0 0.0003585464199062868 0.0 0.0 0.0 0.0 0.0 0.0 0.0 0.0 0.0 0.0 0.0 0.0 0.0 0.0 0.0 0.0 0.0 
4473 4.42 0.0003585677787463161 0.0 0.0 0.0003585677787463161 0.0 0.0 0.0 0.0 0.0 0.0 0.0 0.0 0.0 0.0 0.0 0.0 0.0 0.0 0.0 0.0 0.0 
4474 4.421 0.0003585888578702599 0.0 0.0 0.0003585888578702599 0.0 0.0 0.0 0.0 0.0 0.0 0.0 0.0 0.0 0.0 0.0 0.0 0.0 0.0 0.0 0.0 0.0 
4475 4.422 0.00035860965700604123 0.0 0.0 0.00035860965700604123 0.0 0.0 0.0 0.0 0.0 0.0 0.0 0.0 0.0 0.0 0.0 0.0 0.0 0.0 0.0 0.0 0.0 
4476 4.423 0.00035863017588192217 0.0 0.0 0.00035863017588192217 0.0 0.0 0.0 0.0 0.0 0.0 0.0 0.0 0.0 0.0 0.0 0.0 0.0 0.0 0.0 0.0 0.0 
4477 4.424 0.0003586504142265056 0.0 0.0 0.0003586504142265056 0.0 0.0 0.0 0.0 0.0 0.0 0.0 0.0 0.0 0.0 0.0 0.0 0.0 0.0 0.0 0.0 0.0 
4478 4.425 0.0003586703717687362 0.0 0.0 0.0003586703717687362 0.0 0.0 0.0 0.0 0.0 0.0 0.0 0.0 0.0 0.0 0.0 0.0 0.0 0.0 0.0 0.0 0.0 
4479 4.426 0.0003586900482379026 0.0 0.0 0.0003586900482379026 0.0 0.0 0.0 0.0 0.0 0.0 0.0 0.0 0.0 0.0 0.0 0.0 0.0 0.0 0.0 0.0 0.0 
4480 4.427 0.00035870944336363825 0.0 0.0 0.00035870944336363825 0.0 0.0 0.0 0.0 0.0 0.0 0.0 0.0 0.0 0.0 0.0 0.0 0.0 0.0 0.0 0.0 0.0 
4481 4.428 0.000358728556875923 0.0 0.0 0.000358728556875923 0.0 0.0 0.0 0.0 0.0 0.0 0.0 0.0 0.0 0.0 0.0 0.0 0.0 0.0 0.0 0.0 0.0 
4482 4.429 0.0003587473885050849 0.0 0.0 0.0003587473885050849 0.0 0.0 0.0 0.0 0.0 0.0 0.0 0.0 0.0 0.0 0.0 0.0 0.0 0.0 0.0 0.0 0.0 
4483 4.43 0.00035876593798180094 0.0 0.0 0.00035876593798180094 0.0 0.0 0.0 0.0 0.0 0.0 0.0 0.0 0.0 0.0 0.0 0.0 0.0 0.0 0.0 0.0 0.0 
4484 4.431 0.00035878420503709897 0.0 0.0 0.00035878420503709897 0.0 0.0 0.0 0.0 0.0 0.0 0.0 0.0 0.0 0.0 0.0 0.0 0.0 0.0 0.0 0.0 0.0 
4485 4.432 0.0003588021894023595 0.0 0.0 0.0003588021894023595 0.0 0.0 0.0 0.0 0.0 0.0 0.0 0.0 0.0 0.0 0.0 0.0 0.0 0.0 0.0 0.0 0.0 
4486 4.433 0.0003588198908093161 0.0 0.0 0.0003588198908093161 0.0 0.0 0.0 0.0 0.0 0.0 0.0 0.0 0.0 0.0 0.0 0.0 0.0 0.0 0.0 0.0 0.0 
4487 4.434 0.00035883730899005786 0.0 0.0 0.00035883730899005786 0.0 0.0 0.0 0.0 0.0 0.0 0.0 0.0 0.0 0.0 0.0 0.0 0.0 0.0 0.0 0.0 0.0 
4488 4.435 0.0003588544436770304 0.0 0.0 0.0003588544436770304 0.0 0.0 0.0 0.0 0.0 0.0 0.0 0.0 0.0 0.0 0.0 0.0 0.0 0.0 0.0 0.0 0.0 
4489 4.436 0.0003588712946030374 0.0 0.0 0.0003588712946030374 0.0 0.0 0.0 0.0 0.0 0.0 0.0 0.0 0.0 0.0 0.0 0.0 0.0 0.0 0.0 0.0 0.0 
4490 4.437 0.0003588878615012418 0.0 0.0 0.0003588878615012418 0.0 0.0 0.0 0.0 0.0 0.0 0.0 0.0 0.0 0.0 0.0 0.0 0.0 0.0 0.0 0.0 0.0 
4491 4.438 0.0003589041441051678 0.0 0.0 0.0003589041441051678 0.0 0.0 0.0 0.0 0.0 0.0 0.0 0.0 0.0 0.0 0.0 0.0 0.0 0.0 0.0 0.0 0.0 
4492 4.439 0.000358920142148702 0.0 0.0 0.000358920142148702 0.0 0.0 0.0 0.0 0.0 0.0 0.0 0.0 0.0 0.0 0.0 0.0 0.0 0.0 0.0 0.0 0.0 
4493 4.44 0.0003589358553660945 0.0 0.0 0.0003589358553660945 0.0 0.0 0.0 0.0 0.0 0.0 0.0 0.0 0.0 0.0 0.0 0.0 0.0 0.0 0.0 0.0 0.0 
4494 4.441 0.00035895128349196123 0.0 0.0 0.00035895128349196123 0.0 0.0 0.0 0.0 0.0 0.0 0.0 0.0 0.0 0.0 0.0 0.0 0.0 0.0 0.0 0.0 0.0 
4495 4.442 0.0003589664262612847 0.0 0.0 0.0003589664262612847 0.0 0.0 0.0 0.0 0.0 0.0 0.0 0.0 0.0 0.0 0.0 0.0 0.0 0.0 0.0 0.0 0.0 
4496 4.443 0.00035898128340941553 0.0 0.0 0.00035898128340941553 0.0 0.0 0.0 0.0 0.0 0.0 0.0 0.0 0.0 0.0 0.0 0.0 0.0 0.0 0.0 0.0 0.0 
4497 4.444 0.00035899585467207435 0.0 0.0 0.00035899585467207435 0.0 0.0 0.0 0.0 0.0 0.0 0.0 0.0 0.0 0.0 0.0 0.0 0.0 0.0 0.0 0.0 0.0 
4498 4.445 0.0003590101397853527 0.0 0.0 0.0003590101397853527 0.0 0.0 0.0 0.0 0.0 0.0 0.0 0.0 0.0 0.0 0.0 0.0 0.0 0.0 0.0 0.0 0.0 
4499 4.446 0.0003590241384857153 0.0 0.0 0.0003590241384857153 0.0 0.0 0.0 0.0 0.0 0.0 0.0 0.0 0.0 0.0 0.0 0.0 0.0 0.0 0.0 0.0 0.0 
4500 4.447 0.00035903785051000036 0.0 0.0 0.00035903785051000036 0.0 0.0 0.0 0.0 0.0 0.0 0.0 0.0 0.0 0.0 0.0 0.0 0.0 0.0 0.0 0.0 0.0 
4501 4.448 0.00035905127559542207 0.0 0.0 0.00035905127559542207 0.0 0.0 0.0 0.0 0.0 0.0 0.0 0.0 0.0 0.0 0.0 0.0 0.0 0.0 0.0 0.0 0.0 
4502 4.449 0.00035906441347957174 0.0 0.0 0.00035906441347957174 0.0 0.0 0.0 0.0 0.0 0.0 0.0 0.0 0.0 0.0 0.0 0.0 0.0 0.0 0.0 0.0 0.0 
4503 4.45 0.00035907726390041906 0.0 0.0 0.00035907726390041906 0.0 0.0 0.0 0.0 0.0 0.0 0.0 0.0 0.0 0.0 0.0 0.0 0.0 0.0 0.0 0.0 0.0 
4504 4.451 0.0003590898265963139 0.0 0.0 0.0003590898265963139 0.0 0.0 0.0 0.0 0.0 0.0 0.0 0.0 0.0 0.0 0.0 0.0 0.0 0.0 0.0 0.0 0.0 
4505 4.452 0.00035910210130598756 0.0 0.0 0.00035910210130598756 0.0 0.0 0.0 0.0 0.0 0.0 0.0 0.0 0.0 0.0 0.0 0.0 0.0 0.0 0.0 0.0 0.0 
4506 4.453 0.00035911408776855436 0.0 0.0 0.00035911408776855436 0.0 0.0 0.0 0.0 0.0 0.0 0.0 0.0 0.0 0.0 0.0 0.0 0.0 0.0 0.0 0.0 0.0 
4507 4.454 0.0003591257857235133 0.0 0.0 0.0003591257857235133 0.0 0.0 0.0 0.0 0.0 0.0 0.0 0.0 0.0 0.0 0.0 0.0 0.0 0.0 0.0 0.0 0.0 
4508 4.455 0.0003591371949107489 0.0 0.0 0.0003591371949107489 0.0 0.0 0.0 0.0 0.0 0.0 0.0 0.0 0.0 0.0 0.0 0.0 0.0 0.0 0.0 0.0 0.0 
4509 4.456 0.00035914831507053346 0.0 0.0 0.00035914831507053346 0.0 0.0 0.0 0.0 0.0 0.0 0.0 0.0 0.0 0.0 0.0 0.0 0.0 0.0 0.0 0.0 0.0 
4510 4.457 0.0003591591459435282 0.0 0.0 0.0003591591459435282 0.0 0.0 0.0 0.0 0.0 0.0 0.0 0.0 0.0 0.0 0.0 0.0 0.0 0.0 0.0 0.0 0.0 
4511 4.458 0.0003591696872707848 0.0 0.0 0.0003591696872707848 0.0 0.0 0.0 0.0 0.0 0.0 0.0 0.0 0.0 0.0 0.0 0.0 0.0 0.0 0.0 0.0 0.0 
4512 4.459 0.0003591799387937464 0.0 0.0 0.0003591799387937464 0.0 0.0 0.0 0.0 0.0 0.0 0.0 0.0 0.0 0.0 0.0 0.0 0.0 0.0 0.0 0.0 0.0 
4513 4.46 0.00035918990025425005 0.0 0.0 0.00035918990025425005 0.0 0.0 0.0 0.0 0.0 0.0 0.0 0.0 0.0 0.0 0.0 0.0 0.0 0.0 0.0 0.0 0.0 
4514 4.461 0.00035919957139452765 0.0 0.0 0.00035919957139452765 0.0 0.0 0.0 0.0 0.0 0.0 0.0 0.0 0.0 0.0 0.0 0.0 0.0 0.0 0.0 0.0 0.0 
4515 4.462 0.0003592089519572072 0.0 0.0 0.0003592089519572072 0.0 0.0 0.0 0.0 0.0 0.0 0.0 0.0 0.0 0.0 0.0 0.0 0.0 0.0 0.0 0.0 0.0 
4516 4.463 0.00035921804168531467 0.0 0.0 0.00035921804168531467 0.0 0.0 0.0 0.0 0.0 0.0 0.0 0.0 0.0 0.0 0.0 0.0 0.0 0.0 0.0 0.0 0.0 
4517 4.464 0.00035922684032227566 0.0 0.0 0.00035922684032227566 0.0 0.0 0.0 0.0 0.0 0.0 0.0 0.0 0.0 0.0 0.0 0.0 0.0 0.0 0.0 0.0 0.0 
4518 4.465 0.00035923534761191615 0.0 0.0 0.00035923534761191615 0.0 0.0 0.0 0.0 0.0 0.0 0.0 0.0 0.0 0.0 0.0 0.0 0.0 0.0 0.0 0.0 0.0 
4519 4.466 0.0003592435632984649 0.0 0.0 0.0003592435632984649 0.0 0.0 0.0 0.0 0.0 0.0 0.0 0.0 0.0 0.0 0.0 0.0 0.0 0.0 0.0 0.0 0.0 
4520 4.467 0.0003592514871265544 0.0 0.0 0.0003592514871265544 0.0 0.0 0.0 0.0 0.0 0.0 0.0 0.0 0.0 0.0 0.0 0.0 0.0 0.0 0.0 0.0 0.0 
4521 4.468 0.00035925911884122257 0.0 0.0 0.00035925911884122257 0.0 0.0 0.0 0.0 0.0 0.0 0.0 0.0 0.0 0.0 0.0 0.0 0.0 0.0 0.0 0.0 0.0 
4522 4.469 0.00035926645818791395 0.0 0.0 0.00035926645818791395 0.0 0.0 0.0 0.0 0.0 0.0 0.0 0.0 0.0 0.0 0.0 0.0 0.0 0.0 0.0 0.0 0.0 
4523 4.47 0.00035927350491248185 0.0 0.0 0.00035927350491248185 0.0 0.0 0.0 0.0 0.0 0.0 0.0 0.0 0.0 0.0 0.0 0.0 0.0 0.0 0.0 0.0 0.0 
4524 4.471 0.00035928025876118903 0.0 0.0 0.00035928025876118903 0.0 0.0 0.0 0.0 0.0 0.0 0.0 0.0 0.0 0.0 0.0 0.0 0.0 0.0 0.0 0.0 0.0 
4525 4.472 0.00035928671948071004 0.0 0.0 0.00035928671948071004 0.0 0.0 0.0 0.0 0.0 0.0 0.0 0.0 0.0 0.0 0.0 0.0 0.0 0.0 0.0 0.0 0.0 
4526 4.473 0.000359292886818132 0.0 0.0 0.000359292886818132 0.0 0.0 0.0 0.0 0.0 0.0 0.0 0.0 0.0 0.0 0.0 0.0 0.0 0.0 0.0 0.0 0.0 
4527 4.474 0.0003592987605209567 0.0 0.0 0.0003592987605209567 0.0 0.0 0.0 0.0 0.0 0.0 0.0 0.0 0.0 0.0 0.0 0.0 0.0 0.0 0.0 0.0 0.0 
4528 4.474 0.0003593043403371014 0.0 0.0 0.0003593043403371014 0.0 0.0 0.0 0.0 0.0 0.0 0.0 0.0 0.0 0.0 0.0 0.0 0.0 0.0 0.0 0.0 0.0 
4529 4.475 0.0003593096260149014 0.0 0.0 0.0003593096260149014 0.0 0.0 0.0 0.0 0.0 0.0 0.0 0.0 0.0 0.0 0.0 0.0 0.0 0.0 0.0 0.0 0.0 
4530 4.476 0.00035931461730311055 0.0 0.0 0.00035931461730311055 0.0 0.0 0.0 0.0 0.0 0.0 0.0 0.0 0.0 0.0 0.0 0.0 0.0 0.0 0.0 0.0 0.0 
4531 4.477 0.0003593193139509033 0.0 0.0 0.0003593193139509033 0.0 0.0 0.0 0.0 0.0 0.0 0.0 0.0 0.0 0.0 0.0 0.0 0.0 0.0 0.0 0.0 0.0 
4532 4.478 0.00035932371570787593 0.0 0.0 0.00035932371570787593 0.0 0.0 0.0 0.0 0.0 0.0 0.0 0.0 0.0 0.0 0.0 0.0 0.0 0.0 0.0 0.0 0.0 
4533 4.479 0.0003593278223240482 0.0 0.0 0.0003593278223240482 0.0 0.0 0.0 0.0 0.0 0.0 0.0 0.0 0.0 0.0 0.0 0.0 0.0 0.0 0.0 0.0 0.0 
4534 4.48 0.00035933163354986514 0.0 0.0 0.00035933163354986514 0.0 0.0 0.0 0.0 0.0 0.0 0.0 0.0 0.0 0.0 0.0 0.0 0.0 0.0 0.0 0.0 0.0 
4535 4.481 0.0003593351491361981 0.0 0.0 0.0003593351491361981 0.0 0.0 0.0 0.0 0.0 0.0 0.0 0.0 0.0 0.0 0.0 0.0 0.0 0.0 0.0 0.0 0.0 
4536 4.482 0.0003593383688343464 0.0 0.0 0.0003593383688343464 0.0 0.0 0.0 0.0 0.0 0.0 0.0 0.0 0.0 0.0 0.0 0.0 0.0 0.0 0.0 0.0 0.0 
4537 4.483 0.0003593412923960391 0.0 0.0 0.0003593412923960391 0.0 0.0 0.0 0.0 0.0 0.0 0.0 0.0 0.0 0.0 0.0 0.0 0.0 0.0 0.0 0.0 0.0 
4538 4.484 0.0003593439195734363 0.0 0.0 0.0003593439195734363 0.0 0.0 0.0 0.0 0.0 0.0 0.0 0.0 0.0 0.0 0.0 0.0 0.0 0.0 0.0 0.0 0.0 
4539 4.485 0.00035934625011913084 0.0 0.0 0.00035934625011913084 0.0 0.0 0.0 0.0 0.0 0.0 0.0 0.0 0.0 0.0 0.0 0.0 0.0 0.0 0.0 0.0 0.0 
4540 4.486 0.0003593482837861494 0.0 0.0 0.0003593482837861494 0.0 0.0 0.0 0.0 0.0 0.0 0.0 0.0 0.0 0.0 0.0 0.0 0.0 0.0 0.0 0.0 0.0 
4541 4.487 0.00035935002032795463 0.0 0.0 0.00035935002032795463 0.0 0.0 0.0 0.0 0.0 0.0 0.0 0.0 0.0 0.0 0.0 0.0 0.0 0.0 0.0 0.0 0.0 
4542 4.488 0.0003593514594984463 0.0 0.0 0.0003593514594984463 0.0 0.0 0.0 0.0 0.0 0.0 0.0 0.0 0.0 0.0 0.0 0.0 0.0 0.0 0.0 0.0 0.0 
4543 4.489 0.0003593526010519628 0.0 0.0 0.0003593526010519628 0.0 0.0 0.0 0.0 0.0 0.0 0.0 0.0 0.0 0.0 0.0 0.0 0.0 0.0 0.0 0.0 0.0 
4544 4.49 0.0003593534447432832 0.0 0.0 0.0003593534447432832 0.0 0.0 0.0 0.0 0.0 0.0 0.0 0.0 0.0 0.0 0.0 0.0 0.0 0.0 0.0 0.0 0.0 
4545 4.491 0.0003593539903276277 0.0 0.0 0.0003593539903276277 0.0 0.0 0.0 0.0 0.0 0.0 0.0 0.0 0.0 0.0 0.0 0.0 0.0 0.0 0.0 0.0 0.0 
4546 4.492 0.00035935423756066037 0.0 0.0 0.00035935423756066037 0.0 0.0 0.0 0.0 0.0 0.0 0.0 0.0 0.0 0.0 0.0 0.0 0.0 0.0 0.0 0.0 0.0 
4547 4.493 0.00035935418619849005 0.0 0.0 0.00035935418619849005 0.0 0.0 0.0 0.0 0.0 0.0 0.0 0.0 0.0 0.0 0.0 0.0 0.0 0.0 0.0 0.0 0.0 
4548 4.494 0.0003593538359976718 0.0 0.0 0.0003593538359976718 0.0 0.0 0.0 0.0 0.0 0.0 0.0 0.0 0.0 0.0 0.0 0.0 0.0 0.0 0.0 0.0 0.0 
4549 4.495 0.00035935318671520897 0.0 0.0 0.00035935318671520897 0.0 0.0 0.0 0.0 0.0 0.0 0.0 0.0 0.0 0.0 0.0 0.0 0.0 0.0 0.0 0.0 0.0 
4550 4.496 0.000359352238108554 0.0 0.0 0.000359352238108554 0.0 0.0 0.0 0.0 0.0 0.0 0.0 0.0 0.0 0.0 0.0 0.0 0.0 0.0 0.0 0.0 0.0 
4551 4.497 0.00035935098993561057 0.0 0.0 0.00035935098993561057 0.0 0.0 0.0 0.0 0.0 0.0 0.0 0.0 0.0 0.0 0.0 0.0 0.0 0.0 0.0 0.0 0.0 
4552 4.498 0.0003593494419547351 0.0 0.0 0.0003593494419547351 0.0 0.0 0.0 0.0 0.0 0.0 0.0 0.0 0.0 0.0 0.0 0.0 0.0 0.0 0.0 0.0 0.0 
4553 4.499 0.00035934759392473783 0.0 0.0 0.00035934759392473783 0.0 0.0 0.0 0.0 0.0 0.0 0.0 0.0 0.0 0.0 0.0 0.0 0.0 0.0 0.0 0.0 0.0 
4554 4.5 0.00035934544560488476 0.0 0.0 0.00035934544560488476 0.0 0.0 0.0 0.0 0.0 0.0 0.0 0.0 0.0 0.0 0.0 0.0 0.0 0.0 0.0 0.0 0.0 
4555 4.501 0.0003593429967548993 0.0 0.0 0.0003593429967548993 0.0 0.0 0.0 0.0 0.0 0.0 0.0 0.0 0.0 0.0 0.0 0.0 0.0 0.0 0.0 0.0 0.0 
4556 4.502 0.00035934024713496314 0.0 0.0 0.00035934024713496314 0.0 0.0 0.0 0.0 0.0 0.0 0.0 0.0 0.0 0.0 0.0 0.0 0.0 0.0 0.0 0.0 0.0 
4557 4.503 0.0003593371965057188 0.0 0.0 0.0003593371965057188 0.0 0.0 0.0 0.0 0.0 0.0 0.0 0.0 0.0 0.0 0.0 0.0 0.0 0.0 0.0 0.0 0.0 
4558 4.504 0.00035933384462827047 0.0 0.0 0.00035933384462827047 0.0 0.0 0.0 0.0 0.0 0.0 0.0 0.0 0.0 0.0 0.0 0.0 0.0 0.0 0.0 0.0 0.0 
4559 4.505 0.00035933019126418574 0.0 0.0 0.00035933019126418574 0.0 0.0 0.0 0.0 0.0 0.0 0.0 0.0 0.0 0.0 0.0 0.0 0.0 0.0 0.0 0.0 0.0 
4560 4.506 0.0003593262361754969 0.0 0.0 0.0003593262361754969 0.0 0.0 0.0 0.0 0.0 0.0 0.0 0.0 0.0 0.0 0.0 0.0 0.0 0.0 0.0 0.0 0.0 
4561 4.507 0.00035932197912470315 0.0 0.0 0.00035932197912470315 0.0 0.0 0.0 0.0 0.0 0.0 0.0 0.0 0.0 0.0 0.0 0.0 0.0 0.0 0.0 0.0 0.0 
4562 4.508 0.00035931741987477156 0.0 0.0 0.00035931741987477156 0.0 0.0 0.0 0.0 0.0 0.0 0.0 0.0 0.0 0.0 0.0 0.0 0.0 0.0 0.0 0.0 0.0 
4563 4.509 0.00035931255818913877 0.0 0.0 0.00035931255818913877 0.0 0.0 0.0 0.0 0.0 0.0 0.0 0.0 0.0 0.0 0.0 0.0 0.0 0.0 0.0 0.0 0.0 
4564 4.51 0.00035930739383171296 0.0 0.0 0.00035930739383171296 0.0 0.0 0.0 0.0 0.0 0.0 0.0 0.0 0.0 0.0 0.0 0.0 0.0 0.0 0.0 0.0 0.0 
4565 4.511 0.00035930192656687446 0.0 0.0 0.00035930192656687446 0.0 0.0 0.0 0.0 0.0 0.0 0.0 0.0 0.0 0.0 0.0 0.0 0.0 0.0 0.0 0.0 0.0 
4566 4.512 0.0003592961561594785 0.0 0.0 0.0003592961561594785 0.0 0.0 0.0 0.0 0.0 0.0 0.0 0.0 0.0 0.0 0.0 0.0 0.0 0.0 0.0 0.0 0.0 
4567 4.513 0.00035929008237485575 0.0 0.0 0.00035929008237485575 0.0 0.0 0.0 0.0 0.0 0.0 0.0 0.0 0.0 0.0 0.0 0.0 0.0 0.0 0.0 0.0 0.0 
4568 4.514 0.00035928370497881443 0.0 0.0 0.00035928370497881443 0.0 0.0 0.0 0.0 0.0 0.0 0.0 0.0 0.0 0.0 0.0 0.0 0.0 0.0 0.0 0.0 0.0 
4569 4.515 0.0003592770237376418 0.0 0.0 0.0003592770237376418 0.0 0.0 0.0 0.0 0.0 0.0 0.0 0.0 0.0 0.0 0.0 0.0 0.0 0.0 0.0 0.0 0.0 
4570 4.516 0.0003592700384181056 0.0 0.0 0.0003592700384181056 0.0 0.0 0.0 0.0 0.0 0.0 0.0 0.0 0.0 0.0 0.0 0.0 0.0 0.0 0.0 0.0 0.0 
4571 4.517 0.00035926274878745565 0.0 0.0 0.00035926274878745565 0.0 0.0 0.0 0.0 0.0 0.0 0.0 0.0 0.0 0.0 0.0 0.0 0.0 0.0 0.0 0.0 0.0 
4572 4.518 0.00035925515461342574 0.0 0.0 0.00035925515461342574 0.0 0.0 0.0 0.0 0.0 0.0 0.0 0.0 0.0 0.0 0.0 0.0 0.0 0.0 0.0 0.0 0.0 
4573 4.519 0.00035924725566423445 0.0 0.0 0.00035924725566423445 0.0 0.0 0.0 0.0 0.0 0.0 0.0 0.0 0.0 0.0 0.0 0.0 0.0 0.0 0.0 0.0 0.0 
4574 4.52 0.0003592390517085877 0.0 0.0 0.0003592390517085877 0.0 0.0 0.0 0.0 0.0 0.0 0.0 0.0 0.0 0.0 0.0 0.0 0.0 0.0 0.0 0.0 0.0 
4575 4.521 0.0003592305425156792 0.0 0.0 0.0003592305425156792 0.0 0.0 0.0 0.0 0.0 0.0 0.0 0.0 0.0 0.0 0.0 0.0 0.0 0.0 0.0 0.0 0.0 
4576 4.522 0.00035922172785519306 0.0 0.0 0.00035922172785519306 0.0 0.0 0.0 0.0 0.0 0.0 0.0 0.0 0.0 0.0 0.0 0.0 0.0 0.0 0.0 0.0 0.0 
4577 4.523 0.0003592126074973049 0.0 0.0 0.0003592126074973049 0.0 0.0 0.0 0.0 0.0 0.0 0.0 0.0 0.0 0.0 0.0 0.0 0.0 0.0 0.0 0.0 0.0 
4578 4.524 0.0003592031812126833 0.0 0.0 0.0003592031812126833 0.0 0.0 0.0 0.0 0.0 0.0 0.0 0.0 0.0 0.0 0.0 0.0 0.0 0.0 0.0 0.0 0.0 
4579 4.525 0.0003591934487724916 0.0 0.0 0.0003591934487724916 0.0 0.0 0.0 0.0 0.0 0.0 0.0 0.0 0.0 0.0 0.0 0.0 0.0 0.0 0.0 0.0 0.0 
4580 4.526 0.00035918340994838926 0.0 0.0 0.00035918340994838926 0.0 0.0 0.0 0.0 0.0 0.0 0.0 0.0 0.0 0.0 0.0 0.0 0.0 0.0 0.0 0.0 0.0 
4581 4.527 0.00035917306451253394 0.0 0.0 0.00035917306451253394 0.0 0.0 0.0 0.0 0.0 0.0 0.0 0.0 0.0 0.0 0.0 0.0 0.0 0.0 0.0 0.0 0.0 
4582 4.528 0.0003591624122375823 0.0 0.0 0.0003591624122375823 0.0 0.0 0.0 0.0 0.0 0.0 0.0 0.0 0.0 0.0 0.0 0.0 0.0 0.0 0.0 0.0 0.0 
4583 4.529 0.0003591514528966921 0.0 0.0 0.0003591514528966921 0.0 0.0 0.0 0.0 0.0 0.0 0.0 0.0 0.0 0.0 0.0 0.0 0.0 0.0 0.0 0.0 0.0 
4584 4.53 0.0003591401862635239 0.0 0.0 0.0003591401862635239 0.0 0.0 0.0 0.0 0.0 0.0 0.0 0.0 0.0 0.0 0.0 0.0 0.0 0.0 0.0 0.0 0.0 
4585 4.531 0.000359128612112242 0.0 0.0 0.000359128612112242 0.0 0.0 0.0 0.0 0.0 0.0 0.0 0.0 0.0 0.0 0.0 0.0 0.0 0.0 0.0 0.0 0.0 
4586 4.532 0.0003591167302175171 0.0 0.0 0.0003591167302175171 0.0 0.0 0.0 0.0 0.0 0.0 0.0 0.0 0.0 0.0 0.0 0.0 0.0 0.0 0.0 0.0 0.0 
4587 4.533 0.0003591045403545266 0.0 0.0 0.0003591045403545266 0.0 0.0 0.0 0.0 0.0 0.0 0.0 0.0 0.0 0.0 0.0 0.0 0.0 0.0 0.0 0.0 0.0 
4588 4.534 0.0003590920422989568 0.0 0.0 0.0003590920422989568 0.0 0.0 0.0 0.0 0.0 0.0 0.0 0.0 0.0 0.0 0.0 0.0 0.0 0.0 0.0 0.0 0.0 
4589 4.535 0.00035907923582700495 0.0 0.0 0.00035907923582700495 0.0 0.0 0.0 0.0 0.0 0.0 0.0 0.0 0.0 0.0 0.0 0.0 0.0 0.0 0.0 0.0 0.0 
4590 4.536 0.00035906612071538014 0.0 0.0 0.00035906612071538014 0.0 0.0 0.0 0.0 0.0 0.0 0.0 0.0 0.0 0.0 0.0 0.0 0.0 0.0 0.0 0.0 0.0 
4591 4.537 0.00035905269674130517 0.0 0.0 0.00035905269674130517 0.0 0.0 0.0 0.0 0.0 0.0 0.0 0.0 0.0 0.0 0.0 0.0 0.0 0.0 0.0 0.0 0.0 
4592 4.538 0.00035903896368251795 0.0 0.0 0.00035903896368251795 0.0 0.0 0.0 0.0 0.0 0.0 0.0 0.0 0.0 0.0 0.0 0.0 0.0 0.0 0.0 0.0 0.0 
4593 4.539 0.00035902492131727345 0.0 0.0 0.00035902492131727345 0.0 0.0 0.0 0.0 0.0 0.0 0.0 0.0 0.0 0.0 0.0 0.0 0.0 0.0 0.0 0.0 0.0 
4594 4.54 0.0003590105694243448 0.0 0.0 0.0003590105694243448 0.0 0.0 0.0 0.0 0.0 0.0 0.0 0.0 0.0 0.0 0.0 0.0 0.0 0.0 0.0 0.0 0.0 
4595 4.541 0.0003589959077830255 0.0 0.0 0.0003589959077830255 0.0 0.0 0.0 0.0 0.0 0.0 0.0 0.0 0.0 0.0 0.0 0.0 0.0 0.0 0.0 0.0 0.0 
4596 4.542 0.0003589809361731305 0.0 0.0 0.0003589809361731305 0.0 0.0 0.0 0.0 0.0 0.0 0.0 0.0 0.0 0.0 0.0 0.0 0.0 0.0 0.0 0.0 0.0 
4597 4.543 0.0003589656543749979 0.0 0.0 0.0003589656543749979 0.0 0.0 0.0 0.0 0.0 0.0 0.0 0.0 0.0 0.0 0.0 0.0 0.0 0.0 0.0 0.0 0.0 
4598 4.544 0.0003589500621694908 0.0 0.0 0.0003589500621694908 0.0 0.0 0.0 0.0 0.0 0.0 0.0 0.0 0.0 0.0 0.0 0.0 0.0 0.0 0.0 0.0 0.0 
4599 4.545 0.00035893415933799857 0.0 0.0 0.00035893415933799857 0.0 0.0 0.0 0.0 0.0 0.0 0.0 0.0 0.0 0.0 0.0 0.0 0.0 0.0 0.0 0.0 0.0 
4600 4.546 0.00035891794566243854 0.0 0.0 0.00035891794566243854 0.0 0.0 0.0 0.0 0.0 0.0 0.0 0.0 0.0 0.0 0.0 0.0 0.0 0.0 0.0 0.0 0.0 
4601 4.547 0.00035890142092525777 0.0 0.0 0.00035890142092525777 0.0 0.0 0.0 0.0 0.0 0.0 0.0 0.0 0.0 0.0 0.0 0.0 0.0 0.0 0.0 0.0 0.0 
4602 4.548 0.0003588845849094346 0.0 0.0 0.0003588845849094346 0.0 0.0 0.0 0.0 0.0 0.0 0.0 0.0 0.0 0.0 0.0 0.0 0.0 0.0 0.0 0.0 0.0 
4603 4.549 0.00035886743739847987 0.0 0.0 0.00035886743739847987 0.0 0.0 0.0 0.0 0.0 0.0 0.0 0.0 0.0 0.0 0.0 0.0 0.0 0.0 0.0 0.0 0.0 
4604 4.55 0.0003588499781764391 0.0 0.0 0.0003588499781764391 0.0 0.0 0.0 0.0 0.0 0.0 0.0 0.0 0.0 0.0 0.0 0.0 0.0 0.0 0.0 0.0 0.0 
4605 4.551 0.0003588322070278938 0.0 0.0 0.0003588322070278938 0.0 0.0 0.0 0.0 0.0 0.0 0.0 0.0 0.0 0.0 0.0 0.0 0.0 0.0 0.0 0.0 0.0 
4606 4.552 0.00035881412373796307 0.0 0.0 0.00035881412373796307 0.0 0.0 0.0 0.0 0.0 0.0 0.0 0.0 0.0 0.0 0.0 0.0 0.0 0.0 0.0 0.0 0.0 
4607 4.553 0.00035879572809230495 0.0 0.0 0.00035879572809230495 0.0 0.0 0.0 0.0 0.0 0.0 0.0 0.0 0.0 0.0 0.0 0.0 0.0 0.0 0.0 0.0 0.0 
4608 4.554 0.0003587770198771188 0.0 0.0 0.0003587770198771188 0.0 0.0 0.0 0.0 0.0 0.0 0.0 0.0 0.0 0.0 0.0 0.0 0.0 0.0 0.0 0.0 0.0 
4609 4.555 0.0003587579988791461 0.0 0.0 0.0003587579988791461 0.0 0.0 0.0 0.0 0.0 0.0 0.0 0.0 0.0 0.0 0.0 0.0 0.0 0.0 0.0 0.0 0.0 
4610 4.556 0.0003587386648856723 0.0 0.0 0.0003587386648856723 0.0 0.0 0.0 0.0 0.0 0.0 0.0 0.0 0.0 0.0 0.0 0.0 0.0 0.0 0.0 0.0 0.0 
4611 4.557 0.00035871901768452883 0.0 0.0 0.00035871901768452883 0.0 0.0 0.0 0.0 0.0 0.0 0.0 0.0 0.0 0.0 0.0 0.0 0.0 0.0 0.0 0.0 0.0 
4612 4.558 0.00035869905706409393 0.0 0.0 0.00035869905706409393 0.0 0.0 0.0 0.0 0.0 0.0 0.0 0.0 0.0 0.0 0.0 0.0 0.0 0.0 0.0 0.0 0.0 
4613 4.558 0.00035867878281329506 0.0 0.0 0.00035867878281329506 0.0 0.0 0.0 0.0 0.0 0.0 0.0 0.0 0.0 0.0 0.0 0.0 0.0 0.0 0.0 0.0 0.0 
4614 4.559 0.0003586581947216102 0.0 0.0 0.0003586581947216102 0.0 0.0 0.0 0.0 0.0 0.0 0.0 0.0 0.0 0.0 0.0 0.0 0.0 0.0 0.0 0.0 0.0 
4615 4.56 0.00035863729257906897 0.0 0.0 0.00035863729257906897 0.0 0.0 0.0 0.0 0.0 0.0 0.0 0.0 0.0 0.0 0.0 0.0 0.0 0.0 0.0 0.0 0.0 
4616 4.561 0.0003586160761762551 0.0 0.0 0.0003586160761762551 0.0 0.0 0.0 0.0 0.0 0.0 0.0 0.0 0.0 0.0 0.0 0.0 0.0 0.0 0.0 0.0 0.0 
4617 4.562 0.0003585945453043076 0.0 0.0 0.0003585945453043076 0.0 0.0 0.0 0.0 0.0 0.0 0.0 0.0 0.0 0.0 0.0 0.0 0.0 0.0 0.0 0.0 0.0 
4618 4.563 0.0003585726997549222 0.0 0.0 0.0003585726997549222 0.0 0.0 0.0 0.0 0.0 0.0 0.0 0.0 0.0 0.0 0.0 0.0 0.0 0.0 0.0 0.0 0.0 
4619 4.564 0.00035855053932035337 0.0 0.0 0.00035855053932035337 0.0 0.0 0.0 0.0 0.0 0.0 0.0 0.0 0.0 0.0 0.0 0.0 0.0 0.0 0.0 0.0 0.0 
4620 4.565 0.00035852806379341564 0.0 0.0 0.00035852806379341564 0.0 0.0 0.0 0.0 0.0 0.0 0.0 0.0 0.0 0.0 0.0 0.0 0.0 0.0 0.0 0.0 0.0 
4621 4.566 0.00035850527296748527 0.0 0.0 0.00035850527296748527 0.0 0.0 0.0 0.0 0.0 0.0 0.0 0.0 0.0 0.0 0.0 0.0 0.0 0.0 0.0 0.0 0.0 
4622 4.567 0.00035848216663650215 0.0 0.0 0.00035848216663650215 0.0 0.0 0.0 0.0 0.0 0.0 0.0 0.0 0.0 0.0 0.0 0.0 0.0 0.0 0.0 0.0 0.0 
4623 4.568 0.00035845874459497105 0.0 0.0 0.00035845874459497105 0.0 0.0 0.0 0.0 0.0 0.0 0.0 0.0 0.0 0.0 0.0 0.0 0.0 0.0 0.0 0.0 0.0 
4624 4.569 0.0003584350066379633 0.0 0.0 0.0003584350066379633 0.0 0.0 0.0 0.0 0.0 0.0 0.0 0.0 0.0 0.0 0.0 0.0 0.0 0.0 0.0 0.0 0.0 
4625 4.57 0.00035841095256111856 0.0 0.0 0.00035841095256111856 0.0 0.0 0.0 0.0 0.0 0.0 0.0 0.0 0.0 0.0 0.0 0.0 0.0 0.0 0.0 0.0 0.0 
4626 4.571 0.00035838658216064633 0.0 0.0 0.00035838658216064633 0.0 0.0 0.0 0.0 0.0 0.0 0.0 0.0 0.0 0.0 0.0 0.0 0.0 0.0 0.0 0.0 0.0 
4627 4.572 0.0003583618952333278 0.0 0.0 0.0003583618952333278 0.0 0.0 0.0 0.0 0.0 0.0 0.0 0.0 0.0 0.0 0.0 0.0 0.0 0.0 0.0 0.0 0.0 
4628 4.573 0.00035833689157651716 0.0 0.0 0.00035833689157651716 0.0 0.0 0.0 0.0 0.0 0.0 0.0 0.0 0.0 0.0 0.0 0.0 0.0 0.0 0.0 0.0 0.0 
4629 4.574 0.0003583115709881431 0.0 0.0 0.0003583115709881431 0.0 0.0 0.0 0.0 0.0 0.0 0.0 0.0 0.0 0.0 0.0 0.0 0.0 0.0 0.0 0.0 0.0 
4630 4.575 0.000358285933266711 0.0 0.0 0.000358285933266711 0.0 0.0 0.0 0.0 0.0 0.0 0.0 0.0 0.0 0.0 0.0 0.0 0.0 0.0 0.0 0.0 0.0 
4631 4.576 0.00035825997821130437 0.0 0.0 0.00035825997821130437 0.0 0.0 0.0 0.0 0.0 0.0 0.0 0.0 0.0 0.0 0.0 0.0 0.0 0.0 0.0 0.0 0.0 
4632 4.577 0.000358233705621586 0.0 0.0 0.000358233705621586 0.0 0.0 0.0 0.0 0.0 0.0 0.0 0.0 0.0 0.0 0.0 0.0 0.0 0.0 0.0 0.0 0.0 
4633 4.578 0.00035820711529780004 0.0 0.0 0.00035820711529780004 0.0 0.0 0.0 0.0 0.0 0.0 0.0 0.0 0.0 0.0 0.0 0.0 0.0 0.0 0.0 0.0 0.0 
4634 4.579 0.00035818020704077384 0.0 0.0 0.00035818020704077384 0.0 0.0 0.0 0.0 0.0 0.0 0.0 0.0 0.0 0.0 0.0 0.0 0.0 0.0 0.0 0.0 0.0 
4635 4.58 0.0003581529806519186 0.0 0.0 0.0003581529806519186 0.0 0.0 0.0 0.0 0.0 0.0 0.0 0.0 0.0 0.0 0.0 0.0 0.0 0.0 0.0 0.0 0.0 
4636 4.581 0.00035812543593323243 0.0 0.0 0.00035812543593323243 0.0 0.0 0.0 0.0 0.0 0.0 0.0 0.0 0.0 0.0 0.0 0.0 0.0 0.0 0.0 0.0 0.0 
4637 4.582 0.00035809757268730067 0.0 0.0 0.00035809757268730067 0.0 0.0 0.0 0.0 0.0 0.0 0.0 0.0 0.0 0.0 0.0 0.0 0.0 0.0 0.0 0.0 0.0 
4638 4.583 0.00035806939071729834 0.0 0.0 0.00035806939071729834 0.0 0.0 0.0 0.0 0.0 0.0 0.0 0.0 0.0 0.0 0.0 0.0 0.0 0.0 0.0 0.0 0.0 
4639 4.584 0.00035804088982699145 0.0 0.0 0.00035804088982699145 0.0 0.0 0.0 0.0 0.0 0.0 0.0 0.0 0.0 0.0 0.0 0.0 0.0 0.0 0.0 0.0 0.0 
4640 4.585 0.0003580120698207385 0.0 0.0 0.0003580120698207385 0.0 0.0 0.0 0.0 0.0 0.0 0.0 0.0 0.0 0.0 0.0 0.0 0.0 0.0 0.0 0.0 0.0 
4641 4.586 0.00035798293050349285 0.0 0.0 0.00035798293050349285 0.0 0.0 0.0 0.0 0.0 0.0 0.0 0.0 0.0 0.0 0.0 0.0 0.0 0.0 0.0 0.0 0.0 
4642 4.587 0.000357953471680803 0.0 0.0 0.000357953471680803 0.0 0.0 0.0 0.0 0.0 0.0 0.0 0.0 0.0 0.0 0.0 0.0 0.0 0.0 0.0 0.0 0.0 
4643 4.588 0.0003579236931588156 0.0 0.0 0.0003579236931588156 0.0 0.0 0.0 0.0 0.0 0.0 0.0 0.0 0.0 0.0 0.0 0.0 0.0 0.0 0.0 0.0 0.0 
4644 4.589 0.0003578935947442765 0.0 0.0 0.0003578935947442765 0.0 0.0 0.0 0.0 0.0 0.0 0.0 0.0 0.0 0.0 0.0 0.0 0.0 0.0 0.0 0.0 0.0 
4645 4.59 0.00035786317624453225 0.0 0.0 0.00035786317624453225 0.0 0.0 0.0 0.0 0.0 0.0 0.0 0.0 0.0 0.0 0.0 0.0 0.0 0.0 0.0 0.0 0.0 
4646 4.591 0.0003578324374675317 0.0 0.0 0.0003578324374675317 0.0 0.0 0.0 0.0 0.0 0.0 0.0 0.0 0.0 0.0 0.0 0.0 0.0 0.0 0.0 0.0 0.0 
4647 4.592 0.00035780137822182824 0.0 0.0 0.00035780137822182824 0.0 0.0 0.0 0.0 0.0 0.0 0.0 0.0 0.0 0.0 0.0 0.0 0.0 0.0 0.0 0.0 0.0 
4648 4.593 0.0003577699983165809 0.0 0.0 0.0003577699983165809 0.0 0.0 0.0 0.0 0.0 0.0 0.0 0.0 0.0 0.0 0.0 0.0 0.0 0.0 0.0 0.0 0.0 
4649 4.594 0.0003577382975615559 0.0 0.0 0.0003577382975615559 0.0 0.0 0.0 0.0 0.0 0.0 0.0 0.0 0.0 0.0 0.0 0.0 0.0 0.0 0.0 0.0 0.0 
4650 4.595 0.0003577062757671289 0.0 0.0 0.0003577062757671289 0.0 0.0 0.0 0.0 0.0 0.0 0.0 0.0 0.0 0.0 0.0 0.0 0.0 0.0 0.0 0.0 0.0 
4651 4.596 0.0003576739327442858 0.0 0.0 0.0003576739327442858 0.0 0.0 0.0 0.0 0.0 0.0 0.0 0.0 0.0 0.0 0.0 0.0 0.0 0.0 0.0 0.0 0.0 
4652 4.597 0.0003576412683046253 0.0 0.0 0.0003576412683046253 0.0 0.0 0.0 0.0 0.0 0.0 0.0 0.0 0.0 0.0 0.0 0.0 0.0 0.0 0.0 0.0 0.0 
4653 4.598 0.0003576082822603596 0.0 0.0 0.0003576082822603596 0.0 0.0 0.0 0.0 0.0 0.0 0.0 0.0 0.0 0.0 0.0 0.0 0.0 0.0 0.0 0.0 0.0 
4654 4.599 0.000357574974424317 0.0 0.0 0.000357574974424317 0.0 0.0 0.0 0.0 0.0 0.0 0.0 0.0 0.0 0.0 0.0 0.0 0.0 0.0 0.0 0.0 0.0 
4655 4.6 0.0003575413446099428 0.0 0.0 0.0003575413446099428 0.0 0.0 0.0 0.0 0.0 0.0 0.0 0.0 0.0 0.0 0.0 0.0 0.0 0.0 0.0 0.0 0.0 
4656 4.601 0.00035750739263130124 0.0 0.0 0.00035750739263130124 0.0 0.0 0.0 0.0 0.0 0.0 0.0 0.0 0.0 0.0 0.0 0.0 0.0 0.0 0.0 0.0 0.0 
4657 4.602 0.00035747311830307705 0.0 0.0 0.00035747311830307705 0.0 0.0 0.0 0.0 0.0 0.0 0.0 0.0 0.0 0.0 0.0 0.0 0.0 0.0 0.0 0.0 0.0 
4658 4.603 0.00035743852144057736 0.0 0.0 0.00035743852144057736 0.0 0.0 0.0 0.0 0.0 0.0 0.0 0.0 0.0 0.0 0.0 0.0 0.0 0.0 0.0 0.0 0.0 
4659 4.604 0.00035740360185973296 0.0 0.0 0.00035740360185973296 0.0 0.0 0.0 0.0 0.0 0.0 0.0 0.0 0.0 0.0 0.0 0.0 0.0 0.0 0.0 0.0 0.0 
4660 4.605 0.0003573683593771003 0.0 0.0 0.0003573683593771003 0.0 0.0 0.0 0.0 0.0 0.0 0.0 0.0 0.0 0.0 0.0 0.0 0.0 0.0 0.0 0.0 0.0 
4661 4.606 0.0003573327938098629 0.0 0.0 0.0003573327938098629 0.0 0.0 0.0 0.0 0.0 0.0 0.0 0.0 0.0 0.0 0.0 0.0 0.0 0.0 0.0 0.0 0.0 
4662 4.607 0.000357296904975833 0.0 0.0 0.000357296904975833 0.0 0.0 0.0 0.0 0.0 0.0 0.0 0.0 0.0 0.0 0.0 0.0 0.0 0.0 0.0 0.0 0.0 
4663 4.608 0.0003572606926934535 0.0 0.0 0.0003572606926934535 0.0 0.0 0.0 0.0 0.0 0.0 0.0 0.0 0.0 0.0 0.0 0.0 0.0 0.0 0.0 0.0 0.0 
4664 4.609 0.000357224156781799 0.0 0.0 0.000357224156781799 0.0 0.0 0.0 0.0 0.0 0.0 0.0 0.0 0.0 0.0 0.0 0.0 0.0 0.0 0.0 0.0 0.0 
4665 4.61 0.00035718729706057836 0.0 0.0 0.00035718729706057836 0.0 0.0 0.0 0.0 0.0 0.0 0.0 0.0 0.0 0.0 0.0 0.0 0.0 0.0 0.0 0.0 0.0 
4666 4.611 0.0003571501133501356 0.0 0.0 0.0003571501133501356 0.0 0.0 0.0 0.0 0.0 0.0 0.0 0.0 0.0 0.0 0.0 0.0 0.0 0.0 0.0 0.0 0.0 
4667 4.612 0.0003571126054714516 0.0 0.0 0.0003571126054714516 0.0 0.0 0.0 0.0 0.0 0.0 0.0 0.0 0.0 0.0 0.0 0.0 0.0 0.0 0.0 0.0 0.0 
4668 4.613 0.0003570747732461462 0.0 0.0 0.0003570747732461462 0.0 0.0 0.0 0.0 0.0 0.0 0.0 0.0 0.0 0.0 0.0 0.0 0.0 0.0 0.0 0.0 0.0 
4669 4.614 0.0003570366164964794 0.0 0.0 0.0003570366164964794 0.0 0.0 0.0 0.0 0.0 0.0 0.0 0.0 0.0 0.0 0.0 0.0 0.0 0.0 0.0 0.0 0.0 
4670 4.615 0.00035699813504535356 0.0 0.0 0.00035699813504535356 0.0 0.0 0.0 0.0 0.0 0.0 0.0 0.0 0.0 0.0 0.0 0.0 0.0 0.0 0.0 0.0 0.0 
4671 4.616 0.00035695932871631427 0.0 0.0 0.00035695932871631427 0.0 0.0 0.0 0.0 0.0 0.0 0.0 0.0 0.0 0.0 0.0 0.0 0.0 0.0 0.0 0.0 0.0 
4672 4.617 0.00035692019733355276 0.0 0.0 0.00035692019733355276 0.0 0.0 0.0 0.0 0.0 0.0 0.0 0.0 0.0 0.0 0.0 0.0 0.0 0.0 0.0 0.0 0.0 
4673 4.618 0.00035688074072190695 0.0 0.0 0.00035688074072190695 0.0 0.0 0.0 0.0 0.0 0.0 0.0 0.0 0.0 0.0 0.0 0.0 0.0 0.0 0.0 0.0 0.0 
4674 4.619 0.00035684095870686377 0.0 0.0 0.00035684095870686377 0.0 0.0 0.0 0.0 0.0 0.0 0.0 0.0 0.0 0.0 0.0 0.0 0.0 0.0 0.0 0.0 0.0 
4675 4.62 0.0003568008511145598 0.0 0.0 0.0003568008511145598 0.0 0.0 0.0 0.0 0.0 0.0 0.0 0.0 0.0 0.0 0.0 0.0 0.0 0.0 0.0 0.0 0.0 
4676 4.621 0.0003567604177717845 0.0 0.0 0.0003567604177717845 0.0 0.0 0.0 0.0 0.0 0.0 0.0 0.0 0.0 0.0 0.0 0.0 0.0 0.0 0.0 0.0 0.0 
4677 4.622 0.0003567196585059802 0.0 0.0 0.0003567196585059802 0.0 0.0 0.0 0.0 0.0 0.0 0.0 0.0 0.0 0.0 0.0 0.0 0.0 0.0 0.0 0.0 0.0 
4678 4.623 0.0003566785731452445 0.0 0.0 0.0003566785731452445 0.0 0.0 0.0 0.0 0.0 0.0 0.0 0.0 0.0 0.0 0.0 0.0 0.0 0.0 0.0 0.0 0.0 
4679 4.624 0.0003566371615183323 0.0 0.0 0.0003566371615183323 0.0 0.0 0.0 0.0 0.0 0.0 0.0 0.0 0.0 0.0 0.0 0.0 0.0 0.0 0.0 0.0 0.0 
4680 4.625 0.0003565954234546569 0.0 0.0 0.0003565954234546569 0.0 0.0 0.0 0.0 0.0 0.0 0.0 0.0 0.0 0.0 0.0 0.0 0.0 0.0 0.0 0.0 0.0 
4681 4.626 0.0003565533587842918 0.0 0.0 0.0003565533587842918 0.0 0.0 0.0 0.0 0.0 0.0 0.0 0.0 0.0 0.0 0.0 0.0 0.0 0.0 0.0 0.0 0.0 
4682 4.627 0.0003565109673379723 0.0 0.0 0.0003565109673379723 0.0 0.0 0.0 0.0 0.0 0.0 0.0 0.0 0.0 0.0 0.0 0.0 0.0 0.0 0.0 0.0 0.0 
4683 4.628 0.0003564682489470975 0.0 0.0 0.0003564682489470975 0.0 0.0 0.0 0.0 0.0 0.0 0.0 0.0 0.0 0.0 0.0 0.0 0.0 0.0 0.0 0.0 0.0 
4684 4.629 0.00035642520344373154 0.0 0.0 0.00035642520344373154 0.0 0.0 0.0 0.0 0.0 0.0 0.0 0.0 0.0 0.0 0.0 0.0 0.0 0.0 0.0 0.0 0.0 
4685 4.63 0.0003563818306606056 0.0 0.0 0.0003563818306606056 0.0 0.0 0.0 0.0 0.0 0.0 0.0 0.0 0.0 0.0 0.0 0.0 0.0 0.0 0.0 0.0 0.0 
4686 4.631 0.0003563381304311191 0.0 0.0 0.0003563381304311191 0.0 0.0 0.0 0.0 0.0 0.0 0.0 0.0 0.0 0.0 0.0 0.0 0.0 0.0 0.0 0.0 0.0 
4687 4.632 0.00035629410258934186 0.0 0.0 0.00035629410258934186 0.0 0.0 0.0 0.0 0.0 0.0 0.0 0.0 0.0 0.0 0.0 0.0 0.0 0.0 0.0 0.0 0.0 
4688 4.633 0.00035624974697001573 0.0 0.0 0.00035624974697001573 0.0 0.0 0.0 0.0 0.0 0.0 0.0 0.0 0.0 0.0 0.0 0.0 0.0 0.0 0.0 0.0 0.0 
4689 4.634 0.0003562050634085557 0.0 0.0 0.0003562050634085557 0.0 0.0 0.0 0.0 0.0 0.0 0.0 0.0 0.0 0.0 0.0 0.0 0.0 0.0 0.0 0.0 0.0 
4690 4.635 0.0003561600517410523 0.0 0.0 0.0003561600517410523 0.0 0.0 0.0 0.0 0.0 0.0 0.0 0.0 0.0 0.0 0.0 0.0 0.0 0.0 0.0 0.0 0.0 
4691 4.636 0.00035611471180427274 0.0 0.0 0.00035611471180427274 0.0 0.0 0.0 0.0 0.0 0.0 0.0 0.0 0.0 0.0 0.0 0.0 0.0 0.0 0.0 0.0 0.0 
4692 4.637 0.00035606904343566287 0.0 0.0 0.00035606904343566287 0.0 0.0 0.0 0.0 0.0 0.0 0.0 0.0 0.0 0.0 0.0 0.0 0.0 0.0 0.0 0.0 0.0 
4693 4.638 0.00035602304647334835 0.0 0.0 0.00035602304647334835 0.0 0.0 0.0 0.0 0.0 0.0 0.0 0.0 0.0 0.0 0.0 0.0 0.0 0.0 0.0 0.0 0.0 
4694 4.639 0.0003559767207561372 0.0 0.0 0.0003559767207561372 0.0 0.0 0.0 0.0 0.0 0.0 0.0 0.0 0.0 0.0 0.0 0.0 0.0 0.0 0.0 0.0 0.0 
4695 4.64 0.0003559300661235208 0.0 0.0 0.0003559300661235208 0.0 0.0 0.0 0.0 0.0 0.0 0.0 0.0 0.0 0.0 0.0 0.0 0.0 0.0 0.0 0.0 0.0 
4696 4.641 0.0003558830824156755 0.0 0.0 0.0003558830824156755 0.0 0.0 0.0 0.0 0.0 0.0 0.0 0.0 0.0 0.0 0.0 0.0 0.0 0.0 0.0 0.0 0.0 
4697 4.642 0.0003558357694734647 0.0 0.0 0.0003558357694734647 0.0 0.0 0.0 0.0 0.0 0.0 0.0 0.0 0.0 0.0 0.0 0.0 0.0 0.0 0.0 0.0 0.0 
4698 4.642 0.00035578812713844013 0.0 0.0 0.00035578812713844013 0.0 0.0 0.0 0.0 0.0 0.0 0.0 0.0 0.0 0.0 0.0 0.0 0.0 0.0 0.0 0.0 0.0 
4699 4.643 0.00035574015525284406 0.0 0.0 0.00035574015525284406 0.0 0.0 0.0 0.0 0.0 0.0 0.0 0.0 0.0 0.0 0.0 0.0 0.0 0.0 0.0 0.0 0.0 
4700 4.644 0.0003556918536596102 0.0 0.0 0.0003556918536596102 0.0 0.0 0.0 0.0 0.0 0.0 0.0 0.0 0.0 0.0 0.0 0.0 0.0 0.0 0.0 0.0 0.0 
4701 4.645 0.00035564322220236593 0.0 0.0 0.00035564322220236593 0.0 0.0 0.0 0.0 0.0 0.0 0.0 0.0 0.0 0.0 0.0 0.0 0.0 0.0 0.0 0.0 0.0 
4702 4.646 0.00035559426072543396 0.0 0.0 0.00035559426072543396 0.0 0.0 0.0 0.0 0.0 0.0 0.0 0.0 0.0 0.0 0.0 0.0 0.0 0.0 0.0 0.0 0.0 
4703 4.647 0.0003555449690738335 0.0 0.0 0.0003555449690738335 0.0 0.0 0.0 0.0 0.0 0.0 0.0 0.0 0.0 0.0 0.0 0.0 0.0 0.0 0.0 0.0 0.0 
4704 4.648 0.0003554953470932827 0.0 0.0 0.0003554953470932827 0.0 0.0 0.0 0.0 0.0 0.0 0.0 0.0 0.0 0.0 0.0 0.0 0.0 0.0 0.0 0.0 0.0 
4705 4.649 0.00035544539463019964 0.0 0.0 0.00035544539463019964 0.0 0.0 0.0 0.0 0.0 0.0 0.0 0.0 0.0 0.0 0.0 0.0 0.0 0.0 0.0 0.0 0.0 
4706 4.65 0.0003553951115317043 0.0 0.0 0.0003553951115317043 0.0 0.0 0.0 0.0 0.0 0.0 0.0 0.0 0.0 0.0 0.0 0.0 0.0 0.0 0.0 0.0 0.0 
4707 4.651 0.00035534449764562025 0.0 0.0 0.00035534449764562025 0.0 0.0 0.0 0.0 0.0 0.0 0.0 0.0 0.0 0.0 0.0 0.0 0.0 0.0 0.0 0.0 0.0 
4708 4.652 0.0003552935528204761 0.0 0.0 0.0003552935528204761 0.0 0.0 0.0 0.0 0.0 0.0 0.0 0.0 0.0 0.0 0.0 0.0 0.0 0.0 0.0 0.0 0.0 
4709 4.653 0.00035524227690550766 0.0 0.0 0.00035524227690550766 0.0 0.0 0.0 0.0 0.0 0.0 0.0 0.0 0.0 0.0 0.0 0.0 0.0 0.0 0.0 0.0 0.0 
4710 4.654 0.00035519066975065865 0.0 0.0 0.00035519066975065865 0.0 0.0 0.0 0.0 0.0 0.0 0.0 0.0 0.0 0.0 0.0 0.0 0.0 0.0 0.0 0.0 0.0 
4711 4.655 0.0003551387312065838 0.0 0.0 0.0003551387312065838 0.0 0.0 0.0 0.0 0.0 0.0 0.0 0.0 0.0 0.0 0.0 0.0 0.0 0.0 0.0 0.0 0.0 
4712 4.656 0.0003550864611246492 0.0 0.0 0.0003550864611246492 0.0 0.0 0.0 0.0 0.0 0.0 0.0 0.0 0.0 0.0 0.0 0.0 0.0 0.0 0.0 0.0 0.0 
4713 4.657 0.0003550338593569345 0.0 0.0 0.0003550338593569345 0.0 0.0 0.0 0.0 0.0 0.0 0.0 0.0 0.0 0.0 0.0 0.0 0.0 0.0 0.0 0.0 0.0 
4714 4.658 0.0003549809257562349 0.0 0.0 0.0003549809257562349 0.0 0.0 0.0 0.0 0.0 0.0 0.0 0.0 0.0 0.0 0.0 0.0 0.0 0.0 0.0 0.0 0.0 
4715 4.659 0.00035492766017606204 0.0 0.0 0.00035492766017606204 0.0 0.0 0.0 0.0 0.0 0.0 0.0 0.0 0.0 0.0 0.0 0.0 0.0 0.0 0.0 0.0 0.0 
4716 4.66 0.0003548740624706464 0.0 0.0 0.0003548740624706464 0.0 0.0 0.0 0.0 0.0 0.0 0.0 0.0 0.0 0.0 0.0 0.0 0.0 0.0 0.0 0.0 0.0 
4717 4.661 0.0003548201324949389 0.0 0.0 0.0003548201324949389 0.0 0.0 0.0 0.0 0.0 0.0 0.0 0.0 0.0 0.0 0.0 0.0 0.0 0.0 0.0 0.0 0.0 
4718 4.662 0.00035476587010461184 0.0 0.0 0.00035476587010461184 0.0 0.0 0.0 0.0 0.0 0.0 0.0 0.0 0.0 0.0 0.0 0.0 0.0 0.0 0.0 0.0 0.0 
4719 4.663 0.0003547112751560616 0.0 0.0 0.0003547112751560616 0.0 0.0 0.0 0.0 0.0 0.0 0.0 0.0 0.0 0.0 0.0 0.0 0.0 0.0 0.0 0.0 0.0 
4720 4.664 0.00035465634750640935 0.0 0.0 0.00035465634750640935 0.0 0.0 0.0 0.0 0.0 0.0 0.0 0.0 0.0 0.0 0.0 0.0 0.0 0.0 0.0 0.0 0.0 
4721 4.665 0.0003546010870135036 0.0 0.0 0.0003546010870135036 0.0 0.0 0.0 0.0 0.0 0.0 0.0 0.0 0.0 0.0 0.0 0.0 0.0 0.0 0.0 0.0 0.0 
4722 4.666 0.0003545454935359214 0.0 0.0 0.0003545454935359214 0.0 0.0 0.0 0.0 0.0 0.0 0.0 0.0 0.0 0.0 0.0 0.0 0.0 0.0 0.0 0.0 0.0 
4723 4.667 0.00035448956693296974 0.0 0.0 0.00035448956693296974 0.0 0.0 0.0 0.0 0.0 0.0 0.0 0.0 0.0 0.0 0.0 0.0 0.0 0.0 0.0 0.0 0.0 
4724 4.668 0.0003544333070646877 0.0 0.0 0.0003544333070646877 0.0 0.0 0.0 0.0 0.0 0.0 0.0 0.0 0.0 0.0 0.0 0.0 0.0 0.0 0.0 0.0 0.0 
4725 4.669 0.0003543767137918484 0.0 0.0 0.0003543767137918484 0.0 0.0 0.0 0.0 0.0 0.0 0.0 0.0 0.0 0.0 0.0 0.0 0.0 0.0 0.0 0.0 0.0 
4726 4.67 0.0003543197869759596 0.0 0.0 0.0003543197869759596 0.0 0.0 0.0 0.0 0.0 0.0 0.0 0.0 0.0 0.0 0.0 0.0 0.0 0.0 0.0 0.0 0.0 
4727 4.671 0.0003542625264792665 0.0 0.0 0.0003542625264792665 0.0 0.0 0.0 0.0 0.0 0.0 0.0 0.0 0.0 0.0 0.0 0.0 0.0 0.0 0.0 0.0 0.0 
4728 4.672 0.00035420493216475267 0.0 0.0 0.00035420493216475267 0.0 0.0 0.0 0.0 0.0 0.0 0.0 0.0 0.0 0.0 0.0 0.0 0.0 0.0 0.0 0.0 0.0 
4729 4.673 0.0003541470038961421 0.0 0.0 0.0003541470038961421 0.0 0.0 0.0 0.0 0.0 0.0 0.0 0.0 0.0 0.0 0.0 0.0 0.0 0.0 0.0 0.0 0.0 
4730 4.674 0.00035408874153790087 0.0 0.0 0.00035408874153790087 0.0 0.0 0.0 0.0 0.0 0.0 0.0 0.0 0.0 0.0 0.0 0.0 0.0 0.0 0.0 0.0 0.0 
4731 4.675 0.0003540301449552385 0.0 0.0 0.0003540301449552385 0.0 0.0 0.0 0.0 0.0 0.0 0.0 0.0 0.0 0.0 0.0 0.0 0.0 0.0 0.0 0.0 0.0 
4732 4.676 0.00035397121401410973 0.0 0.0 0.00035397121401410973 0.0 0.0 0.0 0.0 0.0 0.0 0.0 0.0 0.0 0.0 0.0 0.0 0.0 0.0 0.0 0.0 0.0 
4733 4.677 0.00035391194858121693 0.0 0.0 0.00035391194858121693 0.0 0.0 0.0 0.0 0.0 0.0 0.0 0.0 0.0 0.0 0.0 0.0 0.0 0.0 0.0 0.0 0.0 
4734 4.678 0.0003538523485240104 0.0 0.0 0.0003538523485240104 0.0 0.0 0.0 0.0 0.0 0.0 0.0 0.0 0.0 0.0 0.0 0.0 0.0 0.0 0.0 0.0 0.0 
4735 4.679 0.0003537924137106914 0.0 0.0 0.0003537924137106914 0.0 0.0 0.0 0.0 0.0 0.0 0.0 0.0 0.0 0.0 0.0 0.0 0.0 0.0 0.0 0.0 0.0 
4736 4.68 0.0003537321440102127 0.0 0.0 0.0003537321440102127 0.0 0.0 0.0 0.0 0.0 0.0 0.0 0.0 0.0 0.0 0.0 0.0 0.0 0.0 0.0 0.0 0.0 
4737 4.681 0.0003536715392922812 0.0 0.0 0.0003536715392922812 0.0 0.0 0.0 0.0 0.0 0.0 0.0 0.0 0.0 0.0 0.0 0.0 0.0 0.0 0.0 0.0 0.0 
4738 4.682 0.0003536105994273589 0.0 0.0 0.0003536105994273589 0.0 0.0 0.0 0.0 0.0 0.0 0.0 0.0 0.0 0.0 0.0 0.0 0.0 0.0 0.0 0.0 0.0 
4739 4.683 0.000353549324286665 0.0 0.0 0.000353549324286665 0.0 0.0 0.0 0.0 0.0 0.0 0.0 0.0 0.0 0.0 0.0 0.0 0.0 0.0 0.0 0.0 0.0 
4740 4.684 0.00035348771374217743 0.0 0.0 0.00035348771374217743 0.0 0.0 0.0 0.0 0.0 0.0 0.0 0.0 0.0 0.0 0.0 0.0 0.0 0.0 0.0 0.0 0.0 
4741 4.685 0.0003534257676666343 0.0 0.0 0.0003534257676666343 0.0 0.0 0.0 0.0 0.0 0.0 0.0 0.0 0.0 0.0 0.0 0.0 0.0 0.0 0.0 0.0 0.0 
4742 4.686 0.000353363485933536 0.0 0.0 0.000353363485933536 0.0 0.0 0.0 0.0 0.0 0.0 0.0 0.0 0.0 0.0 0.0 0.0 0.0 0.0 0.0 0.0 0.0 
4743 4.687 0.0003533008684171467 0.0 0.0 0.0003533008684171467 0.0 0.0 0.0 0.0 0.0 0.0 0.0 0.0 0.0 0.0 0.0 0.0 0.0 0.0 0.0 0.0 0.0 
4744 4.688 0.000353237914992496 0.0 0.0 0.000353237914992496 0.0 0.0 0.0 0.0 0.0 0.0 0.0 0.0 0.0 0.0 0.0 0.0 0.0 0.0 0.0 0.0 0.0 
4745 4.689 0.0003531746255353804 0.0 0.0 0.0003531746255353804 0.0 0.0 0.0 0.0 0.0 0.0 0.0 0.0 0.0 0.0 0.0 0.0 0.0 0.0 0.0 0.0 0.0 
4746 4.69 0.0003531109999223652 0.0 0.0 0.0003531109999223652 0.0 0.0 0.0 0.0 0.0 0.0 0.0 0.0 0.0 0.0 0.0 0.0 0.0 0.0 0.0 0.0 0.0 
4747 4.691 0.00035304703803078636 0.0 0.0 0.00035304703803078636 0.0 0.0 0.0 0.0 0.0 0.0 0.0 0.0 0.0 0.0 0.0 0.0 0.0 0.0 0.0 0.0 0.0 
4748 4.692 0.0003529827397387517 0.0 0.0 0.0003529827397387517 0.0 0.0 0.0 0.0 0.0 0.0 0.0 0.0 0.0 0.0 0.0 0.0 0.0 0.0 0.0 0.0 0.0 
4749 4.693 0.0003529181049251431 0.0 0.0 0.0003529181049251431 0.0 0.0 0.0 0.0 0.0 0.0 0.0 0.0 0.0 0.0 0.0 0.0 0.0 0.0 0.0 0.0 0.0 
4750 4.694 0.0003528531334696176 0.0 0.0 0.0003528531334696176 0.0 0.0 0.0 0.0 0.0 0.0 0.0 0.0 0.0 0.0 0.0 0.0 0.0 0.0 0.0 0.0 0.0 
4751 4.695 0.00035278782525260976 0.0 0.0 0.00035278782525260976 0.0 0.0 0.0 0.0 0.0 0.0 0.0 0.0 0.0 0.0 0.0 0.0 0.0 0.0 0.0 0.0 0.0 
4752 4.696 0.00035272218015533236 0.0 0.0 0.00035272218015533236 0.0 0.0 0.0 0.0 0.0 0.0 0.0 0.0 0.0 0.0 0.0 0.0 0.0 0.0 0.0 0.0 0.0 
4753 4.697 0.0003526561980597793 0.0 0.0 0.0003526561980597793 0.0 0.0 0.0 0.0 0.0 0.0 0.0 0.0 0.0 0.0 0.0 0.0 0.0 0.0 0.0 0.0 0.0 
4754 4.698 0.00035258987884872637 0.0 0.0 0.00035258987884872637 0.0 0.0 0.0 0.0 0.0 0.0 0.0 0.0 0.0 0.0 0.0 0.0 0.0 0.0 0.0 0.0 0.0 
4755 4.699 0.00035252322240573303 0.0 0.0 0.00035252322240573303 0.0 0.0 0.0 0.0 0.0 0.0 0.0 0.0 0.0 0.0 0.0 0.0 0.0 0.0 0.0 0.0 0.0 
4756 4.7 0.00035245622861514457 0.0 0.0 0.00035245622861514457 0.0 0.0 0.0 0.0 0.0 0.0 0.0 0.0 0.0 0.0 0.0 0.0 0.0 0.0 0.0 0.0 0.0 
4757 4.701 0.00035238889736209324 0.0 0.0 0.00035238889736209324 0.0 0.0 0.0 0.0 0.0 0.0 0.0 0.0 0.0 0.0 0.0 0.0 0.0 0.0 0.0 0.0 0.0 
4758 4.702 0.00035232122853250016 0.0 0.0 0.00035232122853250016 0.0 0.0 0.0 0.0 0.0 0.0 0.0 0.0 0.0 0.0 0.0 0.0 0.0 0.0 0.0 0.0 0.0 
4759 4.703 0.0003522532220130769 0.0 0.0 0.0003522532220130769 0.0 0.0 0.0 0.0 0.0 0.0 0.0 0.0 0.0 0.0 0.0 0.0 0.0 0.0 0.0 0.0 0.0 
4760 4.704 0.0003521848776913274 0.0 0.0 0.0003521848776913274 0.0 0.0 0.0 0.0 0.0 0.0 0.0 0.0 0.0 0.0 0.0 0.0 0.0 0.0 0.0 0.0 0.0 
4761 4.705 0.0003521161954555495 0.0 0.0 0.0003521161954555495 0.0 0.0 0.0 0.0 0.0 0.0 0.0 0.0 0.0 0.0 0.0 0.0 0.0 0.0 0.0 0.0 0.0 
4762 4.706 0.0003520471751948362 0.0 0.0 0.0003520471751948362 0.0 0.0 0.0 0.0 0.0 0.0 0.0 0.0 0.0 0.0 0.0 0.0 0.0 0.0 0.0 0.0 0.0 
4763 4.707 0.00035197781679907825 0.0 0.0 0.00035197781679907825 0.0 0.0 0.0 0.0 0.0 0.0 0.0 0.0 0.0 0.0 0.0 0.0 0.0 0.0 0.0 0.0 0.0 
4764 4.708 0.0003519081201589649 0.0 0.0 0.0003519081201589649 0.0 0.0 0.0 0.0 0.0 0.0 0.0 0.0 0.0 0.0 0.0 0.0 0.0 0.0 0.0 0.0 0.0 
4765 4.709 0.0003518380851659859 0.0 0.0 0.0003518380851659859 0.0 0.0 0.0 0.0 0.0 0.0 0.0 0.0 0.0 0.0 0.0 0.0 0.0 0.0 0.0 0.0 0.0 
4766 4.71 0.0003517677117124337 0.0 0.0 0.0003517677117124337 0.0 0.0 0.0 0.0 0.0 0.0 0.0 0.0 0.0 0.0 0.0 0.0 0.0 0.0 0.0 0.0 0.0 
4767 4.711 0.00035169699969140407 0.0 0.0 0.00035169699969140407 0.0 0.0 0.0 0.0 0.0 0.0 0.0 0.0 0.0 0.0 0.0 0.0 0.0 0.0 0.0 0.0 0.0 
4768 4.712 0.00035162594899679857 0.0 0.0 0.00035162594899679857 0.0 0.0 0.0 0.0 0.0 0.0 0.0 0.0 0.0 0.0 0.0 0.0 0.0 0.0 0.0 0.0 0.0 
4769 4.713 0.00035155455952332623 0.0 0.0 0.00035155455952332623 0.0 0.0 0.0 0.0 0.0 0.0 0.0 0.0 0.0 0.0 0.0 0.0 0.0 0.0 0.0 0.0 0.0 
4770 4.714 0.0003514828311665044 0.0 0.0 0.0003514828311665044 0.0 0.0 0.0 0.0 0.0 0.0 0.0 0.0 0.0 0.0 0.0 0.0 0.0 0.0 0.0 0.0 0.0 
4771 4.715 0.00035141076382266183 0.0 0.0 0.00035141076382266183 0.0 0.0 0.0 0.0 0.0 0.0 0.0 0.0 0.0 0.0 0.0 0.0 0.0 0.0 0.0 0.0 0.0 
4772 4.716 0.00035133835738893884 0.0 0.0 0.00035133835738893884 0.0 0.0 0.0 0.0 0.0 0.0 0.0 0.0 0.0 0.0 0.0 0.0 0.0 0.0 0.0 0.0 0.0 
4773 4.717 0.0003512656117632898 0.0 0.0 0.0003512656117632898 0.0 0.0 0.0 0.0 0.0 0.0 0.0 0.0 0.0 0.0 0.0 0.0 0.0 0.0 0.0 0.0 0.0 
4774 4.718 0.0003511925268444848 0.0 0.0 0.0003511925268444848 0.0 0.0 0.0 0.0 0.0 0.0 0.0 0.0 0.0 0.0 0.0 0.0 0.0 0.0 0.0 0.0 0.0 
4775 4.719 0.0003511191025321112 0.0 0.0 0.0003511191025321112 0.0 0.0 0.0 0.0 0.0 0.0 0.0 0.0 0.0 0.0 0.0 0.0 0.0 0.0 0.0 0.0 0.0 
4776 4.72 0.00035104533872657497 0.0 0.0 0.00035104533872657497 0.0 0.0 0.0 0.0 0.0 0.0 0.0 0.0 0.0 0.0 0.0 0.0 0.0 0.0 0.0 0.0 0.0 
4777 4.721 0.0003509712353291031 0.0 0.0 0.0003509712353291031 0.0 0.0 0.0 0.0 0.0 0.0 0.0 0.0 0.0 0.0 0.0 0.0 0.0 0.0 0.0 0.0 0.0 
4778 4.722 0.00035089679224174455 0.0 0.0 0.00035089679224174455 0.0 0.0 0.0 0.0 0.0 0.0 0.0 0.0 0.0 0.0 0.0 0.0 0.0 0.0 0.0 0.0 0.0 
4779 4.723 0.00035082200936737215 0.0 0.0 0.00035082200936737215 0.0 0.0 0.0 0.0 0.0 0.0 0.0 0.0 0.0 0.0 0.0 0.0 0.0 0.0 0.0 0.0 0.0 
4780 4.724 0.0003507468866096847 0.0 0.0 0.0003507468866096847 0.0 0.0 0.0 0.0 0.0 0.0 0.0 0.0 0.0 0.0 0.0 0.0 0.0 0.0 0.0 0.0 0.0 
4781 4.725 0.0003506714238732075 0.0 0.0 0.0003506714238732075 0.0 0.0 0.0 0.0 0.0 0.0 0.0 0.0 0.0 0.0 0.0 0.0 0.0 0.0 0.0 0.0 0.0 
4782 4.725 0.0003505956210632958 0.0 0.0 0.0003505956210632958 0.0 0.0 0.0 0.0 0.0 0.0 0.0 0.0 0.0 0.0 0.0 0.0 0.0 0.0 0.0 0.0 0.0 
4783 4.726 0.0003505194780861344 0.0 0.0 0.0003505194780861344 0.0 0.0 0.0 0.0 0.0 0.0 0.0 0.0 0.0 0.0 0.0 0.0 0.0 0.0 0.0 0.0 0.0 
4784 4.727 0.0003504429948487411 0.0 0.0 0.0003504429948487411 0.0 0.0 0.0 0.0 0.0 0.0 0.0 0.0 0.0 0.0 0.0 0.0 0.0 0.0 0.0 0.0 0.0 
4785 4.728 0.0003503661712589673 0.0 0.0 0.0003503661712589673 0.0 0.0 0.0 0.0 0.0 0.0 0.0 0.0 0.0 0.0 0.0 0.0 0.0 0.0 0.0 0.0 0.0 
4786 4.729 0.00035028900722549987 0.0 0.0 0.00035028900722549987 0.0 0.0 0.0 0.0 0.0 0.0 0.0 0.0 0.0 0.0 0.0 0.0 0.0 0.0 0.0 0.0 0.0 
4787 4.73 0.0003502115026578631 0.0 0.0 0.0003502115026578631 0.0 0.0 0.0 0.0 0.0 0.0 0.0 0.0 0.0 0.0 0.0 0.0 0.0 0.0 0.0 0.0 0.0 
4788 4.731 0.0003501336574664201 0.0 0.0 0.0003501336574664201 0.0 0.0 0.0 0.0 0.0 0.0 0.0 0.0 0.0 0.0 0.0 0.0 0.0 0.0 0.0 0.0 0.0 
4789 4.732 0.00035005547156237454 0.0 0.0 0.00035005547156237454 0.0 0.0 0.0 0.0 0.0 0.0 0.0 0.0 0.0 0.0 0.0 0.0 0.0 0.0 0.0 0.0 0.0 
4790 4.733 0.00034997694485777253 0.0 0.0 0.00034997694485777253 0.0 0.0 0.0 0.0 0.0 0.0 0.0 0.0 0.0 0.0 0.0 0.0 0.0 0.0 0.0 0.0 0.0 
4791 4.734 0.0003498980772655038 0.0 0.0 0.0003498980772655038 0.0 0.0 0.0 0.0 0.0 0.0 0.0 0.0 0.0 0.0 0.0 0.0 0.0 0.0 0.0 0.0 0.0 
4792 4.735 0.00034981886869930347 0.0 0.0 0.00034981886869930347 0.0 0.0 0.0 0.0 0.0 0.0 0.0 0.0 0.0 0.0 0.0 0.0 0.0 0.0 0.0 0.0 0.0 
4793 4.736 0.00034973931907375446 0.0 0.0 0.00034973931907375446 0.0 0.0 0.0 0.0 0.0 0.0 0.0 0.0 0.0 0.0 0.0 0.0 0.0 0.0 0.0 0.0 0.0 
4794 4.737 0.000349659428304288 0.0 0.0 0.000349659428304288 0.0 0.0 0.0 0.0 0.0 0.0 0.0 0.0 0.0 0.0 0.0 0.0 0.0 0.0 0.0 0.0 0.0 
4795 4.738 0.00034957919630718615 0.0 0.0 0.00034957919630718615 0.0 0.0 0.0 0.0 0.0 0.0 0.0 0.0 0.0 0.0 0.0 0.0 0.0 0.0 0.0 0.0 0.0 
4796 4.739 0.000349498622999583 0.0 0.0 0.000349498622999583 0.0 0.0 0.0 0.0 0.0 0.0 0.0 0.0 0.0 0.0 0.0 0.0 0.0 0.0 0.0 0.0 0.0 
4797 4.74 0.0003494177082994665 0.0 0.0 0.0003494177082994665 0.0 0.0 0.0 0.0 0.0 0.0 0.0 0.0 0.0 0.0 0.0 0.0 0.0 0.0 0.0 0.0 0.0 
4798 4.741 0.0003493364521256803 0.0 0.0 0.0003493364521256803 0.0 0.0 0.0 0.0 0.0 0.0 0.0 0.0 0.0 0.0 0.0 0.0 0.0 0.0 0.0 0.0 0.0 
4799 4.742 0.0003492548543979249 0.0 0.0 0.0003492548543979249 0.0 0.0 0.0 0.0 0.0 0.0 0.0 0.0 0.0 0.0 0.0 0.0 0.0 0.0 0.0 0.0 0.0 
4800 4.743 0.0003491729150367599 0.0 0.0 0.0003491729150367599 0.0 0.0 0.0 0.0 0.0 0.0 0.0 0.0 0.0 0.0 0.0 0.0 0.0 0.0 0.0 0.0 0.0 
4801 4.744 0.00034909063396360517 0.0 0.0 0.00034909063396360517 0.0 0.0 0.0 0.0 0.0 0.0 0.0 0.0 0.0 0.0 0.0 0.0 0.0 0.0 0.0 0.0 0.0 
4802 4.745 0.00034900801110074276 0.0 0.0 0.00034900801110074276 0.0 0.0 0.0 0.0 0.0 0.0 0.0 0.0 0.0 0.0 0.0 0.0 0.0 0.0 0.0 0.0 0.0 
4803 4.746 0.0003489250463713186 0.0 0.0 0.0003489250463713186 0.0 0.0 0.0 0.0 0.0 0.0 0.0 0.0 0.0 0.0 0.0 0.0 0.0 0.0 0.0 0.0 0.0 
4804 4.747 0.0003488417396993439 0.0 0.0 0.0003488417396993439 0.0 0.0 0.0 0.0 0.0 0.0 0.0 0.0 0.0 0.0 0.0 0.0 0.0 0.0 0.0 0.0 0.0 
4805 4.748 0.0003487580910096972 0.0 0.0 0.0003487580910096972 0.0 0.0 0.0 0.0 0.0 0.0 0.0 0.0 0.0 0.0 0.0 0.0 0.0 0.0 0.0 0.0 0.0 
4806 4.749 0.0003486741002281255 0.0 0.0 0.0003486741002281255 0.0 0.0 0.0 0.0 0.0 0.0 0.0 0.0 0.0 0.0 0.0 0.0 0.0 0.0 0.0 0.0 0.0 
4807 4.75 0.0003485897672812463 0.0 0.0 0.0003485897672812463 0.0 0.0 0.0 0.0 0.0 0.0 0.0 0.0 0.0 0.0 0.0 0.0 0.0 0.0 0.0 0.0 0.0 
4808 4.751 0.00034850509209654923 0.0 0.0 0.00034850509209654923 0.0 0.0 0.0 0.0 0.0 0.0 0.0 0.0 0.0 0.0 0.0 0.0 0.0 0.0 0.0 0.0 0.0 
4809 4.752 0.0003484200746023977 0.0 0.0 0.0003484200746023977 0.0 0.0 0.0 0.0 0.0 0.0 0.0 0.0 0.0 0.0 0.0 0.0 0.0 0.0 0.0 0.0 0.0 
4810 4.753 0.00034833471472803 0.0 0.0 0.00034833471472803 0.0 0.0 0.0 0.0 0.0 0.0 0.0 0.0 0.0 0.0 0.0 0.0 0.0 0.0 0.0 0.0 0.0 
4811 4.754 0.0003482490124035621 0.0 0.0 0.0003482490124035621 0.0 0.0 0.0 0.0 0.0 0.0 0.0 0.0 0.0 0.0 0.0 0.0 0.0 0.0 0.0 0.0 0.0 
4812 4.755 0.00034816296755998797 0.0 0.0 0.00034816296755998797 0.0 0.0 0.0 0.0 0.0 0.0 0.0 0.0 0.0 0.0 0.0 0.0 0.0 0.0 0.0 0.0 0.0 
4813 4.756 0.00034807658012918244 0.0 0.0 0.00034807658012918244 0.0 0.0 0.0 0.0 0.0 0.0 0.0 0.0 0.0 0.0 0.0 0.0 0.0 0.0 0.0 0.0 0.0 
4814 4.757 0.00034798985004390174 0.0 0.0 0.00034798985004390174 0.0 0.0 0.0 0.0 0.0 0.0 0.0 0.0 0.0 0.0 0.0 0.0 0.0 0.0 0.0 0.0 0.0 
4815 4.758 0.0003479027772377862 0.0 0.0 0.0003479027772377862 0.0 0.0 0.0 0.0 0.0 0.0 0.0 0.0 0.0 0.0 0.0 0.0 0.0 0.0 0.0 0.0 0.0 
4816 4.759 0.00034781536164536086 0.0 0.0 0.00034781536164536086 0.0 0.0 0.0 0.0 0.0 0.0 0.0 0.0 0.0 0.0 0.0 0.0 0.0 0.0 0.0 0.0 0.0 
4817 4.76 0.0003477276032020383 0.0 0.0 0.0003477276032020383 0.0 0.0 0.0 0.0 0.0 0.0 0.0 0.0 0.0 0.0 0.0 0.0 0.0 0.0 0.0 0.0 0.0 
4818 4.761 0.0003476395018441189 0.0 0.0 0.0003476395018441189 0.0 0.0 0.0 0.0 0.0 0.0 0.0 0.0 0.0 0.0 0.0 0.0 0.0 0.0 0.0 0.0 0.0 
4819 4.762 0.00034755105750879377 0.0 0.0 0.00034755105750879377 0.0 0.0 0.0 0.0 0.0 0.0 0.0 0.0 0.0 0.0 0.0 0.0 0.0 0.0 0.0 0.0 0.0 
4820 4.763 0.0003474622701341455 0.0 0.0 0.0003474622701341455 0.0 0.0 0.0 0.0 0.0 0.0 0.0 0.0 0.0 0.0 0.0 0.0 0.0 0.0 0.0 0.0 0.0 
4821 4.764 0.0003473731396591501 0.0 0.0 0.0003473731396591501 0.0 0.0 0.0 0.0 0.0 0.0 0.0 0.0 0.0 0.0 0.0 0.0 0.0 0.0 0.0 0.0 0.0 
4822 4.765 0.0003472836660236791 0.0 0.0 0.0003472836660236791 0.0 0.0 0.0 0.0 0.0 0.0 0.0 0.0 0.0 0.0 0.0 0.0 0.0 0.0 0.0 0.0 0.0 
4823 4.766 0.0003471938491685004 0.0 0.0 0.0003471938491685004 0.0 0.0 0.0 0.0 0.0 0.0 0.0 0.0 0.0 0.0 0.0 0.0 0.0 0.0 0.0 0.0 0.0 
4824 4.767 0.00034710368903528025 0.0 0.0 0.00034710368903528025 0.0 0.0 0.0 0.0 0.0 0.0 0.0 0.0 0.0 0.0 0.0 0.0 0.0 0.0 0.0 0.0 0.0 
4825 4.768 0.000347013185566585 0.0 0.0 0.000347013185566585 0.0 0.0 0.0 0.0 0.0 0.0 0.0 0.0 0.0 0.0 0.0 0.0 0.0 0.0 0.0 0.0 0.0 
4826 4.769 0.0003469223387058828 0.0 0.0 0.0003469223387058828 0.0 0.0 0.0 0.0 0.0 0.0 0.0 0.0 0.0 0.0 0.0 0.0 0.0 0.0 0.0 0.0 0.0 
4827 4.77 0.00034683114839754466 0.0 0.0 0.00034683114839754466 0.0 0.0 0.0 0.0 0.0 0.0 0.0 0.0 0.0 0.0 0.0 0.0 0.0 0.0 0.0 0.0 0.0 
4828 4.771 0.00034673961458684706 0.0 0.0 0.00034673961458684706 0.0 0.0 0.0 0.0 0.0 0.0 0.0 0.0 0.0 0.0 0.0 0.0 0.0 0.0 0.0 0.0 0.0 
4829 4.772 0.00034664773721997257 0.0 0.0 0.00034664773721997257 0.0 0.0 0.0 0.0 0.0 0.0 0.0 0.0 0.0 0.0 0.0 0.0 0.0 0.0 0.0 0.0 0.0 
4830 4.773 0.00034655551624401213 0.0 0.0 0.00034655551624401213 0.0 0.0 0.0 0.0 0.0 0.0 0.0 0.0 0.0 0.0 0.0 0.0 0.0 0.0 0.0 0.0 0.0 
4831 4.774 0.0003464629516069667 0.0 0.0 0.0003464629516069667 0.0 0.0 0.0 0.0 0.0 0.0 0.0 0.0 0.0 0.0 0.0 0.0 0.0 0.0 0.0 0.0 0.0 
4832 4.775 0.0003463700432577483 0.0 0.0 0.0003463700432577483 0.0 0.0 0.0 0.0 0.0 0.0 0.0 0.0 0.0 0.0 0.0 0.0 0.0 0.0 0.0 0.0 0.0 
4833 4.776 0.0003462767911461823 0.0 0.0 0.0003462767911461823 0.0 0.0 0.0 0.0 0.0 0.0 0.0 0.0 0.0 0.0 0.0 0.0 0.0 0.0 0.0 0.0 0.0 
4834 4.777 0.0003461831952230086 0.0 0.0 0.0003461831952230086 0.0 0.0 0.0 0.0 0.0 0.0 0.0 0.0 0.0 0.0 0.0 0.0 0.0 0.0 0.0 0.0 0.0 
4835 4.778 0.0003460892554398837 0.0 0.0 0.0003460892554398837 0.0 0.0 0.0 0.0 0.0 0.0 0.0 0.0 0.0 0.0 0.0 0.0 0.0 0.0 0.0 0.0 0.0 
4836 4.779 0.00034599497174938183 0.0 0.0 0.00034599497174938183 0.0 0.0 0.0 0.0 0.0 0.0 0.0 0.0 0.0 0.0 0.0 0.0 0.0 0.0 0.0 0.0 0.0 
4837 4.78 0.000345900344104997 0.0 0.0 0.000345900344104997 0.0 0.0 0.0 0.0 0.0 0.0 0.0 0.0 0.0 0.0 0.0 0.0 0.0 0.0 0.0 0.0 0.0 
4838 4.781 0.0003458053724611443 0.0 0.0 0.0003458053724611443 0.0 0.0 0.0 0.0 0.0 0.0 0.0 0.0 0.0 0.0 0.0 0.0 0.0 0.0 0.0 0.0 0.0 
4839 4.782 0.00034571005677316174 0.0 0.0 0.00034571005677316174 0.0 0.0 0.0 0.0 0.0 0.0 0.0 0.0 0.0 0.0 0.0 0.0 0.0 0.0 0.0 0.0 0.0 
4840 4.783 0.00034561439699731176 0.0 0.0 0.00034561439699731176 0.0 0.0 0.0 0.0 0.0 0.0 0.0 0.0 0.0 0.0 0.0 0.0 0.0 0.0 0.0 0.0 0.0 
4841 4.784 0.00034551839309078286 0.0 0.0 0.00034551839309078286 0.0 0.0 0.0 0.0 0.0 0.0 0.0 0.0 0.0 0.0 0.0 0.0 0.0 0.0 0.0 0.0 0.0 
4842 4.785 0.00034542204501169144 0.0 0.0 0.00034542204501169144 0.0 0.0 0.0 0.0 0.0 0.0 0.0 0.0 0.0 0.0 0.0 0.0 0.0 0.0 0.0 0.0 0.0 
4843 4.786 0.0003453253527190831 0.0 0.0 0.0003453253527190831 0.0 0.0 0.0 0.0 0.0 0.0 0.0 0.0 0.0 0.0 0.0 0.0 0.0 0.0 0.0 0.0 0.0 
4844 4.787 0.0003452283161729343 0.0 0.0 0.0003452283161729343 0.0 0.0 0.0 0.0 0.0 0.0 0.0 0.0 0.0 0.0 0.0 0.0 0.0 0.0 0.0 0.0 0.0 
4845 4.788 0.00034513093533415423 0.0 0.0 0.00034513093533415423 0.0 0.0 0.0 0.0 0.0 0.0 0.0 0.0 0.0 0.0 0.0 0.0 0.0 0.0 0.0 0.0 0.0 
4846 4.789 0.0003450332101645864 0.0 0.0 0.0003450332101645864 0.0 0.0 0.0 0.0 0.0 0.0 0.0 0.0 0.0 0.0 0.0 0.0 0.0 0.0 0.0 0.0 0.0 
4847 4.79 0.00034493514062700965 0.0 0.0 0.00034493514062700965 0.0 0.0 0.0 0.0 0.0 0.0 0.0 0.0 0.0 0.0 0.0 0.0 0.0 0.0 0.0 0.0 0.0 
4848 4.791 0.0003448367266851407 0.0 0.0 0.0003448367266851407 0.0 0.0 0.0 0.0 0.0 0.0 0.0 0.0 0.0 0.0 0.0 0.0 0.0 0.0 0.0 0.0 0.0 
4849 4.792 0.00034473796830363526 0.0 0.0 0.00034473796830363526 0.0 0.0 0.0 0.0 0.0 0.0 0.0 0.0 0.0 0.0 0.0 0.0 0.0 0.0 0.0 0.0 0.0 
4850 4.793 0.0003446388654480896 0.0 0.0 0.0003446388654480896 0.0 0.0 0.0 0.0 0.0 0.0 0.0 0.0 0.0 0.0 0.0 0.0 0.0 0.0 0.0 0.0 0.0 
4851 4.794 0.00034453941808504205 0.0 0.0 0.00034453941808504205 0.0 0.0 0.0 0.0 0.0 0.0 0.0 0.0 0.0 0.0 0.0 0.0 0.0 0.0 0.0 0.0 0.0 
4852 4.795 0.00034443962618197524 0.0 0.0 0.00034443962618197524 0.0 0.0 0.0 0.0 0.0 0.0 0.0 0.0 0.0 0.0 0.0 0.0 0.0 0.0 0.0 0.0 0.0 
4853 4.796 0.0003443394897073169 0.0 0.0 0.0003443394897073169 0.0 0.0 0.0 0.0 0.0 0.0 0.0 0.0 0.0 0.0 0.0 0.0 0.0 0.0 0.0 0.0 0.0 
4854 4.797 0.0003442390086304421 0.0 0.0 0.0003442390086304421 0.0 0.0 0.0 0.0 0.0 0.0 0.0 0.0 0.0 0.0 0.0 0.0 0.0 0.0 0.0 0.0 0.0 
4855 4.798 0.0003441381829216745 0.0 0.0 0.0003441381829216745 0.0 0.0 0.0 0.0 0.0 0.0 0.0 0.0 0.0 0.0 0.0 0.0 0.0 0.0 0.0 0.0 0.0 
4856 4.799 0.00034403701255228804 0.0 0.0 0.00034403701255228804 0.0 0.0 0.0 0.0 0.0 0.0 0.0 0.0 0.0 0.0 0.0 0.0 0.0 0.0 0.0 0.0 0.0 
4857 4.8 0.00034393549749450866 0.0 0.0 0.00034393549749450866 0.0 0.0 0.0 0.0 0.0 0.0 0.0 0.0 0.0 0.0 0.0 0.0 0.0 0.0 0.0 0.0 0.0 
4858 4.801 0.0003438336377215157 0.0 0.0 0.0003438336377215157 0.0 0.0 0.0 0.0 0.0 0.0 0.0 0.0 0.0 0.0 0.0 0.0 0.0 0.0 0.0 0.0 0.0 
4859 4.802 0.00034373143320744394 0.0 0.0 0.00034373143320744394 0.0 0.0 0.0 0.0 0.0 0.0 0.0 0.0 0.0 0.0 0.0 0.0 0.0 0.0 0.0 0.0 0.0 
4860 4.803 0.0003436288839273842 0.0 0.0 0.0003436288839273842 0.0 0.0 0.0 0.0 0.0 0.0 0.0 0.0 0.0 0.0 0.0 0.0 0.0 0.0 0.0 0.0 0.0 
4861 4.804 0.00034352598985738645 0.0 0.0 0.00034352598985738645 0.0 0.0 0.0 0.0 0.0 0.0 0.0 0.0 0.0 0.0 0.0 0.0 0.0 0.0 0.0 0.0 0.0 
4862 4.805 0.00034342275097445983 0.0 0.0 0.00034342275097445983 0.0 0.0 0.0 0.0 0.0 0.0 0.0 0.0 0.0 0.0 0.0 0.0 0.0 0.0 0.0 0.0 0.0 
4863 4.806 0.00034331916725657537 0.0 0.0 0.00034331916725657537 0.0 0.0 0.0 0.0 0.0 0.0 0.0 0.0 0.0 0.0 0.0 0.0 0.0 0.0 0.0 0.0 0.0 
4864 4.807 0.0003432152386826673 0.0 0.0 0.0003432152386826673 0.0 0.0 0.0 0.0 0.0 0.0 0.0 0.0 0.0 0.0 0.0 0.0 0.0 0.0 0.0 0.0 0.0 
4865 4.808 0.00034311096523263426 0.0 0.0 0.00034311096523263426 0.0 0.0 0.0 0.0 0.0 0.0 0.0 0.0 0.0 0.0 0.0 0.0 0.0 0.0 0.0 0.0 0.0 
4866 4.809 0.0003430063468873413 0.0 0.0 0.0003430063468873413 0.0 0.0 0.0 0.0 0.0 0.0 0.0 0.0 0.0 0.0 0.0 0.0 0.0 0.0 0.0 0.0 0.0 
4867 4.809 0.00034290138362862144 0.0 0.0 0.00034290138362862144 0.0 0.0 0.0 0.0 0.0 0.0 0.0 0.0 0.0 0.0 0.0 0.0 0.0 0.0 0.0 0.0 0.0 
4868 4.81 0.0003427960754392772 0.0 0.0 0.0003427960754392772 0.0 0.0 0.0 0.0 0.0 0.0 0.0 0.0 0.0 0.0 0.0 0.0 0.0 0.0 0.0 0.0 0.0 
4869 4.811 0.0003426904223030818 0.0 0.0 0.0003426904223030818 0.0 0.0 0.0 0.0 0.0 0.0 0.0 0.0 0.0 0.0 0.0 0.0 0.0 0.0 0.0 0.0 0.0 
4870 4.812 0.00034258442420478165 0.0 0.0 0.00034258442420478165 0.0 0.0 0.0 0.0 0.0 0.0 0.0 0.0 0.0 0.0 0.0 0.0 0.0 0.0 0.0 0.0 0.0 
4871 4.813 0.0003424780811300969 0.0 0.0 0.0003424780811300969 0.0 0.0 0.0 0.0 0.0 0.0 0.0 0.0 0.0 0.0 0.0 0.0 0.0 0.0 0.0 0.0 0.0 
4872 4.814 0.00034237139306572375 0.0 0.0 0.00034237139306572375 0.0 0.0 0.0 0.0 0.0 0.0 0.0 0.0 0.0 0.0 0.0 0.0 0.0 0.0 0.0 0.0 0.0 
4873 4.815 0.00034226435999933574 0.0 0.0 0.00034226435999933574 0.0 0.0 0.0 0.0 0.0 0.0 0.0 0.0 0.0 0.0 0.0 0.0 0.0 0.0 0.0 0.0 0.0 
4874 4.816 0.0003421569819195857 0.0 0.0 0.0003421569819195857 0.0 0.0 0.0 0.0 0.0 0.0 0.0 0.0 0.0 0.0 0.0 0.0 0.0 0.0 0.0 0.0 0.0 
4875 4.817 0.0003420492588161066 0.0 0.0 0.0003420492588161066 0.0 0.0 0.0 0.0 0.0 0.0 0.0 0.0 0.0 0.0 0.0 0.0 0.0 0.0 0.0 0.0 0.0 
4876 4.818 0.0003419411906795136 0.0 0.0 0.0003419411906795136 0.0 0.0 0.0 0.0 0.0 0.0 0.0 0.0 0.0 0.0 0.0 0.0 0.0 0.0 0.0 0.0 0.0 
4877 4.819 0.00034183277750140584 0.0 0.0 0.00034183277750140584 0.0 0.0 0.0 0.0 0.0 0.0 0.0 0.0 0.0 0.0 0.0 0.0 0.0 0.0 0.0 0.0 0.0 
4878 4.82 0.00034172401927436743 0.0 0.0 0.00034172401927436743 0.0 0.0 0.0 0.0 0.0 0.0 0.0 0.0 0.0 0.0 0.0 0.0 0.0 0.0 0.0 0.0 0.0 
4879 4.821 0.00034161491599196973 0.0 0.0 0.00034161491599196973 0.0 0.0 0.0 0.0 0.0 0.0 0.0 0.0 0.0 0.0 0.0 0.0 0.0 0.0 0.0 0.0 0.0 
4880 4.822 0.00034150546764877217 0.0 0.0 0.00034150546764877217 0.0 0.0 0.0 0.0 0.0 0.0 0.0 0.0 0.0 0.0 0.0 0.0 0.0 0.0 0.0 0.0 0.0 
4881 4.823 0.00034139567424032447 0.0 0.0 0.00034139567424032447 0.0 0.0 0.0 0.0 0.0 0.0 0.0 0.0 0.0 0.0 0.0 0.0 0.0 0.0 0.0 0.0 0.0 
4882 4.824 0.0003412855357631676 0.0 0.0 0.0003412855357631676 0.0 0.0 0.0 0.0 0.0 0.0 0.0 0.0 0.0 0.0 0.0 0.0 0.0 0.0 0.0 0.0 0.0 
4883 4.825 0.000341175052214836 0.0 0.0 0.000341175052214836 0.0 0.0 0.0 0.0 0.0 0.0 0.0 0.0 0.0 0.0 0.0 0.0 0.0 0.0 0.0 0.0 0.0 
4884 4.826 0.00034106422359385884 0.0 0.0 0.00034106422359385884 0.0 0.0 0.0 0.0 0.0 0.0 0.0 0.0 0.0 0.0 0.0 0.0 0.0 0.0 0.0 0.0 0.0 
4885 4.827 0.00034095304989976137 0.0 0.0 0.00034095304989976137 0.0 0.0 0.0 0.0 0.0 0.0 0.0 0.0 0.0 0.0 0.0 0.0 0.0 0.0 0.0 0.0 0.0 
4886 4.828 0.0003408415311330665 0.0 0.0 0.0003408415311330665 0.0 0.0 0.0 0.0 0.0 0.0 0.0 0.0 0.0 0.0 0.0 0.0 0.0 0.0 0.0 0.0 0.0 
4887 4.829 0.000340729667295297 0.0 0.0 0.000340729667295297 0.0 0.0 0.0 0.0 0.0 0.0 0.0 0.0 0.0 0.0 0.0 0.0 0.0 0.0 0.0 0.0 0.0 
4888 4.83 0.0003406174583889765 0.0 0.0 0.0003406174583889765 0.0 0.0 0.0 0.0 0.0 0.0 0.0 0.0 0.0 0.0 0.0 0.0 0.0 0.0 0.0 0.0 0.0 
4889 4.831 0.0003405049044176308 0.0 0.0 0.0003405049044176308 0.0 0.0 0.0 0.0 0.0 0.0 0.0 0.0 0.0 0.0 0.0 0.0 0.0 0.0 0.0 0.0 0.0 
4890 4.832 0.00034039200538579003 0.0 0.0 0.00034039200538579003 0.0 0.0 0.0 0.0 0.0 0.0 0.0 0.0 0.0 0.0 0.0 0.0 0.0 0.0 0.0 0.0 0.0 
4891 4.833 0.0003402787612989902 0.0 0.0 0.0003402787612989902 0.0 0.0 0.0 0.0 0.0 0.0 0.0 0.0 0.0 0.0 0.0 0.0 0.0 0.0 0.0 0.0 0.0 
4892 4.834 0.00034016517216377403 0.0 0.0 0.00034016517216377403 0.0 0.0 0.0 0.0 0.0 0.0 0.0 0.0 0.0 0.0 0.0 0.0 0.0 0.0 0.0 0.0 0.0 
4893 4.835 0.0003400512379876931 0.0 0.0 0.0003400512379876931 0.0 0.0 0.0 0.0 0.0 0.0 0.0 0.0 0.0 0.0 0.0 0.0 0.0 0.0 0.0 0.0 0.0 
4894 4.836 0.00033993695877930963 0.0 0.0 0.00033993695877930963 0.0 0.0 0.0 0.0 0.0 0.0 0.0 0.0 0.0 0.0 0.0 0.0 0.0 0.0 0.0 0.0 0.0 
4895 4.837 0.0003398223345481972 0.0 0.0 0.0003398223345481972 0.0 0.0 0.0 0.0 0.0 0.0 0.0 0.0 0.0 0.0 0.0 0.0 0.0 0.0 0.0 0.0 0.0 
4896 4.838 0.000339707365304943 0.0 0.0 0.000339707365304943 0.0 0.0 0.0 0.0 0.0 0.0 0.0 0.0 0.0 0.0 0.0 0.0 0.0 0.0 0.0 0.0 0.0 
4897 4.839 0.0003395920510611492 0.0 0.0 0.0003395920510611492 0.0 0.0 0.0 0.0 0.0 0.0 0.0 0.0 0.0 0.0 0.0 0.0 0.0 0.0 0.0 0.0 0.0 
4898 4.84 0.00033947639182943426 0.0 0.0 0.00033947639182943426 0.0 0.0 0.0 0.0 0.0 0.0 0.0 0.0 0.0 0.0 0.0 0.0 0.0 0.0 0.0 0.0 0.0 
4899 4.841 0.00033936038762343474 0.0 0.0 0.00033936038762343474 0.0 0.0 0.0 0.0 0.0 0.0 0.0 0.0 0.0 0.0 0.0 0.0 0.0 0.0 0.0 0.0 0.0 
4900 4.842 0.00033924403845780676 0.0 0.0 0.00033924403845780676 0.0 0.0 0.0 0.0 0.0 0.0 0.0 0.0 0.0 0.0 0.0 0.0 0.0 0.0 0.0 0.0 0.0 
4901 4.843 0.00033912734434822755 0.0 0.0 0.00033912734434822755 0.0 0.0 0.0 0.0 0.0 0.0 0.0 0.0 0.0 0.0 0.0 0.0 0.0 0.0 0.0 0.0 0.0 
4902 4.844 0.0003390103053113968 0.0 0.0 0.0003390103053113968 0.0 0.0 0.0 0.0 0.0 0.0 0.0 0.0 0.0 0.0 0.0 0.0 0.0 0.0 0.0 0.0 0.0 
4903 4.845 0.00033889292136503866 0.0 0.0 0.00033889292136503866 0.0 0.0 0.0 0.0 0.0 0.0 0.0 0.0 0.0 0.0 0.0 0.0 0.0 0.0 0.0 0.0 0.0 
4904 4.846 0.0003387751925279026 0.0 0.0 0.0003387751925279026 0.0 0.0 0.0 0.0 0.0 0.0 0.0 0.0 0.0 0.0 0.0 0.0 0.0 0.0 0.0 0.0 0.0 
4905 4.847 0.00033865711881976546 0.0 0.0 0.00033865711881976546 0.0 0.0 0.0 0.0 0.0 0.0 0.0 0.0 0.0 0.0 0.0 0.0 0.0 0.0 0.0 0.0 0.0 
4906 4.848 0.0003385387002614329 0.0 0.0 0.0003385387002614329 0.0 0.0 0.0 0.0 0.0 0.0 0.0 0.0 0.0 0.0 0.0 0.0 0.0 0.0 0.0 0.0 0.0 
4907 4.849 0.0003384199368747408 0.0 0.0 0.0003384199368747408 0.0 0.0 0.0 0.0 0.0 0.0 0.0 0.0 0.0 0.0 0.0 0.0 0.0 0.0 0.0 0.0 0.0 
4908 4.85 0.00033830082868255675 0.0 0.0 0.00033830082868255675 0.0 0.0 0.0 0.0 0.0 0.0 0.0 0.0 0.0 0.0 0.0 0.0 0.0 0.0 0.0 0.0 0.0 
4909 4.851 0.0003381813757087817 0.0 0.0 0.0003381813757087817 0.0 0.0 0.0 0.0 0.0 0.0 0.0 0.0 0.0 0.0 0.0 0.0 0.0 0.0 0.0 0.0 0.0 
4910 4.852 0.0003380615779783515 0.0 0.0 0.0003380615779783515 0.0 0.0 0.0 0.0 0.0 0.0 0.0 0.0 0.0 0.0 0.0 0.0 0.0 0.0 0.0 0.0 0.0 
4911 4.853 0.0003379414355172381 0.0 0.0 0.0003379414355172381 0.0 0.0 0.0 0.0 0.0 0.0 0.0 0.0 0.0 0.0 0.0 0.0 0.0 0.0 0.0 0.0 0.0 
4912 4.854 0.0003378209483524518 0.0 0.0 0.0003378209483524518 0.0 0.0 0.0 0.0 0.0 0.0 0.0 0.0 0.0 0.0 0.0 0.0 0.0 0.0 0.0 0.0 0.0 
4913 4.855 0.00033770011651204174 0.0 0.0 0.00033770011651204174 0.0 0.0 0.0 0.0 0.0 0.0 0.0 0.0 0.0 0.0 0.0 0.0 0.0 0.0 0.0 0.0 0.0 
4914 4.856 0.00033757894002509845 0.0 0.0 0.00033757894002509845 0.0 0.0 0.0 0.0 0.0 0.0 0.0 0.0 0.0 0.0 0.0 0.0 0.0 0.0 0.0 0.0 0.0 
4915 4.857 0.0003374574189217544 0.0 0.0 0.0003374574189217544 0.0 0.0 0.0 0.0 0.0 0.0 0.0 0.0 0.0 0.0 0.0 0.0 0.0 0.0 0.0 0.0 0.0 
4916 4.858 0.0003373355532331863 0.0 0.0 0.0003373355532331863 0.0 0.0 0.0 0.0 0.0 0.0 0.0 0.0 0.0 0.0 0.0 0.0 0.0 0.0 0.0 0.0 0.0 
4917 4.859 0.0003372133429916161 0.0 0.0 0.0003372133429916161 0.0 0.0 0.0 0.0 0.0 0.0 0.0 0.0 0.0 0.0 0.0 0.0 0.0 0.0 0.0 0.0 0.0 
4918 4.86 0.00033709078823031296 0.0 0.0 0.00033709078823031296 0.0 0.0 0.0 0.0 0.0 0.0 0.0 0.0 0.0 0.0 0.0 0.0 0.0 0.0 0.0 0.0 0.0 
4919 4.861 0.000336967888983594 0.0 0.0 0.000336967888983594 0.0 0.0 0.0 0.0 0.0 0.0 0.0 0.0 0.0 0.0 0.0 0.0 0.0 0.0 0.0 0.0 0.0 
4920 4.862 0.00033684464528682657 0.0 0.0 0.00033684464528682657 0.0 0.0 0.0 0.0 0.0 0.0 0.0 0.0 0.0 0.0 0.0 0.0 0.0 0.0 0.0 0.0 0.0 
4921 4.863 0.00033672105717642945 0.0 0.0 0.00033672105717642945 0.0 0.0 0.0 0.0 0.0 0.0 0.0 0.0 0.0 0.0 0.0 0.0 0.0 0.0 0.0 0.0 0.0 
4922 4.864 0.0003365971246898743 0.0 0.0 0.0003365971246898743 0.0 0.0 0.0 0.0 0.0 0.0 0.0 0.0 0.0 0.0 0.0 0.0 0.0 0.0 0.0 0.0 0.0 
4923 4.865 0.00033647284786568726 0.0 0.0 0.00033647284786568726 0.0 0.0 0.0 0.0 0.0 0.0 0.0 0.0 0.0 0.0 0.0 0.0 0.0 0.0 0.0 0.0 0.0 
4924 4.866 0.00033634822674344996 0.0 0.0 0.00033634822674344996 0.0 0.0 0.0 0.0 0.0 0.0 0.0 0.0 0.0 0.0 0.0 0.0 0.0 0.0 0.0 0.0 0.0 
4925 4.867 0.0003362232613638021 0.0 0.0 0.0003362232613638021 0.0 0.0 0.0 0.0 0.0 0.0 0.0 0.0 0.0 0.0 0.0 0.0 0.0 0.0 0.0 0.0 0.0 
4926 4.868 0.0003360979517684418 0.0 0.0 0.0003360979517684418 0.0 0.0 0.0 0.0 0.0 0.0 0.0 0.0 0.0 0.0 0.0 0.0 0.0 0.0 0.0 0.0 0.0 
4927 4.869 0.00033597229800012764 0.0 0.0 0.00033597229800012764 0.0 0.0 0.0 0.0 0.0 0.0 0.0 0.0 0.0 0.0 0.0 0.0 0.0 0.0 0.0 0.0 0.0 
4928 4.87 0.00033584630010268 0.0 0.0 0.00033584630010268 0.0 0.0 0.0 0.0 0.0 0.0 0.0 0.0 0.0 0.0 0.0 0.0 0.0 0.0 0.0 0.0 0.0 
4929 4.871 0.0003357199581209829 0.0 0.0 0.0003357199581209829 0.0 0.0 0.0 0.0 0.0 0.0 0.0 0.0 0.0 0.0 0.0 0.0 0.0 0.0 0.0 0.0 0.0 
4930 4.872 0.0003355932721009847 0.0 0.0 0.0003355932721009847 0.0 0.0 0.0 0.0 0.0 0.0 0.0 0.0 0.0 0.0 0.0 0.0 0.0 0.0 0.0 0.0 0.0 
4931 4.873 0.0003354662420897005 0.0 0.0 0.0003354662420897005 0.0 0.0 0.0 0.0 0.0 0.0 0.0 0.0 0.0 0.0 0.0 0.0 0.0 0.0 0.0 0.0 0.0 
4932 4.874 0.00033533886813521266 0.0 0.0 0.00033533886813521266 0.0 0.0 0.0 0.0 0.0 0.0 0.0 0.0 0.0 0.0 0.0 0.0 0.0 0.0 0.0 0.0 0.0 
4933 4.875 0.0003352111502866734 0.0 0.0 0.0003352111502866734 0.0 0.0 0.0 0.0 0.0 0.0 0.0 0.0 0.0 0.0 0.0 0.0 0.0 0.0 0.0 0.0 0.0 
4934 4.876 0.0003350830885943051 0.0 0.0 0.0003350830885943051 0.0 0.0 0.0 0.0 0.0 0.0 0.0 0.0 0.0 0.0 0.0 0.0 0.0 0.0 0.0 0.0 0.0 
4935 4.877 0.0003349546831094025 0.0 0.0 0.0003349546831094025 0.0 0.0 0.0 0.0 0.0 0.0 0.0 0.0 0.0 0.0 0.0 0.0 0.0 0.0 0.0 0.0 0.0 
4936 4.878 0.00033482593388433414 0.0 0.0 0.00033482593388433414 0.0 0.0 0.0 0.0 0.0 0.0 0.0 0.0 0.0 0.0 0.0 0.0 0.0 0.0 0.0 0.0 0.0 
4937 4.879 0.0003346968409725433 0.0 0.0 0.0003346968409725433 0.0 0.0 0.0 0.0 0.0 0.0 0.0 0.0 0.0 0.0 0.0 0.0 0.0 0.0 0.0 0.0 0.0 
4938 4.88 0.0003345674044285501 0.0 0.0 0.0003345674044285501 0.0 0.0 0.0 0.0 0.0 0.0 0.0 0.0 0.0 0.0 0.0 0.0 0.0 0.0 0.0 0.0 0.0 
4939 4.881 0.0003344376243079527 0.0 0.0 0.0003344376243079527 0.0 0.0 0.0 0.0 0.0 0.0 0.0 0.0 0.0 0.0 0.0 0.0 0.0 0.0 0.0 0.0 0.0 
4940 4.882 0.0003343075006674284 0.0 0.0 0.0003343075006674284 0.0 0.0 0.0 0.0 0.0 0.0 0.0 0.0 0.0 0.0 0.0 0.0 0.0 0.0 0.0 0.0 0.0 
4941 4.883 0.00033417703356473585 0.0 0.0 0.00033417703356473585 0.0 0.0 0.0 0.0 0.0 0.0 0.0 0.0 0.0 0.0 0.0 0.0 0.0 0.0 0.0 0.0 0.0 
4942 4.884 0.0003340462230587158 0.0 0.0 0.0003340462230587158 0.0 0.0 0.0 0.0 0.0 0.0 0.0 0.0 0.0 0.0 0.0 0.0 0.0 0.0 0.0 0.0 0.0 
4943 4.885 0.000333915069209293 0.0 0.0 0.000333915069209293 0.0 0.0 0.0 0.0 0.0 0.0 0.0 0.0 0.0 0.0 0.0 0.0 0.0 0.0 0.0 0.0 0.0 
4944 4.886 0.0003337835720774772 0.0 0.0 0.0003337835720774772 0.0 0.0 0.0 0.0 0.0 0.0 0.0 0.0 0.0 0.0 0.0 0.0 0.0 0.0 0.0 0.0 0.0 
4945 4.887 0.0003336517317253652 0.0 0.0 0.0003336517317253652 0.0 0.0 0.0 0.0 0.0 0.0 0.0 0.0 0.0 0.0 0.0 0.0 0.0 0.0 0.0 0.0 0.0 
4946 4.888 0.00033351954821614165 0.0 0.0 0.00033351954821614165 0.0 0.0 0.0 0.0 0.0 0.0 0.0 0.0 0.0 0.0 0.0 0.0 0.0 0.0 0.0 0.0 0.0 
4947 4.889 0.00033338702161408106 0.0 0.0 0.00033338702161408106 0.0 0.0 0.0 0.0 0.0 0.0 0.0 0.0 0.0 0.0 0.0 0.0 0.0 0.0 0.0 0.0 0.0 
4948 4.89 0.0003332541519845488 0.0 0.0 0.0003332541519845488 0.0 0.0 0.0 0.0 0.0 0.0 0.0 0.0 0.0 0.0 0.0 0.0 0.0 0.0 0.0 0.0 0.0 
4949 4.891 0.00033312093939400275 0.0 0.0 0.00033312093939400275 0.0 0.0 0.0 0.0 0.0 0.0 0.0 0.0 0.0 0.0 0.0 0.0 0.0 0.0 0.0 0.0 0.0 
4950 4.892 0.0003329873839099946 0.0 0.0 0.0003329873839099946 0.0 0.0 0.0 0.0 0.0 0.0 0.0 0.0 0.0 0.0 0.0 0.0 0.0 0.0 0.0 0.0 0.0 
4951 4.892 0.0003328534856011715 0.0 0.0 0.0003328534856011715 0.0 0.0 0.0 0.0 0.0 0.0 0.0 0.0 0.0 0.0 0.0 0.0 0.0 0.0 0.0 0.0 0.0 
4952 4.893 0.0003327192445372774 0.0 0.0 0.0003327192445372774 0.0 0.0 0.0 0.0 0.0 0.0 0.0 0.0 0.0 0.0 0.0 0.0 0.0 0.0 0.0 0.0 0.0 
4953 4.894 0.0003325846607891542 0.0 0.0 0.0003325846607891542 0.0 0.0 0.0 0.0 0.0 0.0 0.0 0.0 0.0 0.0 0.0 0.0 0.0 0.0 0.0 0.0 0.0 
4954 4.895 0.00033244973442874353 0.0 0.0 0.00033244973442874353 0.0 0.0 0.0 0.0 0.0 0.0 0.0 0.0 0.0 0.0 0.0 0.0 0.0 0.0 0.0 0.0 0.0 
4955 4.896 0.00033231446552908816 0.0 0.0 0.00033231446552908816 0.0 0.0 0.0 0.0 0.0 0.0 0.0 0.0 0.0 0.0 0.0 0.0 0.0 0.0 0.0 0.0 0.0 
4956 4.897 0.00033217885416433304 0.0 0.0 0.00033217885416433304 0.0 0.0 0.0 0.0 0.0 0.0 0.0 0.0 0.0 0.0 0.0 0.0 0.0 0.0 0.0 0.0 0.0 
4957 4.898 0.000332042900409727 0.0 0.0 0.000332042900409727 0.0 0.0 0.0 0.0 0.0 0.0 0.0 0.0 0.0 0.0 0.0 0.0 0.0 0.0 0.0 0.0 0.0 
4958 4.899 0.00033190660434162435 0.0 0.0 0.00033190660434162435 0.0 0.0 0.0 0.0 0.0 0.0 0.0 0.0 0.0 0.0 0.0 0.0 0.0 0.0 0.0 0.0 0.0 
4959 4.9 0.00033176996603748583 0.0 0.0 0.00033176996603748583 0.0 0.0 0.0 0.0 0.0 0.0 0.0 0.0 0.0 0.0 0.0 0.0 0.0 0.0 0.0 0.0 0.0 
4960 4.901 0.0003316329855758804 0.0 0.0 0.0003316329855758804 0.0 0.0 0.0 0.0 0.0 0.0 0.0 0.0 0.0 0.0 0.0 0.0 0.0 0.0 0.0 0.0 0.0 
4961 4.902 0.00033149566303648624 0.0 0.0 0.00033149566303648624 0.0 0.0 0.0 0.0 0.0 0.0 0.0 0.0 0.0 0.0 0.0 0.0 0.0 0.0 0.0 0.0 0.0 
4962 4.903 0.0003313579985000927 0.0 0.0 0.0003313579985000927 0.0 0.0 0.0 0.0 0.0 0.0 0.0 0.0 0.0 0.0 0.0 0.0 0.0 0.0 0.0 0.0 0.0 
4963 4.904 0.00033121999204860125 0.0 0.0 0.00033121999204860125 0.0 0.0 0.0 0.0 0.0 0.0 0.0 0.0 0.0 0.0 0.0 0.0 0.0 0.0 0.0 0.0 0.0 
4964 4.905 0.00033108164376502696 0.0 0.0 0.00033108164376502696 0.0 0.0 0.0 0.0 0.0 0.0 0.0 0.0 0.0 0.0 0.0 0.0 0.0 0.0 0.0 0.0 0.0 
4965 4.906 0.00033094295373350035 0.0 0.0 0.00033094295373350035 0.0 0.0 0.0 0.0 0.0 0.0 0.0 0.0 0.0 0.0 0.0 0.0 0.0 0.0 0.0 0.0 0.0 
4966 4.907 0.0003308039220392677 0.0 0.0 0.0003308039220392677 0.0 0.0 0.0 0.0 0.0 0.0 0.0 0.0 0.0 0.0 0.0 0.0 0.0 0.0 0.0 0.0 0.0 
4967 4.908 0.00033066454876869367 0.0 0.0 0.00033066454876869367 0.0 0.0 0.0 0.0 0.0 0.0 0.0 0.0 0.0 0.0 0.0 0.0 0.0 0.0 0.0 0.0 0.0 
4968 4.909 0.00033052483400926194 0.0 0.0 0.00033052483400926194 0.0 0.0 0.0 0.0 0.0 0.0 0.0 0.0 0.0 0.0 0.0 0.0 0.0 0.0 0.0 0.0 0.0 
4969 4.91 0.0003303847778495767 0.0 0.0 0.0003303847778495767 0.0 0.0 0.0 0.0 0.0 0.0 0.0 0.0 0.0 0.0 0.0 0.0 0.0 0.0 0.0 0.0 0.0 
4970 4.911 0.0003302443803793643 0.0 0.0 0.0003302443803793643 0.0 0.0 0.0 0.0 0.0 0.0 0.0 0.0 0.0 0.0 0.0 0.0 0.0 0.0 0.0 0.0 0.0 
4971 4.912 0.00033010364168947445 0.0 0.0 0.00033010364168947445 0.0 0.0 0.0 0.0 0.0 0.0 0.0 0.0 0.0 0.0 0.0 0.0 0.0 0.0 0.0 0.0 0.0 
4972 4.913 0.0003299625618718813 0.0 0.0 0.0003299625618718813 0.0 0.0 0.0 0.0 0.0 0.0 0.0 0.0 0.0 0.0 0.0 0.0 0.0 0.0 0.0 0.0 0.0 
4973 4.914 0.00032982114101968524 0.0 0.0 0.00032982114101968524 0.0 0.0 0.0 0.0 0.0 0.0 0.0 0.0 0.0 0.0 0.0 0.0 0.0 0.0 0.0 0.0 0.0 
4974 4.915 0.0003296793792271142 0.0 0.0 0.0003296793792271142 0.0 0.0 0.0 0.0 0.0 0.0 0.0 0.0 0.0 0.0 0.0 0.0 0.0 0.0 0.0 0.0 0.0 
4975 4.916 0.0003295372765895249 0.0 0.0 0.0003295372765895249 0.0 0.0 0.0 0.0 0.0 0.0 0.0 0.0 0.0 0.0 0.0 0.0 0.0 0.0 0.0 0.0 0.0 
4976 4.917 0.0003293948332034041 0.0 0.0 0.0003293948332034041 0.0 0.0 0.0 0.0 0.0 0.0 0.0 0.0 0.0 0.0 0.0 0.0 0.0 0.0 0.0 0.0 0.0 
4977 4.918 0.0003292520491663704 0.0 0.0 0.0003292520491663704 0.0 0.0 0.0 0.0 0.0 0.0 0.0 0.0 0.0 0.0 0.0 0.0 0.0 0.0 0.0 0.0 0.0 
4978 4.919 0.0003291089245771749 0.0 0.0 0.0003291089245771749 0.0 0.0 0.0 0.0 0.0 0.0 0.0 0.0 0.0 0.0 0.0 0.0 0.0 0.0 0.0 0.0 0.0 
4979 4.92 0.0003289654595357032 0.0 0.0 0.0003289654595357032 0.0 0.0 0.0 0.0 0.0 0.0 0.0 0.0 0.0 0.0 0.0 0.0 0.0 0.0 0.0 0.0 0.0 
4980 4.921 0.0003288216541429764 0.0 0.0 0.0003288216541429764 0.0 0.0 0.0 0.0 0.0 0.0 0.0 0.0 0.0 0.0 0.0 0.0 0.0 0.0 0.0 0.0 0.0 
4981 4.922 0.00032867750850115263 0.0 0.0 0.00032867750850115263 0.0 0.0 0.0 0.0 0.0 0.0 0.0 0.0 0.0 0.0 0.0 0.0 0.0 0.0 0.0 0.0 0.0 
4982 4.923 0.00032853302271352815 0.0 0.0 0.00032853302271352815 0.0 0.0 0.0 0.0 0.0 0.0 0.0 0.0 0.0 0.0 0.0 0.0 0.0 0.0 0.0 0.0 0.0 
4983 4.924 0.0003283881968845391 0.0 0.0 0.0003283881968845391 0.0 0.0 0.0 0.0 0.0 0.0 0.0 0.0 0.0 0.0 0.0 0.0 0.0 0.0 0.0 0.0 0.0 
4984 4.925 0.0003282430311197623 0.0 0.0 0.0003282430311197623 0.0 0.0 0.0 0.0 0.0 0.0 0.0 0.0 0.0 0.0 0.0 0.0 0.0 0.0 0.0 0.0 0.0 
4985 4.926 0.00032809752552591696 0.0 0.0 0.00032809752552591696 0.0 0.0 0.0 0.0 0.0 0.0 0.0 0.0 0.0 0.0 0.0 0.0 0.0 0.0 0.0 0.0 0.0 
4986 4.927 0.0003279516802108659 0.0 0.0 0.0003279516802108659 0.0 0.0 0.0 0.0 0.0 0.0 0.0 0.0 0.0 0.0 0.0 0.0 0.0 0.0 0.0 0.0 0.0 
4987 4.928 0.00032780549528361704 0.0 0.0 0.00032780549528361704 0.0 0.0 0.0 0.0 0.0 0.0 0.0 0.0 0.0 0.0 0.0 0.0 0.0 0.0 0.0 0.0 0.0 
4988 4.929 0.00032765897085432444 0.0 0.0 0.00032765897085432444 0.0 0.0 0.0 0.0 0.0 0.0 0.0 0.0 0.0 0.0 0.0 0.0 0.0 0.0 0.0 0.0 0.0 
4989 4.93 0.0003275121070342897 0.0 0.0 0.0003275121070342897 0.0 0.0 0.0 0.0 0.0 0.0 0.0 0.0 0.0 0.0 0.0 0.0 0.0 0.0 0.0 0.0 0.0 
4990 4.931 0.0003273649039359634 0.0 0.0 0.0003273649039359634 0.0 0.0 0.0 0.0 0.0 0.0 0.0 0.0 0.0 0.0 0.0 0.0 0.0 0.0 0.0 0.0 0.0 
4991 4.932 0.0003272173616729466 0.0 0.0 0.0003272173616729466 0.0 0.0 0.0 0.0 0.0 0.0 0.0 0.0 0.0 0.0 0.0 0.0 0.0 0.0 0.0 0.0 0.0 
4992 4.933 0.0003270694803599914 0.0 0.0 0.0003270694803599914 0.0 0.0 0.0 0.0 0.0 0.0 0.0 0.0 0.0 0.0 0.0 0.0 0.0 0.0 0.0 0.0 0.0 
4993 4.934 0.00032692126011300306 0.0 0.0 0.00032692126011300306 0.0 0.0 0.0 0.0 0.0 0.0 0.0 0.0 0.0 0.0 0.0 0.0 0.0 0.0 0.0 0.0 0.0 
4994 4.935 0.0003267727010490411 0.0 0.0 0.0003267727010490411 0.0 0.0 0.0 0.0 0.0 0.0 0.0 0.0 0.0 0.0 0.0 0.0 0.0 0.0 0.0 0.0 0.0 
4995 4.936 0.0003266238032863204 0.0 0.0 0.0003266238032863204 0.0 0.0 0.0 0.0 0.0 0.0 0.0 0.0 0.0 0.0 0.0 0.0 0.0 0.0 0.0 0.0 0.0 
4996 4.937 0.00032647456694421227 0.0 0.0 0.00032647456694421227 0.0 0.0 0.0 0.0 0.0 0.0 0.0 0.0 0.0 0.0 0.0 0.0 0.0 0.0 0.0 0.0 0.0 
4997 4.938 0.00032632499214324675 0.0 0.0 0.00032632499214324675 0.0 0.0 0.0 0.0 0.0 0.0 0.0 0.0 0.0 0.0 0.0 0.0 0.0 0.0 0.0 0.0 0.0 
4998 4.939 0.0003261750790051127 0.0 0.0 0.0003261750790051127 0.0 0.0 0.0 0.0 0.0 0.0 0.0 0.0 0.0 0.0 0.0 0.0 0.0 0.0 0.0 0.0 0.0 
4999 4.94 0.0003260248276526596 0.0 0.0 0.0003260248276526596 0.0 0.0 0.0 0.0 0.0 0.0 0.0 0.0 0.0 0.0 0.0 0.0 0.0 0.0 0.0 0.0 0.0 
5000 4.941 0.00032587423820989943 0.0 0.0 0.00032587423820989943 0.0 0.0 0.0 0.0 0.0 0.0 0.0 0.0 0.0 0.0 0.0 0.0 0.0 0.0 0.0 0.0 0.0 
5001 4.942 0.0003257233108020066 0.0 0.0 0.0003257233108020066 0.0 0.0 0.0 0.0 0.0 0.0 0.0 0.0 0.0 0.0 0.0 0.0 0.0 0.0 0.0 0.0 0.0 
5002 4.943 0.00032557204555532063 0.0 0.0 0.00032557204555532063 0.0 0.0 0.0 0.0 0.0 0.0 0.0 0.0 0.0 0.0 0.0 0.0 0.0 0.0 0.0 0.0 0.0 
5003 4.944 0.0003254204425973465 0.0 0.0 0.0003254204425973465 0.0 0.0 0.0 0.0 0.0 0.0 0.0 0.0 0.0 0.0 0.0 0.0 0.0 0.0 0.0 0.0 0.0 
5004 4.945 0.00032526850205675633 0.0 0.0 0.00032526850205675633 0.0 0.0 0.0 0.0 0.0 0.0 0.0 0.0 0.0 0.0 0.0 0.0 0.0 0.0 0.0 0.0 0.0 
5005 4.946 0.00032511622406339053 0.0 0.0 0.00032511622406339053 0.0 0.0 0.0 0.0 0.0 0.0 0.0 0.0 0.0 0.0 0.0 0.0 0.0 0.0 0.0 0.0 0.0 
5006 4.947 0.000324963608748259 0.0 0.0 0.000324963608748259 0.0 0.0 0.0 0.0 0.0 0.0 0.0 0.0 0.0 0.0 0.0 0.0 0.0 0.0 0.0 0.0 0.0 
5007 4.948 0.00032481065624354256 0.0 0.0 0.00032481065624354256 0.0 0.0 0.0 0.0 0.0 0.0 0.0 0.0 0.0 0.0 0.0 0.0 0.0 0.0 0.0 0.0 0.0 
5008 4.949 0.00032465736668259423 0.0 0.0 0.00032465736668259423 0.0 0.0 0.0 0.0 0.0 0.0 0.0 0.0 0.0 0.0 0.0 0.0 0.0 0.0 0.0 0.0 0.0 
5009 4.95 0.00032450374019994015 0.0 0.0 0.00032450374019994015 0.0 0.0 0.0 0.0 0.0 0.0 0.0 0.0 0.0 0.0 0.0 0.0 0.0 0.0 0.0 0.0 0.0 
5010 4.951 0.0003243497769312814 0.0 0.0 0.0003243497769312814 0.0 0.0 0.0 0.0 0.0 0.0 0.0 0.0 0.0 0.0 0.0 0.0 0.0 0.0 0.0 0.0 0.0 
5011 4.952 0.00032419547701349445 0.0 0.0 0.00032419547701349445 0.0 0.0 0.0 0.0 0.0 0.0 0.0 0.0 0.0 0.0 0.0 0.0 0.0 0.0 0.0 0.0 0.0 
5012 4.953 0.0003240408405846333 0.0 0.0 0.0003240408405846333 0.0 0.0 0.0 0.0 0.0 0.0 0.0 0.0 0.0 0.0 0.0 0.0 0.0 0.0 0.0 0.0 0.0 
5013 4.954 0.0003238858677839301 0.0 0.0 0.0003238858677839301 0.0 0.0 0.0 0.0 0.0 0.0 0.0 0.0 0.0 0.0 0.0 0.0 0.0 0.0 0.0 0.0 0.0 
5014 4.955 0.00032373055875179656 0.0 0.0 0.00032373055875179656 0.0 0.0 0.0 0.0 0.0 0.0 0.0 0.0 0.0 0.0 0.0 0.0 0.0 0.0 0.0 0.0 0.0 
5015 4.956 0.00032357491362982525 0.0 0.0 0.00032357491362982525 0.0 0.0 0.0 0.0 0.0 0.0 0.0 0.0 0.0 0.0 0.0 0.0 0.0 0.0 0.0 0.0 0.0 
5016 4.957 0.0003234189325607909 0.0 0.0 0.0003234189325607909 0.0 0.0 0.0 0.0 0.0 0.0 0.0 0.0 0.0 0.0 0.0 0.0 0.0 0.0 0.0 0.0 0.0 
5017 4.958 0.0003232626156886512 0.0 0.0 0.0003232626156886512 0.0 0.0 0.0 0.0 0.0 0.0 0.0 0.0 0.0 0.0 0.0 0.0 0.0 0.0 0.0 0.0 0.0 
5018 4.959 0.0003231059631585488 0.0 0.0 0.0003231059631585488 0.0 0.0 0.0 0.0 0.0 0.0 0.0 0.0 0.0 0.0 0.0 0.0 0.0 0.0 0.0 0.0 0.0 
5019 4.96 0.0003229489751168117 0.0 0.0 0.0003229489751168117 0.0 0.0 0.0 0.0 0.0 0.0 0.0 0.0 0.0 0.0 0.0 0.0 0.0 0.0 0.0 0.0 0.0 
5020 4.961 0.0003227916517109551 0.0 0.0 0.0003227916517109551 0.0 0.0 0.0 0.0 0.0 0.0 0.0 0.0 0.0 0.0 0.0 0.0 0.0 0.0 0.0 0.0 0.0 
5021 4.962 0.000322633993089682 0.0 0.0 0.000322633993089682 0.0 0.0 0.0 0.0 0.0 0.0 0.0 0.0 0.0 0.0 0.0 0.0 0.0 0.0 0.0 0.0 0.0 
5022 4.963 0.00032247599940288507 0.0 0.0 0.00032247599940288507 0.0 0.0 0.0 0.0 0.0 0.0 0.0 0.0 0.0 0.0 0.0 0.0 0.0 0.0 0.0 0.0 0.0 
5023 4.964 0.0003223176708016476 0.0 0.0 0.0003223176708016476 0.0 0.0 0.0 0.0 0.0 0.0 0.0 0.0 0.0 0.0 0.0 0.0 0.0 0.0 0.0 0.0 0.0 
5024 4.965 0.0003221590074382444 0.0 0.0 0.0003221590074382444 0.0 0.0 0.0 0.0 0.0 0.0 0.0 0.0 0.0 0.0 0.0 0.0 0.0 0.0 0.0 0.0 0.0 
5025 4.966 0.0003220000094661432 0.0 0.0 0.0003220000094661432 0.0 0.0 0.0 0.0 0.0 0.0 0.0 0.0 0.0 0.0 0.0 0.0 0.0 0.0 0.0 0.0 0.0 
5026 4.967 0.0003218406770400064 0.0 0.0 0.0003218406770400064 0.0 0.0 0.0 0.0 0.0 0.0 0.0 0.0 0.0 0.0 0.0 0.0 0.0 0.0 0.0 0.0 0.0 
5027 4.968 0.00032168101031569127 0.0 0.0 0.00032168101031569127 0.0 0.0 0.0 0.0 0.0 0.0 0.0 0.0 0.0 0.0 0.0 0.0 0.0 0.0 0.0 0.0 0.0 
5028 4.969 0.0003215210094502518 0.0 0.0 0.0003215210094502518 0.0 0.0 0.0 0.0 0.0 0.0 0.0 0.0 0.0 0.0 0.0 0.0 0.0 0.0 0.0 0.0 0.0 
5029 4.97 0.0003213606746019396 0.0 0.0 0.0003213606746019396 0.0 0.0 0.0 0.0 0.0 0.0 0.0 0.0 0.0 0.0 0.0 0.0 0.0 0.0 0.0 0.0 0.0 
5030 4.971 0.0003212000059302055 0.0 0.0 0.0003212000059302055 0.0 0.0 0.0 0.0 0.0 0.0 0.0 0.0 0.0 0.0 0.0 0.0 0.0 0.0 0.0 0.0 0.0 
5031 4.972 0.0003210390035956999 0.0 0.0 0.0003210390035956999 0.0 0.0 0.0 0.0 0.0 0.0 0.0 0.0 0.0 0.0 0.0 0.0 0.0 0.0 0.0 0.0 0.0 
5032 4.973 0.0003208776677602751 0.0 0.0 0.0003208776677602751 0.0 0.0 0.0 0.0 0.0 0.0 0.0 0.0 0.0 0.0 0.0 0.0 0.0 0.0 0.0 0.0 0.0 
5033 4.974 0.0003207159985869852 0.0 0.0 0.0003207159985869852 0.0 0.0 0.0 0.0 0.0 0.0 0.0 0.0 0.0 0.0 0.0 0.0 0.0 0.0 0.0 0.0 0.0 
5034 4.975 0.00032055399624008826 0.0 0.0 0.00032055399624008826 0.0 0.0 0.0 0.0 0.0 0.0 0.0 0.0 0.0 0.0 0.0 0.0 0.0 0.0 0.0 0.0 0.0 
5035 4.976 0.0003203916608850471 0.0 0.0 0.0003203916608850471 0.0 0.0 0.0 0.0 0.0 0.0 0.0 0.0 0.0 0.0 0.0 0.0 0.0 0.0 0.0 0.0 0.0 
5036 4.976 0.0003202289926885304 0.0 0.0 0.0003202289926885304 0.0 0.0 0.0 0.0 0.0 0.0 0.0 0.0 0.0 0.0 0.0 0.0 0.0 0.0 0.0 0.0 0.0 
5037 4.977 0.0003200659918184136 0.0 0.0 0.0003200659918184136 0.0 0.0 0.0 0.0 0.0 0.0 0.0 0.0 0.0 0.0 0.0 0.0 0.0 0.0 0.0 0.0 0.0 
5038 4.978 0.00031990265844378095 0.0 0.0 0.00031990265844378095 0.0 0.0 0.0 0.0 0.0 0.0 0.0 0.0 0.0 0.0 0.0 0.0 0.0 0.0 0.0 0.0 0.0 
5039 4.979 0.00031973899273492554 0.0 0.0 0.00031973899273492554 0.0 0.0 0.0 0.0 0.0 0.0 0.0 0.0 0.0 0.0 0.0 0.0 0.0 0.0 0.0 0.0 0.0 
5040 4.98 0.00031957499486335114 0.0 0.0 0.00031957499486335114 0.0 0.0 0.0 0.0 0.0 0.0 0.0 0.0 0.0 0.0 0.0 0.0 0.0 0.0 0.0 0.0 0.0 
5041 4.981 0.0003194106650017734 0.0 0.0 0.0003194106650017734 0.0 0.0 0.0 0.0 0.0 0.0 0.0 0.0 0.0 0.0 0.0 0.0 0.0 0.0 0.0 0.0 0.0 
5042 4.982 0.0003192460033241202 0.0 0.0 0.0003192460033241202 0.0 0.0 0.0 0.0 0.0 0.0 0.0 0.0 0.0 0.0 0.0 0.0 0.0 0.0 0.0 0.0 0.0 
5043 4.983 0.000319081010005534 0.0 0.0 0.000319081010005534 0.0 0.0 0.0 0.0 0.0 0.0 0.0 0.0 0.0 0.0 0.0 0.0 0.0 0.0 0.0 0.0 0.0 
5044 4.984 0.0003189156852223716 0.0 0.0 0.0003189156852223716 0.0 0.0 0.0 0.0 0.0 0.0 0.0 0.0 0.0 0.0 0.0 0.0 0.0 0.0 0.0 0.0 0.0 
5045 4.985 0.0003187500291522064 0.0 0.0 0.0003187500291522064 0.0 0.0 0.0 0.0 0.0 0.0 0.0 0.0 0.0 0.0 0.0 0.0 0.0 0.0 0.0 0.0 0.0 
5046 4.986 0.00031858404197382894 0.0 0.0 0.00031858404197382894 0.0 0.0 0.0 0.0 0.0 0.0 0.0 0.0 0.0 0.0 0.0 0.0 0.0 0.0 0.0 0.0 0.0 
5047 4.987 0.0003184177238672482 0.0 0.0 0.0003184177238672482 0.0 0.0 0.0 0.0 0.0 0.0 0.0 0.0 0.0 0.0 0.0 0.0 0.0 0.0 0.0 0.0 0.0 
5048 4.988 0.00031825107501369255 0.0 0.0 0.00031825107501369255 0.0 0.0 0.0 0.0 0.0 0.0 0.0 0.0 0.0 0.0 0.0 0.0 0.0 0.0 0.0 0.0 0.0 
5049 4.989 0.00031808409559561085 0.0 0.0 0.00031808409559561085 0.0 0.0 0.0 0.0 0.0 0.0 0.0 0.0 0.0 0.0 0.0 0.0 0.0 0.0 0.0 0.0 0.0 
5050 4.99 0.00031791678579667405 0.0 0.0 0.00031791678579667405 0.0 0.0 0.0 0.0 0.0 0.0 0.0 0.0 0.0 0.0 0.0 0.0 0.0 0.0 0.0 0.0 0.0 
5051 4.991 0.00031774914580177537 0.0 0.0 0.00031774914580177537 0.0 0.0 0.0 0.0 0.0 0.0 0.0 0.0 0.0 0.0 0.0 0.0 0.0 0.0 0.0 0.0 0.0 
5052 4.992 0.0003175811757970324 0.0 0.0 0.0003175811757970324 0.0 0.0 0.0 0.0 0.0 0.0 0.0 0.0 0.0 0.0 0.0 0.0 0.0 0.0 0.0 0.0 0.0 
5053 4.993 0.0003174128759697874 0.0 0.0 0.0003174128759697874 0.0 0.0 0.0 0.0 0.0 0.0 0.0 0.0 0.0 0.0 0.0 0.0 0.0 0.0 0.0 0.0 0.0 
5054 4.994 0.0003172442465086088 0.0 0.0 0.0003172442465086088 0.0 0.0 0.0 0.0 0.0 0.0 0.0 0.0 0.0 0.0 0.0 0.0 0.0 0.0 0.0 0.0 0.0 
5055 4.995 0.00031707528760329203 0.0 0.0 0.00031707528760329203 0.0 0.0 0.0 0.0 0.0 0.0 0.0 0.0 0.0 0.0 0.0 0.0 0.0 0.0 0.0 0.0 0.0 
5056 4.996 0.000316905999444861 0.0 0.0 0.000316905999444861 0.0 0.0 0.0 0.0 0.0 0.0 0.0 0.0 0.0 0.0 0.0 0.0 0.0 0.0 0.0 0.0 0.0 
5057 4.997 0.00031673638222556866 0.0 0.0 0.00031673638222556866 0.0 0.0 0.0 0.0 0.0 0.0 0.0 0.0 0.0 0.0 0.0 0.0 0.0 0.0 0.0 0.0 0.0 
5058 4.998 0.0003165664361388984 0.0 0.0 0.0003165664361388984 0.0 0.0 0.0 0.0 0.0 0.0 0.0 0.0 0.0 0.0 0.0 0.0 0.0 0.0 0.0 0.0 0.0 
5059 4.999 0.0003163961613795649 0.0 0.0 0.0003163961613795649 0.0 0.0 0.0 0.0 0.0 0.0 0.0 0.0 0.0 0.0 0.0 0.0 0.0 0.0 0.0 0.0 0.0 
5060 5.0 0.00031622555814351573 0.0 0.0 0.00031622555814351573 0.0 0.0 0.0 0.0 0.0 0.0 0.0 0.0 0.0 0.0 0.0 0.0 0.0 0.0 0.0 0.0 0.0 
5061 5.001 0.0003160546266279314 0.0 0.0 0.0003160546266279314 0.0 0.0 0.0 0.0 0.0 0.0 0.0 0.0 0.0 0.0 0.0 0.0 0.0 0.0 0.0 0.0 0.0 
5062 5.002 0.00031588336703122755 0.0 0.0 0.00031588336703122755 0.0 0.0 0.0 0.0 0.0 0.0 0.0 0.0 0.0 0.0 0.0 0.0 0.0 0.0 0.0 0.0 0.0 
5063 5.003 0.00031571177955305496 0.0 0.0 0.00031571177955305496 0.0 0.0 0.0 0.0 0.0 0.0 0.0 0.0 0.0 0.0 0.0 0.0 0.0 0.0 0.0 0.0 0.0 
5064 5.004 0.00031553986439430146 0.0 0.0 0.00031553986439430146 0.0 0.0 0.0 0.0 0.0 0.0 0.0 0.0 0.0 0.0 0.0 0.0 0.0 0.0 0.0 0.0 0.0 
5065 5.005 0.00031536762175709236 0.0 0.0 0.00031536762175709236 0.0 0.0 0.0 0.0 0.0 0.0 0.0 0.0 0.0 0.0 0.0 0.0 0.0 0.0 0.0 0.0 0.0 
5066 5.006 0.00031519505184479175 0.0 0.0 0.00031519505184479175 0.0 0.0 0.0 0.0 0.0 0.0 0.0 0.0 0.0 0.0 0.0 0.0 0.0 0.0 0.0 0.0 0.0 
5067 5.007 0.0003150221548620035 0.0 0.0 0.0003150221548620035 0.0 0.0 0.0 0.0 0.0 0.0 0.0 0.0 0.0 0.0 0.0 0.0 0.0 0.0 0.0 0.0 0.0 
5068 5.008 0.0003148489310145724 0.0 0.0 0.0003148489310145724 0.0 0.0 0.0 0.0 0.0 0.0 0.0 0.0 0.0 0.0 0.0 0.0 0.0 0.0 0.0 0.0 0.0 
5069 5.009 0.00031467538050958477 0.0 0.0 0.00031467538050958477 0.0 0.0 0.0 0.0 0.0 0.0 0.0 0.0 0.0 0.0 0.0 0.0 0.0 0.0 0.0 0.0 0.0 
5070 5.01 0.00031450150355536994 0.0 0.0 0.00031450150355536994 0.0 0.0 0.0 0.0 0.0 0.0 0.0 0.0 0.0 0.0 0.0 0.0 0.0 0.0 0.0 0.0 0.0 
5071 5.011 0.00031432730036150107 0.0 0.0 0.00031432730036150107 0.0 0.0 0.0 0.0 0.0 0.0 0.0 0.0 0.0 0.0 0.0 0.0 0.0 0.0 0.0 0.0 0.0 
5072 5.012 0.00031415277113879604 0.0 0.0 0.00031415277113879604 0.0 0.0 0.0 0.0 0.0 0.0 0.0 0.0 0.0 0.0 0.0 0.0 0.0 0.0 0.0 0.0 0.0 
5073 5.013 0.0003139779160993187 0.0 0.0 0.0003139779160993187 0.0 0.0 0.0 0.0 0.0 0.0 0.0 0.0 0.0 0.0 0.0 0.0 0.0 0.0 0.0 0.0 0.0 
5074 5.014 0.0003138027354563797 0.0 0.0 0.0003138027354563797 0.0 0.0 0.0 0.0 0.0 0.0 0.0 0.0 0.0 0.0 0.0 0.0 0.0 0.0 0.0 0.0 0.0 
5075 5.015 0.0003136272294245375 0.0 0.0 0.0003136272294245375 0.0 0.0 0.0 0.0 0.0 0.0 0.0 0.0 0.0 0.0 0.0 0.0 0.0 0.0 0.0 0.0 0.0 
5076 5.016 0.0003134513982195993 0.0 0.0 0.0003134513982195993 0.0 0.0 0.0 0.0 0.0 0.0 0.0 0.0 0.0 0.0 0.0 0.0 0.0 0.0 0.0 0.0 0.0 
5077 5.017 0.00031327524205862224 0.0 0.0 0.00031327524205862224 0.0 0.0 0.0 0.0 0.0 0.0 0.0 0.0 0.0 0.0 0.0 0.0 0.0 0.0 0.0 0.0 0.0 
5078 5.018 0.00031309876115991406 0.0 0.0 0.00031309876115991406 0.0 0.0 0.0 0.0 0.0 0.0 0.0 0.0 0.0 0.0 0.0 0.0 0.0 0.0 0.0 0.0 0.0 
5079 5.019 0.0003129219557430346 0.0 0.0 0.0003129219557430346 0.0 0.0 0.0 0.0 0.0 0.0 0.0 0.0 0.0 0.0 0.0 0.0 0.0 0.0 0.0 0.0 0.0 
5080 5.02 0.0003127448260287958 0.0 0.0 0.0003127448260287958 0.0 0.0 0.0 0.0 0.0 0.0 0.0 0.0 0.0 0.0 0.0 0.0 0.0 0.0 0.0 0.0 0.0 
5081 5.021 0.0003125673722392641 0.0 0.0 0.0003125673722392641 0.0 0.0 0.0 0.0 0.0 0.0 0.0 0.0 0.0 0.0 0.0 0.0 0.0 0.0 0.0 0.0 0.0 
5082 5.022 0.00031238959459775975 0.0 0.0 0.00031238959459775975 0.0 0.0 0.0 0.0 0.0 0.0 0.0 0.0 0.0 0.0 0.0 0.0 0.0 0.0 0.0 0.0 0.0 
5083 5.023 0.0003122114933288592 0.0 0.0 0.0003122114933288592 0.0 0.0 0.0 0.0 0.0 0.0 0.0 0.0 0.0 0.0 0.0 0.0 0.0 0.0 0.0 0.0 0.0 
5084 5.024 0.00031203306865839513 0.0 0.0 0.00031203306865839513 0.0 0.0 0.0 0.0 0.0 0.0 0.0 0.0 0.0 0.0 0.0 0.0 0.0 0.0 0.0 0.0 0.0 
5085 5.025 0.00031185432081345797 0.0 0.0 0.00031185432081345797 0.0 0.0 0.0 0.0 0.0 0.0 0.0 0.0 0.0 0.0 0.0 0.0 0.0 0.0 0.0 0.0 0.0 
5086 5.026 0.0003116752500223963 0.0 0.0 0.0003116752500223963 0.0 0.0 0.0 0.0 0.0 0.0 0.0 0.0 0.0 0.0 0.0 0.0 0.0 0.0 0.0 0.0 0.0 
5087 5.027 0.00031149585651481823 0.0 0.0 0.00031149585651481823 0.0 0.0 0.0 0.0 0.0 0.0 0.0 0.0 0.0 0.0 0.0 0.0 0.0 0.0 0.0 0.0 0.0 
5088 5.028 0.00031131614052159215 0.0 0.0 0.00031131614052159215 0.0 0.0 0.0 0.0 0.0 0.0 0.0 0.0 0.0 0.0 0.0 0.0 0.0 0.0 0.0 0.0 0.0 
5089 5.029 0.00031113610227484766 0.0 0.0 0.00031113610227484766 0.0 0.0 0.0 0.0 0.0 0.0 0.0 0.0 0.0 0.0 0.0 0.0 0.0 0.0 0.0 0.0 0.0 
5090 5.03 0.00031095574200797657 0.0 0.0 0.00031095574200797657 0.0 0.0 0.0 0.0 0.0 0.0 0.0 0.0 0.0 0.0 0.0 0.0 0.0 0.0 0.0 0.0 0.0 
5091 5.031 0.0003107750599556337 0.0 0.0 0.0003107750599556337 0.0 0.0 0.0 0.0 0.0 0.0 0.0 0.0 0.0 0.0 0.0 0.0 0.0 0.0 0.0 0.0 0.0 
5092 5.032 0.00031059405635373784 0.0 0.0 0.00031059405635373784 0.0 0.0 0.0 0.0 0.0 0.0 0.0 0.0 0.0 0.0 0.0 0.0 0.0 0.0 0.0 0.0 0.0 
5093 5.033 0.00031041273143947267 0.0 0.0 0.00031041273143947267 0.0 0.0 0.0 0.0 0.0 0.0 0.0 0.0 0.0 0.0 0.0 0.0 0.0 0.0 0.0 0.0 0.0 
5094 5.034 0.0003102310854512876 0.0 0.0 0.0003102310854512876 0.0 0.0 0.0 0.0 0.0 0.0 0.0 0.0 0.0 0.0 0.0 0.0 0.0 0.0 0.0 0.0 0.0 
5095 5.035 0.0003100491186288989 0.0 0.0 0.0003100491186288989 0.0 0.0 0.0 0.0 0.0 0.0 0.0 0.0 0.0 0.0 0.0 0.0 0.0 0.0 0.0 0.0 0.0 
5096 5.036 0.0003098668312132902 0.0 0.0 0.0003098668312132902 0.0 0.0 0.0 0.0 0.0 0.0 0.0 0.0 0.0 0.0 0.0 0.0 0.0 0.0 0.0 0.0 0.0 
5097 5.037 0.0003096842234467138 0.0 0.0 0.0003096842234467138 0.0 0.0 0.0 0.0 0.0 0.0 0.0 0.0 0.0 0.0 0.0 0.0 0.0 0.0 0.0 0.0 0.0 
5098 5.038 0.0003095012955726911 0.0 0.0 0.0003095012955726911 0.0 0.0 0.0 0.0 0.0 0.0 0.0 0.0 0.0 0.0 0.0 0.0 0.0 0.0 0.0 0.0 0.0 
5099 5.039 0.00030931804783601406 0.0 0.0 0.00030931804783601406 0.0 0.0 0.0 0.0 0.0 0.0 0.0 0.0 0.0 0.0 0.0 0.0 0.0 0.0 0.0 0.0 0.0 
5100 5.04 0.0003091344804827452 0.0 0.0 0.0003091344804827452 0.0 0.0 0.0 0.0 0.0 0.0 0.0 0.0 0.0 0.0 0.0 0.0 0.0 0.0 0.0 0.0 0.0 
5101 5.041 0.0003089505937602196 0.0 0.0 0.0003089505937602196 0.0 0.0 0.0 0.0 0.0 0.0 0.0 0.0 0.0 0.0 0.0 0.0 0.0 0.0 0.0 0.0 0.0 
5102 5.042 0.00030876638791704487 0.0 0.0 0.00030876638791704487 0.0 0.0 0.0 0.0 0.0 0.0 0.0 0.0 0.0 0.0 0.0 0.0 0.0 0.0 0.0 0.0 0.0 
5103 5.043 0.0003085818632031022 0.0 0.0 0.0003085818632031022 0.0 0.0 0.0 0.0 0.0 0.0 0.0 0.0 0.0 0.0 0.0 0.0 0.0 0.0 0.0 0.0 0.0 
5104 5.044 0.0003083970198695475 0.0 0.0 0.0003083970198695475 0.0 0.0 0.0 0.0 0.0 0.0 0.0 0.0 0.0 0.0 0.0 0.0 0.0 0.0 0.0 0.0 0.0 
5105 5.045 0.00030821185816881197 0.0 0.0 0.00030821185816881197 0.0 0.0 0.0 0.0 0.0 0.0 0.0 0.0 0.0 0.0 0.0 0.0 0.0 0.0 0.0 0.0 0.0 
5106 5.046 0.00030802637835460305 0.0 0.0 0.00030802637835460305 0.0 0.0 0.0 0.0 0.0 0.0 0.0 0.0 0.0 0.0 0.0 0.0 0.0 0.0 0.0 0.0 0.0 
5107 5.047 0.0003078405806819052 0.0 0.0 0.0003078405806819052 0.0 0.0 0.0 0.0 0.0 0.0 0.0 0.0 0.0 0.0 0.0 0.0 0.0 0.0 0.0 0.0 0.0 
5108 5.048 0.0003076544654069809 0.0 0.0 0.0003076544654069809 0.0 0.0 0.0 0.0 0.0 0.0 0.0 0.0 0.0 0.0 0.0 0.0 0.0 0.0 0.0 0.0 0.0 
5109 5.049 0.0003074680327873711 0.0 0.0 0.0003074680327873711 0.0 0.0 0.0 0.0 0.0 0.0 0.0 0.0 0.0 0.0 0.0 0.0 0.0 0.0 0.0 0.0 0.0 
5110 5.05 0.0003072812830818964 0.0 0.0 0.0003072812830818964 0.0 0.0 0.0 0.0 0.0 0.0 0.0 0.0 0.0 0.0 0.0 0.0 0.0 0.0 0.0 0.0 0.0 
5111 5.051 0.00030709421655065783 0.0 0.0 0.00030709421655065783 0.0 0.0 0.0 0.0 0.0 0.0 0.0 0.0 0.0 0.0 0.0 0.0 0.0 0.0 0.0 0.0 0.0 
5112 5.052 0.00030690683345503764 0.0 0.0 0.00030690683345503764 0.0 0.0 0.0 0.0 0.0 0.0 0.0 0.0 0.0 0.0 0.0 0.0 0.0 0.0 0.0 0.0 0.0 
5113 5.053 0.00030671913405769957 0.0 0.0 0.00030671913405769957 0.0 0.0 0.0 0.0 0.0 0.0 0.0 0.0 0.0 0.0 0.0 0.0 0.0 0.0 0.0 0.0 0.0 
5114 5.054 0.00030653111862259083 0.0 0.0 0.00030653111862259083 0.0 0.0 0.0 0.0 0.0 0.0 0.0 0.0 0.0 0.0 0.0 0.0 0.0 0.0 0.0 0.0 0.0 
5115 5.055 0.0003063427874149418 0.0 0.0 0.0003063427874149418 0.0 0.0 0.0 0.0 0.0 0.0 0.0 0.0 0.0 0.0 0.0 0.0 0.0 0.0 0.0 0.0 0.0 
5116 5.056 0.00030615414070126693 0.0 0.0 0.00030615414070126693 0.0 0.0 0.0 0.0 0.0 0.0 0.0 0.0 0.0 0.0 0.0 0.0 0.0 0.0 0.0 0.0 0.0 
5117 5.057 0.0003059651787493664 0.0 0.0 0.0003059651787493664 0.0 0.0 0.0 0.0 0.0 0.0 0.0 0.0 0.0 0.0 0.0 0.0 0.0 0.0 0.0 0.0 0.0 
5118 5.058 0.0003057759018283258 0.0 0.0 0.0003057759018283258 0.0 0.0 0.0 0.0 0.0 0.0 0.0 0.0 0.0 0.0 0.0 0.0 0.0 0.0 0.0 0.0 0.0 
5119 5.059 0.0003055863102085178 0.0 0.0 0.0003055863102085178 0.0 0.0 0.0 0.0 0.0 0.0 0.0 0.0 0.0 0.0 0.0 0.0 0.0 0.0 0.0 0.0 0.0 
5120 5.06 0.00030539640416160207 0.0 0.0 0.00030539640416160207 0.0 0.0 0.0 0.0 0.0 0.0 0.0 0.0 0.0 0.0 0.0 0.0 0.0 0.0 0.0 0.0 0.0 
5121 5.06 0.0003052061839605269 0.0 0.0 0.0003052061839605269 0.0 0.0 0.0 0.0 0.0 0.0 0.0 0.0 0.0 0.0 0.0 0.0 0.0 0.0 0.0 0.0 0.0 
5122 5.061 0.0003050156498795294 0.0 0.0 0.0003050156498795294 0.0 0.0 0.0 0.0 0.0 0.0 0.0 0.0 0.0 0.0 0.0 0.0 0.0 0.0 0.0 0.0 0.0 
5123 5.062 0.00030482480219413646 0.0 0.0 0.00030482480219413646 0.0 0.0 0.0 0.0 0.0 0.0 0.0 0.0 0.0 0.0 0.0 0.0 0.0 0.0 0.0 0.0 0.0 
5124 5.063 0.00030463364118116514 0.0 0.0 0.00030463364118116514 0.0 0.0 0.0 0.0 0.0 0.0 0.0 0.0 0.0 0.0 0.0 0.0 0.0 0.0 0.0 0.0 0.0 
5125 5.064 0.0003044421671187241 0.0 0.0 0.0003044421671187241 0.0 0.0 0.0 0.0 0.0 0.0 0.0 0.0 0.0 0.0 0.0 0.0 0.0 0.0 0.0 0.0 0.0 
5126 5.065 0.00030425038028621376 0.0 0.0 0.00030425038028621376 0.0 0.0 0.0 0.0 0.0 0.0 0.0 0.0 0.0 0.0 0.0 0.0 0.0 0.0 0.0 0.0 0.0 
5127 5.066 0.0003040582809643271 0.0 0.0 0.0003040582809643271 0.0 0.0 0.0 0.0 0.0 0.0 0.0 0.0 0.0 0.0 0.0 0.0 0.0 0.0 0.0 0.0 0.0 
5128 5.067 0.0003038658694350508 0.0 0.0 0.0003038658694350508 0.0 0.0 0.0 0.0 0.0 0.0 0.0 0.0 0.0 0.0 0.0 0.0 0.0 0.0 0.0 0.0 0.0 
5129 5.068 0.0003036731459816653 0.0 0.0 0.0003036731459816653 0.0 0.0 0.0 0.0 0.0 0.0 0.0 0.0 0.0 0.0 0.0 0.0 0.0 0.0 0.0 0.0 0.0 
5130 5.069 0.00030348011088874606 0.0 0.0 0.00030348011088874606 0.0 0.0 0.0 0.0 0.0 0.0 0.0 0.0 0.0 0.0 0.0 0.0 0.0 0.0 0.0 0.0 0.0 
5131 5.07 0.0003032867644421641 0.0 0.0 0.0003032867644421641 0.0 0.0 0.0 0.0 0.0 0.0 0.0 0.0 0.0 0.0 0.0 0.0 0.0 0.0 0.0 0.0 0.0 
5132 5.071 0.0003030931069290865 0.0 0.0 0.0003030931069290865 0.0 0.0 0.0 0.0 0.0 0.0 0.0 0.0 0.0 0.0 0.0 0.0 0.0 0.0 0.0 0.0 0.0 
5133 5.072 0.00030289913863797754 0.0 0.0 0.00030289913863797754 0.0 0.0 0.0 0.0 0.0 0.0 0.0 0.0 0.0 0.0 0.0 0.0 0.0 0.0 0.0 0.0 0.0 
5134 5.073 0.00030270485985859887 0.0 0.0 0.00030270485985859887 0.0 0.0 0.0 0.0 0.0 0.0 0.0 0.0 0.0 0.0 0.0 0.0 0.0 0.0 0.0 0.0 0.0 
5135 5.074 0.0003025102708820105 0.0 0.0 0.0003025102708820105 0.0 0.0 0.0 0.0 0.0 0.0 0.0 0.0 0.0 0.0 0.0 0.0 0.0 0.0 0.0 0.0 0.0 
5136 5.075 0.00030231537200057145 0.0 0.0 0.00030231537200057145 0.0 0.0 0.0 0.0 0.0 0.0 0.0 0.0 0.0 0.0 0.0 0.0 0.0 0.0 0.0 0.0 0.0 
5137 5.076 0.00030212016350794044 0.0 0.0 0.00030212016350794044 0.0 0.0 0.0 0.0 0.0 0.0 0.0 0.0 0.0 0.0 0.0 0.0 0.0 0.0 0.0 0.0 0.0 
5138 5.077 0.00030192464569907637 0.0 0.0 0.00030192464569907637 0.0 0.0 0.0 0.0 0.0 0.0 0.0 0.0 0.0 0.0 0.0 0.0 0.0 0.0 0.0 0.0 0.0 
5139 5.078 0.00030172881887023943 0.0 0.0 0.00030172881887023943 0.0 0.0 0.0 0.0 0.0 0.0 0.0 0.0 0.0 0.0 0.0 0.0 0.0 0.0 0.0 0.0 0.0 
5140 5.079 0.000301532683318991 0.0 0.0 0.000301532683318991 0.0 0.0 0.0 0.0 0.0 0.0 0.0 0.0 0.0 0.0 0.0 0.0 0.0 0.0 0.0 0.0 0.0 
5141 5.08 0.00030133623934419494 0.0 0.0 0.00030133623934419494 0.0 0.0 0.0 0.0 0.0 0.0 0.0 0.0 0.0 0.0 0.0 0.0 0.0 0.0 0.0 0.0 0.0 
5142 5.081 0.0003011394872460184 0.0 0.0 0.0003011394872460184 0.0 0.0 0.0 0.0 0.0 0.0 0.0 0.0 0.0 0.0 0.0 0.0 0.0 0.0 0.0 0.0 0.0 
5143 5.082 0.0003009424273259316 0.0 0.0 0.0003009424273259316 0.0 0.0 0.0 0.0 0.0 0.0 0.0 0.0 0.0 0.0 0.0 0.0 0.0 0.0 0.0 0.0 0.0 
5144 5.083 0.00030074505988670914 0.0 0.0 0.00030074505988670914 0.0 0.0 0.0 0.0 0.0 0.0 0.0 0.0 0.0 0.0 0.0 0.0 0.0 0.0 0.0 0.0 0.0 
5145 5.084 0.00030054738523243023 0.0 0.0 0.00030054738523243023 0.0 0.0 0.0 0.0 0.0 0.0 0.0 0.0 0.0 0.0 0.0 0.0 0.0 0.0 0.0 0.0 0.0 
5146 5.085 0.00030034940366848015 0.0 0.0 0.00030034940366848015 0.0 0.0 0.0 0.0 0.0 0.0 0.0 0.0 0.0 0.0 0.0 0.0 0.0 0.0 0.0 0.0 0.0 
5147 5.086 0.0003001511155015497 0.0 0.0 0.0003001511155015497 0.0 0.0 0.0 0.0 0.0 0.0 0.0 0.0 0.0 0.0 0.0 0.0 0.0 0.0 0.0 0.0 0.0 
5148 5.087 0.00029995252103963643 0.0 0.0 0.00029995252103963643 0.0 0.0 0.0 0.0 0.0 0.0 0.0 0.0 0.0 0.0 0.0 0.0 0.0 0.0 0.0 0.0 0.0 
5149 5.088 0.00029975362059204524 0.0 0.0 0.00029975362059204524 0.0 0.0 0.0 0.0 0.0 0.0 0.0 0.0 0.0 0.0 0.0 0.0 0.0 0.0 0.0 0.0 0.0 
5150 5.089 0.000299554414469389 0.0 0.0 0.000299554414469389 0.0 0.0 0.0 0.0 0.0 0.0 0.0 0.0 0.0 0.0 0.0 0.0 0.0 0.0 0.0 0.0 0.0 
5151 5.09 0.0002993549029835889 0.0 0.0 0.0002993549029835889 0.0 0.0 0.0 0.0 0.0 0.0 0.0 0.0 0.0 0.0 0.0 0.0 0.0 0.0 0.0 0.0 0.0 
5152 5.091 0.000299155086447875 0.0 0.0 0.000299155086447875 0.0 0.0 0.0 0.0 0.0 0.0 0.0 0.0 0.0 0.0 0.0 0.0 0.0 0.0 0.0 0.0 0.0 
5153 5.092 0.0002989549651767875 0.0 0.0 0.0002989549651767875 0.0 0.0 0.0 0.0 0.0 0.0 0.0 0.0 0.0 0.0 0.0 0.0 0.0 0.0 0.0 0.0 0.0 
5154 5.093 0.0002987545394861764 0.0 0.0 0.0002987545394861764 0.0 0.0 0.0 0.0 0.0 0.0 0.0 0.0 0.0 0.0 0.0 0.0 0.0 0.0 0.0 0.0 0.0 
5155 5.094 0.00029855380969320264 0.0 0.0 0.00029855380969320264 0.0 0.0 0.0 0.0 0.0 0.0 0.0 0.0 0.0 0.0 0.0 0.0 0.0 0.0 0.0 0.0 0.0 
5156 5.095 0.0002983527761163383 0.0 0.0 0.0002983527761163383 0.0 0.0 0.0 0.0 0.0 0.0 0.0 0.0 0.0 0.0 0.0 0.0 0.0 0.0 0.0 0.0 0.0 
5157 5.096 0.00029815143907536734 0.0 0.0 0.00029815143907536734 0.0 0.0 0.0 0.0 0.0 0.0 0.0 0.0 0.0 0.0 0.0 0.0 0.0 0.0 0.0 0.0 0.0 
5158 5.097 0.0002979497988913866 0.0 0.0 0.0002979497988913866 0.0 0.0 0.0 0.0 0.0 0.0 0.0 0.0 0.0 0.0 0.0 0.0 0.0 0.0 0.0 0.0 0.0 
5159 5.098 0.00029774785588680523 0.0 0.0 0.00029774785588680523 0.0 0.0 0.0 0.0 0.0 0.0 0.0 0.0 0.0 0.0 0.0 0.0 0.0 0.0 0.0 0.0 0.0 
5160 5.099 0.00029754561038534646 0.0 0.0 0.00029754561038534646 0.0 0.0 0.0 0.0 0.0 0.0 0.0 0.0 0.0 0.0 0.0 0.0 0.0 0.0 0.0 0.0 0.0 
5161 5.1 0.0002973430627120472 0.0 0.0 0.0002973430627120472 0.0 0.0 0.0 0.0 0.0 0.0 0.0 0.0 0.0 0.0 0.0 0.0 0.0 0.0 0.0 0.0 0.0 
5162 5.101 0.000297140213193259 0.0 0.0 0.000297140213193259 0.0 0.0 0.0 0.0 0.0 0.0 0.0 0.0 0.0 0.0 0.0 0.0 0.0 0.0 0.0 0.0 0.0 
5163 5.102 0.0002969370621566486 0.0 0.0 0.0002969370621566486 0.0 0.0 0.0 0.0 0.0 0.0 0.0 0.0 0.0 0.0 0.0 0.0 0.0 0.0 0.0 0.0 0.0 
5164 5.103 0.00029673360993119814 0.0 0.0 0.00029673360993119814 0.0 0.0 0.0 0.0 0.0 0.0 0.0 0.0 0.0 0.0 0.0 0.0 0.0 0.0 0.0 0.0 0.0 
5165 5.104 0.00029652985684720595 0.0 0.0 0.00029652985684720595 0.0 0.0 0.0 0.0 0.0 0.0 0.0 0.0 0.0 0.0 0.0 0.0 0.0 0.0 0.0 0.0 0.0 
5166 5.105 0.00029632580323628706 0.0 0.0 0.00029632580323628706 0.0 0.0 0.0 0.0 0.0 0.0 0.0 0.0 0.0 0.0 0.0 0.0 0.0 0.0 0.0 0.0 0.0 
5167 5.106 0.0002961214494313735 0.0 0.0 0.0002961214494313735 0.0 0.0 0.0 0.0 0.0 0.0 0.0 0.0 0.0 0.0 0.0 0.0 0.0 0.0 0.0 0.0 0.0 
5168 5.107 0.00029591679576671475 0.0 0.0 0.00029591679576671475 0.0 0.0 0.0 0.0 0.0 0.0 0.0 0.0 0.0 0.0 0.0 0.0 0.0 0.0 0.0 0.0 0.0 
5169 5.108 0.0002957118425778785 0.0 0.0 0.0002957118425778785 0.0 0.0 0.0 0.0 0.0 0.0 0.0 0.0 0.0 0.0 0.0 0.0 0.0 0.0 0.0 0.0 0.0 
5170 5.109 0.00029550659020175104 0.0 0.0 0.00029550659020175104 0.0 0.0 0.0 0.0 0.0 0.0 0.0 0.0 0.0 0.0 0.0 0.0 0.0 0.0 0.0 0.0 0.0 
5171 5.11 0.00029530103897653726 0.0 0.0 0.00029530103897653726 0.0 0.0 0.0 0.0 0.0 0.0 0.0 0.0 0.0 0.0 0.0 0.0 0.0 0.0 0.0 0.0 0.0 
5172 5.111 0.0002950951892417619 0.0 0.0 0.0002950951892417619 0.0 0.0 0.0 0.0 0.0 0.0 0.0 0.0 0.0 0.0 0.0 0.0 0.0 0.0 0.0 0.0 0.0 
5173 5.112 0.0002948890413382694 0.0 0.0 0.0002948890413382694 0.0 0.0 0.0 0.0 0.0 0.0 0.0 0.0 0.0 0.0 0.0 0.0 0.0 0.0 0.0 0.0 0.0 
5174 5.113 0.0002946825956082248 0.0 0.0 0.0002946825956082248 0.0 0.0 0.0 0.0 0.0 0.0 0.0 0.0 0.0 0.0 0.0 0.0 0.0 0.0 0.0 0.0 0.0 
5175 5.114 0.0002944758523951136 0.0 0.0 0.0002944758523951136 0.0 0.0 0.0 0.0 0.0 0.0 0.0 0.0 0.0 0.0 0.0 0.0 0.0 0.0 0.0 0.0 0.0 
5176 5.115 0.0002942688120437426 0.0 0.0 0.0002942688120437426 0.0 0.0 0.0 0.0 0.0 0.0 0.0 0.0 0.0 0.0 0.0 0.0 0.0 0.0 0.0 0.0 0.0 
5177 5.116 0.0002940614749002406 0.0 0.0 0.0002940614749002406 0.0 0.0 0.0 0.0 0.0 0.0 0.0 0.0 0.0 0.0 0.0 0.0 0.0 0.0 0.0 0.0 0.0 
5178 5.117 0.00029385384131205795 0.0 0.0 0.00029385384131205795 0.0 0.0 0.0 0.0 0.0 0.0 0.0 0.0 0.0 0.0 0.0 0.0 0.0 0.0 0.0 0.0 0.0 
5179 5.118 0.0002936459116279678 0.0 0.0 0.0002936459116279678 0.0 0.0 0.0 0.0 0.0 0.0 0.0 0.0 0.0 0.0 0.0 0.0 0.0 0.0 0.0 0.0 0.0 
5180 5.119 0.00029343768619806627 0.0 0.0 0.00029343768619806627 0.0 0.0 0.0 0.0 0.0 0.0 0.0 0.0 0.0 0.0 0.0 0.0 0.0 0.0 0.0 0.0 0.0 
5181 5.12 0.0002932291653737726 0.0 0.0 0.0002932291653737726 0.0 0.0 0.0 0.0 0.0 0.0 0.0 0.0 0.0 0.0 0.0 0.0 0.0 0.0 0.0 0.0 0.0 
5182 5.121 0.00029302034950782986 0.0 0.0 0.00029302034950782986 0.0 0.0 0.0 0.0 0.0 0.0 0.0 0.0 0.0 0.0 0.0 0.0 0.0 0.0 0.0 0.0 0.0 
5183 5.122 0.000292811238954305 0.0 0.0 0.000292811238954305 0.0 0.0 0.0 0.0 0.0 0.0 0.0 0.0 0.0 0.0 0.0 0.0 0.0 0.0 0.0 0.0 0.0 
5184 5.123 0.0002926018340685897 0.0 0.0 0.0002926018340685897 0.0 0.0 0.0 0.0 0.0 0.0 0.0 0.0 0.0 0.0 0.0 0.0 0.0 0.0 0.0 0.0 0.0 
5185 5.124 0.0002923921352074004 0.0 0.0 0.0002923921352074004 0.0 0.0 0.0 0.0 0.0 0.0 0.0 0.0 0.0 0.0 0.0 0.0 0.0 0.0 0.0 0.0 0.0 
5186 5.125 0.0002921821427287786 0.0 0.0 0.0002921821427287786 0.0 0.0 0.0 0.0 0.0 0.0 0.0 0.0 0.0 0.0 0.0 0.0 0.0 0.0 0.0 0.0 0.0 
5187 5.126 0.00029197185699209163 0.0 0.0 0.00029197185699209163 0.0 0.0 0.0 0.0 0.0 0.0 0.0 0.0 0.0 0.0 0.0 0.0 0.0 0.0 0.0 0.0 0.0 
5188 5.127 0.0002917612783580325 0.0 0.0 0.0002917612783580325 0.0 0.0 0.0 0.0 0.0 0.0 0.0 0.0 0.0 0.0 0.0 0.0 0.0 0.0 0.0 0.0 0.0 
5189 5.128 0.0002915504071886206 0.0 0.0 0.0002915504071886206 0.0 0.0 0.0 0.0 0.0 0.0 0.0 0.0 0.0 0.0 0.0 0.0 0.0 0.0 0.0 0.0 0.0 
5190 5.129 0.0002913392438472022 0.0 0.0 0.0002913392438472022 0.0 0.0 0.0 0.0 0.0 0.0 0.0 0.0 0.0 0.0 0.0 0.0 0.0 0.0 0.0 0.0 0.0 
5191 5.13 0.00029112778869845005 0.0 0.0 0.00029112778869845005 0.0 0.0 0.0 0.0 0.0 0.0 0.0 0.0 0.0 0.0 0.0 0.0 0.0 0.0 0.0 0.0 0.0 
5192 5.131 0.00029091604210836443 0.0 0.0 0.00029091604210836443 0.0 0.0 0.0 0.0 0.0 0.0 0.0 0.0 0.0 0.0 0.0 0.0 0.0 0.0 0.0 0.0 0.0 
5193 5.132 0.0002907040044442734 0.0 0.0 0.0002907040044442734 0.0 0.0 0.0 0.0 0.0 0.0 0.0 0.0 0.0 0.0 0.0 0.0 0.0 0.0 0.0 0.0 0.0 
5194 5.133 0.0002904916760748325 0.0 0.0 0.0002904916760748325 0.0 0.0 0.0 0.0 0.0 0.0 0.0 0.0 0.0 0.0 0.0 0.0 0.0 0.0 0.0 0.0 0.0 
5195 5.134 0.000290279057370026 0.0 0.0 0.000290279057370026 0.0 0.0 0.0 0.0 0.0 0.0 0.0 0.0 0.0 0.0 0.0 0.0 0.0 0.0 0.0 0.0 0.0 
5196 5.135 0.00029006614870116635 0.0 0.0 0.00029006614870116635 0.0 0.0 0.0 0.0 0.0 0.0 0.0 0.0 0.0 0.0 0.0 0.0 0.0 0.0 0.0 0.0 0.0 
5197 5.136 0.00028985295044089477 0.0 0.0 0.00028985295044089477 0.0 0.0 0.0 0.0 0.0 0.0 0.0 0.0 0.0 0.0 0.0 0.0 0.0 0.0 0.0 0.0 0.0 
5198 5.137 0.0002896394629631821 0.0 0.0 0.0002896394629631821 0.0 0.0 0.0 0.0 0.0 0.0 0.0 0.0 0.0 0.0 0.0 0.0 0.0 0.0 0.0 0.0 0.0 
5199 5.138 0.0002894256866433279 0.0 0.0 0.0002894256866433279 0.0 0.0 0.0 0.0 0.0 0.0 0.0 0.0 0.0 0.0 0.0 0.0 0.0 0.0 0.0 0.0 0.0 
5200 5.139 0.00028921162185796187 0.0 0.0 0.00028921162185796187 0.0 0.0 0.0 0.0 0.0 0.0 0.0 0.0 0.0 0.0 0.0 0.0 0.0 0.0 0.0 0.0 0.0 
5201 5.14 0.00028899726898504353 0.0 0.0 0.00028899726898504353 0.0 0.0 0.0 0.0 0.0 0.0 0.0 0.0 0.0 0.0 0.0 0.0 0.0 0.0 0.0 0.0 0.0 
5202 5.141 0.0002887826284038625 0.0 0.0 0.0002887826284038625 0.0 0.0 0.0 0.0 0.0 0.0 0.0 0.0 0.0 0.0 0.0 0.0 0.0 0.0 0.0 0.0 0.0 
5203 5.142 0.0002885677004950387 0.0 0.0 0.0002885677004950387 0.0 0.0 0.0 0.0 0.0 0.0 0.0 0.0 0.0 0.0 0.0 0.0 0.0 0.0 0.0 0.0 0.0 
5204 5.143 0.00028835248564052315 0.0 0.0 0.00028835248564052315 0.0 0.0 0.0 0.0 0.0 0.0 0.0 0.0 0.0 0.0 0.0 0.0 0.0 0.0 0.0 0.0 0.0 
5205 5.143 0.00028813698422359746 0.0 0.0 0.00028813698422359746 0.0 0.0 0.0 0.0 0.0 0.0 0.0 0.0 0.0 0.0 0.0 0.0 0.0 0.0 0.0 0.0 0.0 
5206 5.144 0.0002879211966288746 0.0 0.0 0.0002879211966288746 0.0 0.0 0.0 0.0 0.0 0.0 0.0 0.0 0.0 0.0 0.0 0.0 0.0 0.0 0.0 0.0 0.0 
5207 5.145 0.00028770512324229866 0.0 0.0 0.00028770512324229866 0.0 0.0 0.0 0.0 0.0 0.0 0.0 0.0 0.0 0.0 0.0 0.0 0.0 0.0 0.0 0.0 0.0 
5208 5.146 0.0002874887644511457 0.0 0.0 0.0002874887644511457 0.0 0.0 0.0 0.0 0.0 0.0 0.0 0.0 0.0 0.0 0.0 0.0 0.0 0.0 0.0 0.0 0.0 
5209 5.147 0.0002872721206440232 0.0 0.0 0.0002872721206440232 0.0 0.0 0.0 0.0 0.0 0.0 0.0 0.0 0.0 0.0 0.0 0.0 0.0 0.0 0.0 0.0 0.0 
5210 5.148 0.00028705519221087084 0.0 0.0 0.00028705519221087084 0.0 0.0 0.0 0.0 0.0 0.0 0.0 0.0 0.0 0.0 0.0 0.0 0.0 0.0 0.0 0.0 0.0 
5211 5.149 0.00028683797954296054 0.0 0.0 0.00028683797954296054 0.0 0.0 0.0 0.0 0.0 0.0 0.0 0.0 0.0 0.0 0.0 0.0 0.0 0.0 0.0 0.0 0.0 
5212 5.15 0.0002866204830328966 0.0 0.0 0.0002866204830328966 0.0 0.0 0.0 0.0 0.0 0.0 0.0 0.0 0.0 0.0 0.0 0.0 0.0 0.0 0.0 0.0 0.0 
5213 5.151 0.00028640270307461567 0.0 0.0 0.00028640270307461567 0.0 0.0 0.0 0.0 0.0 0.0 0.0 0.0 0.0 0.0 0.0 0.0 0.0 0.0 0.0 0.0 0.0 
5214 5.152 0.00028618464006338753 0.0 0.0 0.00028618464006338753 0.0 0.0 0.0 0.0 0.0 0.0 0.0 0.0 0.0 0.0 0.0 0.0 0.0 0.0 0.0 0.0 0.0 
5215 5.153 0.0002859662943958145 0.0 0.0 0.0002859662943958145 0.0 0.0 0.0 0.0 0.0 0.0 0.0 0.0 0.0 0.0 0.0 0.0 0.0 0.0 0.0 0.0 0.0 
5216 5.154 0.00028574766646983227 0.0 0.0 0.00028574766646983227 0.0 0.0 0.0 0.0 0.0 0.0 0.0 0.0 0.0 0.0 0.0 0.0 0.0 0.0 0.0 0.0 0.0 
5217 5.155 0.0002855287566847096 0.0 0.0 0.0002855287566847096 0.0 0.0 0.0 0.0 0.0 0.0 0.0 0.0 0.0 0.0 0.0 0.0 0.0 0.0 0.0 0.0 0.0 
5218 5.156 0.0002853095654410486 0.0 0.0 0.0002853095654410486 0.0 0.0 0.0 0.0 0.0 0.0 0.0 0.0 0.0 0.0 0.0 0.0 0.0 0.0 0.0 0.0 0.0 
5219 5.157 0.000285090093140785 0.0 0.0 0.000285090093140785 0.0 0.0 0.0 0.0 0.0 0.0 0.0 0.0 0.0 0.0 0.0 0.0 0.0 0.0 0.0 0.0 0.0 
5220 5.158 0.00028487034018718794 0.0 0.0 0.00028487034018718794 0.0 0.0 0.0 0.0 0.0 0.0 0.0 0.0 0.0 0.0 0.0 0.0 0.0 0.0 0.0 0.0 0.0 
5221 5.159 0.00028465030698486066 0.0 0.0 0.00028465030698486066 0.0 0.0 0.0 0.0 0.0 0.0 0.0 0.0 0.0 0.0 0.0 0.0 0.0 0.0 0.0 0.0 0.0 
5222 5.16 0.0002844299939397399 0.0 0.0 0.0002844299939397399 0.0 0.0 0.0 0.0 0.0 0.0 0.0 0.0 0.0 0.0 0.0 0.0 0.0 0.0 0.0 0.0 0.0 
5223 5.161 0.00028420940145909687 0.0 0.0 0.00028420940145909687 0.0 0.0 0.0 0.0 0.0 0.0 0.0 0.0 0.0 0.0 0.0 0.0 0.0 0.0 0.0 0.0 0.0 
5224 5.162 0.00028398852995153626 0.0 0.0 0.00028398852995153626 0.0 0.0 0.0 0.0 0.0 0.0 0.0 0.0 0.0 0.0 0.0 0.0 0.0 0.0 0.0 0.0 0.0 
5225 5.163 0.0002837673798269973 0.0 0.0 0.0002837673798269973 0.0 0.0 0.0 0.0 0.0 0.0 0.0 0.0 0.0 0.0 0.0 0.0 0.0 0.0 0.0 0.0 0.0 
5226 5.164 0.0002835459514967535 0.0 0.0 0.0002835459514967535 0.0 0.0 0.0 0.0 0.0 0.0 0.0 0.0 0.0 0.0 0.0 0.0 0.0 0.0 0.0 0.0 0.0 
5227 5.165 0.0002833242453734126 0.0 0.0 0.0002833242453734126 0.0 0.0 0.0 0.0 0.0 0.0 0.0 0.0 0.0 0.0 0.0 0.0 0.0 0.0 0.0 0.0 0.0 
5228 5.166 0.0002831022618709167 0.0 0.0 0.0002831022618709167 0.0 0.0 0.0 0.0 0.0 0.0 0.0 0.0 0.0 0.0 0.0 0.0 0.0 0.0 0.0 0.0 0.0 
5229 5.167 0.00028288000140454245 0.0 0.0 0.00028288000140454245 0.0 0.0 0.0 0.0 0.0 0.0 0.0 0.0 0.0 0.0 0.0 0.0 0.0 0.0 0.0 0.0 0.0 
5230 5.168 0.0002826574643909012 0.0 0.0 0.0002826574643909012 0.0 0.0 0.0 0.0 0.0 0.0 0.0 0.0 0.0 0.0 0.0 0.0 0.0 0.0 0.0 0.0 0.0 
5231 5.169 0.00028243465124793825 0.0 0.0 0.00028243465124793825 0.0 0.0 0.0 0.0 0.0 0.0 0.0 0.0 0.0 0.0 0.0 0.0 0.0 0.0 0.0 0.0 0.0 
5232 5.17 0.00028221156239493443 0.0 0.0 0.00028221156239493443 0.0 0.0 0.0 0.0 0.0 0.0 0.0 0.0 0.0 0.0 0.0 0.0 0.0 0.0 0.0 0.0 0.0 
5233 5.171 0.00028198819825250436 0.0 0.0 0.00028198819825250436 0.0 0.0 0.0 0.0 0.0 0.0 0.0 0.0 0.0 0.0 0.0 0.0 0.0 0.0 0.0 0.0 0.0 
5234 5.172 0.0002817645592425979 0.0 0.0 0.0002817645592425979 0.0 0.0 0.0 0.0 0.0 0.0 0.0 0.0 0.0 0.0 0.0 0.0 0.0 0.0 0.0 0.0 0.0 
5235 5.173 0.00028154064578849944 0.0 0.0 0.00028154064578849944 0.0 0.0 0.0 0.0 0.0 0.0 0.0 0.0 0.0 0.0 0.0 0.0 0.0 0.0 0.0 0.0 0.0 
5236 5.174 0.0002813164583148279 0.0 0.0 0.0002813164583148279 0.0 0.0 0.0 0.0 0.0 0.0 0.0 0.0 0.0 0.0 0.0 0.0 0.0 0.0 0.0 0.0 0.0 
5237 5.175 0.0002810919972475371 0.0 0.0 0.0002810919972475371 0.0 0.0 0.0 0.0 0.0 0.0 0.0 0.0 0.0 0.0 0.0 0.0 0.0 0.0 0.0 0.0 0.0 
5238 5.176 0.00028086726301391535 0.0 0.0 0.00028086726301391535 0.0 0.0 0.0 0.0 0.0 0.0 0.0 0.0 0.0 0.0 0.0 0.0 0.0 0.0 0.0 0.0 0.0 
5239 5.177 0.00028064225604258606 0.0 0.0 0.00028064225604258606 0.0 0.0 0.0 0.0 0.0 0.0 0.0 0.0 0.0 0.0 0.0 0.0 0.0 0.0 0.0 0.0 0.0 
5240 5.178 0.00028041697676350674 0.0 0.0 0.00028041697676350674 0.0 0.0 0.0 0.0 0.0 0.0 0.0 0.0 0.0 0.0 0.0 0.0 0.0 0.0 0.0 0.0 0.0 
5241 5.179 0.0002801914256079698 0.0 0.0 0.0002801914256079698 0.0 0.0 0.0 0.0 0.0 0.0 0.0 0.0 0.0 0.0 0.0 0.0 0.0 0.0 0.0 0.0 0.0 
5242 5.18 0.00027996560300860233 0.0 0.0 0.00027996560300860233 0.0 0.0 0.0 0.0 0.0 0.0 0.0 0.0 0.0 0.0 0.0 0.0 0.0 0.0 0.0 0.0 0.0 
5243 5.181 0.0002797395093993659 0.0 0.0 0.0002797395093993659 0.0 0.0 0.0 0.0 0.0 0.0 0.0 0.0 0.0 0.0 0.0 0.0 0.0 0.0 0.0 0.0 0.0 
5244 5.182 0.0002795131452155564 0.0 0.0 0.0002795131452155564 0.0 0.0 0.0 0.0 0.0 0.0 0.0 0.0 0.0 0.0 0.0 0.0 0.0 0.0 0.0 0.0 0.0 
5245 5.183 0.0002792865108938044 0.0 0.0 0.0002792865108938044 0.0 0.0 0.0 0.0 0.0 0.0 0.0 0.0 0.0 0.0 0.0 0.0 0.0 0.0 0.0 0.0 0.0 
5246 5.184 0.0002790596068720747 0.0 0.0 0.0002790596068720747 0.0 0.0 0.0 0.0 0.0 0.0 0.0 0.0 0.0 0.0 0.0 0.0 0.0 0.0 0.0 0.0 0.0 
5247 5.185 0.0002788324335896663 0.0 0.0 0.0002788324335896663 0.0 0.0 0.0 0.0 0.0 0.0 0.0 0.0 0.0 0.0 0.0 0.0 0.0 0.0 0.0 0.0 0.0 
5248 5.186 0.00027860499148721276 0.0 0.0 0.00027860499148721276 0.0 0.0 0.0 0.0 0.0 0.0 0.0 0.0 0.0 0.0 0.0 0.0 0.0 0.0 0.0 0.0 0.0 
5249 5.187 0.00027837728100668137 0.0 0.0 0.00027837728100668137 0.0 0.0 0.0 0.0 0.0 0.0 0.0 0.0 0.0 0.0 0.0 0.0 0.0 0.0 0.0 0.0 0.0 
5250 5.188 0.00027814930259137356 0.0 0.0 0.00027814930259137356 0.0 0.0 0.0 0.0 0.0 0.0 0.0 0.0 0.0 0.0 0.0 0.0 0.0 0.0 0.0 0.0 0.0 
5251 5.189 0.00027792105668592476 0.0 0.0 0.00027792105668592476 0.0 0.0 0.0 0.0 0.0 0.0 0.0 0.0 0.0 0.0 0.0 0.0 0.0 0.0 0.0 0.0 0.0 
5252 5.19 0.00027769254373630404 0.0 0.0 0.00027769254373630404 0.0 0.0 0.0 0.0 0.0 0.0 0.0 0.0 0.0 0.0 0.0 0.0 0.0 0.0 0.0 0.0 0.0 
5253 5.191 0.00027746376418981417 0.0 0.0 0.00027746376418981417 0.0 0.0 0.0 0.0 0.0 0.0 0.0 0.0 0.0 0.0 0.0 0.0 0.0 0.0 0.0 0.0 0.0 
5254 5.192 0.0002772347184950915 0.0 0.0 0.0002772347184950915 0.0 0.0 0.0 0.0 0.0 0.0 0.0 0.0 0.0 0.0 0.0 0.0 0.0 0.0 0.0 0.0 0.0 
5255 5.193 0.0002770054071021058 0.0 0.0 0.0002770054071021058 0.0 0.0 0.0 0.0 0.0 0.0 0.0 0.0 0.0 0.0 0.0 0.0 0.0 0.0 0.0 0.0 0.0 
5256 5.194 0.00027677583046215997 0.0 0.0 0.00027677583046215997 0.0 0.0 0.0 0.0 0.0 0.0 0.0 0.0 0.0 0.0 0.0 0.0 0.0 0.0 0.0 0.0 0.0 
5257 5.195 0.00027654598902789013 0.0 0.0 0.00027654598902789013 0.0 0.0 0.0 0.0 0.0 0.0 0.0 0.0 0.0 0.0 0.0 0.0 0.0 0.0 0.0 0.0 0.0 
5258 5.196 0.0002763158832532651 0.0 0.0 0.0002763158832532651 0.0 0.0 0.0 0.0 0.0 0.0 0.0 0.0 0.0 0.0 0.0 0.0 0.0 0.0 0.0 0.0 0.0 
5259 5.197 0.00027608551359358685 0.0 0.0 0.00027608551359358685 0.0 0.0 0.0 0.0 0.0 0.0 0.0 0.0 0.0 0.0 0.0 0.0 0.0 0.0 0.0 0.0 0.0 
5260 5.198 0.00027585488050548945 0.0 0.0 0.00027585488050548945 0.0 0.0 0.0 0.0 0.0 0.0 0.0 0.0 0.0 0.0 0.0 0.0 0.0 0.0 0.0 0.0 0.0 
5261 5.199 0.00027562398444693956 0.0 0.0 0.00027562398444693956 0.0 0.0 0.0 0.0 0.0 0.0 0.0 0.0 0.0 0.0 0.0 0.0 0.0 0.0 0.0 0.0 0.0 
5262 5.2 0.00027539282587723613 0.0 0.0 0.00027539282587723613 0.0 0.0 0.0 0.0 0.0 0.0 0.0 0.0 0.0 0.0 0.0 0.0 0.0 0.0 0.0 0.0 0.0 
5263 5.201 0.0002751614052570099 0.0 0.0 0.0002751614052570099 0.0 0.0 0.0 0.0 0.0 0.0 0.0 0.0 0.0 0.0 0.0 0.0 0.0 0.0 0.0 0.0 0.0 
5264 5.202 0.00027492972304822354 0.0 0.0 0.00027492972304822354 0.0 0.0 0.0 0.0 0.0 0.0 0.0 0.0 0.0 0.0 0.0 0.0 0.0 0.0 0.0 0.0 0.0 
5265 5.203 0.0002746977797141712 0.0 0.0 0.0002746977797141712 0.0 0.0 0.0 0.0 0.0 0.0 0.0 0.0 0.0 0.0 0.0 0.0 0.0 0.0 0.0 0.0 0.0 
5266 5.204 0.00027446557571947805 0.0 0.0 0.00027446557571947805 0.0 0.0 0.0 0.0 0.0 0.0 0.0 0.0 0.0 0.0 0.0 0.0 0.0 0.0 0.0 0.0 0.0 
5267 5.205 0.00027423311153010094 0.0 0.0 0.00027423311153010094 0.0 0.0 0.0 0.0 0.0 0.0 0.0 0.0 0.0 0.0 0.0 0.0 0.0 0.0 0.0 0.0 0.0 
5268 5.206 0.00027400038761332695 0.0 0.0 0.00027400038761332695 0.0 0.0 0.0 0.0 0.0 0.0 0.0 0.0 0.0 0.0 0.0 0.0 0.0 0.0 0.0 0.0 0.0 
5269 5.207 0.00027376740443777413 0.0 0.0 0.00027376740443777413 0.0 0.0 0.0 0.0 0.0 0.0 0.0 0.0 0.0 0.0 0.0 0.0 0.0 0.0 0.0 0.0 0.0 
5270 5.208 0.00027353416247339067 0.0 0.0 0.00027353416247339067 0.0 0.0 0.0 0.0 0.0 0.0 0.0 0.0 0.0 0.0 0.0 0.0 0.0 0.0 0.0 0.0 0.0 
5271 5.209 0.00027330066219145475 0.0 0.0 0.00027330066219145475 0.0 0.0 0.0 0.0 0.0 0.0 0.0 0.0 0.0 0.0 0.0 0.0 0.0 0.0 0.0 0.0 0.0 
5272 5.21 0.0002730669040645743 0.0 0.0 0.0002730669040645743 0.0 0.0 0.0 0.0 0.0 0.0 0.0 0.0 0.0 0.0 0.0 0.0 0.0 0.0 0.0 0.0 0.0 
5273 5.211 0.000272832888566687 0.0 0.0 0.000272832888566687 0.0 0.0 0.0 0.0 0.0 0.0 0.0 0.0 0.0 0.0 0.0 0.0 0.0 0.0 0.0 0.0 0.0 
5274 5.212 0.00027259861617305933 0.0 0.0 0.00027259861617305933 0.0 0.0 0.0 0.0 0.0 0.0 0.0 0.0 0.0 0.0 0.0 0.0 0.0 0.0 0.0 0.0 0.0 
5275 5.213 0.00027236408736028674 0.0 0.0 0.00027236408736028674 0.0 0.0 0.0 0.0 0.0 0.0 0.0 0.0 0.0 0.0 0.0 0.0 0.0 0.0 0.0 0.0 0.0 
5276 5.214 0.0002721293026062934 0.0 0.0 0.0002721293026062934 0.0 0.0 0.0 0.0 0.0 0.0 0.0 0.0 0.0 0.0 0.0 0.0 0.0 0.0 0.0 0.0 0.0 
5277 5.215 0.0002718942623903315 0.0 0.0 0.0002718942623903315 0.0 0.0 0.0 0.0 0.0 0.0 0.0 0.0 0.0 0.0 0.0 0.0 0.0 0.0 0.0 0.0 0.0 
5278 5.216 0.0002716589671929811 0.0 0.0 0.0002716589671929811 0.0 0.0 0.0 0.0 0.0 0.0 0.0 0.0 0.0 0.0 0.0 0.0 0.0 0.0 0.0 0.0 0.0 
5279 5.217 0.00027142341749615025 0.0 0.0 0.00027142341749615025 0.0 0.0 0.0 0.0 0.0 0.0 0.0 0.0 0.0 0.0 0.0 0.0 0.0 0.0 0.0 0.0 0.0 
5280 5.218 0.0002711876137830735 0.0 0.0 0.0002711876137830735 0.0 0.0 0.0 0.0 0.0 0.0 0.0 0.0 0.0 0.0 0.0 0.0 0.0 0.0 0.0 0.0 0.0 
5281 5.219 0.00027095155653831285 0.0 0.0 0.00027095155653831285 0.0 0.0 0.0 0.0 0.0 0.0 0.0 0.0 0.0 0.0 0.0 0.0 0.0 0.0 0.0 0.0 0.0 
5282 5.22 0.0002707152462477564 0.0 0.0 0.0002707152462477564 0.0 0.0 0.0 0.0 0.0 0.0 0.0 0.0 0.0 0.0 0.0 0.0 0.0 0.0 0.0 0.0 0.0 
5283 5.221 0.0002704786833986186 0.0 0.0 0.0002704786833986186 0.0 0.0 0.0 0.0 0.0 0.0 0.0 0.0 0.0 0.0 0.0 0.0 0.0 0.0 0.0 0.0 0.0 
5284 5.222 0.0002702418684794396 0.0 0.0 0.0002702418684794396 0.0 0.0 0.0 0.0 0.0 0.0 0.0 0.0 0.0 0.0 0.0 0.0 0.0 0.0 0.0 0.0 0.0 
5285 5.223 0.0002700048019800848 0.0 0.0 0.0002700048019800848 0.0 0.0 0.0 0.0 0.0 0.0 0.0 0.0 0.0 0.0 0.0 0.0 0.0 0.0 0.0 0.0 0.0 
5286 5.224 0.0002697674843917445 0.0 0.0 0.0002697674843917445 0.0 0.0 0.0 0.0 0.0 0.0 0.0 0.0 0.0 0.0 0.0 0.0 0.0 0.0 0.0 0.0 0.0 
5287 5.225 0.00026952991620693363 0.0 0.0 0.00026952991620693363 0.0 0.0 0.0 0.0 0.0 0.0 0.0 0.0 0.0 0.0 0.0 0.0 0.0 0.0 0.0 0.0 0.0 
5288 5.226 0.0002692920979194913 0.0 0.0 0.0002692920979194913 0.0 0.0 0.0 0.0 0.0 0.0 0.0 0.0 0.0 0.0 0.0 0.0 0.0 0.0 0.0 0.0 0.0 
5289 5.227 0.00026905403002458006 0.0 0.0 0.00026905403002458006 0.0 0.0 0.0 0.0 0.0 0.0 0.0 0.0 0.0 0.0 0.0 0.0 0.0 0.0 0.0 0.0 0.0 
5290 5.227 0.00026881571301868586 0.0 0.0 0.00026881571301868586 0.0 0.0 0.0 0.0 0.0 0.0 0.0 0.0 0.0 0.0 0.0 0.0 0.0 0.0 0.0 0.0 0.0 
5291 5.228 0.00026857714739961756 0.0 0.0 0.00026857714739961756 0.0 0.0 0.0 0.0 0.0 0.0 0.0 0.0 0.0 0.0 0.0 0.0 0.0 0.0 0.0 0.0 0.0 
5292 5.229 0.00026833833366650617 0.0 0.0 0.00026833833366650617 0.0 0.0 0.0 0.0 0.0 0.0 0.0 0.0 0.0 0.0 0.0 0.0 0.0 0.0 0.0 0.0 0.0 
5293 5.23 0.0002680992723198047 0.0 0.0 0.0002680992723198047 0.0 0.0 0.0 0.0 0.0 0.0 0.0 0.0 0.0 0.0 0.0 0.0 0.0 0.0 0.0 0.0 0.0 
5294 5.231 0.0002678599638612876 0.0 0.0 0.0002678599638612876 0.0 0.0 0.0 0.0 0.0 0.0 0.0 0.0 0.0 0.0 0.0 0.0 0.0 0.0 0.0 0.0 0.0 
5295 5.232 0.00026762040879405014 0.0 0.0 0.00026762040879405014 0.0 0.0 0.0 0.0 0.0 0.0 0.0 0.0 0.0 0.0 0.0 0.0 0.0 0.0 0.0 0.0 0.0 
5296 5.233 0.00026738060762250836 0.0 0.0 0.00026738060762250836 0.0 0.0 0.0 0.0 0.0 0.0 0.0 0.0 0.0 0.0 0.0 0.0 0.0 0.0 0.0 0.0 0.0 
5297 5.234 0.0002671405608523977 0.0 0.0 0.0002671405608523977 0.0 0.0 0.0 0.0 0.0 0.0 0.0 0.0 0.0 0.0 0.0 0.0 0.0 0.0 0.0 0.0 0.0 
5298 5.235 0.00026690026899077354 0.0 0.0 0.00026690026899077354 0.0 0.0 0.0 0.0 0.0 0.0 0.0 0.0 0.0 0.0 0.0 0.0 0.0 0.0 0.0 0.0 0.0 
5299 5.236 0.0002666597325460101 0.0 0.0 0.0002666597325460101 0.0 0.0 0.0 0.0 0.0 0.0 0.0 0.0 0.0 0.0 0.0 0.0 0.0 0.0 0.0 0.0 0.0 
5300 5.237 0.00026641895202779984 0.0 0.0 0.00026641895202779984 0.0 0.0 0.0 0.0 0.0 0.0 0.0 0.0 0.0 0.0 0.0 0.0 0.0 0.0 0.0 0.0 0.0 
5301 5.238 0.0002661779279471534 0.0 0.0 0.0002661779279471534 0.0 0.0 0.0 0.0 0.0 0.0 0.0 0.0 0.0 0.0 0.0 0.0 0.0 0.0 0.0 0.0 0.0 
5302 5.239 0.0002659366608163984 0.0 0.0 0.0002659366608163984 0.0 0.0 0.0 0.0 0.0 0.0 0.0 0.0 0.0 0.0 0.0 0.0 0.0 0.0 0.0 0.0 0.0 
5303 5.24 0.0002656951511491794 0.0 0.0 0.0002656951511491794 0.0 0.0 0.0 0.0 0.0 0.0 0.0 0.0 0.0 0.0 0.0 0.0 0.0 0.0 0.0 0.0 0.0 
5304 5.241 0.0002654533994604574 0.0 0.0 0.0002654533994604574 0.0 0.0 0.0 0.0 0.0 0.0 0.0 0.0 0.0 0.0 0.0 0.0 0.0 0.0 0.0 0.0 0.0 
5305 5.242 0.0002652114062665087 0.0 0.0 0.0002652114062665087 0.0 0.0 0.0 0.0 0.0 0.0 0.0 0.0 0.0 0.0 0.0 0.0 0.0 0.0 0.0 0.0 0.0 
5306 5.243 0.0002649691720849249 0.0 0.0 0.0002649691720849249 0.0 0.0 0.0 0.0 0.0 0.0 0.0 0.0 0.0 0.0 0.0 0.0 0.0 0.0 0.0 0.0 0.0 
5307 5.244 0.0002647266974346122 0.0 0.0 0.0002647266974346122 0.0 0.0 0.0 0.0 0.0 0.0 0.0 0.0 0.0 0.0 0.0 0.0 0.0 0.0 0.0 0.0 0.0 
5308 5.245 0.00026448398283579033 0.0 0.0 0.00026448398283579033 0.0 0.0 0.0 0.0 0.0 0.0 0.0 0.0 0.0 0.0 0.0 0.0 0.0 0.0 0.0 0.0 0.0 
5309 5.246 0.00026424102880999277 0.0 0.0 0.00026424102880999277 0.0 0.0 0.0 0.0 0.0 0.0 0.0 0.0 0.0 0.0 0.0 0.0 0.0 0.0 0.0 0.0 0.0 
5310 5.247 0.0002639978358800652 0.0 0.0 0.0002639978358800652 0.0 0.0 0.0 0.0 0.0 0.0 0.0 0.0 0.0 0.0 0.0 0.0 0.0 0.0 0.0 0.0 0.0 
5311 5.248 0.0002637544045701659 0.0 0.0 0.0002637544045701659 0.0 0.0 0.0 0.0 0.0 0.0 0.0 0.0 0.0 0.0 0.0 0.0 0.0 0.0 0.0 0.0 0.0 
5312 5.249 0.000263510735405764 0.0 0.0 0.000263510735405764 0.0 0.0 0.0 0.0 0.0 0.0 0.0 0.0 0.0 0.0 0.0 0.0 0.0 0.0 0.0 0.0 0.0 
5313 5.25 0.00026326682891363994 0.0 0.0 0.00026326682891363994 0.0 0.0 0.0 0.0 0.0 0.0 0.0 0.0 0.0 0.0 0.0 0.0 0.0 0.0 0.0 0.0 0.0 
5314 5.251 0.0002630226856218839 0.0 0.0 0.0002630226856218839 0.0 0.0 0.0 0.0 0.0 0.0 0.0 0.0 0.0 0.0 0.0 0.0 0.0 0.0 0.0 0.0 0.0 
5315 5.252 0.0002627783060598958 0.0 0.0 0.0002627783060598958 0.0 0.0 0.0 0.0 0.0 0.0 0.0 0.0 0.0 0.0 0.0 0.0 0.0 0.0 0.0 0.0 0.0 
5316 5.253 0.0002625336907583841 0.0 0.0 0.0002625336907583841 0.0 0.0 0.0 0.0 0.0 0.0 0.0 0.0 0.0 0.0 0.0 0.0 0.0 0.0 0.0 0.0 0.0 
5317 5.254 0.0002622888402493656 0.0 0.0 0.0002622888402493656 0.0 0.0 0.0 0.0 0.0 0.0 0.0 0.0 0.0 0.0 0.0 0.0 0.0 0.0 0.0 0.0 0.0 
5318 5.255 0.00026204375506616454 0.0 0.0 0.00026204375506616454 0.0 0.0 0.0 0.0 0.0 0.0 0.0 0.0 0.0 0.0 0.0 0.0 0.0 0.0 0.0 0.0 0.0 
5319 5.256 0.00026179843574341167 0.0 0.0 0.00026179843574341167 0.0 0.0 0.0 0.0 0.0 0.0 0.0 0.0 0.0 0.0 0.0 0.0 0.0 0.0 0.0 0.0 0.0 
5320 5.257 0.00026155288281704404 0.0 0.0 0.00026155288281704404 0.0 0.0 0.0 0.0 0.0 0.0 0.0 0.0 0.0 0.0 0.0 0.0 0.0 0.0 0.0 0.0 0.0 
5321 5.258 0.0002613070968243038 0.0 0.0 0.0002613070968243038 0.0 0.0 0.0 0.0 0.0 0.0 0.0 0.0 0.0 0.0 0.0 0.0 0.0 0.0 0.0 0.0 0.0 
5322 5.259 0.000261061078303738 0.0 0.0 0.000261061078303738 0.0 0.0 0.0 0.0 0.0 0.0 0.0 0.0 0.0 0.0 0.0 0.0 0.0 0.0 0.0 0.0 0.0 
5323 5.26 0.0002608148277951971 0.0 0.0 0.0002608148277951971 0.0 0.0 0.0 0.0 0.0 0.0 0.0 0.0 0.0 0.0 0.0 0.0 0.0 0.0 0.0 0.0 0.0 
5324 5.261 0.00026056834583983504 0.0 0.0 0.00026056834583983504 0.0 0.0 0.0 0.0 0.0 0.0 0.0 0.0 0.0 0.0 0.0 0.0 0.0 0.0 0.0 0.0 0.0 
5325 5.262 0.00026032163298010777 0.0 0.0 0.00026032163298010777 0.0 0.0 0.0 0.0 0.0 0.0 0.0 0.0 0.0 0.0 0.0 0.0 0.0 0.0 0.0 0.0 0.0 
5326 5.263 0.0002600746897597733 0.0 0.0 0.0002600746897597733 0.0 0.0 0.0 0.0 0.0 0.0 0.0 0.0 0.0 0.0 0.0 0.0 0.0 0.0 0.0 0.0 0.0 
5327 5.264 0.00025982751672389004 0.0 0.0 0.00025982751672389004 0.0 0.0 0.0 0.0 0.0 0.0 0.0 0.0 0.0 0.0 0.0 0.0 0.0 0.0 0.0 0.0 0.0 
5328 5.265 0.0002595801144188167 0.0 0.0 0.0002595801144188167 0.0 0.0 0.0 0.0 0.0 0.0 0.0 0.0 0.0 0.0 0.0 0.0 0.0 0.0 0.0 0.0 0.0 
5329 5.266 0.0002593324833922109 0.0 0.0 0.0002593324833922109 0.0 0.0 0.0 0.0 0.0 0.0 0.0 0.0 0.0 0.0 0.0 0.0 0.0 0.0 0.0 0.0 0.0 
5330 5.267 0.0002590846241930292 0.0 0.0 0.0002590846241930292 0.0 0.0 0.0 0.0 0.0 0.0 0.0 0.0 0.0 0.0 0.0 0.0 0.0 0.0 0.0 0.0 0.0 
5331 5.268 0.0002588365373715254 0.0 0.0 0.0002588365373715254 0.0 0.0 0.0 0.0 0.0 0.0 0.0 0.0 0.0 0.0 0.0 0.0 0.0 0.0 0.0 0.0 0.0 
5332 5.269 0.00025858822347925027 0.0 0.0 0.00025858822347925027 0.0 0.0 0.0 0.0 0.0 0.0 0.0 0.0 0.0 0.0 0.0 0.0 0.0 0.0 0.0 0.0 0.0 
5333 5.27 0.00025833968306905044 0.0 0.0 0.00025833968306905044 0.0 0.0 0.0 0.0 0.0 0.0 0.0 0.0 0.0 0.0 0.0 0.0 0.0 0.0 0.0 0.0 0.0 
5334 5.271 0.0002580909166950678 0.0 0.0 0.0002580909166950678 0.0 0.0 0.0 0.0 0.0 0.0 0.0 0.0 0.0 0.0 0.0 0.0 0.0 0.0 0.0 0.0 0.0 
5335 5.272 0.00025784192491273866 0.0 0.0 0.00025784192491273866 0.0 0.0 0.0 0.0 0.0 0.0 0.0 0.0 0.0 0.0 0.0 0.0 0.0 0.0 0.0 0.0 0.0 
5336 5.273 0.00025759270827879234 0.0 0.0 0.00025759270827879234 0.0 0.0 0.0 0.0 0.0 0.0 0.0 0.0 0.0 0.0 0.0 0.0 0.0 0.0 0.0 0.0 0.0 
5337 5.274 0.0002573432673512512 0.0 0.0 0.0002573432673512512 0.0 0.0 0.0 0.0 0.0 0.0 0.0 0.0 0.0 0.0 0.0 0.0 0.0 0.0 0.0 0.0 0.0 
5338 5.275 0.0002570936026894291 0.0 0.0 0.0002570936026894291 0.0 0.0 0.0 0.0 0.0 0.0 0.0 0.0 0.0 0.0 0.0 0.0 0.0 0.0 0.0 0.0 0.0 
5339 5.276 0.00025684371485393037 0.0 0.0 0.00025684371485393037 0.0 0.0 0.0 0.0 0.0 0.0 0.0 0.0 0.0 0.0 0.0 0.0 0.0 0.0 0.0 0.0 0.0 
5340 5.277 0.00025659360440664984 0.0 0.0 0.00025659360440664984 0.0 0.0 0.0 0.0 0.0 0.0 0.0 0.0 0.0 0.0 0.0 0.0 0.0 0.0 0.0 0.0 0.0 
5341 5.278 0.0002563432719107709 0.0 0.0 0.0002563432719107709 0.0 0.0 0.0 0.0 0.0 0.0 0.0 0.0 0.0 0.0 0.0 0.0 0.0 0.0 0.0 0.0 0.0 
5342 5.279 0.00025609271793076516 0.0 0.0 0.00025609271793076516 0.0 0.0 0.0 0.0 0.0 0.0 0.0 0.0 0.0 0.0 0.0 0.0 0.0 0.0 0.0 0.0 0.0 
5343 5.28 0.0002558419430323914 0.0 0.0 0.0002558419430323914 0.0 0.0 0.0 0.0 0.0 0.0 0.0 0.0 0.0 0.0 0.0 0.0 0.0 0.0 0.0 0.0 0.0 
5344 5.281 0.0002555909477826946 0.0 0.0 0.0002555909477826946 0.0 0.0 0.0 0.0 0.0 0.0 0.0 0.0 0.0 0.0 0.0 0.0 0.0 0.0 0.0 0.0 0.0 
5345 5.282 0.00025533973275000487 0.0 0.0 0.00025533973275000487 0.0 0.0 0.0 0.0 0.0 0.0 0.0 0.0 0.0 0.0 0.0 0.0 0.0 0.0 0.0 0.0 0.0 
5346 5.283 0.0002550882985039368 0.0 0.0 0.0002550882985039368 0.0 0.0 0.0 0.0 0.0 0.0 0.0 0.0 0.0 0.0 0.0 0.0 0.0 0.0 0.0 0.0 0.0 
5347 5.284 0.0002548366456153883 0.0 0.0 0.0002548366456153883 0.0 0.0 0.0 0.0 0.0 0.0 0.0 0.0 0.0 0.0 0.0 0.0 0.0 0.0 0.0 0.0 0.0 
5348 5.285 0.00025458477465653946 0.0 0.0 0.00025458477465653946 0.0 0.0 0.0 0.0 0.0 0.0 0.0 0.0 0.0 0.0 0.0 0.0 0.0 0.0 0.0 0.0 0.0 
5349 5.286 0.000254332686200852 0.0 0.0 0.000254332686200852 0.0 0.0 0.0 0.0 0.0 0.0 0.0 0.0 0.0 0.0 0.0 0.0 0.0 0.0 0.0 0.0 0.0 
5350 5.287 0.00025408038082306786 0.0 0.0 0.00025408038082306786 0.0 0.0 0.0 0.0 0.0 0.0 0.0 0.0 0.0 0.0 0.0 0.0 0.0 0.0 0.0 0.0 0.0 
5351 5.288 0.00025382785909920837 0.0 0.0 0.00025382785909920837 0.0 0.0 0.0 0.0 0.0 0.0 0.0 0.0 0.0 0.0 0.0 0.0 0.0 0.0 0.0 0.0 0.0 
5352 5.289 0.00025357512160657325 0.0 0.0 0.00025357512160657325 0.0 0.0 0.0 0.0 0.0 0.0 0.0 0.0 0.0 0.0 0.0 0.0 0.0 0.0 0.0 0.0 0.0 
5353 5.29 0.0002533221689237397 0.0 0.0 0.0002533221689237397 0.0 0.0 0.0 0.0 0.0 0.0 0.0 0.0 0.0 0.0 0.0 0.0 0.0 0.0 0.0 0.0 0.0 
5354 5.291 0.00025306900163056073 0.0 0.0 0.00025306900163056073 0.0 0.0 0.0 0.0 0.0 0.0 0.0 0.0 0.0 0.0 0.0 0.0 0.0 0.0 0.0 0.0 0.0 
5355 5.292 0.0002528156203081653 0.0 0.0 0.0002528156203081653 0.0 0.0 0.0 0.0 0.0 0.0 0.0 0.0 0.0 0.0 0.0 0.0 0.0 0.0 0.0 0.0 0.0 
5356 5.293 0.00025256202553895594 0.0 0.0 0.00025256202553895594 0.0 0.0 0.0 0.0 0.0 0.0 0.0 0.0 0.0 0.0 0.0 0.0 0.0 0.0 0.0 0.0 0.0 
5357 5.294 0.0002523082179066087 0.0 0.0 0.0002523082179066087 0.0 0.0 0.0 0.0 0.0 0.0 0.0 0.0 0.0 0.0 0.0 0.0 0.0 0.0 0.0 0.0 0.0 
5358 5.295 0.00025205419799607134 0.0 0.0 0.00025205419799607134 0.0 0.0 0.0 0.0 0.0 0.0 0.0 0.0 0.0 0.0 0.0 0.0 0.0 0.0 0.0 0.0 0.0 
5359 5.296 0.000251799966393563 0.0 0.0 0.000251799966393563 0.0 0.0 0.0 0.0 0.0 0.0 0.0 0.0 0.0 0.0 0.0 0.0 0.0 0.0 0.0 0.0 0.0 
5360 5.297 0.0002515455236865723 0.0 0.0 0.0002515455236865723 0.0 0.0 0.0 0.0 0.0 0.0 0.0 0.0 0.0 0.0 0.0 0.0 0.0 0.0 0.0 0.0 0.0 
5361 5.298 0.0002512908704638569 0.0 0.0 0.0002512908704638569 0.0 0.0 0.0 0.0 0.0 0.0 0.0 0.0 0.0 0.0 0.0 0.0 0.0 0.0 0.0 0.0 0.0 
5362 5.299 0.000251036007315442 0.0 0.0 0.000251036007315442 0.0 0.0 0.0 0.0 0.0 0.0 0.0 0.0 0.0 0.0 0.0 0.0 0.0 0.0 0.0 0.0 0.0 
5363 5.3 0.0002507809348326192 0.0 0.0 0.0002507809348326192 0.0 0.0 0.0 0.0 0.0 0.0 0.0 0.0 0.0 0.0 0.0 0.0 0.0 0.0 0.0 0.0 0.0 
5364 5.301 0.0002505256536079455 0.0 0.0 0.0002505256536079455 0.0 0.0 0.0 0.0 0.0 0.0 0.0 0.0 0.0 0.0 0.0 0.0 0.0 0.0 0.0 0.0 0.0 
5365 5.302 0.0002502701642352424 0.0 0.0 0.0002502701642352424 0.0 0.0 0.0 0.0 0.0 0.0 0.0 0.0 0.0 0.0 0.0 0.0 0.0 0.0 0.0 0.0 0.0 
5366 5.303 0.0002500144673095943 0.0 0.0 0.0002500144673095943 0.0 0.0 0.0 0.0 0.0 0.0 0.0 0.0 0.0 0.0 0.0 0.0 0.0 0.0 0.0 0.0 0.0 
5367 5.304 0.0002497585634273473 0.0 0.0 0.0002497585634273473 0.0 0.0 0.0 0.0 0.0 0.0 0.0 0.0 0.0 0.0 0.0 0.0 0.0 0.0 0.0 0.0 0.0 
5368 5.305 0.0002495024531861085 0.0 0.0 0.0002495024531861085 0.0 0.0 0.0 0.0 0.0 0.0 0.0 0.0 0.0 0.0 0.0 0.0 0.0 0.0 0.0 0.0 0.0 
5369 5.306 0.00024924613718474447 0.0 0.0 0.00024924613718474447 0.0 0.0 0.0 0.0 0.0 0.0 0.0 0.0 0.0 0.0 0.0 0.0 0.0 0.0 0.0 0.0 0.0 
5370 5.307 0.0002489896160233801 0.0 0.0 0.0002489896160233801 0.0 0.0 0.0 0.0 0.0 0.0 0.0 0.0 0.0 0.0 0.0 0.0 0.0 0.0 0.0 0.0 0.0 
5371 5.308 0.0002487328903033975 0.0 0.0 0.0002487328903033975 0.0 0.0 0.0 0.0 0.0 0.0 0.0 0.0 0.0 0.0 0.0 0.0 0.0 0.0 0.0 0.0 0.0 
5372 5.309 0.0002484759606274343 0.0 0.0 0.0002484759606274343 0.0 0.0 0.0 0.0 0.0 0.0 0.0 0.0 0.0 0.0 0.0 0.0 0.0 0.0 0.0 0.0 0.0 
5373 5.31 0.0002482188275993835 0.0 0.0 0.0002482188275993835 0.0 0.0 0.0 0.0 0.0 0.0 0.0 0.0 0.0 0.0 0.0 0.0 0.0 0.0 0.0 0.0 0.0 
5374 5.311 0.00024796149182439083 0.0 0.0 0.00024796149182439083 0.0 0.0 0.0 0.0 0.0 0.0 0.0 0.0 0.0 0.0 0.0 0.0 0.0 0.0 0.0 0.0 0.0 
5375 5.311 0.00024770395390885473 0.0 0.0 0.00024770395390885473 0.0 0.0 0.0 0.0 0.0 0.0 0.0 0.0 0.0 0.0 0.0 0.0 0.0 0.0 0.0 0.0 0.0 
5376 5.312 0.00024744621446042415 0.0 0.0 0.00024744621446042415 0.0 0.0 0.0 0.0 0.0 0.0 0.0 0.0 0.0 0.0 0.0 0.0 0.0 0.0 0.0 0.0 0.0 
5377 5.313 0.00024718827408799814 0.0 0.0 0.00024718827408799814 0.0 0.0 0.0 0.0 0.0 0.0 0.0 0.0 0.0 0.0 0.0 0.0 0.0 0.0 0.0 0.0 0.0 
5378 5.314 0.0002469301334017238 0.0 0.0 0.0002469301334017238 0.0 0.0 0.0 0.0 0.0 0.0 0.0 0.0 0.0 0.0 0.0 0.0 0.0 0.0 0.0 0.0 0.0 
5379 5.315 0.0002466717930129954 0.0 0.0 0.0002466717930129954 0.0 0.0 0.0 0.0 0.0 0.0 0.0 0.0 0.0 0.0 0.0 0.0 0.0 0.0 0.0 0.0 0.0 
5380 5.316 0.000246413253534453 0.0 0.0 0.000246413253534453 0.0 0.0 0.0 0.0 0.0 0.0 0.0 0.0 0.0 0.0 0.0 0.0 0.0 0.0 0.0 0.0 0.0 
5381 5.317 0.00024615451557998116 0.0 0.0 0.00024615451557998116 0.0 0.0 0.0 0.0 0.0 0.0 0.0 0.0 0.0 0.0 0.0 0.0 0.0 0.0 0.0 0.0 0.0 
5382 5.318 0.00024589557976470753 0.0 0.0 0.00024589557976470753 0.0 0.0 0.0 0.0 0.0 0.0 0.0 0.0 0.0 0.0 0.0 0.0 0.0 0.0 0.0 0.0 0.0 
5383 5.319 0.0002456364467050016 0.0 0.0 0.0002456364467050016 0.0 0.0 0.0 0.0 0.0 0.0 0.0 0.0 0.0 0.0 0.0 0.0 0.0 0.0 0.0 0.0 0.0 
5384 5.32 0.0002453771170184732 0.0 0.0 0.0002453771170184732 0.0 0.0 0.0 0.0 0.0 0.0 0.0 0.0 0.0 0.0 0.0 0.0 0.0 0.0 0.0 0.0 0.0 
5385 5.321 0.00024511759132397155 0.0 0.0 0.00024511759132397155 0.0 0.0 0.0 0.0 0.0 0.0 0.0 0.0 0.0 0.0 0.0 0.0 0.0 0.0 0.0 0.0 0.0 
5386 5.322 0.0002448578702415833 0.0 0.0 0.0002448578702415833 0.0 0.0 0.0 0.0 0.0 0.0 0.0 0.0 0.0 0.0 0.0 0.0 0.0 0.0 0.0 0.0 0.0 
5387 5.323 0.00024459795439263175 0.0 0.0 0.00024459795439263175 0.0 0.0 0.0 0.0 0.0 0.0 0.0 0.0 0.0 0.0 0.0 0.0 0.0 0.0 0.0 0.0 0.0 
5388 5.324 0.0002443378443996748 0.0 0.0 0.0002443378443996748 0.0 0.0 0.0 0.0 0.0 0.0 0.0 0.0 0.0 0.0 0.0 0.0 0.0 0.0 0.0 0.0 0.0 
5389 5.325 0.00024407754088650436 0.0 0.0 0.00024407754088650436 0.0 0.0 0.0 0.0 0.0 0.0 0.0 0.0 0.0 0.0 0.0 0.0 0.0 0.0 0.0 0.0 0.0 
5390 5.326 0.00024381704447814424 0.0 0.0 0.00024381704447814424 0.0 0.0 0.0 0.0 0.0 0.0 0.0 0.0 0.0 0.0 0.0 0.0 0.0 0.0 0.0 0.0 0.0 
5391 5.327 0.000243556355800849 0.0 0.0 0.000243556355800849 0.0 0.0 0.0 0.0 0.0 0.0 0.0 0.0 0.0 0.0 0.0 0.0 0.0 0.0 0.0 0.0 0.0 
5392 5.328 0.00024329547548210275 0.0 0.0 0.00024329547548210275 0.0 0.0 0.0 0.0 0.0 0.0 0.0 0.0 0.0 0.0 0.0 0.0 0.0 0.0 0.0 0.0 0.0 
5393 5.329 0.0002430344041506172 0.0 0.0 0.0002430344041506172 0.0 0.0 0.0 0.0 0.0 0.0 0.0 0.0 0.0 0.0 0.0 0.0 0.0 0.0 0.0 0.0 0.0 
5394 5.33 0.00024277314243633064 0.0 0.0 0.00024277314243633064 0.0 0.0 0.0 0.0 0.0 0.0 0.0 0.0 0.0 0.0 0.0 0.0 0.0 0.0 0.0 0.0 0.0 
5395 5.331 0.00024251169097040627 0.0 0.0 0.00024251169097040627 0.0 0.0 0.0 0.0 0.0 0.0 0.0 0.0 0.0 0.0 0.0 0.0 0.0 0.0 0.0 0.0 0.0 
5396 5.332 0.00024225005038523082 0.0 0.0 0.00024225005038523082 0.0 0.0 0.0 0.0 0.0 0.0 0.0 0.0 0.0 0.0 0.0 0.0 0.0 0.0 0.0 0.0 0.0 
5397 5.333 0.00024198822131441309 0.0 0.0 0.00024198822131441309 0.0 0.0 0.0 0.0 0.0 0.0 0.0 0.0 0.0 0.0 0.0 0.0 0.0 0.0 0.0 0.0 0.0 
5398 5.334 0.00024172620439278207 0.0 0.0 0.00024172620439278207 0.0 0.0 0.0 0.0 0.0 0.0 0.0 0.0 0.0 0.0 0.0 0.0 0.0 0.0 0.0 0.0 0.0 
5399 5.335 0.00024146400025638643 0.0 0.0 0.00024146400025638643 0.0 0.0 0.0 0.0 0.0 0.0 0.0 0.0 0.0 0.0 0.0 0.0 0.0 0.0 0.0 0.0 0.0 
5400 5.336 0.0002412016095424916 0.0 0.0 0.0002412016095424916 0.0 0.0 0.0 0.0 0.0 0.0 0.0 0.0 0.0 0.0 0.0 0.0 0.0 0.0 0.0 0.0 0.0 
5401 5.337 0.00024093903288957932 0.0 0.0 0.00024093903288957932 0.0 0.0 0.0 0.0 0.0 0.0 0.0 0.0 0.0 0.0 0.0 0.0 0.0 0.0 0.0 0.0 0.0 
5402 5.338 0.00024067627093734583 0.0 0.0 0.00024067627093734583 0.0 0.0 0.0 0.0 0.0 0.0 0.0 0.0 0.0 0.0 0.0 0.0 0.0 0.0 0.0 0.0 0.0 
5403 5.339 0.00024041332432670016 0.0 0.0 0.00024041332432670016 0.0 0.0 0.0 0.0 0.0 0.0 0.0 0.0 0.0 0.0 0.0 0.0 0.0 0.0 0.0 0.0 0.0 
5404 5.34 0.00024015019369976254 0.0 0.0 0.00024015019369976254 0.0 0.0 0.0 0.0 0.0 0.0 0.0 0.0 0.0 0.0 0.0 0.0 0.0 0.0 0.0 0.0 0.0 
5405 5.341 0.00023988687969986303 0.0 0.0 0.00023988687969986303 0.0 0.0 0.0 0.0 0.0 0.0 0.0 0.0 0.0 0.0 0.0 0.0 0.0 0.0 0.0 0.0 0.0 
5406 5.342 0.00023962338297154012 0.0 0.0 0.00023962338297154012 0.0 0.0 0.0 0.0 0.0 0.0 0.0 0.0 0.0 0.0 0.0 0.0 0.0 0.0 0.0 0.0 0.0 
5407 5.343 0.0002393597041605384 0.0 0.0 0.0002393597041605384 0.0 0.0 0.0 0.0 0.0 0.0 0.0 0.0 0.0 0.0 0.0 0.0 0.0 0.0 0.0 0.0 0.0 
5408 5.344 0.00023909584391380785 0.0 0.0 0.00023909584391380785 0.0 0.0 0.0 0.0 0.0 0.0 0.0 0.0 0.0 0.0 0.0 0.0 0.0 0.0 0.0 0.0 0.0 
5409 5.345 0.00023883180287950139 0.0 0.0 0.00023883180287950139 0.0 0.0 0.0 0.0 0.0 0.0 0.0 0.0 0.0 0.0 0.0 0.0 0.0 0.0 0.0 0.0 0.0 
5410 5.346 0.00023856758170697417 0.0 0.0 0.00023856758170697417 0.0 0.0 0.0 0.0 0.0 0.0 0.0 0.0 0.0 0.0 0.0 0.0 0.0 0.0 0.0 0.0 0.0 
5411 5.347 0.00023830318104678099 0.0 0.0 0.00023830318104678099 0.0 0.0 0.0 0.0 0.0 0.0 0.0 0.0 0.0 0.0 0.0 0.0 0.0 0.0 0.0 0.0 0.0 
5412 5.348 0.00023803860155067542 0.0 0.0 0.00023803860155067542 0.0 0.0 0.0 0.0 0.0 0.0 0.0 0.0 0.0 0.0 0.0 0.0 0.0 0.0 0.0 0.0 0.0 
5413 5.349 0.00023777384387160754 0.0 0.0 0.00023777384387160754 0.0 0.0 0.0 0.0 0.0 0.0 0.0 0.0 0.0 0.0 0.0 0.0 0.0 0.0 0.0 0.0 0.0 
5414 5.35 0.00023750890866372273 0.0 0.0 0.00023750890866372273 0.0 0.0 0.0 0.0 0.0 0.0 0.0 0.0 0.0 0.0 0.0 0.0 0.0 0.0 0.0 0.0 0.0 
5415 5.351 0.00023724379658235985 0.0 0.0 0.00023724379658235985 0.0 0.0 0.0 0.0 0.0 0.0 0.0 0.0 0.0 0.0 0.0 0.0 0.0 0.0 0.0 0.0 0.0 
5416 5.352 0.00023697850828404934 0.0 0.0 0.00023697850828404934 0.0 0.0 0.0 0.0 0.0 0.0 0.0 0.0 0.0 0.0 0.0 0.0 0.0 0.0 0.0 0.0 0.0 
5417 5.353 0.00023671304442651167 0.0 0.0 0.00023671304442651167 0.0 0.0 0.0 0.0 0.0 0.0 0.0 0.0 0.0 0.0 0.0 0.0 0.0 0.0 0.0 0.0 0.0 
5418 5.354 0.00023644740566865596 0.0 0.0 0.00023644740566865596 0.0 0.0 0.0 0.0 0.0 0.0 0.0 0.0 0.0 0.0 0.0 0.0 0.0 0.0 0.0 0.0 0.0 
5419 5.355 0.0002361815926705775 0.0 0.0 0.0002361815926705775 0.0 0.0 0.0 0.0 0.0 0.0 0.0 0.0 0.0 0.0 0.0 0.0 0.0 0.0 0.0 0.0 0.0 
5420 5.356 0.00023591560609355673 0.0 0.0 0.00023591560609355673 0.0 0.0 0.0 0.0 0.0 0.0 0.0 0.0 0.0 0.0 0.0 0.0 0.0 0.0 0.0 0.0 0.0 
5421 5.357 0.00023564944660005717 0.0 0.0 0.00023564944660005717 0.0 0.0 0.0 0.0 0.0 0.0 0.0 0.0 0.0 0.0 0.0 0.0 0.0 0.0 0.0 0.0 0.0 
5422 5.358 0.00023538311485372362 0.0 0.0 0.00023538311485372362 0.0 0.0 0.0 0.0 0.0 0.0 0.0 0.0 0.0 0.0 0.0 0.0 0.0 0.0 0.0 0.0 0.0 
5423 5.359 0.00023511661151938047 0.0 0.0 0.00023511661151938047 0.0 0.0 0.0 0.0 0.0 0.0 0.0 0.0 0.0 0.0 0.0 0.0 0.0 0.0 0.0 0.0 0.0 
5424 5.36 0.00023484993726302996 0.0 0.0 0.00023484993726302996 0.0 0.0 0.0 0.0 0.0 0.0 0.0 0.0 0.0 0.0 0.0 0.0 0.0 0.0 0.0 0.0 0.0 
5425 5.361 0.00023458309275185035 0.0 0.0 0.00023458309275185035 0.0 0.0 0.0 0.0 0.0 0.0 0.0 0.0 0.0 0.0 0.0 0.0 0.0 0.0 0.0 0.0 0.0 
5426 5.362 0.00023431607865419412 0.0 0.0 0.00023431607865419412 0.0 0.0 0.0 0.0 0.0 0.0 0.0 0.0 0.0 0.0 0.0 0.0 0.0 0.0 0.0 0.0 0.0 
5427 5.363 0.00023404889563958614 0.0 0.0 0.00023404889563958614 0.0 0.0 0.0 0.0 0.0 0.0 0.0 0.0 0.0 0.0 0.0 0.0 0.0 0.0 0.0 0.0 0.0 
5428 5.364 0.0002337815443787218 0.0 0.0 0.0002337815443787218 0.0 0.0 0.0 0.0 0.0 0.0 0.0 0.0 0.0 0.0 0.0 0.0 0.0 0.0 0.0 0.0 0.0 
5429 5.365 0.00023351402554346528 0.0 0.0 0.00023351402554346528 0.0 0.0 0.0 0.0 0.0 0.0 0.0 0.0 0.0 0.0 0.0 0.0 0.0 0.0 0.0 0.0 0.0 
5430 5.366 0.00023324633980684761 0.0 0.0 0.00023324633980684761 0.0 0.0 0.0 0.0 0.0 0.0 0.0 0.0 0.0 0.0 0.0 0.0 0.0 0.0 0.0 0.0 0.0 
5431 5.367 0.00023297848784306486 0.0 0.0 0.00023297848784306486 0.0 0.0 0.0 0.0 0.0 0.0 0.0 0.0 0.0 0.0 0.0 0.0 0.0 0.0 0.0 0.0 0.0 
5432 5.368 0.0002327104703274762 0.0 0.0 0.0002327104703274762 0.0 0.0 0.0 0.0 0.0 0.0 0.0 0.0 0.0 0.0 0.0 0.0 0.0 0.0 0.0 0.0 0.0 
5433 5.369 0.00023244228793660215 0.0 0.0 0.00023244228793660215 0.0 0.0 0.0 0.0 0.0 0.0 0.0 0.0 0.0 0.0 0.0 0.0 0.0 0.0 0.0 0.0 0.0 
5434 5.37 0.00023217394134812257 0.0 0.0 0.00023217394134812257 0.0 0.0 0.0 0.0 0.0 0.0 0.0 0.0 0.0 0.0 0.0 0.0 0.0 0.0 0.0 0.0 0.0 
5435 5.371 0.00023190543124087482 0.0 0.0 0.00023190543124087482 0.0 0.0 0.0 0.0 0.0 0.0 0.0 0.0 0.0 0.0 0.0 0.0 0.0 0.0 0.0 0.0 0.0 
5436 5.372 0.00023163675829485176 0.0 0.0 0.00023163675829485176 0.0 0.0 0.0 0.0 0.0 0.0 0.0 0.0 0.0 0.0 0.0 0.0 0.0 0.0 0.0 0.0 0.0 
5437 5.373 0.00023136792319119974 0.0 0.0 0.00023136792319119974 0.0 0.0 0.0 0.0 0.0 0.0 0.0 0.0 0.0 0.0 0.0 0.0 0.0 0.0 0.0 0.0 0.0 
5438 5.374 0.0002310989266122171 0.0 0.0 0.0002310989266122171 0.0 0.0 0.0 0.0 0.0 0.0 0.0 0.0 0.0 0.0 0.0 0.0 0.0 0.0 0.0 0.0 0.0 
5439 5.375 0.00023082976924135163 0.0 0.0 0.00023082976924135163 0.0 0.0 0.0 0.0 0.0 0.0 0.0 0.0 0.0 0.0 0.0 0.0 0.0 0.0 0.0 0.0 0.0 
5440 5.376 0.00023056045176319897 0.0 0.0 0.00023056045176319897 0.0 0.0 0.0 0.0 0.0 0.0 0.0 0.0 0.0 0.0 0.0 0.0 0.0 0.0 0.0 0.0 0.0 
5441 5.377 0.00023029097486350065 0.0 0.0 0.00023029097486350065 0.0 0.0 0.0 0.0 0.0 0.0 0.0 0.0 0.0 0.0 0.0 0.0 0.0 0.0 0.0 0.0 0.0 
5442 5.378 0.00023002133922914186 0.0 0.0 0.00023002133922914186 0.0 0.0 0.0 0.0 0.0 0.0 0.0 0.0 0.0 0.0 0.0 0.0 0.0 0.0 0.0 0.0 0.0 
5443 5.379 0.00022975154554814964 0.0 0.0 0.00022975154554814964 0.0 0.0 0.0 0.0 0.0 0.0 0.0 0.0 0.0 0.0 0.0 0.0 0.0 0.0 0.0 0.0 0.0 
5444 5.38 0.00022948159450969095 0.0 0.0 0.00022948159450969095 0.0 0.0 0.0 0.0 0.0 0.0 0.0 0.0 0.0 0.0 0.0 0.0 0.0 0.0 0.0 0.0 0.0 
5445 5.381 0.00022921148680407028 0.0 0.0 0.00022921148680407028 0.0 0.0 0.0 0.0 0.0 0.0 0.0 0.0 0.0 0.0 0.0 0.0 0.0 0.0 0.0 0.0 0.0 
5446 5.382 0.0002289412231227281 0.0 0.0 0.0002289412231227281 0.0 0.0 0.0 0.0 0.0 0.0 0.0 0.0 0.0 0.0 0.0 0.0 0.0 0.0 0.0 0.0 0.0 
5447 5.383 0.0002286708041582383 0.0 0.0 0.0002286708041582383 0.0 0.0 0.0 0.0 0.0 0.0 0.0 0.0 0.0 0.0 0.0 0.0 0.0 0.0 0.0 0.0 0.0 
5448 5.384 0.00022840023060430675 0.0 0.0 0.00022840023060430675 0.0 0.0 0.0 0.0 0.0 0.0 0.0 0.0 0.0 0.0 0.0 0.0 0.0 0.0 0.0 0.0 0.0 
5449 5.385 0.00022812950315576863 0.0 0.0 0.00022812950315576863 0.0 0.0 0.0 0.0 0.0 0.0 0.0 0.0 0.0 0.0 0.0 0.0 0.0 0.0 0.0 0.0 0.0 
5450 5.386 0.0002278586225085868 0.0 0.0 0.0002278586225085868 0.0 0.0 0.0 0.0 0.0 0.0 0.0 0.0 0.0 0.0 0.0 0.0 0.0 0.0 0.0 0.0 0.0 
5451 5.387 0.00022758758935984938 0.0 0.0 0.00022758758935984938 0.0 0.0 0.0 0.0 0.0 0.0 0.0 0.0 0.0 0.0 0.0 0.0 0.0 0.0 0.0 0.0 0.0 
5452 5.388 0.00022731640440776777 0.0 0.0 0.00022731640440776777 0.0 0.0 0.0 0.0 0.0 0.0 0.0 0.0 0.0 0.0 0.0 0.0 0.0 0.0 0.0 0.0 0.0 
5453 5.389 0.00022704506835167476 0.0 0.0 0.00022704506835167476 0.0 0.0 0.0 0.0 0.0 0.0 0.0 0.0 0.0 0.0 0.0 0.0 0.0 0.0 0.0 0.0 0.0 
5454 5.39 0.00022677358189202197 0.0 0.0 0.00022677358189202197 0.0 0.0 0.0 0.0 0.0 0.0 0.0 0.0 0.0 0.0 0.0 0.0 0.0 0.0 0.0 0.0 0.0 
5455 5.391 0.0002265019457303781 0.0 0.0 0.0002265019457303781 0.0 0.0 0.0 0.0 0.0 0.0 0.0 0.0 0.0 0.0 0.0 0.0 0.0 0.0 0.0 0.0 0.0 
5456 5.392 0.00022623016056942641 0.0 0.0 0.00022623016056942641 0.0 0.0 0.0 0.0 0.0 0.0 0.0 0.0 0.0 0.0 0.0 0.0 0.0 0.0 0.0 0.0 0.0 
5457 5.393 0.00022595822711296315 0.0 0.0 0.00022595822711296315 0.0 0.0 0.0 0.0 0.0 0.0 0.0 0.0 0.0 0.0 0.0 0.0 0.0 0.0 0.0 0.0 0.0 
5458 5.394 0.00022568614606589477 0.0 0.0 0.00022568614606589477 0.0 0.0 0.0 0.0 0.0 0.0 0.0 0.0 0.0 0.0 0.0 0.0 0.0 0.0 0.0 0.0 0.0 
5459 5.394 0.0002254139181342358 0.0 0.0 0.0002254139181342358 0.0 0.0 0.0 0.0 0.0 0.0 0.0 0.0 0.0 0.0 0.0 0.0 0.0 0.0 0.0 0.0 0.0 
5460 5.395 0.00022514154402510718 0.0 0.0 0.00022514154402510718 0.0 0.0 0.0 0.0 0.0 0.0 0.0 0.0 0.0 0.0 0.0 0.0 0.0 0.0 0.0 0.0 0.0 
5461 5.396 0.00022486902444673347 0.0 0.0 0.00022486902444673347 0.0 0.0 0.0 0.0 0.0 0.0 0.0 0.0 0.0 0.0 0.0 0.0 0.0 0.0 0.0 0.0 0.0 
5462 5.397 0.00022459636010844098 0.0 0.0 0.00022459636010844098 0.0 0.0 0.0 0.0 0.0 0.0 0.0 0.0 0.0 0.0 0.0 0.0 0.0 0.0 0.0 0.0 0.0 
5463 5.398 0.00022432355172065537 0.0 0.0 0.00022432355172065537 0.0 0.0 0.0 0.0 0.0 0.0 0.0 0.0 0.0 0.0 0.0 0.0 0.0 0.0 0.0 0.0 0.0 
5464 5.399 0.00022405059999489936 0.0 0.0 0.00022405059999489936 0.0 0.0 0.0 0.0 0.0 0.0 0.0 0.0 0.0 0.0 0.0 0.0 0.0 0.0 0.0 0.0 0.0 
5465 5.4 0.00022377750564379084 0.0 0.0 0.00022377750564379084 0.0 0.0 0.0 0.0 0.0 0.0 0.0 0.0 0.0 0.0 0.0 0.0 0.0 0.0 0.0 0.0 0.0 
5466 5.401 0.00022350426938103996 0.0 0.0 0.00022350426938103996 0.0 0.0 0.0 0.0 0.0 0.0 0.0 0.0 0.0 0.0 0.0 0.0 0.0 0.0 0.0 0.0 0.0 
5467 5.402 0.00022323089192144755 0.0 0.0 0.00022323089192144755 0.0 0.0 0.0 0.0 0.0 0.0 0.0 0.0 0.0 0.0 0.0 0.0 0.0 0.0 0.0 0.0 0.0 
5468 5.403 0.00022295737398090234 0.0 0.0 0.00022295737398090234 0.0 0.0 0.0 0.0 0.0 0.0 0.0 0.0 0.0 0.0 0.0 0.0 0.0 0.0 0.0 0.0 0.0 
5469 5.404 0.0002226837162763788 0.0 0.0 0.0002226837162763788 0.0 0.0 0.0 0.0 0.0 0.0 0.0 0.0 0.0 0.0 0.0 0.0 0.0 0.0 0.0 0.0 0.0 
5470 5.405 0.000222409919525935 0.0 0.0 0.000222409919525935 0.0 0.0 0.0 0.0 0.0 0.0 0.0 0.0 0.0 0.0 0.0 0.0 0.0 0.0 0.0 0.0 0.0 
5471 5.406 0.00022213598444870977 0.0 0.0 0.00022213598444870977 0.0 0.0 0.0 0.0 0.0 0.0 0.0 0.0 0.0 0.0 0.0 0.0 0.0 0.0 0.0 0.0 0.0 
5472 5.407 0.00022186191176492128 0.0 0.0 0.00022186191176492128 0.0 0.0 0.0 0.0 0.0 0.0 0.0 0.0 0.0 0.0 0.0 0.0 0.0 0.0 0.0 0.0 0.0 
5473 5.408 0.00022158770219586355 0.0 0.0 0.00022158770219586355 0.0 0.0 0.0 0.0 0.0 0.0 0.0 0.0 0.0 0.0 0.0 0.0 0.0 0.0 0.0 0.0 0.0 
5474 5.409 0.00022131335646390505 0.0 0.0 0.00022131335646390505 0.0 0.0 0.0 0.0 0.0 0.0 0.0 0.0 0.0 0.0 0.0 0.0 0.0 0.0 0.0 0.0 0.0 
5475 5.41 0.00022103887529248574 0.0 0.0 0.00022103887529248574 0.0 0.0 0.0 0.0 0.0 0.0 0.0 0.0 0.0 0.0 0.0 0.0 0.0 0.0 0.0 0.0 0.0 
5476 5.411 0.00022076425940611508 0.0 0.0 0.00022076425940611508 0.0 0.0 0.0 0.0 0.0 0.0 0.0 0.0 0.0 0.0 0.0 0.0 0.0 0.0 0.0 0.0 0.0 
5477 5.412 0.00022048950953036902 0.0 0.0 0.00022048950953036902 0.0 0.0 0.0 0.0 0.0 0.0 0.0 0.0 0.0 0.0 0.0 0.0 0.0 0.0 0.0 0.0 0.0 
5478 5.413 0.00022021462639188854 0.0 0.0 0.00022021462639188854 0.0 0.0 0.0 0.0 0.0 0.0 0.0 0.0 0.0 0.0 0.0 0.0 0.0 0.0 0.0 0.0 0.0 
5479 5.414 0.0002199396107183763 0.0 0.0 0.0002199396107183763 0.0 0.0 0.0 0.0 0.0 0.0 0.0 0.0 0.0 0.0 0.0 0.0 0.0 0.0 0.0 0.0 0.0 
5480 5.415 0.00021966446323859476 0.0 0.0 0.00021966446323859476 0.0 0.0 0.0 0.0 0.0 0.0 0.0 0.0 0.0 0.0 0.0 0.0 0.0 0.0 0.0 0.0 0.0 
5481 5.416 0.00021938918468236354 0.0 0.0 0.00021938918468236354 0.0 0.0 0.0 0.0 0.0 0.0 0.0 0.0 0.0 0.0 0.0 0.0 0.0 0.0 0.0 0.0 0.0 
5482 5.417 0.0002191137757805569 0.0 0.0 0.0002191137757805569 0.0 0.0 0.0 0.0 0.0 0.0 0.0 0.0 0.0 0.0 0.0 0.0 0.0 0.0 0.0 0.0 0.0 
5483 5.418 0.00021883823726510145 0.0 0.0 0.00021883823726510145 0.0 0.0 0.0 0.0 0.0 0.0 0.0 0.0 0.0 0.0 0.0 0.0 0.0 0.0 0.0 0.0 0.0 
5484 5.419 0.0002185625698689736 0.0 0.0 0.0002185625698689736 0.0 0.0 0.0 0.0 0.0 0.0 0.0 0.0 0.0 0.0 0.0 0.0 0.0 0.0 0.0 0.0 0.0 
5485 5.42 0.00021828677432619682 0.0 0.0 0.00021828677432619682 0.0 0.0 0.0 0.0 0.0 0.0 0.0 0.0 0.0 0.0 0.0 0.0 0.0 0.0 0.0 0.0 0.0 
5486 5.421 0.00021801085137183965 0.0 0.0 0.00021801085137183965 0.0 0.0 0.0 0.0 0.0 0.0 0.0 0.0 0.0 0.0 0.0 0.0 0.0 0.0 0.0 0.0 0.0 
5487 5.422 0.00021773480174201268 0.0 0.0 0.00021773480174201268 0.0 0.0 0.0 0.0 0.0 0.0 0.0 0.0 0.0 0.0 0.0 0.0 0.0 0.0 0.0 0.0 0.0 
5488 5.423 0.0002174586261738663 0.0 0.0 0.0002174586261738663 0.0 0.0 0.0 0.0 0.0 0.0 0.0 0.0 0.0 0.0 0.0 0.0 0.0 0.0 0.0 0.0 0.0 
5489 5.424 0.0002171823254055879 0.0 0.0 0.0002171823254055879 0.0 0.0 0.0 0.0 0.0 0.0 0.0 0.0 0.0 0.0 0.0 0.0 0.0 0.0 0.0 0.0 0.0 
5490 5.425 0.00021690590017639974 0.0 0.0 0.00021690590017639974 0.0 0.0 0.0 0.0 0.0 0.0 0.0 0.0 0.0 0.0 0.0 0.0 0.0 0.0 0.0 0.0 0.0 
5491 5.426 0.00021662935122655598 0.0 0.0 0.00021662935122655598 0.0 0.0 0.0 0.0 0.0 0.0 0.0 0.0 0.0 0.0 0.0 0.0 0.0 0.0 0.0 0.0 0.0 
5492 5.427 0.0002163526792973403 0.0 0.0 0.0002163526792973403 0.0 0.0 0.0 0.0 0.0 0.0 0.0 0.0 0.0 0.0 0.0 0.0 0.0 0.0 0.0 0.0 0.0 
5493 5.428 0.0002160758851310632 0.0 0.0 0.0002160758851310632 0.0 0.0 0.0 0.0 0.0 0.0 0.0 0.0 0.0 0.0 0.0 0.0 0.0 0.0 0.0 0.0 0.0 
5494 5.429 0.00021579896947105938 0.0 0.0 0.00021579896947105938 0.0 0.0 0.0 0.0 0.0 0.0 0.0 0.0 0.0 0.0 0.0 0.0 0.0 0.0 0.0 0.0 0.0 
5495 5.43 0.00021552193306168535 0.0 0.0 0.00021552193306168535 0.0 0.0 0.0 0.0 0.0 0.0 0.0 0.0 0.0 0.0 0.0 0.0 0.0 0.0 0.0 0.0 0.0 
5496 5.431 0.0002152447766483166 0.0 0.0 0.0002152447766483166 0.0 0.0 0.0 0.0 0.0 0.0 0.0 0.0 0.0 0.0 0.0 0.0 0.0 0.0 0.0 0.0 0.0 
5497 5.432 0.00021496750097734488 0.0 0.0 0.00021496750097734488 0.0 0.0 0.0 0.0 0.0 0.0 0.0 0.0 0.0 0.0 0.0 0.0 0.0 0.0 0.0 0.0 0.0 
5498 5.433 0.00021469010679617574 0.0 0.0 0.00021469010679617574 0.0 0.0 0.0 0.0 0.0 0.0 0.0 0.0 0.0 0.0 0.0 0.0 0.0 0.0 0.0 0.0 0.0 
5499 5.434 0.00021441259485322585 0.0 0.0 0.00021441259485322585 0.0 0.0 0.0 0.0 0.0 0.0 0.0 0.0 0.0 0.0 0.0 0.0 0.0 0.0 0.0 0.0 0.0 
5500 5.435 0.0002141349658979201 0.0 0.0 0.0002141349658979201 0.0 0.0 0.0 0.0 0.0 0.0 0.0 0.0 0.0 0.0 0.0 0.0 0.0 0.0 0.0 0.0 0.0 
5501 5.436 0.00021385722068068919 0.0 0.0 0.00021385722068068919 0.0 0.0 0.0 0.0 0.0 0.0 0.0 0.0 0.0 0.0 0.0 0.0 0.0 0.0 0.0 0.0 0.0 
5502 5.437 0.0002135793599529668 0.0 0.0 0.0002135793599529668 0.0 0.0 0.0 0.0 0.0 0.0 0.0 0.0 0.0 0.0 0.0 0.0 0.0 0.0 0.0 0.0 0.0 
5503 5.438 0.00021330138446718684 0.0 0.0 0.00021330138446718684 0.0 0.0 0.0 0.0 0.0 0.0 0.0 0.0 0.0 0.0 0.0 0.0 0.0 0.0 0.0 0.0 0.0 
5504 5.439 0.00021302329497678061 0.0 0.0 0.00021302329497678061 0.0 0.0 0.0 0.0 0.0 0.0 0.0 0.0 0.0 0.0 0.0 0.0 0.0 0.0 0.0 0.0 0.0 
5505 5.44 0.0002127450922361745 0.0 0.0 0.0002127450922361745 0.0 0.0 0.0 0.0 0.0 0.0 0.0 0.0 0.0 0.0 0.0 0.0 0.0 0.0 0.0 0.0 0.0 
5506 5.441 0.00021246677700078679 0.0 0.0 0.00021246677700078679 0.0 0.0 0.0 0.0 0.0 0.0 0.0 0.0 0.0 0.0 0.0 0.0 0.0 0.0 0.0 0.0 0.0 
5507 5.442 0.00021218835002702484 0.0 0.0 0.00021218835002702484 0.0 0.0 0.0 0.0 0.0 0.0 0.0 0.0 0.0 0.0 0.0 0.0 0.0 0.0 0.0 0.0 0.0 
5508 5.443 0.000211909812072283 0.0 0.0 0.000211909812072283 0.0 0.0 0.0 0.0 0.0 0.0 0.0 0.0 0.0 0.0 0.0 0.0 0.0 0.0 0.0 0.0 0.0 
5509 5.444 0.00021163116389493882 0.0 0.0 0.00021163116389493882 0.0 0.0 0.0 0.0 0.0 0.0 0.0 0.0 0.0 0.0 0.0 0.0 0.0 0.0 0.0 0.0 0.0 
5510 5.445 0.0002113524062543511 0.0 0.0 0.0002113524062543511 0.0 0.0 0.0 0.0 0.0 0.0 0.0 0.0 0.0 0.0 0.0 0.0 0.0 0.0 0.0 0.0 0.0 
5511 5.446 0.0002110735399108564 0.0 0.0 0.0002110735399108564 0.0 0.0 0.0 0.0 0.0 0.0 0.0 0.0 0.0 0.0 0.0 0.0 0.0 0.0 0.0 0.0 0.0 
5512 5.447 0.00021079456562576697 0.0 0.0 0.00021079456562576697 0.0 0.0 0.0 0.0 0.0 0.0 0.0 0.0 0.0 0.0 0.0 0.0 0.0 0.0 0.0 0.0 0.0 
5513 5.448 0.00021051548416136707 0.0 0.0 0.00021051548416136707 0.0 0.0 0.0 0.0 0.0 0.0 0.0 0.0 0.0 0.0 0.0 0.0 0.0 0.0 0.0 0.0 0.0 
5514 5.449 0.0002102362962809109 0.0 0.0 0.0002102362962809109 0.0 0.0 0.0 0.0 0.0 0.0 0.0 0.0 0.0 0.0 0.0 0.0 0.0 0.0 0.0 0.0 0.0 
5515 5.45 0.00020995700274861894 0.0 0.0 0.00020995700274861894 0.0 0.0 0.0 0.0 0.0 0.0 0.0 0.0 0.0 0.0 0.0 0.0 0.0 0.0 0.0 0.0 0.0 
5516 5.451 0.00020967760432967595 0.0 0.0 0.00020967760432967595 0.0 0.0 0.0 0.0 0.0 0.0 0.0 0.0 0.0 0.0 0.0 0.0 0.0 0.0 0.0 0.0 0.0 
5517 5.452 0.00020939810179022722 0.0 0.0 0.00020939810179022722 0.0 0.0 0.0 0.0 0.0 0.0 0.0 0.0 0.0 0.0 0.0 0.0 0.0 0.0 0.0 0.0 0.0 
5518 5.453 0.0002091184958973764 0.0 0.0 0.0002091184958973764 0.0 0.0 0.0 0.0 0.0 0.0 0.0 0.0 0.0 0.0 0.0 0.0 0.0 0.0 0.0 0.0 0.0 
5519 5.454 0.00020883878741918217 0.0 0.0 0.00020883878741918217 0.0 0.0 0.0 0.0 0.0 0.0 0.0 0.0 0.0 0.0 0.0 0.0 0.0 0.0 0.0 0.0 0.0 
5520 5.455 0.00020855897712465516 0.0 0.0 0.00020855897712465516 0.0 0.0 0.0 0.0 0.0 0.0 0.0 0.0 0.0 0.0 0.0 0.0 0.0 0.0 0.0 0.0 0.0 
5521 5.456 0.00020827906578375555 0.0 0.0 0.00020827906578375555 0.0 0.0 0.0 0.0 0.0 0.0 0.0 0.0 0.0 0.0 0.0 0.0 0.0 0.0 0.0 0.0 0.0 
5522 5.457 0.00020799905416738976 0.0 0.0 0.00020799905416738976 0.0 0.0 0.0 0.0 0.0 0.0 0.0 0.0 0.0 0.0 0.0 0.0 0.0 0.0 0.0 0.0 0.0 
5523 5.458 0.00020771894304740744 0.0 0.0 0.00020771894304740744 0.0 0.0 0.0 0.0 0.0 0.0 0.0 0.0 0.0 0.0 0.0 0.0 0.0 0.0 0.0 0.0 0.0 
5524 5.459 0.0002074387331965987 0.0 0.0 0.0002074387331965987 0.0 0.0 0.0 0.0 0.0 0.0 0.0 0.0 0.0 0.0 0.0 0.0 0.0 0.0 0.0 0.0 0.0 
5525 5.46 0.00020715842538869094 0.0 0.0 0.00020715842538869094 0.0 0.0 0.0 0.0 0.0 0.0 0.0 0.0 0.0 0.0 0.0 0.0 0.0 0.0 0.0 0.0 0.0 
5526 5.461 0.0002068780203983459 0.0 0.0 0.0002068780203983459 0.0 0.0 0.0 0.0 0.0 0.0 0.0 0.0 0.0 0.0 0.0 0.0 0.0 0.0 0.0 0.0 0.0 
5527 5.462 0.00020659751900115682 0.0 0.0 0.00020659751900115682 0.0 0.0 0.0 0.0 0.0 0.0 0.0 0.0 0.0 0.0 0.0 0.0 0.0 0.0 0.0 0.0 0.0 
5528 5.463 0.0002063169219736451 0.0 0.0 0.0002063169219736451 0.0 0.0 0.0 0.0 0.0 0.0 0.0 0.0 0.0 0.0 0.0 0.0 0.0 0.0 0.0 0.0 0.0 
5529 5.464 0.0002060362300932575 0.0 0.0 0.0002060362300932575 0.0 0.0 0.0 0.0 0.0 0.0 0.0 0.0 0.0 0.0 0.0 0.0 0.0 0.0 0.0 0.0 0.0 
5530 5.465 0.00020575544413836303 0.0 0.0 0.00020575544413836303 0.0 0.0 0.0 0.0 0.0 0.0 0.0 0.0 0.0 0.0 0.0 0.0 0.0 0.0 0.0 0.0 0.0 
5531 5.466 0.00020547456488824963 0.0 0.0 0.00020547456488824963 0.0 0.0 0.0 0.0 0.0 0.0 0.0 0.0 0.0 0.0 0.0 0.0 0.0 0.0 0.0 0.0 0.0 
5532 5.467 0.0002051935931231217 0.0 0.0 0.0002051935931231217 0.0 0.0 0.0 0.0 0.0 0.0 0.0 0.0 0.0 0.0 0.0 0.0 0.0 0.0 0.0 0.0 0.0 
5533 5.468 0.00020491252962409636 0.0 0.0 0.00020491252962409636 0.0 0.0 0.0 0.0 0.0 0.0 0.0 0.0 0.0 0.0 0.0 0.0 0.0 0.0 0.0 0.0 0.0 
5534 5.469 0.00020463137517320068 0.0 0.0 0.00020463137517320068 0.0 0.0 0.0 0.0 0.0 0.0 0.0 0.0 0.0 0.0 0.0 0.0 0.0 0.0 0.0 0.0 0.0 
5535 5.47 0.00020435013055336847 0.0 0.0 0.00020435013055336847 0.0 0.0 0.0 0.0 0.0 0.0 0.0 0.0 0.0 0.0 0.0 0.0 0.0 0.0 0.0 0.0 0.0 
5536 5.471 0.00020406879654843733 0.0 0.0 0.00020406879654843733 0.0 0.0 0.0 0.0 0.0 0.0 0.0 0.0 0.0 0.0 0.0 0.0 0.0 0.0 0.0 0.0 0.0 
5537 5.472 0.0002037873739431451 0.0 0.0 0.0002037873739431451 0.0 0.0 0.0 0.0 0.0 0.0 0.0 0.0 0.0 0.0 0.0 0.0 0.0 0.0 0.0 0.0 0.0 
5538 5.473 0.0002035058635231272 0.0 0.0 0.0002035058635231272 0.0 0.0 0.0 0.0 0.0 0.0 0.0 0.0 0.0 0.0 0.0 0.0 0.0 0.0 0.0 0.0 0.0 
5539 5.474 0.00020322426607491314 0.0 0.0 0.00020322426607491314 0.0 0.0 0.0 0.0 0.0 0.0 0.0 0.0 0.0 0.0 0.0 0.0 0.0 0.0 0.0 0.0 0.0 
5540 5.475 0.00020294258238592332 0.0 0.0 0.00020294258238592332 0.0 0.0 0.0 0.0 0.0 0.0 0.0 0.0 0.0 0.0 0.0 0.0 0.0 0.0 0.0 0.0 0.0 
5541 5.476 0.0002026608132444662 0.0 0.0 0.0002026608132444662 0.0 0.0 0.0 0.0 0.0 0.0 0.0 0.0 0.0 0.0 0.0 0.0 0.0 0.0 0.0 0.0 0.0 
5542 5.477 0.00020237895943973444 0.0 0.0 0.00020237895943973444 0.0 0.0 0.0 0.0 0.0 0.0 0.0 0.0 0.0 0.0 0.0 0.0 0.0 0.0 0.0 0.0 0.0 
5543 5.478 0.00020209702176180252 0.0 0.0 0.00020209702176180252 0.0 0.0 0.0 0.0 0.0 0.0 0.0 0.0 0.0 0.0 0.0 0.0 0.0 0.0 0.0 0.0 0.0 
5544 5.478 0.00020181500100162282 0.0 0.0 0.00020181500100162282 0.0 0.0 0.0 0.0 0.0 0.0 0.0 0.0 0.0 0.0 0.0 0.0 0.0 0.0 0.0 0.0 0.0 
5545 5.479 0.00020153289795102263 0.0 0.0 0.00020153289795102263 0.0 0.0 0.0 0.0 0.0 0.0 0.0 0.0 0.0 0.0 0.0 0.0 0.0 0.0 0.0 0.0 0.0 
5546 5.48 0.00020125071340270089 0.0 0.0 0.00020125071340270089 0.0 0.0 0.0 0.0 0.0 0.0 0.0 0.0 0.0 0.0 0.0 0.0 0.0 0.0 0.0 0.0 0.0 
5547 5.481 0.00020096844815022512 0.0 0.0 0.00020096844815022512 0.0 0.0 0.0 0.0 0.0 0.0 0.0 0.0 0.0 0.0 0.0 0.0 0.0 0.0 0.0 0.0 0.0 
5548 5.482 0.00020068610298802755 0.0 0.0 0.00020068610298802755 0.0 0.0 0.0 0.0 0.0 0.0 0.0 0.0 0.0 0.0 0.0 0.0 0.0 0.0 0.0 0.0 0.0 
5549 5.483 0.00020040367871140263 0.0 0.0 0.00020040367871140263 0.0 0.0 0.0 0.0 0.0 0.0 0.0 0.0 0.0 0.0 0.0 0.0 0.0 0.0 0.0 0.0 0.0 
5550 5.484 0.000200121176116503 0.0 0.0 0.000200121176116503 0.0 0.0 0.0 0.0 0.0 0.0 0.0 0.0 0.0 0.0 0.0 0.0 0.0 0.0 0.0 0.0 0.0 
5551 5.485 0.00019983859600033663 0.0 0.0 0.00019983859600033663 0.0 0.0 0.0 0.0 0.0 0.0 0.0 0.0 0.0 0.0 0.0 0.0 0.0 0.0 0.0 0.0 0.0 
5552 5.486 0.00019955593916076326 0.0 0.0 0.00019955593916076326 0.0 0.0 0.0 0.0 0.0 0.0 0.0 0.0 0.0 0.0 0.0 0.0 0.0 0.0 0.0 0.0 0.0 
5553 5.487 0.00019927320639649123 0.0 0.0 0.00019927320639649123 0.0 0.0 0.0 0.0 0.0 0.0 0.0 0.0 0.0 0.0 0.0 0.0 0.0 0.0 0.0 0.0 0.0 
5554 5.488 0.00019899039850707382 0.0 0.0 0.00019899039850707382 0.0 0.0 0.0 0.0 0.0 0.0 0.0 0.0 0.0 0.0 0.0 0.0 0.0 0.0 0.0 0.0 0.0 
5555 5.489 0.0001987075162929064 0.0 0.0 0.0001987075162929064 0.0 0.0 0.0 0.0 0.0 0.0 0.0 0.0 0.0 0.0 0.0 0.0 0.0 0.0 0.0 0.0 0.0 
5556 5.49 0.00019842456055522233 0.0 0.0 0.00019842456055522233 0.0 0.0 0.0 0.0 0.0 0.0 0.0 0.0 0.0 0.0 0.0 0.0 0.0 0.0 0.0 0.0 0.0 
5557 5.491 0.00019814153209609016 0.0 0.0 0.00019814153209609016 0.0 0.0 0.0 0.0 0.0 0.0 0.0 0.0 0.0 0.0 0.0 0.0 0.0 0.0 0.0 0.0 0.0 
5558 5.492 0.00019785843171841007 0.0 0.0 0.00019785843171841007 0.0 0.0 0.0 0.0 0.0 0.0 0.0 0.0 0.0 0.0 0.0 0.0 0.0 0.0 0.0 0.0 0.0 
5559 5.493 0.00019757526022591034 0.0 0.0 0.00019757526022591034 0.0 0.0 0.0 0.0 0.0 0.0 0.0 0.0 0.0 0.0 0.0 0.0 0.0 0.0 0.0 0.0 0.0 
5560 5.494 0.00019729201842314393 0.0 0.0 0.00019729201842314393 0.0 0.0 0.0 0.0 0.0 0.0 0.0 0.0 0.0 0.0 0.0 0.0 0.0 0.0 0.0 0.0 0.0 
5561 5.495 0.00019700870711548507 0.0 0.0 0.00019700870711548507 0.0 0.0 0.0 0.0 0.0 0.0 0.0 0.0 0.0 0.0 0.0 0.0 0.0 0.0 0.0 0.0 0.0 
5562 5.496 0.0001967253271091258 0.0 0.0 0.0001967253271091258 0.0 0.0 0.0 0.0 0.0 0.0 0.0 0.0 0.0 0.0 0.0 0.0 0.0 0.0 0.0 0.0 0.0 
5563 5.497 0.00019644187921107254 0.0 0.0 0.00019644187921107254 0.0 0.0 0.0 0.0 0.0 0.0 0.0 0.0 0.0 0.0 0.0 0.0 0.0 0.0 0.0 0.0 0.0 
5564 5.498 0.0001961583642291425 0.0 0.0 0.0001961583642291425 0.0 0.0 0.0 0.0 0.0 0.0 0.0 0.0 0.0 0.0 0.0 0.0 0.0 0.0 0.0 0.0 0.0 
5565 5.499 0.00019587478297196029 0.0 0.0 0.00019587478297196029 0.0 0.0 0.0 0.0 0.0 0.0 0.0 0.0 0.0 0.0 0.0 0.0 0.0 0.0 0.0 0.0 0.0 
5566 5.5 0.00019559113624895426 0.0 0.0 0.00019559113624895426 0.0 0.0 0.0 0.0 0.0 0.0 0.0 0.0 0.0 0.0 0.0 0.0 0.0 0.0 0.0 0.0 0.0 
5567 5.501 0.00019530742487035315 0.0 0.0 0.00019530742487035315 0.0 0.0 0.0 0.0 0.0 0.0 0.0 0.0 0.0 0.0 0.0 0.0 0.0 0.0 0.0 0.0 0.0 
5568 5.502 0.0001950236496471826 0.0 0.0 0.0001950236496471826 0.0 0.0 0.0 0.0 0.0 0.0 0.0 0.0 0.0 0.0 0.0 0.0 0.0 0.0 0.0 0.0 0.0 
5569 5.503 0.0001947398113912611 0.0 0.0 0.0001947398113912611 0.0 0.0 0.0 0.0 0.0 0.0 0.0 0.0 0.0 0.0 0.0 0.0 0.0 0.0 0.0 0.0 0.0 
5570 5.504 0.00019445591091519712 0.0 0.0 0.00019445591091519712 0.0 0.0 0.0 0.0 0.0 0.0 0.0 0.0 0.0 0.0 0.0 0.0 0.0 0.0 0.0 0.0 0.0 
5571 5.505 0.00019417194903238502 0.0 0.0 0.00019417194903238502 0.0 0.0 0.0 0.0 0.0 0.0 0.0 0.0 0.0 0.0 0.0 0.0 0.0 0.0 0.0 0.0 0.0 
5572 5.506 0.00019388792655700181 0.0 0.0 0.00019388792655700181 0.0 0.0 0.0 0.0 0.0 0.0 0.0 0.0 0.0 0.0 0.0 0.0 0.0 0.0 0.0 0.0 0.0 
5573 5.507 0.00019360384430400319 0.0 0.0 0.00019360384430400319 0.0 0.0 0.0 0.0 0.0 0.0 0.0 0.0 0.0 0.0 0.0 0.0 0.0 0.0 0.0 0.0 0.0 
5574 5.508 0.00019331970308912033 0.0 0.0 0.00019331970308912033 0.0 0.0 0.0 0.0 0.0 0.0 0.0 0.0 0.0 0.0 0.0 0.0 0.0 0.0 0.0 0.0 0.0 
5575 5.509 0.0001930355037288559 0.0 0.0 0.0001930355037288559 0.0 0.0 0.0 0.0 0.0 0.0 0.0 0.0 0.0 0.0 0.0 0.0 0.0 0.0 0.0 0.0 0.0 
5576 5.51 0.0001927512470404806 0.0 0.0 0.0001927512470404806 0.0 0.0 0.0 0.0 0.0 0.0 0.0 0.0 0.0 0.0 0.0 0.0 0.0 0.0 0.0 0.0 0.0 
5577 5.511 0.00019246693384202942 0.0 0.0 0.00019246693384202942 0.0 0.0 0.0 0.0 0.0 0.0 0.0 0.0 0.0 0.0 0.0 0.0 0.0 0.0 0.0 0.0 0.0 
5578 5.512 0.00019218256495229813 0.0 0.0 0.00019218256495229813 0.0 0.0 0.0 0.0 0.0 0.0 0.0 0.0 0.0 0.0 0.0 0.0 0.0 0.0 0.0 0.0 0.0 
5579 5.513 0.00019189814119083945 0.0 0.0 0.00019189814119083945 0.0 0.0 0.0 0.0 0.0 0.0 0.0 0.0 0.0 0.0 0.0 0.0 0.0 0.0 0.0 0.0 0.0 
5580 5.514 0.00019161366337795943 0.0 0.0 0.00019161366337795943 0.0 0.0 0.0 0.0 0.0 0.0 0.0 0.0 0.0 0.0 0.0 0.0 0.0 0.0 0.0 0.0 0.0 
5581 5.515 0.00019132913233471356 0.0 0.0 0.00019132913233471356 0.0 0.0 0.0 0.0 0.0 0.0 0.0 0.0 0.0 0.0 0.0 0.0 0.0 0.0 0.0 0.0 0.0 
5582 5.516 0.00019104454888290334 0.0 0.0 0.00019104454888290334 0.0 0.0 0.0 0.0 0.0 0.0 0.0 0.0 0.0 0.0 0.0 0.0 0.0 0.0 0.0 0.0 0.0 
5583 5.517 0.00019075991384507243 0.0 0.0 0.00019075991384507243 0.0 0.0 0.0 0.0 0.0 0.0 0.0 0.0 0.0 0.0 0.0 0.0 0.0 0.0 0.0 0.0 0.0 
5584 5.518 0.00019047522804450283 0.0 0.0 0.00019047522804450283 0.0 0.0 0.0 0.0 0.0 0.0 0.0 0.0 0.0 0.0 0.0 0.0 0.0 0.0 0.0 0.0 0.0 
5585 5.519 0.00019019049230521116 0.0 0.0 0.00019019049230521116 0.0 0.0 0.0 0.0 0.0 0.0 0.0 0.0 0.0 0.0 0.0 0.0 0.0 0.0 0.0 0.0 0.0 
5586 5.52 0.00018990570745194496 0.0 0.0 0.00018990570745194496 0.0 0.0 0.0 0.0 0.0 0.0 0.0 0.0 0.0 0.0 0.0 0.0 0.0 0.0 0.0 0.0 0.0 
5587 5.521 0.0001896208743101788 0.0 0.0 0.0001896208743101788 0.0 0.0 0.0 0.0 0.0 0.0 0.0 0.0 0.0 0.0 0.0 0.0 0.0 0.0 0.0 0.0 0.0 
5588 5.522 0.00018933599370611056 0.0 0.0 0.00018933599370611056 0.0 0.0 0.0 0.0 0.0 0.0 0.0 0.0 0.0 0.0 0.0 0.0 0.0 0.0 0.0 0.0 0.0 
5589 5.523 0.00018905106646665765 0.0 0.0 0.00018905106646665765 0.0 0.0 0.0 0.0 0.0 0.0 0.0 0.0 0.0 0.0 0.0 0.0 0.0 0.0 0.0 0.0 0.0 
5590 5.524 0.00018876609341945302 0.0 0.0 0.00018876609341945302 0.0 0.0 0.0 0.0 0.0 0.0 0.0 0.0 0.0 0.0 0.0 0.0 0.0 0.0 0.0 0.0 0.0 
5591 5.525 0.00018848107539284147 0.0 0.0 0.00018848107539284147 0.0 0.0 0.0 0.0 0.0 0.0 0.0 0.0 0.0 0.0 0.0 0.0 0.0 0.0 0.0 0.0 0.0 
5592 5.526 0.00018819601321587578 0.0 0.0 0.00018819601321587578 0.0 0.0 0.0 0.0 0.0 0.0 0.0 0.0 0.0 0.0 0.0 0.0 0.0 0.0 0.0 0.0 0.0 
5593 5.527 0.00018791090771831293 0.0 0.0 0.00018791090771831293 0.0 0.0 0.0 0.0 0.0 0.0 0.0 0.0 0.0 0.0 0.0 0.0 0.0 0.0 0.0 0.0 0.0 
5594 5.528 0.0001876257597306099 0.0 0.0 0.0001876257597306099 0.0 0.0 0.0 0.0 0.0 0.0 0.0 0.0 0.0 0.0 0.0 0.0 0.0 0.0 0.0 0.0 0.0 
5595 5.529 0.00018734057008392026 0.0 0.0 0.00018734057008392026 0.0 0.0 0.0 0.0 0.0 0.0 0.0 0.0 0.0 0.0 0.0 0.0 0.0 0.0 0.0 0.0 0.0 
5596 5.53 0.00018705533961008993 0.0 0.0 0.00018705533961008993 0.0 0.0 0.0 0.0 0.0 0.0 0.0 0.0 0.0 0.0 0.0 0.0 0.0 0.0 0.0 0.0 0.0 
5597 5.531 0.00018677006914165323 0.0 0.0 0.00018677006914165323 0.0 0.0 0.0 0.0 0.0 0.0 0.0 0.0 0.0 0.0 0.0 0.0 0.0 0.0 0.0 0.0 0.0 
5598 5.532 0.00018648475951182916 0.0 0.0 0.00018648475951182916 0.0 0.0 0.0 0.0 0.0 0.0 0.0 0.0 0.0 0.0 0.0 0.0 0.0 0.0 0.0 0.0 0.0 
5599 5.533 0.00018619941155451753 0.0 0.0 0.00018619941155451753 0.0 0.0 0.0 0.0 0.0 0.0 0.0 0.0 0.0 0.0 0.0 0.0 0.0 0.0 0.0 0.0 0.0 
5600 5.534 0.0001859140261042946 0.0 0.0 0.0001859140261042946 0.0 0.0 0.0 0.0 0.0 0.0 0.0 0.0 0.0 0.0 0.0 0.0 0.0 0.0 0.0 0.0 0.0 
5601 5.535 0.0001856286039964096 0.0 0.0 0.0001856286039964096 0.0 0.0 0.0 0.0 0.0 0.0 0.0 0.0 0.0 0.0 0.0 0.0 0.0 0.0 0.0 0.0 0.0 
5602 5.536 0.00018534314606678034 0.0 0.0 0.00018534314606678034 0.0 0.0 0.0 0.0 0.0 0.0 0.0 0.0 0.0 0.0 0.0 0.0 0.0 0.0 0.0 0.0 0.0 
5603 5.537 0.00018505765315198947 0.0 0.0 0.00018505765315198947 0.0 0.0 0.0 0.0 0.0 0.0 0.0 0.0 0.0 0.0 0.0 0.0 0.0 0.0 0.0 0.0 0.0 
5604 5.538 0.00018477212608928044 0.0 0.0 0.00018477212608928044 0.0 0.0 0.0 0.0 0.0 0.0 0.0 0.0 0.0 0.0 0.0 0.0 0.0 0.0 0.0 0.0 0.0 
5605 5.539 0.00018448656571655334 0.0 0.0 0.00018448656571655334 0.0 0.0 0.0 0.0 0.0 0.0 0.0 0.0 0.0 0.0 0.0 0.0 0.0 0.0 0.0 0.0 0.0 
5606 5.54 0.0001842009728723611 0.0 0.0 0.0001842009728723611 0.0 0.0 0.0 0.0 0.0 0.0 0.0 0.0 0.0 0.0 0.0 0.0 0.0 0.0 0.0 0.0 0.0 
5607 5.541 0.00018391534839590535 0.0 0.0 0.00018391534839590535 0.0 0.0 0.0 0.0 0.0 0.0 0.0 0.0 0.0 0.0 0.0 0.0 0.0 0.0 0.0 0.0 0.0 
5608 5.542 0.00018362969312703213 0.0 0.0 0.00018362969312703213 0.0 0.0 0.0 0.0 0.0 0.0 0.0 0.0 0.0 0.0 0.0 0.0 0.0 0.0 0.0 0.0 0.0 
5609 5.543 0.00018334400790622813 0.0 0.0 0.00018334400790622813 0.0 0.0 0.0 0.0 0.0 0.0 0.0 0.0 0.0 0.0 0.0 0.0 0.0 0.0 0.0 0.0 0.0 
5610 5.544 0.00018305829357461662 0.0 0.0 0.00018305829357461662 0.0 0.0 0.0 0.0 0.0 0.0 0.0 0.0 0.0 0.0 0.0 0.0 0.0 0.0 0.0 0.0 0.0 
5611 5.545 0.000182772550973953 0.0 0.0 0.000182772550973953 0.0 0.0 0.0 0.0 0.0 0.0 0.0 0.0 0.0 0.0 0.0 0.0 0.0 0.0 0.0 0.0 0.0 
5612 5.546 0.0001824867809466212 0.0 0.0 0.0001824867809466212 0.0 0.0 0.0 0.0 0.0 0.0 0.0 0.0 0.0 0.0 0.0 0.0 0.0 0.0 0.0 0.0 0.0 
5613 5.547 0.00018220098433562894 0.0 0.0 0.00018220098433562894 0.0 0.0 0.0 0.0 0.0 0.0 0.0 0.0 0.0 0.0 0.0 0.0 0.0 0.0 0.0 0.0 0.0 
5614 5.548 0.00018191516198460435 0.0 0.0 0.00018191516198460435 0.0 0.0 0.0 0.0 0.0 0.0 0.0 0.0 0.0 0.0 0.0 0.0 0.0 0.0 0.0 0.0 0.0 
5615 5.549 0.00018162931473779105 0.0 0.0 0.00018162931473779105 0.0 0.0 0.0 0.0 0.0 0.0 0.0 0.0 0.0 0.0 0.0 0.0 0.0 0.0 0.0 0.0 0.0 
5616 5.55 0.0001813434434400446 0.0 0.0 0.0001813434434400446 0.0 0.0 0.0 0.0 0.0 0.0 0.0 0.0 0.0 0.0 0.0 0.0 0.0 0.0 0.0 0.0 0.0 
5617 5.551 0.0001810575489368278 0.0 0.0 0.0001810575489368278 0.0 0.0 0.0 0.0 0.0 0.0 0.0 0.0 0.0 0.0 0.0 0.0 0.0 0.0 0.0 0.0 0.0 
5618 5.552 0.0001807716320742071 0.0 0.0 0.0001807716320742071 0.0 0.0 0.0 0.0 0.0 0.0 0.0 0.0 0.0 0.0 0.0 0.0 0.0 0.0 0.0 0.0 0.0 
5619 5.553 0.0001804856936988479 0.0 0.0 0.0001804856936988479 0.0 0.0 0.0 0.0 0.0 0.0 0.0 0.0 0.0 0.0 0.0 0.0 0.0 0.0 0.0 0.0 0.0 
5620 5.554 0.00018019973465801056 0.0 0.0 0.00018019973465801056 0.0 0.0 0.0 0.0 0.0 0.0 0.0 0.0 0.0 0.0 0.0 0.0 0.0 0.0 0.0 0.0 0.0 
5621 5.555 0.000179913755799546 0.0 0.0 0.000179913755799546 0.0 0.0 0.0 0.0 0.0 0.0 0.0 0.0 0.0 0.0 0.0 0.0 0.0 0.0 0.0 0.0 0.0 
5622 5.556 0.00017962775797189184 0.0 0.0 0.00017962775797189184 0.0 0.0 0.0 0.0 0.0 0.0 0.0 0.0 0.0 0.0 0.0 0.0 0.0 0.0 0.0 0.0 0.0 
5623 5.557 0.00017934174202406772 0.0 0.0 0.00017934174202406772 0.0 0.0 0.0 0.0 0.0 0.0 0.0 0.0 0.0 0.0 0.0 0.0 0.0 0.0 0.0 0.0 0.0 
5624 5.558 0.0001790557088056712 0.0 0.0 0.0001790557088056712 0.0 0.0 0.0 0.0 0.0 0.0 0.0 0.0 0.0 0.0 0.0 0.0 0.0 0.0 0.0 0.0 0.0 
5625 5.559 0.00017876965916687368 0.0 0.0 0.00017876965916687368 0.0 0.0 0.0 0.0 0.0 0.0 0.0 0.0 0.0 0.0 0.0 0.0 0.0 0.0 0.0 0.0 0.0 
5626 5.56 0.00017848359395841566 0.0 0.0 0.00017848359395841566 0.0 0.0 0.0 0.0 0.0 0.0 0.0 0.0 0.0 0.0 0.0 0.0 0.0 0.0 0.0 0.0 0.0 
5627 5.561 0.00017819751403160293 0.0 0.0 0.00017819751403160293 0.0 0.0 0.0 0.0 0.0 0.0 0.0 0.0 0.0 0.0 0.0 0.0 0.0 0.0 0.0 0.0 0.0 
5628 5.561 0.00017791142023830192 0.0 0.0 0.00017791142023830192 0.0 0.0 0.0 0.0 0.0 0.0 0.0 0.0 0.0 0.0 0.0 0.0 0.0 0.0 0.0 0.0 0.0 
5629 5.562 0.00017762531343093544 0.0 0.0 0.00017762531343093544 0.0 0.0 0.0 0.0 0.0 0.0 0.0 0.0 0.0 0.0 0.0 0.0 0.0 0.0 0.0 0.0 0.0 
5630 5.563 0.0001773391944624785 0.0 0.0 0.0001773391944624785 0.0 0.0 0.0 0.0 0.0 0.0 0.0 0.0 0.0 0.0 0.0 0.0 0.0 0.0 0.0 0.0 0.0 
5631 5.564 0.00017705306418645372 0.0 0.0 0.00017705306418645372 0.0 0.0 0.0 0.0 0.0 0.0 0.0 0.0 0.0 0.0 0.0 0.0 0.0 0.0 0.0 0.0 0.0 
5632 5.565 0.00017676692345692702 0.0 0.0 0.00017676692345692702 0.0 0.0 0.0 0.0 0.0 0.0 0.0 0.0 0.0 0.0 0.0 0.0 0.0 0.0 0.0 0.0 0.0 
5633 5.566 0.0001764807731285035 0.0 0.0 0.0001764807731285035 0.0 0.0 0.0 0.0 0.0 0.0 0.0 0.0 0.0 0.0 0.0 0.0 0.0 0.0 0.0 0.0 0.0 
5634 5.567 0.00017619461405632262 0.0 0.0 0.00017619461405632262 0.0 0.0 0.0 0.0 0.0 0.0 0.0 0.0 0.0 0.0 0.0 0.0 0.0 0.0 0.0 0.0 0.0 
5635 5.568 0.00017590844709605415 0.0 0.0 0.00017590844709605415 0.0 0.0 0.0 0.0 0.0 0.0 0.0 0.0 0.0 0.0 0.0 0.0 0.0 0.0 0.0 0.0 0.0 
5636 5.569 0.00017562227310389338 0.0 0.0 0.00017562227310389338 0.0 0.0 0.0 0.0 0.0 0.0 0.0 0.0 0.0 0.0 0.0 0.0 0.0 0.0 0.0 0.0 0.0 
5637 5.57 0.0001753360929365572 0.0 0.0 0.0001753360929365572 0.0 0.0 0.0 0.0 0.0 0.0 0.0 0.0 0.0 0.0 0.0 0.0 0.0 0.0 0.0 0.0 0.0 
5638 5.571 0.00017504990745127912 0.0 0.0 0.00017504990745127912 0.0 0.0 0.0 0.0 0.0 0.0 0.0 0.0 0.0 0.0 0.0 0.0 0.0 0.0 0.0 0.0 0.0 
5639 5.572 0.00017476371750580527 0.0 0.0 0.00017476371750580527 0.0 0.0 0.0 0.0 0.0 0.0 0.0 0.0 0.0 0.0 0.0 0.0 0.0 0.0 0.0 0.0 0.0 
5640 5.573 0.0001744775239583895 0.0 0.0 0.0001744775239583895 0.0 0.0 0.0 0.0 0.0 0.0 0.0 0.0 0.0 0.0 0.0 0.0 0.0 0.0 0.0 0.0 0.0 
5641 5.574 0.0001741913276677893 0.0 0.0 0.0001741913276677893 0.0 0.0 0.0 0.0 0.0 0.0 0.0 0.0 0.0 0.0 0.0 0.0 0.0 0.0 0.0 0.0 0.0 
5642 5.575 0.00017390512949326097 0.0 0.0 0.00017390512949326097 0.0 0.0 0.0 0.0 0.0 0.0 0.0 0.0 0.0 0.0 0.0 0.0 0.0 0.0 0.0 0.0 0.0 
5643 5.576 0.0001736189302945553 0.0 0.0 0.0001736189302945553 0.0 0.0 0.0 0.0 0.0 0.0 0.0 0.0 0.0 0.0 0.0 0.0 0.0 0.0 0.0 0.0 0.0 
5644 5.577 0.00017333273093191295 0.0 0.0 0.00017333273093191295 0.0 0.0 0.0 0.0 0.0 0.0 0.0 0.0 0.0 0.0 0.0 0.0 0.0 0.0 0.0 0.0 0.0 
5645 5.578 0.00017304653226606003 0.0 0.0 0.00017304653226606003 0.0 0.0 0.0 0.0 0.0 0.0 0.0 0.0 0.0 0.0 0.0 0.0 0.0 0.0 0.0 0.0 0.0 
5646 5.579 0.0001727603351582035 0.0 0.0 0.0001727603351582035 0.0 0.0 0.0 0.0 0.0 0.0 0.0 0.0 0.0 0.0 0.0 0.0 0.0 0.0 0.0 0.0 0.0 
5647 5.58 0.0001724741404700264 0.0 0.0 0.0001724741404700264 0.0 0.0 0.0 0.0 0.0 0.0 0.0 0.0 0.0 0.0 0.0 0.0 0.0 0.0 0.0 0.0 0.0 
5648 5.581 0.0001721879490636837 0.0 0.0 0.0001721879490636837 0.0 0.0 0.0 0.0 0.0 0.0 0.0 0.0 0.0 0.0 0.0 0.0 0.0 0.0 0.0 0.0 0.0 
5649 5.582 0.00017190176180179726 0.0 0.0 0.00017190176180179726 0.0 0.0 0.0 0.0 0.0 0.0 0.0 0.0 0.0 0.0 0.0 0.0 0.0 0.0 0.0 0.0 0.0 
5650 5.583 0.00017161557954745155 0.0 0.0 0.00017161557954745155 0.0 0.0 0.0 0.0 0.0 0.0 0.0 0.0 0.0 0.0 0.0 0.0 0.0 0.0 0.0 0.0 0.0 
5651 5.584 0.00017132940316418895 0.0 0.0 0.00017132940316418895 0.0 0.0 0.0 0.0 0.0 0.0 0.0 0.0 0.0 0.0 0.0 0.0 0.0 0.0 0.0 0.0 0.0 
5652 5.585 0.000171043233516005 0.0 0.0 0.000171043233516005 0.0 0.0 0.0 0.0 0.0 0.0 0.0 0.0 0.0 0.0 0.0 0.0 0.0 0.0 0.0 0.0 0.0 
5653 5.586 0.00017075707146734396 0.0 0.0 0.00017075707146734396 0.0 0.0 0.0 0.0 0.0 0.0 0.0 0.0 0.0 0.0 0.0 0.0 0.0 0.0 0.0 0.0 0.0 
5654 5.587 0.00017047091788309398 0.0 0.0 0.00017047091788309398 0.0 0.0 0.0 0.0 0.0 0.0 0.0 0.0 0.0 0.0 0.0 0.0 0.0 0.0 0.0 0.0 0.0 
5655 5.588 0.0001701847736285825 0.0 0.0 0.0001701847736285825 0.0 0.0 0.0 0.0 0.0 0.0 0.0 0.0 0.0 0.0 0.0 0.0 0.0 0.0 0.0 0.0 0.0 
5656 5.589 0.00016989863956957168 0.0 0.0 0.00016989863956957168 0.0 0.0 0.0 0.0 0.0 0.0 0.0 0.0 0.0 0.0 0.0 0.0 0.0 0.0 0.0 0.0 0.0 
5657 5.59 0.0001696125165722534 0.0 0.0 0.0001696125165722534 0.0 0.0 0.0 0.0 0.0 0.0 0.0 0.0 0.0 0.0 0.0 0.0 0.0 0.0 0.0 0.0 0.0 
5658 5.591 0.00016932640550324508 0.0 0.0 0.00016932640550324508 0.0 0.0 0.0 0.0 0.0 0.0 0.0 0.0 0.0 0.0 0.0 0.0 0.0 0.0 0.0 0.0 0.0 
5659 5.592 0.00016904030722958435 0.0 0.0 0.00016904030722958435 0.0 0.0 0.0 0.0 0.0 0.0 0.0 0.0 0.0 0.0 0.0 0.0 0.0 0.0 0.0 0.0 0.0 
5660 5.593 0.00016875422261872474 0.0 0.0 0.00016875422261872474 0.0 0.0 0.0 0.0 0.0 0.0 0.0 0.0 0.0 0.0 0.0 0.0 0.0 0.0 0.0 0.0 0.0 
5661 5.594 0.00016846815253853087 0.0 0.0 0.00016846815253853087 0.0 0.0 0.0 0.0 0.0 0.0 0.0 0.0 0.0 0.0 0.0 0.0 0.0 0.0 0.0 0.0 0.0 
5662 5.595 0.00016818209785727354 0.0 0.0 0.00016818209785727354 0.0 0.0 0.0 0.0 0.0 0.0 0.0 0.0 0.0 0.0 0.0 0.0 0.0 0.0 0.0 0.0 0.0 
5663 5.596 0.00016789605944362516 0.0 0.0 0.00016789605944362516 0.0 0.0 0.0 0.0 0.0 0.0 0.0 0.0 0.0 0.0 0.0 0.0 0.0 0.0 0.0 0.0 0.0 
5664 5.597 0.00016761003816665468 0.0 0.0 0.00016761003816665468 0.0 0.0 0.0 0.0 0.0 0.0 0.0 0.0 0.0 0.0 0.0 0.0 0.0 0.0 0.0 0.0 0.0 
5665 5.598 0.00016732403489582324 0.0 0.0 0.00016732403489582324 0.0 0.0 0.0 0.0 0.0 0.0 0.0 0.0 0.0 0.0 0.0 0.0 0.0 0.0 0.0 0.0 0.0 
5666 5.599 0.0001670380505009789 0.0 0.0 0.0001670380505009789 0.0 0.0 0.0 0.0 0.0 0.0 0.0 0.0 0.0 0.0 0.0 0.0 0.0 0.0 0.0 0.0 0.0 
5667 5.6 0.00016675208585235213 0.0 0.0 0.00016675208585235213 0.0 0.0 0.0 0.0 0.0 0.0 0.0 0.0 0.0 0.0 0.0 0.0 0.0 0.0 0.0 0.0 0.0 
5668 5.601 0.0001664661418205509 0.0 0.0 0.0001664661418205509 0.0 0.0 0.0 0.0 0.0 0.0 0.0 0.0 0.0 0.0 0.0 0.0 0.0 0.0 0.0 0.0 0.0 
5669 5.602 0.00016618021927655575 0.0 0.0 0.00016618021927655575 0.0 0.0 0.0 0.0 0.0 0.0 0.0 0.0 0.0 0.0 0.0 0.0 0.0 0.0 0.0 0.0 0.0 
5670 5.603 0.00016589431909171497 0.0 0.0 0.00016589431909171497 0.0 0.0 0.0 0.0 0.0 0.0 0.0 0.0 0.0 0.0 0.0 0.0 0.0 0.0 0.0 0.0 0.0 
5671 5.604 0.0001656084421377398 0.0 0.0 0.0001656084421377398 0.0 0.0 0.0 0.0 0.0 0.0 0.0 0.0 0.0 0.0 0.0 0.0 0.0 0.0 0.0 0.0 0.0 
5672 5.605 0.00016532258928669957 0.0 0.0 0.00016532258928669957 0.0 0.0 0.0 0.0 0.0 0.0 0.0 0.0 0.0 0.0 0.0 0.0 0.0 0.0 0.0 0.0 0.0 
5673 5.606 0.00016503676141101664 0.0 0.0 0.00016503676141101664 0.0 0.0 0.0 0.0 0.0 0.0 0.0 0.0 0.0 0.0 0.0 0.0 0.0 0.0 0.0 0.0 0.0 
5674 5.607 0.00016475095938346164 0.0 0.0 0.00016475095938346164 0.0 0.0 0.0 0.0 0.0 0.0 0.0 0.0 0.0 0.0 0.0 0.0 0.0 0.0 0.0 0.0 0.0 
5675 5.608 0.0001644651840771483 0.0 0.0 0.0001644651840771483 0.0 0.0 0.0 0.0 0.0 0.0 0.0 0.0 0.0 0.0 0.0 0.0 0.0 0.0 0.0 0.0 0.0 
5676 5.609 0.00016417943636552905 0.0 0.0 0.00016417943636552905 0.0 0.0 0.0 0.0 0.0 0.0 0.0 0.0 0.0 0.0 0.0 0.0 0.0 0.0 0.0 0.0 0.0 
5677 5.61 0.00016389371712238954 0.0 0.0 0.00016389371712238954 0.0 0.0 0.0 0.0 0.0 0.0 0.0 0.0 0.0 0.0 0.0 0.0 0.0 0.0 0.0 0.0 0.0 
5678 5.611 0.0001636080272218438 0.0 0.0 0.0001636080272218438 0.0 0.0 0.0 0.0 0.0 0.0 0.0 0.0 0.0 0.0 0.0 0.0 0.0 0.0 0.0 0.0 0.0 
5679 5.612 0.00016332236753832953 0.0 0.0 0.00016332236753832953 0.0 0.0 0.0 0.0 0.0 0.0 0.0 0.0 0.0 0.0 0.0 0.0 0.0 0.0 0.0 0.0 0.0 
5680 5.613 0.0001630367389466028 0.0 0.0 0.0001630367389466028 0.0 0.0 0.0 0.0 0.0 0.0 0.0 0.0 0.0 0.0 0.0 0.0 0.0 0.0 0.0 0.0 0.0 
5681 5.614 0.00016275114232173324 0.0 0.0 0.00016275114232173324 0.0 0.0 0.0 0.0 0.0 0.0 0.0 0.0 0.0 0.0 0.0 0.0 0.0 0.0 0.0 0.0 0.0 
5682 5.615 0.0001624655785390989 0.0 0.0 0.0001624655785390989 0.0 0.0 0.0 0.0 0.0 0.0 0.0 0.0 0.0 0.0 0.0 0.0 0.0 0.0 0.0 0.0 0.0 
5683 5.616 0.00016218004847438143 0.0 0.0 0.00016218004847438143 0.0 0.0 0.0 0.0 0.0 0.0 0.0 0.0 0.0 0.0 0.0 0.0 0.0 0.0 0.0 0.0 0.0 
5684 5.617 0.00016189455300356082 0.0 0.0 0.00016189455300356082 0.0 0.0 0.0 0.0 0.0 0.0 0.0 0.0 0.0 0.0 0.0 0.0 0.0 0.0 0.0 0.0 0.0 
5685 5.618 0.00016160909300291034 0.0 0.0 0.00016160909300291034 0.0 0.0 0.0 0.0 0.0 0.0 0.0 0.0 0.0 0.0 0.0 0.0 0.0 0.0 0.0 0.0 0.0 
5686 5.619 0.00016132366934899184 0.0 0.0 0.00016132366934899184 0.0 0.0 0.0 0.0 0.0 0.0 0.0 0.0 0.0 0.0 0.0 0.0 0.0 0.0 0.0 0.0 0.0 
5687 5.62 0.00016103828291865027 0.0 0.0 0.00016103828291865027 0.0 0.0 0.0 0.0 0.0 0.0 0.0 0.0 0.0 0.0 0.0 0.0 0.0 0.0 0.0 0.0 0.0 
5688 5.621 0.00016075293458900876 0.0 0.0 0.00016075293458900876 0.0 0.0 0.0 0.0 0.0 0.0 0.0 0.0 0.0 0.0 0.0 0.0 0.0 0.0 0.0 0.0 0.0 
5689 5.622 0.0001604676252374635 0.0 0.0 0.0001604676252374635 0.0 0.0 0.0 0.0 0.0 0.0 0.0 0.0 0.0 0.0 0.0 0.0 0.0 0.0 0.0 0.0 0.0 
5690 5.623 0.00016018235574167874 0.0 0.0 0.00016018235574167874 0.0 0.0 0.0 0.0 0.0 0.0 0.0 0.0 0.0 0.0 0.0 0.0 0.0 0.0 0.0 0.0 0.0 
5691 5.624 0.00015989712697958133 0.0 0.0 0.00015989712697958133 0.0 0.0 0.0 0.0 0.0 0.0 0.0 0.0 0.0 0.0 0.0 0.0 0.0 0.0 0.0 0.0 0.0 
5692 5.625 0.00015961193982935614 0.0 0.0 0.00015961193982935614 0.0 0.0 0.0 0.0 0.0 0.0 0.0 0.0 0.0 0.0 0.0 0.0 0.0 0.0 0.0 0.0 0.0 
5693 5.626 0.0001593267951694404 0.0 0.0 0.0001593267951694404 0.0 0.0 0.0 0.0 0.0 0.0 0.0 0.0 0.0 0.0 0.0 0.0 0.0 0.0 0.0 0.0 0.0 
5694 5.627 0.00015904169387851875 0.0 0.0 0.00015904169387851875 0.0 0.0 0.0 0.0 0.0 0.0 0.0 0.0 0.0 0.0 0.0 0.0 0.0 0.0 0.0 0.0 0.0 
5695 5.628 0.00015875663683551802 0.0 0.0 0.00015875663683551802 0.0 0.0 0.0 0.0 0.0 0.0 0.0 0.0 0.0 0.0 0.0 0.0 0.0 0.0 0.0 0.0 0.0 
5696 5.629 0.0001584716249196022 0.0 0.0 0.0001584716249196022 0.0 0.0 0.0 0.0 0.0 0.0 0.0 0.0 0.0 0.0 0.0 0.0 0.0 0.0 0.0 0.0 0.0 
5697 5.63 0.00015818665901016707 0.0 0.0 0.00015818665901016707 0.0 0.0 0.0 0.0 0.0 0.0 0.0 0.0 0.0 0.0 0.0 0.0 0.0 0.0 0.0 0.0 0.0 
5698 5.631 0.00015790173998683494 0.0 0.0 0.00015790173998683494 0.0 0.0 0.0 0.0 0.0 0.0 0.0 0.0 0.0 0.0 0.0 0.0 0.0 0.0 0.0 0.0 0.0 
5699 5.632 0.0001576168687294496 0.0 0.0 0.0001576168687294496 0.0 0.0 0.0 0.0 0.0 0.0 0.0 0.0 0.0 0.0 0.0 0.0 0.0 0.0 0.0 0.0 0.0 
5700 5.633 0.00015733204611807116 0.0 0.0 0.00015733204611807116 0.0 0.0 0.0 0.0 0.0 0.0 0.0 0.0 0.0 0.0 0.0 0.0 0.0 0.0 0.0 0.0 0.0 
5701 5.634 0.00015704727303297034 0.0 0.0 0.00015704727303297034 0.0 0.0 0.0 0.0 0.0 0.0 0.0 0.0 0.0 0.0 0.0 0.0 0.0 0.0 0.0 0.0 0.0 
5702 5.635 0.0001567625503546237 0.0 0.0 0.0001567625503546237 0.0 0.0 0.0 0.0 0.0 0.0 0.0 0.0 0.0 0.0 0.0 0.0 0.0 0.0 0.0 0.0 0.0 
5703 5.636 0.0001564778789637083 0.0 0.0 0.0001564778789637083 0.0 0.0 0.0 0.0 0.0 0.0 0.0 0.0 0.0 0.0 0.0 0.0 0.0 0.0 0.0 0.0 0.0 
5704 5.637 0.00015619325974109612 0.0 0.0 0.00015619325974109612 0.0 0.0 0.0 0.0 0.0 0.0 0.0 0.0 0.0 0.0 0.0 0.0 0.0 0.0 0.0 0.0 0.0 
5705 5.638 0.00015590869356784903 0.0 0.0 0.00015590869356784903 0.0 0.0 0.0 0.0 0.0 0.0 0.0 0.0 0.0 0.0 0.0 0.0 0.0 0.0 0.0 0.0 0.0 
5706 5.639 0.00015562418132521335 0.0 0.0 0.00015562418132521335 0.0 0.0 0.0 0.0 0.0 0.0 0.0 0.0 0.0 0.0 0.0 0.0 0.0 0.0 0.0 0.0 0.0 
5707 5.64 0.00015533972389461474 0.0 0.0 0.00015533972389461474 0.0 0.0 0.0 0.0 0.0 0.0 0.0 0.0 0.0 0.0 0.0 0.0 0.0 0.0 0.0 0.0 0.0 
5708 5.641 0.00015505532215765255 0.0 0.0 0.00015505532215765255 0.0 0.0 0.0 0.0 0.0 0.0 0.0 0.0 0.0 0.0 0.0 0.0 0.0 0.0 0.0 0.0 0.0 
5709 5.642 0.00015477097699609463 0.0 0.0 0.00015477097699609463 0.0 0.0 0.0 0.0 0.0 0.0 0.0 0.0 0.0 0.0 0.0 0.0 0.0 0.0 0.0 0.0 0.0 
5710 5.643 0.0001544866892918721 0.0 0.0 0.0001544866892918721 0.0 0.0 0.0 0.0 0.0 0.0 0.0 0.0 0.0 0.0 0.0 0.0 0.0 0.0 0.0 0.0 0.0 
5711 5.644 0.00015420245992707365 0.0 0.0 0.00015420245992707365 0.0 0.0 0.0 0.0 0.0 0.0 0.0 0.0 0.0 0.0 0.0 0.0 0.0 0.0 0.0 0.0 0.0 
5712 5.645 0.00015391828978394067 0.0 0.0 0.00015391828978394067 0.0 0.0 0.0 0.0 0.0 0.0 0.0 0.0 0.0 0.0 0.0 0.0 0.0 0.0 0.0 0.0 0.0 
5713 5.645 0.00015363417974486123 0.0 0.0 0.00015363417974486123 0.0 0.0 0.0 0.0 0.0 0.0 0.0 0.0 0.0 0.0 0.0 0.0 0.0 0.0 0.0 0.0 0.0 
5714 5.646 0.00015335013069236526 0.0 0.0 0.00015335013069236526 0.0 0.0 0.0 0.0 0.0 0.0 0.0 0.0 0.0 0.0 0.0 0.0 0.0 0.0 0.0 0.0 0.0 
5715 5.647 0.00015306614350911858 0.0 0.0 0.00015306614350911858 0.0 0.0 0.0 0.0 0.0 0.0 0.0 0.0 0.0 0.0 0.0 0.0 0.0 0.0 0.0 0.0 0.0 
5716 5.648 0.00015278221907791804 0.0 0.0 0.00015278221907791804 0.0 0.0 0.0 0.0 0.0 0.0 0.0 0.0 0.0 0.0 0.0 0.0 0.0 0.0 0.0 0.0 0.0 
5717 5.649 0.00015249835828168559 0.0 0.0 0.00015249835828168559 0.0 0.0 0.0 0.0 0.0 0.0 0.0 0.0 0.0 0.0 0.0 0.0 0.0 0.0 0.0 0.0 0.0 
5718 5.65 0.000152214562003463 0.0 0.0 0.000152214562003463 0.0 0.0 0.0 0.0 0.0 0.0 0.0 0.0 0.0 0.0 0.0 0.0 0.0 0.0 0.0 0.0 0.0 
5719 5.651 0.00015193083112640667 0.0 0.0 0.00015193083112640667 0.0 0.0 0.0 0.0 0.0 0.0 0.0 0.0 0.0 0.0 0.0 0.0 0.0 0.0 0.0 0.0 0.0 
5720 5.652 0.0001516471665337816 0.0 0.0 0.0001516471665337816 0.0 0.0 0.0 0.0 0.0 0.0 0.0 0.0 0.0 0.0 0.0 0.0 0.0 0.0 0.0 0.0 0.0 
5721 5.653 0.0001513635691089564 0.0 0.0 0.0001513635691089564 0.0 0.0 0.0 0.0 0.0 0.0 0.0 0.0 0.0 0.0 0.0 0.0 0.0 0.0 0.0 0.0 0.0 
5722 5.654 0.00015108003973539742 0.0 0.0 0.00015108003973539742 0.0 0.0 0.0 0.0 0.0 0.0 0.0 0.0 0.0 0.0 0.0 0.0 0.0 0.0 0.0 0.0 0.0 
5723 5.655 0.00015079657929666356 0.0 0.0 0.00015079657929666356 0.0 0.0 0.0 0.0 0.0 0.0 0.0 0.0 0.0 0.0 0.0 0.0 0.0 0.0 0.0 0.0 0.0 
5724 5.656 0.00015051318867640047 0.0 0.0 0.00015051318867640047 0.0 0.0 0.0 0.0 0.0 0.0 0.0 0.0 0.0 0.0 0.0 0.0 0.0 0.0 0.0 0.0 0.0 
5725 5.657 0.00015022986875833512 0.0 0.0 0.00015022986875833512 0.0 0.0 0.0 0.0 0.0 0.0 0.0 0.0 0.0 0.0 0.0 0.0 0.0 0.0 0.0 0.0 0.0 
5726 5.658 0.00014994662042627029 0.0 0.0 0.00014994662042627029 0.0 0.0 0.0 0.0 0.0 0.0 0.0 0.0 0.0 0.0 0.0 0.0 0.0 0.0 0.0 0.0 0.0 
5727 5.659 0.00014966344456407898 0.0 0.0 0.00014966344456407898 0.0 0.0 0.0 0.0 0.0 0.0 0.0 0.0 0.0 0.0 0.0 0.0 0.0 0.0 0.0 0.0 0.0 
5728 5.66 0.00014938034205569877 0.0 0.0 0.00014938034205569877 0.0 0.0 0.0 0.0 0.0 0.0 0.0 0.0 0.0 0.0 0.0 0.0 0.0 0.0 0.0 0.0 0.0 
5729 5.661 0.00014909731378512627 0.0 0.0 0.00014909731378512627 0.0 0.0 0.0 0.0 0.0 0.0 0.0 0.0 0.0 0.0 0.0 0.0 0.0 0.0 0.0 0.0 0.0 
5730 5.662 0.00014881436063641165 0.0 0.0 0.00014881436063641165 0.0 0.0 0.0 0.0 0.0 0.0 0.0 0.0 0.0 0.0 0.0 0.0 0.0 0.0 0.0 0.0 0.0 
5731 5.663 0.0001485314834936527 0.0 0.0 0.0001485314834936527 0.0 0.0 0.0 0.0 0.0 0.0 0.0 0.0 0.0 0.0 0.0 0.0 0.0 0.0 0.0 0.0 0.0 
5732 5.664 0.00014824868324098963 0.0 0.0 0.00014824868324098963 0.0 0.0 0.0 0.0 0.0 0.0 0.0 0.0 0.0 0.0 0.0 0.0 0.0 0.0 0.0 0.0 0.0 
5733 5.665 0.00014796596076259915 0.0 0.0 0.00014796596076259915 0.0 0.0 0.0 0.0 0.0 0.0 0.0 0.0 0.0 0.0 0.0 0.0 0.0 0.0 0.0 0.0 0.0 
5734 5.666 0.00014768331694268885 0.0 0.0 0.00014768331694268885 0.0 0.0 0.0 0.0 0.0 0.0 0.0 0.0 0.0 0.0 0.0 0.0 0.0 0.0 0.0 0.0 0.0 
5735 5.667 0.00014740075266549168 0.0 0.0 0.00014740075266549168 0.0 0.0 0.0 0.0 0.0 0.0 0.0 0.0 0.0 0.0 0.0 0.0 0.0 0.0 0.0 0.0 0.0 
5736 5.668 0.0001471182688152601 0.0 0.0 0.0001471182688152601 0.0 0.0 0.0 0.0 0.0 0.0 0.0 0.0 0.0 0.0 0.0 0.0 0.0 0.0 0.0 0.0 0.0 
5737 5.669 0.00014683586627626055 0.0 0.0 0.00014683586627626055 0.0 0.0 0.0 0.0 0.0 0.0 0.0 0.0 0.0 0.0 0.0 0.0 0.0 0.0 0.0 0.0 0.0 
5738 5.67 0.00014655354593276767 0.0 0.0 0.00014655354593276767 0.0 0.0 0.0 0.0 0.0 0.0 0.0 0.0 0.0 0.0 0.0 0.0 0.0 0.0 0.0 0.0 0.0 
5739 5.671 0.0001462713086690587 0.0 0.0 0.0001462713086690587 0.0 0.0 0.0 0.0 0.0 0.0 0.0 0.0 0.0 0.0 0.0 0.0 0.0 0.0 0.0 0.0 0.0 
5740 5.672 0.0001459891553694075 0.0 0.0 0.0001459891553694075 0.0 0.0 0.0 0.0 0.0 0.0 0.0 0.0 0.0 0.0 0.0 0.0 0.0 0.0 0.0 0.0 0.0 
5741 5.673 0.00014570708691807933 0.0 0.0 0.00014570708691807933 0.0 0.0 0.0 0.0 0.0 0.0 0.0 0.0 0.0 0.0 0.0 0.0 0.0 0.0 0.0 0.0 0.0 
5742 5.674 0.00014542510419932438 0.0 0.0 0.00014542510419932438 0.0 0.0 0.0 0.0 0.0 0.0 0.0 0.0 0.0 0.0 0.0 0.0 0.0 0.0 0.0 0.0 0.0 
5743 5.675 0.00014514320809737272 0.0 0.0 0.00014514320809737272 0.0 0.0 0.0 0.0 0.0 0.0 0.0 0.0 0.0 0.0 0.0 0.0 0.0 0.0 0.0 0.0 0.0 
5744 5.676 0.00014486139949642813 0.0 0.0 0.00014486139949642813 0.0 0.0 0.0 0.0 0.0 0.0 0.0 0.0 0.0 0.0 0.0 0.0 0.0 0.0 0.0 0.0 0.0 
5745 5.677 0.0001445796792806625 0.0 0.0 0.0001445796792806625 0.0 0.0 0.0 0.0 0.0 0.0 0.0 0.0 0.0 0.0 0.0 0.0 0.0 0.0 0.0 0.0 0.0 
5746 5.678 0.0001442980483342099 0.0 0.0 0.0001442980483342099 0.0 0.0 0.0 0.0 0.0 0.0 0.0 0.0 0.0 0.0 0.0 0.0 0.0 0.0 0.0 0.0 0.0 
5747 5.679 0.000144016507541161 0.0 0.0 0.000144016507541161 0.0 0.0 0.0 0.0 0.0 0.0 0.0 0.0 0.0 0.0 0.0 0.0 0.0 0.0 0.0 0.0 0.0 
5748 5.68 0.00014373505778555694 0.0 0.0 0.00014373505778555694 0.0 0.0 0.0 0.0 0.0 0.0 0.0 0.0 0.0 0.0 0.0 0.0 0.0 0.0 0.0 0.0 0.0 
5749 5.681 0.00014345369995138384 0.0 0.0 0.00014345369995138384 0.0 0.0 0.0 0.0 0.0 0.0 0.0 0.0 0.0 0.0 0.0 0.0 0.0 0.0 0.0 0.0 0.0 
5750 5.682 0.00014317243492256677 0.0 0.0 0.00014317243492256677 0.0 0.0 0.0 0.0 0.0 0.0 0.0 0.0 0.0 0.0 0.0 0.0 0.0 0.0 0.0 0.0 0.0 
5751 5.683 0.000142891263582964 0.0 0.0 0.000142891263582964 0.0 0.0 0.0 0.0 0.0 0.0 0.0 0.0 0.0 0.0 0.0 0.0 0.0 0.0 0.0 0.0 0.0 
5752 5.684 0.00014261018681636106 0.0 0.0 0.00014261018681636106 0.0 0.0 0.0 0.0 0.0 0.0 0.0 0.0 0.0 0.0 0.0 0.0 0.0 0.0 0.0 0.0 0.0 
5753 5.685 0.00014232920550646494 0.0 0.0 0.00014232920550646494 0.0 0.0 0.0 0.0 0.0 0.0 0.0 0.0 0.0 0.0 0.0 0.0 0.0 0.0 0.0 0.0 0.0 
5754 5.686 0.0001420483205368982 0.0 0.0 0.0001420483205368982 0.0 0.0 0.0 0.0 0.0 0.0 0.0 0.0 0.0 0.0 0.0 0.0 0.0 0.0 0.0 0.0 0.0 
5755 5.687 0.00014176753279119303 0.0 0.0 0.00014176753279119303 0.0 0.0 0.0 0.0 0.0 0.0 0.0 0.0 0.0 0.0 0.0 0.0 0.0 0.0 0.0 0.0 0.0 
5756 5.688 0.0001414868431527855 0.0 0.0 0.0001414868431527855 0.0 0.0 0.0 0.0 0.0 0.0 0.0 0.0 0.0 0.0 0.0 0.0 0.0 0.0 0.0 0.0 0.0 
5757 5.689 0.0001412062525050094 0.0 0.0 0.0001412062525050094 0.0 0.0 0.0 0.0 0.0 0.0 0.0 0.0 0.0 0.0 0.0 0.0 0.0 0.0 0.0 0.0 0.0 
5758 5.69 0.0001409257617310906 0.0 0.0 0.0001409257617310906 0.0 0.0 0.0 0.0 0.0 0.0 0.0 0.0 0.0 0.0 0.0 0.0 0.0 0.0 0.0 0.0 0.0 
5759 5.691 0.00014064537171414092 0.0 0.0 0.00014064537171414092 0.0 0.0 0.0 0.0 0.0 0.0 0.0 0.0 0.0 0.0 0.0 0.0 0.0 0.0 0.0 0.0 0.0 
5760 5.692 0.0001403650833371522 0.0 0.0 0.0001403650833371522 0.0 0.0 0.0 0.0 0.0 0.0 0.0 0.0 0.0 0.0 0.0 0.0 0.0 0.0 0.0 0.0 0.0 
5761 5.693 0.00014008489748299036 0.0 0.0 0.00014008489748299036 0.0 0.0 0.0 0.0 0.0 0.0 0.0 0.0 0.0 0.0 0.0 0.0 0.0 0.0 0.0 0.0 0.0 
5762 5.694 0.0001398048150343897 0.0 0.0 0.0001398048150343897 0.0 0.0 0.0 0.0 0.0 0.0 0.0 0.0 0.0 0.0 0.0 0.0 0.0 0.0 0.0 0.0 0.0 
5763 5.695 0.00013952483687394644 0.0 0.0 0.00013952483687394644 0.0 0.0 0.0 0.0 0.0 0.0 0.0 0.0 0.0 0.0 0.0 0.0 0.0 0.0 0.0 0.0 0.0 
5764 5.696 0.000139244963884113 0.0 0.0 0.000139244963884113 0.0 0.0 0.0 0.0 0.0 0.0 0.0 0.0 0.0 0.0 0.0 0.0 0.0 0.0 0.0 0.0 0.0 
5765 5.697 0.000138965196947192 0.0 0.0 0.000138965196947192 0.0 0.0 0.0 0.0 0.0 0.0 0.0 0.0 0.0 0.0 0.0 0.0 0.0 0.0 0.0 0.0 0.0 
5766 5.698 0.00013868553694533034 0.0 0.0 0.00013868553694533034 0.0 0.0 0.0 0.0 0.0 0.0 0.0 0.0 0.0 0.0 0.0 0.0 0.0 0.0 0.0 0.0 0.0 
5767 5.699 0.00013840598476051288 0.0 0.0 0.00013840598476051288 0.0 0.0 0.0 0.0 0.0 0.0 0.0 0.0 0.0 0.0 0.0 0.0 0.0 0.0 0.0 0.0 0.0 
5768 5.7 0.0001381265412745567 0.0 0.0 0.0001381265412745567 0.0 0.0 0.0 0.0 0.0 0.0 0.0 0.0 0.0 0.0 0.0 0.0 0.0 0.0 0.0 0.0 0.0 
5769 5.701 0.0001378472073691049 0.0 0.0 0.0001378472073691049 0.0 0.0 0.0 0.0 0.0 0.0 0.0 0.0 0.0 0.0 0.0 0.0 0.0 0.0 0.0 0.0 0.0 
5770 5.702 0.00013756798392562062 0.0 0.0 0.00013756798392562062 0.0 0.0 0.0 0.0 0.0 0.0 0.0 0.0 0.0 0.0 0.0 0.0 0.0 0.0 0.0 0.0 0.0 
5771 5.703 0.00013728887182538085 0.0 0.0 0.00013728887182538085 0.0 0.0 0.0 0.0 0.0 0.0 0.0 0.0 0.0 0.0 0.0 0.0 0.0 0.0 0.0 0.0 0.0 
5772 5.704 0.00013700987194947066 0.0 0.0 0.00013700987194947066 0.0 0.0 0.0 0.0 0.0 0.0 0.0 0.0 0.0 0.0 0.0 0.0 0.0 0.0 0.0 0.0 0.0 
5773 5.705 0.0001367309851787766 0.0 0.0 0.0001367309851787766 0.0 0.0 0.0 0.0 0.0 0.0 0.0 0.0 0.0 0.0 0.0 0.0 0.0 0.0 0.0 0.0 0.0 
5774 5.706 0.00013645221239398121 0.0 0.0 0.00013645221239398121 0.0 0.0 0.0 0.0 0.0 0.0 0.0 0.0 0.0 0.0 0.0 0.0 0.0 0.0 0.0 0.0 0.0 
5775 5.707 0.00013617355447555636 0.0 0.0 0.00013617355447555636 0.0 0.0 0.0 0.0 0.0 0.0 0.0 0.0 0.0 0.0 0.0 0.0 0.0 0.0 0.0 0.0 0.0 
5776 5.708 0.00013589501230375746 0.0 0.0 0.00013589501230375746 0.0 0.0 0.0 0.0 0.0 0.0 0.0 0.0 0.0 0.0 0.0 0.0 0.0 0.0 0.0 0.0 0.0 
5777 5.709 0.00013561658675861725 0.0 0.0 0.00013561658675861725 0.0 0.0 0.0 0.0 0.0 0.0 0.0 0.0 0.0 0.0 0.0 0.0 0.0 0.0 0.0 0.0 0.0 
5778 5.71 0.00013533827871993974 0.0 0.0 0.00013533827871993974 0.0 0.0 0.0 0.0 0.0 0.0 0.0 0.0 0.0 0.0 0.0 0.0 0.0 0.0 0.0 0.0 0.0 
5779 5.711 0.00013506008906729374 0.0 0.0 0.00013506008906729374 0.0 0.0 0.0 0.0 0.0 0.0 0.0 0.0 0.0 0.0 0.0 0.0 0.0 0.0 0.0 0.0 0.0 
5780 5.712 0.0001347820186800071 0.0 0.0 0.0001347820186800071 0.0 0.0 0.0 0.0 0.0 0.0 0.0 0.0 0.0 0.0 0.0 0.0 0.0 0.0 0.0 0.0 0.0 
5781 5.713 0.00013450406843716045 0.0 0.0 0.00013450406843716045 0.0 0.0 0.0 0.0 0.0 0.0 0.0 0.0 0.0 0.0 0.0 0.0 0.0 0.0 0.0 0.0 0.0 
5782 5.714 0.00013422623921758065 0.0 0.0 0.00013422623921758065 0.0 0.0 0.0 0.0 0.0 0.0 0.0 0.0 0.0 0.0 0.0 0.0 0.0 0.0 0.0 0.0 0.0 
5783 5.715 0.00013394853189983513 0.0 0.0 0.00013394853189983513 0.0 0.0 0.0 0.0 0.0 0.0 0.0 0.0 0.0 0.0 0.0 0.0 0.0 0.0 0.0 0.0 0.0 
5784 5.716 0.00013367094736222533 0.0 0.0 0.00013367094736222533 0.0 0.0 0.0 0.0 0.0 0.0 0.0 0.0 0.0 0.0 0.0 0.0 0.0 0.0 0.0 0.0 0.0 
5785 5.717 0.00013339348648278064 0.0 0.0 0.00013339348648278064 0.0 0.0 0.0 0.0 0.0 0.0 0.0 0.0 0.0 0.0 0.0 0.0 0.0 0.0 0.0 0.0 0.0 
5786 5.718 0.000133116150139252 0.0 0.0 0.000133116150139252 0.0 0.0 0.0 0.0 0.0 0.0 0.0 0.0 0.0 0.0 0.0 0.0 0.0 0.0 0.0 0.0 0.0 
5787 5.719 0.00013283893920910592 0.0 0.0 0.00013283893920910592 0.0 0.0 0.0 0.0 0.0 0.0 0.0 0.0 0.0 0.0 0.0 0.0 0.0 0.0 0.0 0.0 0.0 
5788 5.72 0.00013256185456951813 0.0 0.0 0.00013256185456951813 0.0 0.0 0.0 0.0 0.0 0.0 0.0 0.0 0.0 0.0 0.0 0.0 0.0 0.0 0.0 0.0 0.0 
5789 5.721 0.00013228489709736713 0.0 0.0 0.00013228489709736713 0.0 0.0 0.0 0.0 0.0 0.0 0.0 0.0 0.0 0.0 0.0 0.0 0.0 0.0 0.0 0.0 0.0 
5790 5.722 0.00013200806766922827 0.0 0.0 0.00013200806766922827 0.0 0.0 0.0 0.0 0.0 0.0 0.0 0.0 0.0 0.0 0.0 0.0 0.0 0.0 0.0 0.0 0.0 
5791 5.723 0.00013173136716136715 0.0 0.0 0.00013173136716136715 0.0 0.0 0.0 0.0 0.0 0.0 0.0 0.0 0.0 0.0 0.0 0.0 0.0 0.0 0.0 0.0 0.0 
5792 5.724 0.00013145479644973364 0.0 0.0 0.00013145479644973364 0.0 0.0 0.0 0.0 0.0 0.0 0.0 0.0 0.0 0.0 0.0 0.0 0.0 0.0 0.0 0.0 0.0 
5793 5.725 0.00013117835640995518 0.0 0.0 0.00013117835640995518 0.0 0.0 0.0 0.0 0.0 0.0 0.0 0.0 0.0 0.0 0.0 0.0 0.0 0.0 0.0 0.0 0.0 
5794 5.726 0.00013090204791733106 0.0 0.0 0.00013090204791733106 0.0 0.0 0.0 0.0 0.0 0.0 0.0 0.0 0.0 0.0 0.0 0.0 0.0 0.0 0.0 0.0 0.0 
5795 5.727 0.0001306258718468254 0.0 0.0 0.0001306258718468254 0.0 0.0 0.0 0.0 0.0 0.0 0.0 0.0 0.0 0.0 0.0 0.0 0.0 0.0 0.0 0.0 0.0 
5796 5.728 0.00013034982907306143 0.0 0.0 0.00013034982907306143 0.0 0.0 0.0 0.0 0.0 0.0 0.0 0.0 0.0 0.0 0.0 0.0 0.0 0.0 0.0 0.0 0.0 
5797 5.729 0.00013007392047031477 0.0 0.0 0.00013007392047031477 0.0 0.0 0.0 0.0 0.0 0.0 0.0 0.0 0.0 0.0 0.0 0.0 0.0 0.0 0.0 0.0 0.0 
5798 5.729 0.00012979814691250729 0.0 0.0 0.00012979814691250729 0.0 0.0 0.0 0.0 0.0 0.0 0.0 0.0 0.0 0.0 0.0 0.0 0.0 0.0 0.0 0.0 0.0 
5799 5.73 0.00012952250927320062 0.0 0.0 0.00012952250927320062 0.0 0.0 0.0 0.0 0.0 0.0 0.0 0.0 0.0 0.0 0.0 0.0 0.0 0.0 0.0 0.0 0.0 
5800 5.731 0.00012924700842558996 0.0 0.0 0.00012924700842558996 0.0 0.0 0.0 0.0 0.0 0.0 0.0 0.0 0.0 0.0 0.0 0.0 0.0 0.0 0.0 0.0 0.0 
5801 5.732 0.0001289716452424974 0.0 0.0 0.0001289716452424974 0.0 0.0 0.0 0.0 0.0 0.0 0.0 0.0 0.0 0.0 0.0 0.0 0.0 0.0 0.0 0.0 0.0 
5802 5.733 0.0001286964205963659 0.0 0.0 0.0001286964205963659 0.0 0.0 0.0 0.0 0.0 0.0 0.0 0.0 0.0 0.0 0.0 0.0 0.0 0.0 0.0 0.0 0.0 
5803 5.734 0.00012842133535925258 0.0 0.0 0.00012842133535925258 0.0 0.0 0.0 0.0 0.0 0.0 0.0 0.0 0.0 0.0 0.0 0.0 0.0 0.0 0.0 0.0 0.0 
5804 5.735 0.00012814639040282258 0.0 0.0 0.00012814639040282258 0.0 0.0 0.0 0.0 0.0 0.0 0.0 0.0 0.0 0.0 0.0 0.0 0.0 0.0 0.0 0.0 0.0 
5805 5.736 0.0001278715865983424 0.0 0.0 0.0001278715865983424 0.0 0.0 0.0 0.0 0.0 0.0 0.0 0.0 0.0 0.0 0.0 0.0 0.0 0.0 0.0 0.0 0.0 
5806 5.737 0.00012759692481667355 0.0 0.0 0.00012759692481667355 0.0 0.0 0.0 0.0 0.0 0.0 0.0 0.0 0.0 0.0 0.0 0.0 0.0 0.0 0.0 0.0 0.0 
5807 5.738 0.0001273224059282663 0.0 0.0 0.0001273224059282663 0.0 0.0 0.0 0.0 0.0 0.0 0.0 0.0 0.0 0.0 0.0 0.0 0.0 0.0 0.0 0.0 0.0 
5808 5.739 0.00012704803080315307 0.0 0.0 0.00012704803080315307 0.0 0.0 0.0 0.0 0.0 0.0 0.0 0.0 0.0 0.0 0.0 0.0 0.0 0.0 0.0 0.0 0.0 
5809 5.74 0.00012677380031094176 0.0 0.0 0.00012677380031094176 0.0 0.0 0.0 0.0 0.0 0.0 0.0 0.0 0.0 0.0 0.0 0.0 0.0 0.0 0.0 0.0 0.0 
5810 5.741 0.00012649971532080985 0.0 0.0 0.00012649971532080985 0.0 0.0 0.0 0.0 0.0 0.0 0.0 0.0 0.0 0.0 0.0 0.0 0.0 0.0 0.0 0.0 0.0 
5811 5.742 0.00012622577670149738 0.0 0.0 0.00012622577670149738 0.0 0.0 0.0 0.0 0.0 0.0 0.0 0.0 0.0 0.0 0.0 0.0 0.0 0.0 0.0 0.0 0.0 
5812 5.743 0.00012595198532130072 0.0 0.0 0.00012595198532130072 0.0 0.0 0.0 0.0 0.0 0.0 0.0 0.0 0.0 0.0 0.0 0.0 0.0 0.0 0.0 0.0 0.0 
5813 5.744 0.000125678342048066 0.0 0.0 0.000125678342048066 0.0 0.0 0.0 0.0 0.0 0.0 0.0 0.0 0.0 0.0 0.0 0.0 0.0 0.0 0.0 0.0 0.0 
5814 5.745 0.00012540484774918275 0.0 0.0 0.00012540484774918275 0.0 0.0 0.0 0.0 0.0 0.0 0.0 0.0 0.0 0.0 0.0 0.0 0.0 0.0 0.0 0.0 0.0 
5815 5.746 0.00012513150329157726 0.0 0.0 0.00012513150329157726 0.0 0.0 0.0 0.0 0.0 0.0 0.0 0.0 0.0 0.0 0.0 0.0 0.0 0.0 0.0 0.0 0.0 
5816 5.747 0.000124858309541706 0.0 0.0 0.000124858309541706 0.0 0.0 0.0 0.0 0.0 0.0 0.0 0.0 0.0 0.0 0.0 0.0 0.0 0.0 0.0 0.0 0.0 
5817 5.748 0.0001245852673655493 0.0 0.0 0.0001245852673655493 0.0 0.0 0.0 0.0 0.0 0.0 0.0 0.0 0.0 0.0 0.0 0.0 0.0 0.0 0.0 0.0 0.0 
5818 5.749 0.0001243123776286046 0.0 0.0 0.0001243123776286046 0.0 0.0 0.0 0.0 0.0 0.0 0.0 0.0 0.0 0.0 0.0 0.0 0.0 0.0 0.0 0.0 0.0 
5819 5.75 0.00012403964119588 0.0 0.0 0.00012403964119588 0.0 0.0 0.0 0.0 0.0 0.0 0.0 0.0 0.0 0.0 0.0 0.0 0.0 0.0 0.0 0.0 0.0 
5820 5.751 0.00012376705893188769 0.0 0.0 0.00012376705893188769 0.0 0.0 0.0 0.0 0.0 0.0 0.0 0.0 0.0 0.0 0.0 0.0 0.0 0.0 0.0 0.0 0.0 
5821 5.752 0.00012349463170063742 0.0 0.0 0.00012349463170063742 0.0 0.0 0.0 0.0 0.0 0.0 0.0 0.0 0.0 0.0 0.0 0.0 0.0 0.0 0.0 0.0 0.0 
5822 5.753 0.00012322236036562992 0.0 0.0 0.00012322236036562992 0.0 0.0 0.0 0.0 0.0 0.0 0.0 0.0 0.0 0.0 0.0 0.0 0.0 0.0 0.0 0.0 0.0 
5823 5.754 0.00012295024578985018 0.0 0.0 0.00012295024578985018 0.0 0.0 0.0 0.0 0.0 0.0 0.0 0.0 0.0 0.0 0.0 0.0 0.0 0.0 0.0 0.0 0.0 
5824 5.755 0.00012267828883576103 0.0 0.0 0.00012267828883576103 0.0 0.0 0.0 0.0 0.0 0.0 0.0 0.0 0.0 0.0 0.0 0.0 0.0 0.0 0.0 0.0 0.0 
5825 5.756 0.0001224064903652965 0.0 0.0 0.0001224064903652965 0.0 0.0 0.0 0.0 0.0 0.0 0.0 0.0 0.0 0.0 0.0 0.0 0.0 0.0 0.0 0.0 0.0 
5826 5.757 0.0001221348512398551 0.0 0.0 0.0001221348512398551 0.0 0.0 0.0 0.0 0.0 0.0 0.0 0.0 0.0 0.0 0.0 0.0 0.0 0.0 0.0 0.0 0.0 
5827 5.758 0.00012186337232029335 0.0 0.0 0.00012186337232029335 0.0 0.0 0.0 0.0 0.0 0.0 0.0 0.0 0.0 0.0 0.0 0.0 0.0 0.0 0.0 0.0 0.0 
5828 5.759 0.00012159205446691906 0.0 0.0 0.00012159205446691906 0.0 0.0 0.0 0.0 0.0 0.0 0.0 0.0 0.0 0.0 0.0 0.0 0.0 0.0 0.0 0.0 0.0 
5829 5.76 0.00012132089853948469 0.0 0.0 0.00012132089853948469 0.0 0.0 0.0 0.0 0.0 0.0 0.0 0.0 0.0 0.0 0.0 0.0 0.0 0.0 0.0 0.0 0.0 
5830 5.761 0.0001210499053971808 0.0 0.0 0.0001210499053971808 0.0 0.0 0.0 0.0 0.0 0.0 0.0 0.0 0.0 0.0 0.0 0.0 0.0 0.0 0.0 0.0 0.0 
5831 5.762 0.00012077907589862921 0.0 0.0 0.00012077907589862921 0.0 0.0 0.0 0.0 0.0 0.0 0.0 0.0 0.0 0.0 0.0 0.0 0.0 0.0 0.0 0.0 0.0 
5832 5.763 0.00012050841090187654 0.0 0.0 0.00012050841090187654 0.0 0.0 0.0 0.0 0.0 0.0 0.0 0.0 0.0 0.0 0.0 0.0 0.0 0.0 0.0 0.0 0.0 
5833 5.764 0.00012023791126438743 0.0 0.0 0.00012023791126438743 0.0 0.0 0.0 0.0 0.0 0.0 0.0 0.0 0.0 0.0 0.0 0.0 0.0 0.0 0.0 0.0 0.0 
5834 5.765 0.00011996757784303789 0.0 0.0 0.00011996757784303789 0.0 0.0 0.0 0.0 0.0 0.0 0.0 0.0 0.0 0.0 0.0 0.0 0.0 0.0 0.0 0.0 0.0 
5835 5.766 0.00011969741149410854 0.0 0.0 0.00011969741149410854 0.0 0.0 0.0 0.0 0.0 0.0 0.0 0.0 0.0 0.0 0.0 0.0 0.0 0.0 0.0 0.0 0.0 
5836 5.767 0.00011942741307327801 0.0 0.0 0.00011942741307327801 0.0 0.0 0.0 0.0 0.0 0.0 0.0 0.0 0.0 0.0 0.0 0.0 0.0 0.0 0.0 0.0 0.0 
5837 5.768 0.00011915758343561618 0.0 0.0 0.00011915758343561618 0.0 0.0 0.0 0.0 0.0 0.0 0.0 0.0 0.0 0.0 0.0 0.0 0.0 0.0 0.0 0.0 0.0 
5838 5.769 0.00011888792343557756 0.0 0.0 0.00011888792343557756 0.0 0.0 0.0 0.0 0.0 0.0 0.0 0.0 0.0 0.0 0.0 0.0 0.0 0.0 0.0 0.0 0.0 
5839 5.77 0.0001186184339269944 0.0 0.0 0.0001186184339269944 0.0 0.0 0.0 0.0 0.0 0.0 0.0 0.0 0.0 0.0 0.0 0.0 0.0 0.0 0.0 0.0 0.0 
5840 5.771 0.00011834911576307008 0.0 0.0 0.00011834911576307008 0.0 0.0 0.0 0.0 0.0 0.0 0.0 0.0 0.0 0.0 0.0 0.0 0.0 0.0 0.0 0.0 0.0 
5841 5.772 0.00011807996979637231 0.0 0.0 0.00011807996979637231 0.0 0.0 0.0 0.0 0.0 0.0 0.0 0.0 0.0 0.0 0.0 0.0 0.0 0.0 0.0 0.0 0.0 
5842 5.773 0.00011781099687882643 0.0 0.0 0.00011781099687882643 0.0 0.0 0.0 0.0 0.0 0.0 0.0 0.0 0.0 0.0 0.0 0.0 0.0 0.0 0.0 0.0 0.0 
5843 5.774 0.00011754219786170871 0.0 0.0 0.00011754219786170871 0.0 0.0 0.0 0.0 0.0 0.0 0.0 0.0 0.0 0.0 0.0 0.0 0.0 0.0 0.0 0.0 0.0 
5844 5.775 0.00011727357359563938 0.0 0.0 0.00011727357359563938 0.0 0.0 0.0 0.0 0.0 0.0 0.0 0.0 0.0 0.0 0.0 0.0 0.0 0.0 0.0 0.0 0.0 
5845 5.776 0.00011700512493057609 0.0 0.0 0.00011700512493057609 0.0 0.0 0.0 0.0 0.0 0.0 0.0 0.0 0.0 0.0 0.0 0.0 0.0 0.0 0.0 0.0 0.0 
5846 5.777 0.00011673685271580701 0.0 0.0 0.00011673685271580701 0.0 0.0 0.0 0.0 0.0 0.0 0.0 0.0 0.0 0.0 0.0 0.0 0.0 0.0 0.0 0.0 0.0 
5847 5.778 0.00011646875779994401 0.0 0.0 0.00011646875779994401 0.0 0.0 0.0 0.0 0.0 0.0 0.0 0.0 0.0 0.0 0.0 0.0 0.0 0.0 0.0 0.0 0.0 
5848 5.779 0.00011620084103091609 0.0 0.0 0.00011620084103091609 0.0 0.0 0.0 0.0 0.0 0.0 0.0 0.0 0.0 0.0 0.0 0.0 0.0 0.0 0.0 0.0 0.0 
5849 5.78 0.00011593310325596221 0.0 0.0 0.00011593310325596221 0.0 0.0 0.0 0.0 0.0 0.0 0.0 0.0 0.0 0.0 0.0 0.0 0.0 0.0 0.0 0.0 0.0 
5850 5.781 0.00011566554532162475 0.0 0.0 0.00011566554532162475 0.0 0.0 0.0 0.0 0.0 0.0 0.0 0.0 0.0 0.0 0.0 0.0 0.0 0.0 0.0 0.0 0.0 
5851 5.782 0.0001153981680737427 0.0 0.0 0.0001153981680737427 0.0 0.0 0.0 0.0 0.0 0.0 0.0 0.0 0.0 0.0 0.0 0.0 0.0 0.0 0.0 0.0 0.0 
5852 5.783 0.00011513097235744465 0.0 0.0 0.00011513097235744465 0.0 0.0 0.0 0.0 0.0 0.0 0.0 0.0 0.0 0.0 0.0 0.0 0.0 0.0 0.0 0.0 0.0 
5853 5.784 0.0001148639590171421 0.0 0.0 0.0001148639590171421 0.0 0.0 0.0 0.0 0.0 0.0 0.0 0.0 0.0 0.0 0.0 0.0 0.0 0.0 0.0 0.0 0.0 
5854 5.785 0.00011459712889652254 0.0 0.0 0.00011459712889652254 0.0 0.0 0.0 0.0 0.0 0.0 0.0 0.0 0.0 0.0 0.0 0.0 0.0 0.0 0.0 0.0 0.0 
5855 5.786 0.00011433048283854276 0.0 0.0 0.00011433048283854276 0.0 0.0 0.0 0.0 0.0 0.0 0.0 0.0 0.0 0.0 0.0 0.0 0.0 0.0 0.0 0.0 0.0 
5856 5.787 0.00011406402168542173 0.0 0.0 0.00011406402168542173 0.0 0.0 0.0 0.0 0.0 0.0 0.0 0.0 0.0 0.0 0.0 0.0 0.0 0.0 0.0 0.0 0.0 
5857 5.788 0.00011379774627863398 0.0 0.0 0.00011379774627863398 0.0 0.0 0.0 0.0 0.0 0.0 0.0 0.0 0.0 0.0 0.0 0.0 0.0 0.0 0.0 0.0 0.0 
5858 5.789 0.00011353165745890261 0.0 0.0 0.00011353165745890261 0.0 0.0 0.0 0.0 0.0 0.0 0.0 0.0 0.0 0.0 0.0 0.0 0.0 0.0 0.0 0.0 0.0 
5859 5.79 0.00011326575606619237 0.0 0.0 0.00011326575606619237 0.0 0.0 0.0 0.0 0.0 0.0 0.0 0.0 0.0 0.0 0.0 0.0 0.0 0.0 0.0 0.0 0.0 
5860 5.791 0.00011300004293970291 0.0 0.0 0.00011300004293970291 0.0 0.0 0.0 0.0 0.0 0.0 0.0 0.0 0.0 0.0 0.0 0.0 0.0 0.0 0.0 0.0 0.0 
5861 5.792 0.00011273451891786183 0.0 0.0 0.00011273451891786183 0.0 0.0 0.0 0.0 0.0 0.0 0.0 0.0 0.0 0.0 0.0 0.0 0.0 0.0 0.0 0.0 0.0 
5862 5.793 0.00011246918483831768 0.0 0.0 0.00011246918483831768 0.0 0.0 0.0 0.0 0.0 0.0 0.0 0.0 0.0 0.0 0.0 0.0 0.0 0.0 0.0 0.0 0.0 
5863 5.794 0.00011220404153793321 0.0 0.0 0.00011220404153793321 0.0 0.0 0.0 0.0 0.0 0.0 0.0 0.0 0.0 0.0 0.0 0.0 0.0 0.0 0.0 0.0 0.0 
5864 5.795 0.00011193908985277835 0.0 0.0 0.00011193908985277835 0.0 0.0 0.0 0.0 0.0 0.0 0.0 0.0 0.0 0.0 0.0 0.0 0.0 0.0 0.0 0.0 0.0 
5865 5.796 0.00011167433061812335 0.0 0.0 0.00011167433061812335 0.0 0.0 0.0 0.0 0.0 0.0 0.0 0.0 0.0 0.0 0.0 0.0 0.0 0.0 0.0 0.0 0.0 
5866 5.797 0.0001114097646684318 0.0 0.0 0.0001114097646684318 0.0 0.0 0.0 0.0 0.0 0.0 0.0 0.0 0.0 0.0 0.0 0.0 0.0 0.0 0.0 0.0 0.0 
5867 5.798 0.0001111453928373537 0.0 0.0 0.0001111453928373537 0.0 0.0 0.0 0.0 0.0 0.0 0.0 0.0 0.0 0.0 0.0 0.0 0.0 0.0 0.0 0.0 0.0 
5868 5.799 0.00011088121595771865 0.0 0.0 0.00011088121595771865 0.0 0.0 0.0 0.0 0.0 0.0 0.0 0.0 0.0 0.0 0.0 0.0 0.0 0.0 0.0 0.0 0.0 
5869 5.8 0.00011061723486152861 0.0 0.0 0.00011061723486152861 0.0 0.0 0.0 0.0 0.0 0.0 0.0 0.0 0.0 0.0 0.0 0.0 0.0 0.0 0.0 0.0 0.0 
5870 5.801 0.00011035345037995129 0.0 0.0 0.00011035345037995129 0.0 0.0 0.0 0.0 0.0 0.0 0.0 0.0 0.0 0.0 0.0 0.0 0.0 0.0 0.0 0.0 0.0 
5871 5.802 0.0001100898633433129 0.0 0.0 0.0001100898633433129 0.0 0.0 0.0 0.0 0.0 0.0 0.0 0.0 0.0 0.0 0.0 0.0 0.0 0.0 0.0 0.0 0.0 
5872 5.803 0.00010982647458109151 0.0 0.0 0.00010982647458109151 0.0 0.0 0.0 0.0 0.0 0.0 0.0 0.0 0.0 0.0 0.0 0.0 0.0 0.0 0.0 0.0 0.0 
5873 5.804 0.00010956328492190955 0.0 0.0 0.00010956328492190955 0.0 0.0 0.0 0.0 0.0 0.0 0.0 0.0 0.0 0.0 0.0 0.0 0.0 0.0 0.0 0.0 0.0 
5874 5.805 0.00010930029519352743 0.0 0.0 0.00010930029519352743 0.0 0.0 0.0 0.0 0.0 0.0 0.0 0.0 0.0 0.0 0.0 0.0 0.0 0.0 0.0 0.0 0.0 
5875 5.806 0.00010903750622283616 0.0 0.0 0.00010903750622283616 0.0 0.0 0.0 0.0 0.0 0.0 0.0 0.0 0.0 0.0 0.0 0.0 0.0 0.0 0.0 0.0 0.0 
5876 5.807 0.00010877491883585046 0.0 0.0 0.00010877491883585046 0.0 0.0 0.0 0.0 0.0 0.0 0.0 0.0 0.0 0.0 0.0 0.0 0.0 0.0 0.0 0.0 0.0 
5877 5.808 0.00010851253385770177 0.0 0.0 0.00010851253385770177 0.0 0.0 0.0 0.0 0.0 0.0 0.0 0.0 0.0 0.0 0.0 0.0 0.0 0.0 0.0 0.0 0.0 
5878 5.809 0.00010825035211263133 0.0 0.0 0.00010825035211263133 0.0 0.0 0.0 0.0 0.0 0.0 0.0 0.0 0.0 0.0 0.0 0.0 0.0 0.0 0.0 0.0 0.0 
5879 5.81 0.00010798837442398293 0.0 0.0 0.00010798837442398293 0.0 0.0 0.0 0.0 0.0 0.0 0.0 0.0 0.0 0.0 0.0 0.0 0.0 0.0 0.0 0.0 0.0 
5880 5.811 0.00010772660161419616 0.0 0.0 0.00010772660161419616 0.0 0.0 0.0 0.0 0.0 0.0 0.0 0.0 0.0 0.0 0.0 0.0 0.0 0.0 0.0 0.0 0.0 
5881 5.812 0.00010746503450479918 0.0 0.0 0.00010746503450479918 0.0 0.0 0.0 0.0 0.0 0.0 0.0 0.0 0.0 0.0 0.0 0.0 0.0 0.0 0.0 0.0 0.0 
5882 5.812 0.00010720367391640183 0.0 0.0 0.00010720367391640183 0.0 0.0 0.0 0.0 0.0 0.0 0.0 0.0 0.0 0.0 0.0 0.0 0.0 0.0 0.0 0.0 0.0 
5883 5.813 0.00010694252066868855 0.0 0.0 0.00010694252066868855 0.0 0.0 0.0 0.0 0.0 0.0 0.0 0.0 0.0 0.0 0.0 0.0 0.0 0.0 0.0 0.0 0.0 
5884 5.814 0.00010668157558041127 0.0 0.0 0.00010668157558041127 0.0 0.0 0.0 0.0 0.0 0.0 0.0 0.0 0.0 0.0 0.0 0.0 0.0 0.0 0.0 0.0 0.0 
5885 5.815 0.00010642083946938241 0.0 0.0 0.00010642083946938241 0.0 0.0 0.0 0.0 0.0 0.0 0.0 0.0 0.0 0.0 0.0 0.0 0.0 0.0 0.0 0.0 0.0 
5886 5.816 0.00010616031315246788 0.0 0.0 0.00010616031315246788 0.0 0.0 0.0 0.0 0.0 0.0 0.0 0.0 0.0 0.0 0.0 0.0 0.0 0.0 0.0 0.0 0.0 
5887 5.817 0.0001058999974455799 0.0 0.0 0.0001058999974455799 0.0 0.0 0.0 0.0 0.0 0.0 0.0 0.0 0.0 0.0 0.0 0.0 0.0 0.0 0.0 0.0 0.0 
5888 5.818 0.00010563989316367011 0.0 0.0 0.00010563989316367011 0.0 0.0 0.0 0.0 0.0 0.0 0.0 0.0 0.0 0.0 0.0 0.0 0.0 0.0 0.0 0.0 0.0 
5889 5.819 0.00010538000112072226 0.0 0.0 0.00010538000112072226 0.0 0.0 0.0 0.0 0.0 0.0 0.0 0.0 0.0 0.0 0.0 0.0 0.0 0.0 0.0 0.0 0.0 
5890 5.82 0.00010512032212974537 0.0 0.0 0.00010512032212974537 0.0 0.0 0.0 0.0 0.0 0.0 0.0 0.0 0.0 0.0 0.0 0.0 0.0 0.0 0.0 0.0 0.0 
5891 5.821 0.0001048608570027665 0.0 0.0 0.0001048608570027665 0.0 0.0 0.0 0.0 0.0 0.0 0.0 0.0 0.0 0.0 0.0 0.0 0.0 0.0 0.0 0.0 0.0 
5892 5.822 0.00010460160655082372 0.0 0.0 0.00010460160655082372 0.0 0.0 0.0 0.0 0.0 0.0 0.0 0.0 0.0 0.0 0.0 0.0 0.0 0.0 0.0 0.0 0.0 
5893 5.823 0.00010434257158395897 0.0 0.0 0.00010434257158395897 0.0 0.0 0.0 0.0 0.0 0.0 0.0 0.0 0.0 0.0 0.0 0.0 0.0 0.0 0.0 0.0 0.0 
5894 5.824 0.00010408375291121097 0.0 0.0 0.00010408375291121097 0.0 0.0 0.0 0.0 0.0 0.0 0.0 0.0 0.0 0.0 0.0 0.0 0.0 0.0 0.0 0.0 0.0 
5895 5.825 0.0001038251513406082 0.0 0.0 0.0001038251513406082 0.0 0.0 0.0 0.0 0.0 0.0 0.0 0.0 0.0 0.0 0.0 0.0 0.0 0.0 0.0 0.0 0.0 
5896 5.826 0.00010356676767916167 0.0 0.0 0.00010356676767916167 0.0 0.0 0.0 0.0 0.0 0.0 0.0 0.0 0.0 0.0 0.0 0.0 0.0 0.0 0.0 0.0 0.0 
5897 5.827 0.00010330860273285793 0.0 0.0 0.00010330860273285793 0.0 0.0 0.0 0.0 0.0 0.0 0.0 0.0 0.0 0.0 0.0 0.0 0.0 0.0 0.0 0.0 0.0 
5898 5.828 0.00010305065730665185 0.0 0.0 0.00010305065730665185 0.0 0.0 0.0 0.0 0.0 0.0 0.0 0.0 0.0 0.0 0.0 0.0 0.0 0.0 0.0 0.0 0.0 
5899 5.829 0.00010279293220445949 0.0 0.0 0.00010279293220445949 0.0 0.0 0.0 0.0 0.0 0.0 0.0 0.0 0.0 0.0 0.0 0.0 0.0 0.0 0.0 0.0 0.0 
5900 5.83 0.00010253542822915108 0.0 0.0 0.00010253542822915108 0.0 0.0 0.0 0.0 0.0 0.0 0.0 0.0 0.0 0.0 0.0 0.0 0.0 0.0 0.0 0.0 0.0 
5901 5.831 0.00010227814618254373 0.0 0.0 0.00010227814618254373 0.0 0.0 0.0 0.0 0.0 0.0 0.0 0.0 0.0 0.0 0.0 0.0 0.0 0.0 0.0 0.0 0.0 
5902 5.832 0.00010202108686539453 0.0 0.0 0.00010202108686539453 0.0 0.0 0.0 0.0 0.0 0.0 0.0 0.0 0.0 0.0 0.0 0.0 0.0 0.0 0.0 0.0 0.0 
5903 5.833 0.00010176425107739304 0.0 0.0 0.00010176425107739304 0.0 0.0 0.0 0.0 0.0 0.0 0.0 0.0 0.0 0.0 0.0 0.0 0.0 0.0 0.0 0.0 0.0 
5904 5.834 0.00010150763961715454 0.0 0.0 0.00010150763961715454 0.0 0.0 0.0 0.0 0.0 0.0 0.0 0.0 0.0 0.0 0.0 0.0 0.0 0.0 0.0 0.0 0.0 
5905 5.835 0.0001012512532822126 0.0 0.0 0.0001012512532822126 0.0 0.0 0.0 0.0 0.0 0.0 0.0 0.0 0.0 0.0 0.0 0.0 0.0 0.0 0.0 0.0 0.0 
5906 5.836 0.00010099509286901207 0.0 0.0 0.00010099509286901207 0.0 0.0 0.0 0.0 0.0 0.0 0.0 0.0 0.0 0.0 0.0 0.0 0.0 0.0 0.0 0.0 0.0 
5907 5.837 0.00010073915917290179 0.0 0.0 0.00010073915917290179 0.0 0.0 0.0 0.0 0.0 0.0 0.0 0.0 0.0 0.0 0.0 0.0 0.0 0.0 0.0 0.0 0.0 
5908 5.838 0.00010048345298812752 0.0 0.0 0.00010048345298812752 0.0 0.0 0.0 0.0 0.0 0.0 0.0 0.0 0.0 0.0 0.0 0.0 0.0 0.0 0.0 0.0 0.0 
5909 5.839 0.00010022797510782486 0.0 0.0 0.00010022797510782486 0.0 0.0 0.0 0.0 0.0 0.0 0.0 0.0 0.0 0.0 0.0 0.0 0.0 0.0 0.0 0.0 0.0 
5910 5.84 9.997272632401181e-05 0.0 0.0 9.997272632401181e-05 0.0 0.0 0.0 0.0 0.0 0.0 0.0 0.0 0.0 0.0 0.0 0.0 0.0 0.0 0.0 0.0 0.0 
5911 5.841 9.971770742758179e-05 0.0 0.0 9.971770742758179e-05 0.0 0.0 0.0 0.0 0.0 0.0 0.0 0.0 0.0 0.0 0.0 0.0 0.0 0.0 0.0 0.0 0.0 
5912 5.842 9.946291920829649e-05 0.0 0.0 9.946291920829649e-05 0.0 0.0 0.0 0.0 0.0 0.0 0.0 0.0 0.0 0.0 0.0 0.0 0.0 0.0 0.0 0.0 0.0 
5913 5.843 9.920836245477847e-05 0.0 0.0 9.920836245477847e-05 0.0 0.0 0.0 0.0 0.0 0.0 0.0 0.0 0.0 0.0 0.0 0.0 0.0 0.0 0.0 0.0 0.0 
5914 5.844 9.895403795450419e-05 0.0 0.0 9.895403795450419e-05 0.0 0.0 0.0 0.0 0.0 0.0 0.0 0.0 0.0 0.0 0.0 0.0 0.0 0.0 0.0 0.0 0.0 
5915 5.845 9.86999464937967e-05 0.0 0.0 9.86999464937967e-05 0.0 0.0 0.0 0.0 0.0 0.0 0.0 0.0 0.0 0.0 0.0 0.0 0.0 0.0 0.0 0.0 0.0 
5916 5.846 9.844608885781851e-05 0.0 0.0 9.844608885781851e-05 0.0 0.0 0.0 0.0 0.0 0.0 0.0 0.0 0.0 0.0 0.0 0.0 0.0 0.0 0.0 0.0 0.0 
5917 5.847 9.81924658305643e-05 0.0 0.0 9.81924658305643e-05 0.0 0.0 0.0 0.0 0.0 0.0 0.0 0.0 0.0 0.0 0.0 0.0 0.0 0.0 0.0 0.0 0.0 
5918 5.848 9.793907819485378e-05 0.0 0.0 9.793907819485378e-05 0.0 0.0 0.0 0.0 0.0 0.0 0.0 0.0 0.0 0.0 0.0 0.0 0.0 0.0 0.0 0.0 0.0 
5919 5.849 9.768592673232442e-05 0.0 0.0 9.768592673232442e-05 0.0 0.0 0.0 0.0 0.0 0.0 0.0 0.0 0.0 0.0 0.0 0.0 0.0 0.0 0.0 0.0 0.0 
5920 5.85 9.743301222342437e-05 0.0 0.0 9.743301222342437e-05 0.0 0.0 0.0 0.0 0.0 0.0 0.0 0.0 0.0 0.0 0.0 0.0 0.0 0.0 0.0 0.0 0.0 
5921 5.851 9.718033544740502e-05 0.0 0.0 9.718033544740502e-05 0.0 0.0 0.0 0.0 0.0 0.0 0.0 0.0 0.0 0.0 0.0 0.0 0.0 0.0 0.0 0.0 0.0 
5922 5.852 9.692789718231404e-05 0.0 0.0 9.692789718231404e-05 0.0 0.0 0.0 0.0 0.0 0.0 0.0 0.0 0.0 0.0 0.0 0.0 0.0 0.0 0.0 0.0 0.0 
5923 5.853 9.66756982049879e-05 0.0 0.0 9.66756982049879e-05 0.0 0.0 0.0 0.0 0.0 0.0 0.0 0.0 0.0 0.0 0.0 0.0 0.0 0.0 0.0 0.0 0.0 
5924 5.854 9.642373929104492e-05 0.0 0.0 9.642373929104492e-05 0.0 0.0 0.0 0.0 0.0 0.0 0.0 0.0 0.0 0.0 0.0 0.0 0.0 0.0 0.0 0.0 0.0 
5925 5.855 9.617202121487773e-05 0.0 0.0 9.617202121487773e-05 0.0 0.0 0.0 0.0 0.0 0.0 0.0 0.0 0.0 0.0 0.0 0.0 0.0 0.0 0.0 0.0 0.0 
5926 5.856 9.592054474964627e-05 0.0 0.0 9.592054474964627e-05 0.0 0.0 0.0 0.0 0.0 0.0 0.0 0.0 0.0 0.0 0.0 0.0 0.0 0.0 0.0 0.0 0.0 
5927 5.857 9.566931066727054e-05 0.0 0.0 9.566931066727054e-05 0.0 0.0 0.0 0.0 0.0 0.0 0.0 0.0 0.0 0.0 0.0 0.0 0.0 0.0 0.0 0.0 0.0 
5928 5.858 9.541831973842316e-05 0.0 0.0 9.541831973842316e-05 0.0 0.0 0.0 0.0 0.0 0.0 0.0 0.0 0.0 0.0 0.0 0.0 0.0 0.0 0.0 0.0 0.0 
5929 5.859 9.51675727325224e-05 0.0 0.0 9.51675727325224e-05 0.0 0.0 0.0 0.0 0.0 0.0 0.0 0.0 0.0 0.0 0.0 0.0 0.0 0.0 0.0 0.0 0.0 
5930 5.86 9.491707041772471e-05 0.0 0.0 9.491707041772471e-05 0.0 0.0 0.0 0.0 0.0 0.0 0.0 0.0 0.0 0.0 0.0 0.0 0.0 0.0 0.0 0.0 0.0 
5931 5.861 9.466681356091759e-05 0.0 0.0 9.466681356091759e-05 0.0 0.0 0.0 0.0 0.0 0.0 0.0 0.0 0.0 0.0 0.0 0.0 0.0 0.0 0.0 0.0 0.0 
5932 5.862 9.441680292771235e-05 0.0 0.0 9.441680292771235e-05 0.0 0.0 0.0 0.0 0.0 0.0 0.0 0.0 0.0 0.0 0.0 0.0 0.0 0.0 0.0 0.0 0.0 
5933 5.863 9.41670392824368e-05 0.0 0.0 9.41670392824368e-05 0.0 0.0 0.0 0.0 0.0 0.0 0.0 0.0 0.0 0.0 0.0 0.0 0.0 0.0 0.0 0.0 0.0 
5934 5.864 9.391752338812802e-05 0.0 0.0 9.391752338812802e-05 0.0 0.0 0.0 0.0 0.0 0.0 0.0 0.0 0.0 0.0 0.0 0.0 0.0 0.0 0.0 0.0 0.0 
5935 5.865 9.3668256006525e-05 0.0 0.0 9.3668256006525e-05 0.0 0.0 0.0 0.0 0.0 0.0 0.0 0.0 0.0 0.0 0.0 0.0 0.0 0.0 0.0 0.0 0.0 
5936 5.866 9.341923789806169e-05 0.0 0.0 9.341923789806169e-05 0.0 0.0 0.0 0.0 0.0 0.0 0.0 0.0 0.0 0.0 0.0 0.0 0.0 0.0 0.0 0.0 0.0 
5937 5.867 9.317046982185928e-05 0.0 0.0 9.317046982185928e-05 0.0 0.0 0.0 0.0 0.0 0.0 0.0 0.0 0.0 0.0 0.0 0.0 0.0 0.0 0.0 0.0 0.0 
5938 5.868 9.292195253571938e-05 0.0 0.0 9.292195253571938e-05 0.0 0.0 0.0 0.0 0.0 0.0 0.0 0.0 0.0 0.0 0.0 0.0 0.0 0.0 0.0 0.0 0.0 
5939 5.869 9.267368679611644e-05 0.0 0.0 9.267368679611644e-05 0.0 0.0 0.0 0.0 0.0 0.0 0.0 0.0 0.0 0.0 0.0 0.0 0.0 0.0 0.0 0.0 0.0 
5940 5.87 9.242567335819059e-05 0.0 0.0 9.242567335819059e-05 0.0 0.0 0.0 0.0 0.0 0.0 0.0 0.0 0.0 0.0 0.0 0.0 0.0 0.0 0.0 0.0 0.0 
5941 5.871 9.217791297574044e-05 0.0 0.0 9.217791297574044e-05 0.0 0.0 0.0 0.0 0.0 0.0 0.0 0.0 0.0 0.0 0.0 0.0 0.0 0.0 0.0 0.0 0.0 
5942 5.872 9.193040640121567e-05 0.0 0.0 9.193040640121567e-05 0.0 0.0 0.0 0.0 0.0 0.0 0.0 0.0 0.0 0.0 0.0 0.0 0.0 0.0 0.0 0.0 0.0 
5943 5.873 9.168315438570987e-05 0.0 0.0 9.168315438570987e-05 0.0 0.0 0.0 0.0 0.0 0.0 0.0 0.0 0.0 0.0 0.0 0.0 0.0 0.0 0.0 0.0 0.0 
5944 5.874 9.143615767895321e-05 0.0 0.0 9.143615767895321e-05 0.0 0.0 0.0 0.0 0.0 0.0 0.0 0.0 0.0 0.0 0.0 0.0 0.0 0.0 0.0 0.0 0.0 
5945 5.875 9.118941702930513e-05 0.0 0.0 9.118941702930513e-05 0.0 0.0 0.0 0.0 0.0 0.0 0.0 0.0 0.0 0.0 0.0 0.0 0.0 0.0 0.0 0.0 0.0 
5946 5.876 9.094293318374715e-05 0.0 0.0 9.094293318374715e-05 0.0 0.0 0.0 0.0 0.0 0.0 0.0 0.0 0.0 0.0 0.0 0.0 0.0 0.0 0.0 0.0 0.0 
5947 5.877 9.069670688787545e-05 0.0 0.0 9.069670688787545e-05 0.0 0.0 0.0 0.0 0.0 0.0 0.0 0.0 0.0 0.0 0.0 0.0 0.0 0.0 0.0 0.0 0.0 
5948 5.878 9.045073888589382e-05 0.0 0.0 9.045073888589382e-05 0.0 0.0 0.0 0.0 0.0 0.0 0.0 0.0 0.0 0.0 0.0 0.0 0.0 0.0 0.0 0.0 0.0 
5949 5.879 9.02050299206061e-05 0.0 0.0 9.02050299206061e-05 0.0 0.0 0.0 0.0 0.0 0.0 0.0 0.0 0.0 0.0 0.0 0.0 0.0 0.0 0.0 0.0 0.0 
5950 5.88 8.995958073340906e-05 0.0 0.0 8.995958073340906e-05 0.0 0.0 0.0 0.0 0.0 0.0 0.0 0.0 0.0 0.0 0.0 0.0 0.0 0.0 0.0 0.0 0.0 
5951 5.881 8.971439206428513e-05 0.0 0.0 8.971439206428513e-05 0.0 0.0 0.0 0.0 0.0 0.0 0.0 0.0 0.0 0.0 0.0 0.0 0.0 0.0 0.0 0.0 0.0 
5952 5.882 8.946946465179494e-05 0.0 0.0 8.946946465179494e-05 0.0 0.0 0.0 0.0 0.0 0.0 0.0 0.0 0.0 0.0 0.0 0.0 0.0 0.0 0.0 0.0 0.0 
5953 5.883 8.922479923307028e-05 0.0 0.0 8.922479923307028e-05 0.0 0.0 0.0 0.0 0.0 0.0 0.0 0.0 0.0 0.0 0.0 0.0 0.0 0.0 0.0 0.0 0.0 
5954 5.884 8.89803965438066e-05 0.0 0.0 8.89803965438066e-05 0.0 0.0 0.0 0.0 0.0 0.0 0.0 0.0 0.0 0.0 0.0 0.0 0.0 0.0 0.0 0.0 0.0 
5955 5.885 8.87362573182558e-05 0.0 0.0 8.87362573182558e-05 0.0 0.0 0.0 0.0 0.0 0.0 0.0 0.0 0.0 0.0 0.0 0.0 0.0 0.0 0.0 0.0 0.0 
5956 5.886 8.849238228921902e-05 0.0 0.0 8.849238228921902e-05 0.0 0.0 0.0 0.0 0.0 0.0 0.0 0.0 0.0 0.0 0.0 0.0 0.0 0.0 0.0 0.0 0.0 
5957 5.887 8.824877218803914e-05 0.0 0.0 8.824877218803914e-05 0.0 0.0 0.0 0.0 0.0 0.0 0.0 0.0 0.0 0.0 0.0 0.0 0.0 0.0 0.0 0.0 0.0 
5958 5.888 8.800542774459371e-05 0.0 0.0 8.800542774459371e-05 0.0 0.0 0.0 0.0 0.0 0.0 0.0 0.0 0.0 0.0 0.0 0.0 0.0 0.0 0.0 0.0 0.0 
5959 5.889 8.776234968728751e-05 0.0 0.0 8.776234968728751e-05 0.0 0.0 0.0 0.0 0.0 0.0 0.0 0.0 0.0 0.0 0.0 0.0 0.0 0.0 0.0 0.0 0.0 
5960 5.89 8.751953874304537e-05 0.0 0.0 8.751953874304537e-05 0.0 0.0 0.0 0.0 0.0 0.0 0.0 0.0 0.0 0.0 0.0 0.0 0.0 0.0 0.0 0.0 0.0 
5961 5.891 8.727699563730467e-05 0.0 0.0 8.727699563730467e-05 0.0 0.0 0.0 0.0 0.0 0.0 0.0 0.0 0.0 0.0 0.0 0.0 0.0 0.0 0.0 0.0 0.0 
5962 5.892 8.703472109400835e-05 0.0 0.0 8.703472109400835e-05 0.0 0.0 0.0 0.0 0.0 0.0 0.0 0.0 0.0 0.0 0.0 0.0 0.0 0.0 0.0 0.0 0.0 
5963 5.893 8.679271583559733e-05 0.0 0.0 8.679271583559733e-05 0.0 0.0 0.0 0.0 0.0 0.0 0.0 0.0 0.0 0.0 0.0 0.0 0.0 0.0 0.0 0.0 0.0 
5964 5.894 8.655098058300343e-05 0.0 0.0 8.655098058300343e-05 0.0 0.0 0.0 0.0 0.0 0.0 0.0 0.0 0.0 0.0 0.0 0.0 0.0 0.0 0.0 0.0 0.0 
5965 5.895 8.630951605564192e-05 0.0 0.0 8.630951605564192e-05 0.0 0.0 0.0 0.0 0.0 0.0 0.0 0.0 0.0 0.0 0.0 0.0 0.0 0.0 0.0 0.0 0.0 
5966 5.896 8.60683229714043e-05 0.0 0.0 8.60683229714043e-05 0.0 0.0 0.0 0.0 0.0 0.0 0.0 0.0 0.0 0.0 0.0 0.0 0.0 0.0 0.0 0.0 0.0 
5967 5.896 8.582740204665097e-05 0.0 0.0 8.582740204665097e-05 0.0 0.0 0.0 0.0 0.0 0.0 0.0 0.0 0.0 0.0 0.0 0.0 0.0 0.0 0.0 0.0 0.0 
5968 5.897 8.558675399620402e-05 0.0 0.0 8.558675399620402e-05 0.0 0.0 0.0 0.0 0.0 0.0 0.0 0.0 0.0 0.0 0.0 0.0 0.0 0.0 0.0 0.0 0.0 
5969 5.898 8.534637953333983e-05 0.0 0.0 8.534637953333983e-05 0.0 0.0 0.0 0.0 0.0 0.0 0.0 0.0 0.0 0.0 0.0 0.0 0.0 0.0 0.0 0.0 0.0 
5970 5.899 8.510627936978179e-05 0.0 0.0 8.510627936978179e-05 0.0 0.0 0.0 0.0 0.0 0.0 0.0 0.0 0.0 0.0 0.0 0.0 0.0 0.0 0.0 0.0 0.0 
5971 5.9 8.486645421569317e-05 0.0 0.0 8.486645421569317e-05 0.0 0.0 0.0 0.0 0.0 0.0 0.0 0.0 0.0 0.0 0.0 0.0 0.0 0.0 0.0 0.0 0.0 
5972 5.901 8.462690477966947e-05 0.0 0.0 8.462690477966947e-05 0.0 0.0 0.0 0.0 0.0 0.0 0.0 0.0 0.0 0.0 0.0 0.0 0.0 0.0 0.0 0.0 0.0 
5973 5.902 8.438763176873156e-05 0.0 0.0 8.438763176873156e-05 0.0 0.0 0.0 0.0 0.0 0.0 0.0 0.0 0.0 0.0 0.0 0.0 0.0 0.0 0.0 0.0 0.0 
5974 5.903 8.414863588831807e-05 0.0 0.0 8.414863588831807e-05 0.0 0.0 0.0 0.0 0.0 0.0 0.0 0.0 0.0 0.0 0.0 0.0 0.0 0.0 0.0 0.0 0.0 
5975 5.904 8.390991784227825e-05 0.0 0.0 8.390991784227825e-05 0.0 0.0 0.0 0.0 0.0 0.0 0.0 0.0 0.0 0.0 0.0 0.0 0.0 0.0 0.0 0.0 0.0 
5976 5.905 8.367147833286463e-05 0.0 0.0 8.367147833286463e-05 0.0 0.0 0.0 0.0 0.0 0.0 0.0 0.0 0.0 0.0 0.0 0.0 0.0 0.0 0.0 0.0 0.0 
5977 5.906 8.343331806072575e-05 0.0 0.0 8.343331806072575e-05 0.0 0.0 0.0 0.0 0.0 0.0 0.0 0.0 0.0 0.0 0.0 0.0 0.0 0.0 0.0 0.0 0.0 
5978 5.907 8.319543772489883e-05 0.0 0.0 8.319543772489883e-05 0.0 0.0 0.0 0.0 0.0 0.0 0.0 0.0 0.0 0.0 0.0 0.0 0.0 0.0 0.0 0.0 0.0 
5979 5.908 8.295783802280254e-05 0.0 0.0 8.295783802280254e-05 0.0 0.0 0.0 0.0 0.0 0.0 0.0 0.0 0.0 0.0 0.0 0.0 0.0 0.0 0.0 0.0 0.0 
5980 5.909 8.272051965022977e-05 0.0 0.0 8.272051965022977e-05 0.0 0.0 0.0 0.0 0.0 0.0 0.0 0.0 0.0 0.0 0.0 0.0 0.0 0.0 0.0 0.0 0.0 
5981 5.91 8.248348330134013e-05 0.0 0.0 8.248348330134013e-05 0.0 0.0 0.0 0.0 0.0 0.0 0.0 0.0 0.0 0.0 0.0 0.0 0.0 0.0 0.0 0.0 0.0 
5982 5.911 8.224672966865289e-05 0.0 0.0 8.224672966865289e-05 0.0 0.0 0.0 0.0 0.0 0.0 0.0 0.0 0.0 0.0 0.0 0.0 0.0 0.0 0.0 0.0 0.0 
5983 5.912 8.201025944303964e-05 0.0 0.0 8.201025944303964e-05 0.0 0.0 0.0 0.0 0.0 0.0 0.0 0.0 0.0 0.0 0.0 0.0 0.0 0.0 0.0 0.0 0.0 
5984 5.913 8.177407331371693e-05 0.0 0.0 8.177407331371693e-05 0.0 0.0 0.0 0.0 0.0 0.0 0.0 0.0 0.0 0.0 0.0 0.0 0.0 0.0 0.0 0.0 0.0 
5985 5.914 8.153817196823912e-05 0.0 0.0 8.153817196823912e-05 0.0 0.0 0.0 0.0 0.0 0.0 0.0 0.0 0.0 0.0 0.0 0.0 0.0 0.0 0.0 0.0 0.0 
5986 5.915 8.130255609249096e-05 0.0 0.0 8.130255609249096e-05 0.0 0.0 0.0 0.0 0.0 0.0 0.0 0.0 0.0 0.0 0.0 0.0 0.0 0.0 0.0 0.0 0.0 
5987 5.916 8.106722637068041e-05 0.0 0.0 8.106722637068041e-05 0.0 0.0 0.0 0.0 0.0 0.0 0.0 0.0 0.0 0.0 0.0 0.0 0.0 0.0 0.0 0.0 0.0 
5988 5.917 8.083218348533145e-05 0.0 0.0 8.083218348533145e-05 0.0 0.0 0.0 0.0 0.0 0.0 0.0 0.0 0.0 0.0 0.0 0.0 0.0 0.0 0.0 0.0 0.0 
5989 5.918 8.059742811727658e-05 0.0 0.0 8.059742811727658e-05 0.0 0.0 0.0 0.0 0.0 0.0 0.0 0.0 0.0 0.0 0.0 0.0 0.0 0.0 0.0 0.0 0.0 
5990 5.919 8.03629609456498e-05 0.0 0.0 8.03629609456498e-05 0.0 0.0 0.0 0.0 0.0 0.0 0.0 0.0 0.0 0.0 0.0 0.0 0.0 0.0 0.0 0.0 0.0 
5991 5.92 8.012878264787915e-05 0.0 0.0 8.012878264787915e-05 0.0 0.0 0.0 0.0 0.0 0.0 0.0 0.0 0.0 0.0 0.0 0.0 0.0 0.0 0.0 0.0 0.0 
5992 5.921 7.989489389967953e-05 0.0 0.0 7.989489389967953e-05 0.0 0.0 0.0 0.0 0.0 0.0 0.0 0.0 0.0 0.0 0.0 0.0 0.0 0.0 0.0 0.0 0.0 
5993 5.922 7.966129537504554e-05 0.0 0.0 7.966129537504554e-05 0.0 0.0 0.0 0.0 0.0 0.0 0.0 0.0 0.0 0.0 0.0 0.0 0.0 0.0 0.0 0.0 0.0 
5994 5.923 7.942798774624407e-05 0.0 0.0 7.942798774624407e-05 0.0 0.0 0.0 0.0 0.0 0.0 0.0 0.0 0.0 0.0 0.0 0.0 0.0 0.0 0.0 0.0 0.0 
5995 5.924 7.919497168380703e-05 0.0 0.0 7.919497168380703e-05 0.0 0.0 0.0 0.0 0.0 0.0 0.0 0.0 0.0 0.0 0.0 0.0 0.0 0.0 0.0 0.0 0.0 
5996 5.925 7.89622478565243e-05 0.0 0.0 7.89622478565243e-05 0.0 0.0 0.0 0.0 0.0 0.0 0.0 0.0 0.0 0.0 0.0 0.0 0.0 0.0 0.0 0.0 0.0 
5997 5.926 7.872981693143623e-05 0.0 0.0 7.872981693143623e-05 0.0 0.0 0.0 0.0 0.0 0.0 0.0 0.0 0.0 0.0 0.0 0.0 0.0 0.0 0.0 0.0 0.0 
5998 5.927 7.849767957382658e-05 0.0 0.0 7.849767957382658e-05 0.0 0.0 0.0 0.0 0.0 0.0 0.0 0.0 0.0 0.0 0.0 0.0 0.0 0.0 0.0 0.0 0.0 
5999 5.928 7.826583644721525e-05 0.0 0.0 7.826583644721525e-05 0.0 0.0 0.0 0.0 0.0 0.0 0.0 0.0 0.0 0.0 0.0 0.0 0.0 0.0 0.0 0.0 0.0 
6000 5.929 7.803428821335088e-05 0.0 0.0 7.803428821335088e-05 0.0 0.0 0.0 0.0 0.0 0.0 0.0 0.0 0.0 0.0 0.0 0.0 0.0 0.0 0.0 0.0 0.0 
6001 5.93 7.780303553220387e-05 0.0 0.0 7.780303553220387e-05 0.0 0.0 0.0 0.0 0.0 0.0 0.0 0.0 0.0 0.0 0.0 0.0 0.0 0.0 0.0 0.0 0.0 
6002 5.931 7.757207906195897e-05 0.0 0.0 7.757207906195897e-05 0.0 0.0 0.0 0.0 0.0 0.0 0.0 0.0 0.0 0.0 0.0 0.0 0.0 0.0 0.0 0.0 0.0 
6003 5.932 7.734141945900809e-05 0.0 0.0 7.734141945900809e-05 0.0 0.0 0.0 0.0 0.0 0.0 0.0 0.0 0.0 0.0 0.0 0.0 0.0 0.0 0.0 0.0 0.0 
6004 5.933 7.711105737794303e-05 0.0 0.0 7.711105737794303e-05 0.0 0.0 0.0 0.0 0.0 0.0 0.0 0.0 0.0 0.0 0.0 0.0 0.0 0.0 0.0 0.0 0.0 
6005 5.934 7.688099347154842e-05 0.0 0.0 7.688099347154842e-05 0.0 0.0 0.0 0.0 0.0 0.0 0.0 0.0 0.0 0.0 0.0 0.0 0.0 0.0 0.0 0.0 0.0 
6006 5.935 7.665122839079427e-05 0.0 0.0 7.665122839079427e-05 0.0 0.0 0.0 0.0 0.0 0.0 0.0 0.0 0.0 0.0 0.0 0.0 0.0 0.0 0.0 0.0 0.0 
6007 5.936 7.6421762784829e-05 0.0 0.0 7.6421762784829e-05 0.0 0.0 0.0 0.0 0.0 0.0 0.0 0.0 0.0 0.0 0.0 0.0 0.0 0.0 0.0 0.0 0.0 
6008 5.937 7.619259730097201e-05 0.0 0.0 7.619259730097201e-05 0.0 0.0 0.0 0.0 0.0 0.0 0.0 0.0 0.0 0.0 0.0 0.0 0.0 0.0 0.0 0.0 0.0 
6009 5.938 7.596373258470666e-05 0.0 0.0 7.596373258470666e-05 0.0 0.0 0.0 0.0 0.0 0.0 0.0 0.0 0.0 0.0 0.0 0.0 0.0 0.0 0.0 0.0 0.0 
6010 5.939 7.573516927967289e-05 0.0 0.0 7.573516927967289e-05 0.0 0.0 0.0 0.0 0.0 0.0 0.0 0.0 0.0 0.0 0.0 0.0 0.0 0.0 0.0 0.0 0.0 
6011 5.94 7.550690802766012e-05 0.0 0.0 7.550690802766012e-05 0.0 0.0 0.0 0.0 0.0 0.0 0.0 0.0 0.0 0.0 0.0 0.0 0.0 0.0 0.0 0.0 0.0 
6012 5.941 7.527894946860016e-05 0.0 0.0 7.527894946860016e-05 0.0 0.0 0.0 0.0 0.0 0.0 0.0 0.0 0.0 0.0 0.0 0.0 0.0 0.0 0.0 0.0 0.0 
6013 5.942 7.50512942405598e-05 0.0 0.0 7.50512942405598e-05 0.0 0.0 0.0 0.0 0.0 0.0 0.0 0.0 0.0 0.0 0.0 0.0 0.0 0.0 0.0 0.0 0.0 
6014 5.943 7.482394297973374e-05 0.0 0.0 7.482394297973374e-05 0.0 0.0 0.0 0.0 0.0 0.0 0.0 0.0 0.0 0.0 0.0 0.0 0.0 0.0 0.0 0.0 0.0 
6015 5.944 7.459689632043748e-05 0.0 0.0 7.459689632043748e-05 0.0 0.0 0.0 0.0 0.0 0.0 0.0 0.0 0.0 0.0 0.0 0.0 0.0 0.0 0.0 0.0 0.0 
6016 5.945 7.437015489510001e-05 0.0 0.0 7.437015489510001e-05 0.0 0.0 0.0 0.0 0.0 0.0 0.0 0.0 0.0 0.0 0.0 0.0 0.0 0.0 0.0 0.0 0.0 
6017 5.946 7.414371933425671e-05 0.0 0.0 7.414371933425671e-05 0.0 0.0 0.0 0.0 0.0 0.0 0.0 0.0 0.0 0.0 0.0 0.0 0.0 0.0 0.0 0.0 0.0 
6018 5.947 7.391759026654223e-05 0.0 0.0 7.391759026654223e-05 0.0 0.0 0.0 0.0 0.0 0.0 0.0 0.0 0.0 0.0 0.0 0.0 0.0 0.0 0.0 0.0 0.0 
6019 5.948 7.369176831868322e-05 0.0 0.0 7.369176831868322e-05 0.0 0.0 0.0 0.0 0.0 0.0 0.0 0.0 0.0 0.0 0.0 0.0 0.0 0.0 0.0 0.0 0.0 
6020 5.949 7.346625411549128e-05 0.0 0.0 7.346625411549128e-05 0.0 0.0 0.0 0.0 0.0 0.0 0.0 0.0 0.0 0.0 0.0 0.0 0.0 0.0 0.0 0.0 0.0 
6021 5.95 7.324104827985568e-05 0.0 0.0 7.324104827985568e-05 0.0 0.0 0.0 0.0 0.0 0.0 0.0 0.0 0.0 0.0 0.0 0.0 0.0 0.0 0.0 0.0 0.0 
6022 5.951 7.301615143273649e-05 0.0 0.0 7.301615143273649e-05 0.0 0.0 0.0 0.0 0.0 0.0 0.0 0.0 0.0 0.0 0.0 0.0 0.0 0.0 0.0 0.0 0.0 
6023 5.952 7.2791564193157e-05 0.0 0.0 7.2791564193157e-05 0.0 0.0 0.0 0.0 0.0 0.0 0.0 0.0 0.0 0.0 0.0 0.0 0.0 0.0 0.0 0.0 0.0 
6024 5.953 7.256728717819705e-05 0.0 0.0 7.256728717819705e-05 0.0 0.0 0.0 0.0 0.0 0.0 0.0 0.0 0.0 0.0 0.0 0.0 0.0 0.0 0.0 0.0 0.0 
6025 5.954 7.234332100298558e-05 0.0 0.0 7.234332100298558e-05 0.0 0.0 0.0 0.0 0.0 0.0 0.0 0.0 0.0 0.0 0.0 0.0 0.0 0.0 0.0 0.0 0.0 
6026 5.955 7.211966628069372e-05 0.0 0.0 7.211966628069372e-05 0.0 0.0 0.0 0.0 0.0 0.0 0.0 0.0 0.0 0.0 0.0 0.0 0.0 0.0 0.0 0.0 0.0 
6027 5.956 7.189632362252748e-05 0.0 0.0 7.189632362252748e-05 0.0 0.0 0.0 0.0 0.0 0.0 0.0 0.0 0.0 0.0 0.0 0.0 0.0 0.0 0.0 0.0 0.0 
6028 5.957 7.16732936377208e-05 0.0 0.0 7.16732936377208e-05 0.0 0.0 0.0 0.0 0.0 0.0 0.0 0.0 0.0 0.0 0.0 0.0 0.0 0.0 0.0 0.0 0.0 
6029 5.958 7.145057693352842e-05 0.0 0.0 7.145057693352842e-05 0.0 0.0 0.0 0.0 0.0 0.0 0.0 0.0 0.0 0.0 0.0 0.0 0.0 0.0 0.0 0.0 0.0 
6030 5.959 7.122817411521865e-05 0.0 0.0 7.122817411521865e-05 0.0 0.0 0.0 0.0 0.0 0.0 0.0 0.0 0.0 0.0 0.0 0.0 0.0 0.0 0.0 0.0 0.0 
6031 5.96 7.100608578606649e-05 0.0 0.0 7.100608578606649e-05 0.0 0.0 0.0 0.0 0.0 0.0 0.0 0.0 0.0 0.0 0.0 0.0 0.0 0.0 0.0 0.0 0.0 
6032 5.961 7.078431254734638e-05 0.0 0.0 7.078431254734638e-05 0.0 0.0 0.0 0.0 0.0 0.0 0.0 0.0 0.0 0.0 0.0 0.0 0.0 0.0 0.0 0.0 0.0 
6033 5.962 7.056285499832521e-05 0.0 0.0 7.056285499832521e-05 0.0 0.0 0.0 0.0 0.0 0.0 0.0 0.0 0.0 0.0 0.0 0.0 0.0 0.0 0.0 0.0 0.0 
6034 5.963 7.03417137362552e-05 0.0 0.0 7.03417137362552e-05 0.0 0.0 0.0 0.0 0.0 0.0 0.0 0.0 0.0 0.0 0.0 0.0 0.0 0.0 0.0 0.0 0.0 
6035 5.964 7.012088935636691e-05 0.0 0.0 7.012088935636691e-05 0.0 0.0 0.0 0.0 0.0 0.0 0.0 0.0 0.0 0.0 0.0 0.0 0.0 0.0 0.0 0.0 0.0 
6036 5.965 6.99003824518621e-05 0.0 0.0 6.99003824518621e-05 0.0 0.0 0.0 0.0 0.0 0.0 0.0 0.0 0.0 0.0 0.0 0.0 0.0 0.0 0.0 0.0 0.0 
6037 5.966 6.968019361390668e-05 0.0 0.0 6.968019361390668e-05 0.0 0.0 0.0 0.0 0.0 0.0 0.0 0.0 0.0 0.0 0.0 0.0 0.0 0.0 0.0 0.0 0.0 
6038 5.967 6.946032343162378e-05 0.0 0.0 6.946032343162378e-05 0.0 0.0 0.0 0.0 0.0 0.0 0.0 0.0 0.0 0.0 0.0 0.0 0.0 0.0 0.0 0.0 0.0 
6039 5.968 6.924077249208662e-05 0.0 0.0 6.924077249208662e-05 0.0 0.0 0.0 0.0 0.0 0.0 0.0 0.0 0.0 0.0 0.0 0.0 0.0 0.0 0.0 0.0 0.0 
6040 5.969 6.902154138031143e-05 0.0 0.0 6.902154138031143e-05 0.0 0.0 0.0 0.0 0.0 0.0 0.0 0.0 0.0 0.0 0.0 0.0 0.0 0.0 0.0 0.0 0.0 
6041 5.97 6.880263067925061e-05 0.0 0.0 6.880263067925061e-05 0.0 0.0 0.0 0.0 0.0 0.0 0.0 0.0 0.0 0.0 0.0 0.0 0.0 0.0 0.0 0.0 0.0 
6042 5.971 6.858404096978551e-05 0.0 0.0 6.858404096978551e-05 0.0 0.0 0.0 0.0 0.0 0.0 0.0 0.0 0.0 0.0 0.0 0.0 0.0 0.0 0.0 0.0 0.0 
6043 5.972 6.836577283071964e-05 0.0 0.0 6.836577283071964e-05 0.0 0.0 0.0 0.0 0.0 0.0 0.0 0.0 0.0 0.0 0.0 0.0 0.0 0.0 0.0 0.0 0.0 
6044 5.973 6.814782683877145e-05 0.0 0.0 6.814782683877145e-05 0.0 0.0 0.0 0.0 0.0 0.0 0.0 0.0 0.0 0.0 0.0 0.0 0.0 0.0 0.0 0.0 0.0 
6045 5.974 6.793020356856753e-05 0.0 0.0 6.793020356856753e-05 0.0 0.0 0.0 0.0 0.0 0.0 0.0 0.0 0.0 0.0 0.0 0.0 0.0 0.0 0.0 0.0 0.0 
6046 5.975 6.771290359263547e-05 0.0 0.0 6.771290359263547e-05 0.0 0.0 0.0 0.0 0.0 0.0 0.0 0.0 0.0 0.0 0.0 0.0 0.0 0.0 0.0 0.0 0.0 
6047 5.976 6.74959274813971e-05 0.0 0.0 6.74959274813971e-05 0.0 0.0 0.0 0.0 0.0 0.0 0.0 0.0 0.0 0.0 0.0 0.0 0.0 0.0 0.0 0.0 0.0 
6048 5.977 6.727927580316124e-05 0.0 0.0 6.727927580316124e-05 0.0 0.0 0.0 0.0 0.0 0.0 0.0 0.0 0.0 0.0 0.0 0.0 0.0 0.0 0.0 0.0 0.0 
6049 5.978 6.706294912411703e-05 0.0 0.0 6.706294912411703e-05 0.0 0.0 0.0 0.0 0.0 0.0 0.0 0.0 0.0 0.0 0.0 0.0 0.0 0.0 0.0 0.0 0.0 
6050 5.979 6.684694800832674e-05 0.0 0.0 6.684694800832674e-05 0.0 0.0 0.0 0.0 0.0 0.0 0.0 0.0 0.0 0.0 0.0 0.0 0.0 0.0 0.0 0.0 0.0 
6051 5.98 6.663127301771906e-05 0.0 0.0 6.663127301771906e-05 0.0 0.0 0.0 0.0 0.0 0.0 0.0 0.0 0.0 0.0 0.0 0.0 0.0 0.0 0.0 0.0 0.0 
6052 5.98 6.641592471208195e-05 0.0 0.0 6.641592471208195e-05 0.0 0.0 0.0 0.0 0.0 0.0 0.0 0.0 0.0 0.0 0.0 0.0 0.0 0.0 0.0 0.0 0.0 
6053 5.981 6.62009036490559e-05 0.0 0.0 6.62009036490559e-05 0.0 0.0 0.0 0.0 0.0 0.0 0.0 0.0 0.0 0.0 0.0 0.0 0.0 0.0 0.0 0.0 0.0 
6054 5.982 6.598621038412692e-05 0.0 0.0 6.598621038412692e-05 0.0 0.0 0.0 0.0 0.0 0.0 0.0 0.0 0.0 0.0 0.0 0.0 0.0 0.0 0.0 0.0 0.0 
6055 5.983 6.577184547061963e-05 0.0 0.0 6.577184547061963e-05 0.0 0.0 0.0 0.0 0.0 0.0 0.0 0.0 0.0 0.0 0.0 0.0 0.0 0.0 0.0 0.0 0.0 
6056 5.984 6.555780945969043e-05 0.0 0.0 6.555780945969043e-05 0.0 0.0 0.0 0.0 0.0 0.0 0.0 0.0 0.0 0.0 0.0 0.0 0.0 0.0 0.0 0.0 0.0 
6057 5.985 6.534410290032058e-05 0.0 0.0 6.534410290032058e-05 0.0 0.0 0.0 0.0 0.0 0.0 0.0 0.0 0.0 0.0 0.0 0.0 0.0 0.0 0.0 0.0 0.0 
6058 5.986 6.513072633930934e-05 0.0 0.0 6.513072633930934e-05 0.0 0.0 0.0 0.0 0.0 0.0 0.0 0.0 0.0 0.0 0.0 0.0 0.0 0.0 0.0 0.0 0.0 
6059 5.987 6.491768032126703e-05 0.0 0.0 6.491768032126703e-05 0.0 0.0 0.0 0.0 0.0 0.0 0.0 0.0 0.0 0.0 0.0 0.0 0.0 0.0 0.0 0.0 0.0 
6060 5.988 6.470496538860834e-05 0.0 0.0 6.470496538860834e-05 0.0 0.0 0.0 0.0 0.0 0.0 0.0 0.0 0.0 0.0 0.0 0.0 0.0 0.0 0.0 0.0 0.0 
6061 5.989 6.44925820815453e-05 0.0 0.0 6.44925820815453e-05 0.0 0.0 0.0 0.0 0.0 0.0 0.0 0.0 0.0 0.0 0.0 0.0 0.0 0.0 0.0 0.0 0.0 
6062 5.99 6.428053093808053e-05 0.0 0.0 6.428053093808053e-05 0.0 0.0 0.0 0.0 0.0 0.0 0.0 0.0 0.0 0.0 0.0 0.0 0.0 0.0 0.0 0.0 0.0 
6063 5.991 6.40688124940005e-05 0.0 0.0 6.40688124940005e-05 0.0 0.0 0.0 0.0 0.0 0.0 0.0 0.0 0.0 0.0 0.0 0.0 0.0 0.0 0.0 0.0 0.0 
6064 5.992 6.385742728286852e-05 0.0 0.0 6.385742728286852e-05 0.0 0.0 0.0 0.0 0.0 0.0 0.0 0.0 0.0 0.0 0.0 0.0 0.0 0.0 0.0 0.0 0.0 
6065 5.993 6.364637583601812e-05 0.0 0.0 6.364637583601812e-05 0.0 0.0 0.0 0.0 0.0 0.0 0.0 0.0 0.0 0.0 0.0 0.0 0.0 0.0 0.0 0.0 0.0 
6066 5.994 6.343565868254612e-05 0.0 0.0 6.343565868254612e-05 0.0 0.0 0.0 0.0 0.0 0.0 0.0 0.0 0.0 0.0 0.0 0.0 0.0 0.0 0.0 0.0 0.0 
6067 5.995 6.322527634930595e-05 0.0 0.0 6.322527634930595e-05 0.0 0.0 0.0 0.0 0.0 0.0 0.0 0.0 0.0 0.0 0.0 0.0 0.0 0.0 0.0 0.0 0.0 
6068 5.996 6.301522936090082e-05 0.0 0.0 6.301522936090082e-05 0.0 0.0 0.0 0.0 0.0 0.0 0.0 0.0 0.0 0.0 0.0 0.0 0.0 0.0 0.0 0.0 0.0 
6069 5.997 6.280551823967691e-05 0.0 0.0 6.280551823967691e-05 0.0 0.0 0.0 0.0 0.0 0.0 0.0 0.0 0.0 0.0 0.0 0.0 0.0 0.0 0.0 0.0 0.0 
6070 5.998 6.259614350571681e-05 0.0 0.0 6.259614350571681e-05 0.0 0.0 0.0 0.0 0.0 0.0 0.0 0.0 0.0 0.0 0.0 0.0 0.0 0.0 0.0 0.0 0.0 
6071 5.999 6.238710567683253e-05 0.0 0.0 6.238710567683253e-05 0.0 0.0 0.0 0.0 0.0 0.0 0.0 0.0 0.0 0.0 0.0 0.0 0.0 0.0 0.0 0.0 0.0 
6072 6.0 6.21784052685589e-05 0.0 0.0 6.21784052685589e-05 0.0 0.0 0.0 0.0 0.0 0.0 0.0 0.0 0.0 0.0 0.0 0.0 0.0 0.0 0.0 0.0 0.0 
6073 6.001 6.19700427941469e-05 0.0 0.0 6.19700427941469e-05 0.0 0.0 0.0 0.0 0.0 0.0 0.0 0.0 0.0 0.0 0.0 0.0 0.0 0.0 0.0 0.0 0.0 
6074 6.002 6.176201876455687e-05 0.0 0.0 6.176201876455687e-05 0.0 0.0 0.0 0.0 0.0 0.0 0.0 0.0 0.0 0.0 0.0 0.0 0.0 0.0 0.0 0.0 0.0 
6075 6.003 6.155433368845178e-05 0.0 0.0 6.155433368845178e-05 0.0 0.0 0.0 0.0 0.0 0.0 0.0 0.0 0.0 0.0 0.0 0.0 0.0 0.0 0.0 0.0 0.0 
6076 6.004 6.13469880721907e-05 0.0 0.0 6.13469880721907e-05 0.0 0.0 0.0 0.0 0.0 0.0 0.0 0.0 0.0 0.0 0.0 0.0 0.0 0.0 0.0 0.0 0.0 
6077 6.005 6.113998241982196e-05 0.0 0.0 6.113998241982196e-05 0.0 0.0 0.0 0.0 0.0 0.0 0.0 0.0 0.0 0.0 0.0 0.0 0.0 0.0 0.0 0.0 0.0 
6078 6.006 6.09333172330766e-05 0.0 0.0 6.09333172330766e-05 0.0 0.0 0.0 0.0 0.0 0.0 0.0 0.0 0.0 0.0 0.0 0.0 0.0 0.0 0.0 0.0 0.0 
6079 6.007 6.0726993011361664e-05 0.0 0.0 6.0726993011361664e-05 0.0 0.0 0.0 0.0 0.0 0.0 0.0 0.0 0.0 0.0 0.0 0.0 0.0 0.0 0.0 0.0 0.0 
6080 6.008 6.052101025175365e-05 0.0 0.0 6.052101025175365e-05 0.0 0.0 0.0 0.0 0.0 0.0 0.0 0.0 0.0 0.0 0.0 0.0 0.0 0.0 0.0 0.0 0.0 
6081 6.009 6.031536944899172e-05 0.0 0.0 6.031536944899172e-05 0.0 0.0 0.0 0.0 0.0 0.0 0.0 0.0 0.0 0.0 0.0 0.0 0.0 0.0 0.0 0.0 0.0 
6082 6.01 6.011007109547126e-05 0.0 0.0 6.011007109547126e-05 0.0 0.0 0.0 0.0 0.0 0.0 0.0 0.0 0.0 0.0 0.0 0.0 0.0 0.0 0.0 0.0 0.0 
6083 6.011 5.990511568123723e-05 0.0 0.0 5.990511568123723e-05 0.0 0.0 0.0 0.0 0.0 0.0 0.0 0.0 0.0 0.0 0.0 0.0 0.0 0.0 0.0 0.0 0.0 
6084 6.012 5.9700503693977526e-05 0.0 0.0 5.9700503693977526e-05 0.0 0.0 0.0 0.0 0.0 0.0 0.0 0.0 0.0 0.0 0.0 0.0 0.0 0.0 0.0 0.0 0.0 
6085 6.013 5.9496235619016445e-05 0.0 0.0 5.9496235619016445e-05 0.0 0.0 0.0 0.0 0.0 0.0 0.0 0.0 0.0 0.0 0.0 0.0 0.0 0.0 0.0 0.0 0.0 
6086 6.014 5.9292311939308166e-05 0.0 0.0 5.9292311939308166e-05 0.0 0.0 0.0 0.0 0.0 0.0 0.0 0.0 0.0 0.0 0.0 0.0 0.0 0.0 0.0 0.0 0.0 
6087 6.015 5.908873313543011e-05 0.0 0.0 5.908873313543011e-05 0.0 0.0 0.0 0.0 0.0 0.0 0.0 0.0 0.0 0.0 0.0 0.0 0.0 0.0 0.0 0.0 0.0 
6088 6.016 5.888549968557649e-05 0.0 0.0 5.888549968557649e-05 0.0 0.0 0.0 0.0 0.0 0.0 0.0 0.0 0.0 0.0 0.0 0.0 0.0 0.0 0.0 0.0 0.0 
6089 6.017 5.8682612065551764e-05 0.0 0.0 5.8682612065551764e-05 0.0 0.0 0.0 0.0 0.0 0.0 0.0 0.0 0.0 0.0 0.0 0.0 0.0 0.0 0.0 0.0 0.0 
6090 6.018 5.848007074876408e-05 0.0 0.0 5.848007074876408e-05 0.0 0.0 0.0 0.0 0.0 0.0 0.0 0.0 0.0 0.0 0.0 0.0 0.0 0.0 0.0 0.0 0.0 
6091 6.019 5.827787620621891e-05 0.0 0.0 5.827787620621891e-05 0.0 0.0 0.0 0.0 0.0 0.0 0.0 0.0 0.0 0.0 0.0 0.0 0.0 0.0 0.0 0.0 0.0 
6092 6.02 5.8076028906512415e-05 0.0 0.0 5.8076028906512415e-05 0.0 0.0 0.0 0.0 0.0 0.0 0.0 0.0 0.0 0.0 0.0 0.0 0.0 0.0 0.0 0.0 0.0 
6093 6.021 5.787452931582509e-05 0.0 0.0 5.787452931582509e-05 0.0 0.0 0.0 0.0 0.0 0.0 0.0 0.0 0.0 0.0 0.0 0.0 0.0 0.0 0.0 0.0 0.0 
6094 6.022 5.767337789791523e-05 0.0 0.0 5.767337789791523e-05 0.0 0.0 0.0 0.0 0.0 0.0 0.0 0.0 0.0 0.0 0.0 0.0 0.0 0.0 0.0 0.0 0.0 
6095 6.023 5.7472575114112605e-05 0.0 0.0 5.7472575114112605e-05 0.0 0.0 0.0 0.0 0.0 0.0 0.0 0.0 0.0 0.0 0.0 0.0 0.0 0.0 0.0 0.0 0.0 
6096 6.024 5.7272121423311906e-05 0.0 0.0 5.7272121423311906e-05 0.0 0.0 0.0 0.0 0.0 0.0 0.0 0.0 0.0 0.0 0.0 0.0 0.0 0.0 0.0 0.0 0.0 
6097 6.025 5.707201728196644e-05 0.0 0.0 5.707201728196644e-05 0.0 0.0 0.0 0.0 0.0 0.0 0.0 0.0 0.0 0.0 0.0 0.0 0.0 0.0 0.0 0.0 0.0 
6098 6.026 5.687226314408166e-05 0.0 0.0 5.687226314408166e-05 0.0 0.0 0.0 0.0 0.0 0.0 0.0 0.0 0.0 0.0 0.0 0.0 0.0 0.0 0.0 0.0 0.0 
6099 6.027 5.667285946120885e-05 0.0 0.0 5.667285946120885e-05 0.0 0.0 0.0 0.0 0.0 0.0 0.0 0.0 0.0 0.0 0.0 0.0 0.0 0.0 0.0 0.0 0.0 
6100 6.028 5.64738066824387e-05 0.0 0.0 5.64738066824387e-05 0.0 0.0 0.0 0.0 0.0 0.0 0.0 0.0 0.0 0.0 0.0 0.0 0.0 0.0 0.0 0.0 0.0 
6101 6.029 5.6275105254395015e-05 0.0 0.0 5.6275105254395015e-05 0.0 0.0 0.0 0.0 0.0 0.0 0.0 0.0 0.0 0.0 0.0 0.0 0.0 0.0 0.0 0.0 0.0 
6102 6.03 5.6076755621228345e-05 0.0 0.0 5.6076755621228345e-05 0.0 0.0 0.0 0.0 0.0 0.0 0.0 0.0 0.0 0.0 0.0 0.0 0.0 0.0 0.0 0.0 0.0 
6103 6.031 5.587875822460959e-05 0.0 0.0 5.587875822460959e-05 0.0 0.0 0.0 0.0 0.0 0.0 0.0 0.0 0.0 0.0 0.0 0.0 0.0 0.0 0.0 0.0 0.0 
6104 6.032 5.568111350372395e-05 0.0 0.0 5.568111350372395e-05 0.0 0.0 0.0 0.0 0.0 0.0 0.0 0.0 0.0 0.0 0.0 0.0 0.0 0.0 0.0 0.0 0.0 
6105 6.033 5.548382189526426e-05 0.0 0.0 5.548382189526426e-05 0.0 0.0 0.0 0.0 0.0 0.0 0.0 0.0 0.0 0.0 0.0 0.0 0.0 0.0 0.0 0.0 0.0 
6106 6.034 5.528688383342507e-05 0.0 0.0 5.528688383342507e-05 0.0 0.0 0.0 0.0 0.0 0.0 0.0 0.0 0.0 0.0 0.0 0.0 0.0 0.0 0.0 0.0 0.0 
6107 6.035 5.509029974989614e-05 0.0 0.0 5.509029974989614e-05 0.0 0.0 0.0 0.0 0.0 0.0 0.0 0.0 0.0 0.0 0.0 0.0 0.0 0.0 0.0 0.0 0.0 
6108 6.036 5.4894070073856324e-05 0.0 0.0 5.4894070073856324e-05 0.0 0.0 0.0 0.0 0.0 0.0 0.0 0.0 0.0 0.0 0.0 0.0 0.0 0.0 0.0 0.0 0.0 
6109 6.037 5.469819523196733e-05 0.0 0.0 5.469819523196733e-05 0.0 0.0 0.0 0.0 0.0 0.0 0.0 0.0 0.0 0.0 0.0 0.0 0.0 0.0 0.0 0.0 0.0 
6110 6.038 5.450267564836742e-05 0.0 0.0 5.450267564836742e-05 0.0 0.0 0.0 0.0 0.0 0.0 0.0 0.0 0.0 0.0 0.0 0.0 0.0 0.0 0.0 0.0 0.0 
6111 6.039 5.43075117446654e-05 0.0 0.0 5.43075117446654e-05 0.0 0.0 0.0 0.0 0.0 0.0 0.0 0.0 0.0 0.0 0.0 0.0 0.0 0.0 0.0 0.0 0.0 
6112 6.04 5.411270393993425e-05 0.0 0.0 5.411270393993425e-05 0.0 0.0 0.0 0.0 0.0 0.0 0.0 0.0 0.0 0.0 0.0 0.0 0.0 0.0 0.0 0.0 0.0 
6113 6.041 5.391825265070503e-05 0.0 0.0 5.391825265070503e-05 0.0 0.0 0.0 0.0 0.0 0.0 0.0 0.0 0.0 0.0 0.0 0.0 0.0 0.0 0.0 0.0 0.0 
6114 6.042 5.372415829096079e-05 0.0 0.0 5.372415829096079e-05 0.0 0.0 0.0 0.0 0.0 0.0 0.0 0.0 0.0 0.0 0.0 0.0 0.0 0.0 0.0 0.0 0.0 
6115 6.043 5.353042127213041e-05 0.0 0.0 5.353042127213041e-05 0.0 0.0 0.0 0.0 0.0 0.0 0.0 0.0 0.0 0.0 0.0 0.0 0.0 0.0 0.0 0.0 0.0 
6116 6.044 5.3337042003082396e-05 0.0 0.0 5.3337042003082396e-05 0.0 0.0 0.0 0.0 0.0 0.0 0.0 0.0 0.0 0.0 0.0 0.0 0.0 0.0 0.0 0.0 0.0 
6117 6.045 5.3144020890118965e-05 0.0 0.0 5.3144020890118965e-05 0.0 0.0 0.0 0.0 0.0 0.0 0.0 0.0 0.0 0.0 0.0 0.0 0.0 0.0 0.0 0.0 0.0 
6118 6.046 5.295135833696981e-05 0.0 0.0 5.295135833696981e-05 0.0 0.0 0.0 0.0 0.0 0.0 0.0 0.0 0.0 0.0 0.0 0.0 0.0 0.0 0.0 0.0 0.0 
6119 6.047 5.275905474478616e-05 0.0 0.0 5.275905474478616e-05 0.0 0.0 0.0 0.0 0.0 0.0 0.0 0.0 0.0 0.0 0.0 0.0 0.0 0.0 0.0 0.0 0.0 
6120 6.048 5.256711051213462e-05 0.0 0.0 5.256711051213462e-05 0.0 0.0 0.0 0.0 0.0 0.0 0.0 0.0 0.0 0.0 0.0 0.0 0.0 0.0 0.0 0.0 0.0 
6121 6.049 5.237552603499125e-05 0.0 0.0 5.237552603499125e-05 0.0 0.0 0.0 0.0 0.0 0.0 0.0 0.0 0.0 0.0 0.0 0.0 0.0 0.0 0.0 0.0 0.0 
6122 6.05 5.218430170673549e-05 0.0 0.0 5.218430170673549e-05 0.0 0.0 0.0 0.0 0.0 0.0 0.0 0.0 0.0 0.0 0.0 0.0 0.0 0.0 0.0 0.0 0.0 
6123 6.051 5.199343791814423e-05 0.0 0.0 5.199343791814423e-05 0.0 0.0 0.0 0.0 0.0 0.0 0.0 0.0 0.0 0.0 0.0 0.0 0.0 0.0 0.0 0.0 0.0 
6124 6.052 5.180293505738578e-05 0.0 0.0 5.180293505738578e-05 0.0 0.0 0.0 0.0 0.0 0.0 0.0 0.0 0.0 0.0 0.0 0.0 0.0 0.0 0.0 0.0 0.0 
6125 6.053 5.161279351001395e-05 0.0 0.0 5.161279351001395e-05 0.0 0.0 0.0 0.0 0.0 0.0 0.0 0.0 0.0 0.0 0.0 0.0 0.0 0.0 0.0 0.0 0.0 
6126 6.054 5.1423013658962164e-05 0.0 0.0 5.1423013658962164e-05 0.0 0.0 0.0 0.0 0.0 0.0 0.0 0.0 0.0 0.0 0.0 0.0 0.0 0.0 0.0 0.0 0.0 
6127 6.055 5.12335958845374e-05 0.0 0.0 5.12335958845374e-05 0.0 0.0 0.0 0.0 0.0 0.0 0.0 0.0 0.0 0.0 0.0 0.0 0.0 0.0 0.0 0.0 0.0 
6128 6.056 5.104454056441445e-05 0.0 0.0 5.104454056441445e-05 0.0 0.0 0.0 0.0 0.0 0.0 0.0 0.0 0.0 0.0 0.0 0.0 0.0 0.0 0.0 0.0 0.0 
6129 6.057 5.085584807362999e-05 0.0 0.0 5.085584807362999e-05 0.0 0.0 0.0 0.0 0.0 0.0 0.0 0.0 0.0 0.0 0.0 0.0 0.0 0.0 0.0 0.0 0.0 
6130 6.058 5.066751878457665e-05 0.0 0.0 5.066751878457665e-05 0.0 0.0 0.0 0.0 0.0 0.0 0.0 0.0 0.0 0.0 0.0 0.0 0.0 0.0 0.0 0.0 0.0 
6131 6.059 5.047955306699729e-05 0.0 0.0 5.047955306699729e-05 0.0 0.0 0.0 0.0 0.0 0.0 0.0 0.0 0.0 0.0 0.0 0.0 0.0 0.0 0.0 0.0 0.0 
6132 6.06 5.029195128797908e-05 0.0 0.0 5.029195128797908e-05 0.0 0.0 0.0 0.0 0.0 0.0 0.0 0.0 0.0 0.0 0.0 0.0 0.0 0.0 0.0 0.0 0.0 
6133 6.061 5.010471381194776e-05 0.0 0.0 5.010471381194776e-05 0.0 0.0 0.0 0.0 0.0 0.0 0.0 0.0 0.0 0.0 0.0 0.0 0.0 0.0 0.0 0.0 0.0 
6134 6.062 4.991784100066186e-05 0.0 0.0 4.991784100066186e-05 0.0 0.0 0.0 0.0 0.0 0.0 0.0 0.0 0.0 0.0 0.0 0.0 0.0 0.0 0.0 0.0 0.0 
6135 6.063 4.973133321320687e-05 0.0 0.0 4.973133321320687e-05 0.0 0.0 0.0 0.0 0.0 0.0 0.0 0.0 0.0 0.0 0.0 0.0 0.0 0.0 0.0 0.0 0.0 
6136 6.063 4.954519080598958e-05 0.0 0.0 4.954519080598958e-05 0.0 0.0 0.0 0.0 0.0 0.0 0.0 0.0 0.0 0.0 0.0 0.0 0.0 0.0 0.0 0.0 0.0 
6137 6.064 4.935941413273228e-05 0.0 0.0 4.935941413273228e-05 0.0 0.0 0.0 0.0 0.0 0.0 0.0 0.0 0.0 0.0 0.0 0.0 0.0 0.0 0.0 0.0 0.0 
6138 6.065 4.9174003544467136e-05 0.0 0.0 4.9174003544467136e-05 0.0 0.0 0.0 0.0 0.0 0.0 0.0 0.0 0.0 0.0 0.0 0.0 0.0 0.0 0.0 0.0 0.0 
6139 6.066 4.898895938953045e-05 0.0 0.0 4.898895938953045e-05 0.0 0.0 0.0 0.0 0.0 0.0 0.0 0.0 0.0 0.0 0.0 0.0 0.0 0.0 0.0 0.0 0.0 
6140 6.067 4.880428201355702e-05 0.0 0.0 4.880428201355702e-05 0.0 0.0 0.0 0.0 0.0 0.0 0.0 0.0 0.0 0.0 0.0 0.0 0.0 0.0 0.0 0.0 0.0 
6141 6.068 4.861997175947449e-05 0.0 0.0 4.861997175947449e-05 0.0 0.0 0.0 0.0 0.0 0.0 0.0 0.0 0.0 0.0 0.0 0.0 0.0 0.0 0.0 0.0 0.0 
6142 6.069 4.8436028967497754e-05 0.0 0.0 4.8436028967497754e-05 0.0 0.0 0.0 0.0 0.0 0.0 0.0 0.0 0.0 0.0 0.0 0.0 0.0 0.0 0.0 0.0 0.0 
6143 6.07 4.825245397512326e-05 0.0 0.0 4.825245397512326e-05 0.0 0.0 0.0 0.0 0.0 0.0 0.0 0.0 0.0 0.0 0.0 0.0 0.0 0.0 0.0 0.0 0.0 
6144 6.071 4.806924711712364e-05 0.0 0.0 4.806924711712364e-05 0.0 0.0 0.0 0.0 0.0 0.0 0.0 0.0 0.0 0.0 0.0 0.0 0.0 0.0 0.0 0.0 0.0 
6145 6.072 4.7886408725541844e-05 0.0 0.0 4.7886408725541844e-05 0.0 0.0 0.0 0.0 0.0 0.0 0.0 0.0 0.0 0.0 0.0 0.0 0.0 0.0 0.0 0.0 0.0 
6146 6.073 4.770393912968593e-05 0.0 0.0 4.770393912968593e-05 0.0 0.0 0.0 0.0 0.0 0.0 0.0 0.0 0.0 0.0 0.0 0.0 0.0 0.0 0.0 0.0 0.0 
6147 6.074 4.752183865612329e-05 0.0 0.0 4.752183865612329e-05 0.0 0.0 0.0 0.0 0.0 0.0 0.0 0.0 0.0 0.0 0.0 0.0 0.0 0.0 0.0 0.0 0.0 
6148 6.075 4.734010762867531e-05 0.0 0.0 4.734010762867531e-05 0.0 0.0 0.0 0.0 0.0 0.0 0.0 0.0 0.0 0.0 0.0 0.0 0.0 0.0 0.0 0.0 0.0 
6149 6.076 4.7158746368411795e-05 0.0 0.0 4.7158746368411795e-05 0.0 0.0 0.0 0.0 0.0 0.0 0.0 0.0 0.0 0.0 0.0 0.0 0.0 0.0 0.0 0.0 0.0 
6150 6.077 4.6977755193645636e-05 0.0 0.0 4.6977755193645636e-05 0.0 0.0 0.0 0.0 0.0 0.0 0.0 0.0 0.0 0.0 0.0 0.0 0.0 0.0 0.0 0.0 0.0 
6151 6.078 4.6797134419927276e-05 0.0 0.0 4.6797134419927276e-05 0.0 0.0 0.0 0.0 0.0 0.0 0.0 0.0 0.0 0.0 0.0 0.0 0.0 0.0 0.0 0.0 0.0 
6152 6.079 4.661688436003932e-05 0.0 0.0 4.661688436003932e-05 0.0 0.0 0.0 0.0 0.0 0.0 0.0 0.0 0.0 0.0 0.0 0.0 0.0 0.0 0.0 0.0 0.0 
6153 6.08 4.643700532399119e-05 0.0 0.0 4.643700532399119e-05 0.0 0.0 0.0 0.0 0.0 0.0 0.0 0.0 0.0 0.0 0.0 0.0 0.0 0.0 0.0 0.0 0.0 
6154 6.081 4.6257497619013745e-05 0.0 0.0 4.6257497619013745e-05 0.0 0.0 0.0 0.0 0.0 0.0 0.0 0.0 0.0 0.0 0.0 0.0 0.0 0.0 0.0 0.0 0.0 
6155 6.082 4.607836154955391e-05 0.0 0.0 4.607836154955391e-05 0.0 0.0 0.0 0.0 0.0 0.0 0.0 0.0 0.0 0.0 0.0 0.0 0.0 0.0 0.0 0.0 0.0 
6156 6.083 4.589959741726945e-05 0.0 0.0 4.589959741726945e-05 0.0 0.0 0.0 0.0 0.0 0.0 0.0 0.0 0.0 0.0 0.0 0.0 0.0 0.0 0.0 0.0 0.0 
6157 6.084 4.572120552102356e-05 0.0 0.0 4.572120552102356e-05 0.0 0.0 0.0 0.0 0.0 0.0 0.0 0.0 0.0 0.0 0.0 0.0 0.0 0.0 0.0 0.0 0.0 
6158 6.085 4.554318615687964e-05 0.0 0.0 4.554318615687964e-05 0.0 0.0 0.0 0.0 0.0 0.0 0.0 0.0 0.0 0.0 0.0 0.0 0.0 0.0 0.0 0.0 0.0 
6159 6.086 4.536553961809608e-05 0.0 0.0 4.536553961809608e-05 0.0 0.0 0.0 0.0 0.0 0.0 0.0 0.0 0.0 0.0 0.0 0.0 0.0 0.0 0.0 0.0 0.0 
6160 6.087 4.5188266195120995e-05 0.0 0.0 4.5188266195120995e-05 0.0 0.0 0.0 0.0 0.0 0.0 0.0 0.0 0.0 0.0 0.0 0.0 0.0 0.0 0.0 0.0 0.0 
6161 6.088 4.501136617558706e-05 0.0 0.0 4.501136617558706e-05 0.0 0.0 0.0 0.0 0.0 0.0 0.0 0.0 0.0 0.0 0.0 0.0 0.0 0.0 0.0 0.0 0.0 
6162 6.089 4.483483984430629e-05 0.0 0.0 4.483483984430629e-05 0.0 0.0 0.0 0.0 0.0 0.0 0.0 0.0 0.0 0.0 0.0 0.0 0.0 0.0 0.0 0.0 0.0 
6163 6.09 4.465868748326486e-05 0.0 0.0 4.465868748326486e-05 0.0 0.0 0.0 0.0 0.0 0.0 0.0 0.0 0.0 0.0 0.0 0.0 0.0 0.0 0.0 0.0 0.0 
6164 6.091 4.448290937161811e-05 0.0 0.0 4.448290937161811e-05 0.0 0.0 0.0 0.0 0.0 0.0 0.0 0.0 0.0 0.0 0.0 0.0 0.0 0.0 0.0 0.0 0.0 
6165 6.092 4.4307505785685294e-05 0.0 0.0 4.4307505785685294e-05 0.0 0.0 0.0 0.0 0.0 0.0 0.0 0.0 0.0 0.0 0.0 0.0 0.0 0.0 0.0 0.0 0.0 
6166 6.093 4.413247699894455e-05 0.0 0.0 4.413247699894455e-05 0.0 0.0 0.0 0.0 0.0 0.0 0.0 0.0 0.0 0.0 0.0 0.0 0.0 0.0 0.0 0.0 0.0 
6167 6.094 4.3957823282027864e-05 0.0 0.0 4.3957823282027864e-05 0.0 0.0 0.0 0.0 0.0 0.0 0.0 0.0 0.0 0.0 0.0 0.0 0.0 0.0 0.0 0.0 0.0 
6168 6.095 4.3783544902715984e-05 0.0 0.0 4.3783544902715984e-05 0.0 0.0 0.0 0.0 0.0 0.0 0.0 0.0 0.0 0.0 0.0 0.0 0.0 0.0 0.0 0.0 0.0 
6169 6.096 4.360964212593349e-05 0.0 0.0 4.360964212593349e-05 0.0 0.0 0.0 0.0 0.0 0.0 0.0 0.0 0.0 0.0 0.0 0.0 0.0 0.0 0.0 0.0 0.0 
6170 6.097 4.3436115213743747e-05 0.0 0.0 4.3436115213743747e-05 0.0 0.0 0.0 0.0 0.0 0.0 0.0 0.0 0.0 0.0 0.0 0.0 0.0 0.0 0.0 0.0 0.0 
6171 6.098 4.326296442534395e-05 0.0 0.0 4.326296442534395e-05 0.0 0.0 0.0 0.0 0.0 0.0 0.0 0.0 0.0 0.0 0.0 0.0 0.0 0.0 0.0 0.0 0.0 
6172 6.099 4.309019001706023e-05 0.0 0.0 4.309019001706023e-05 0.0 0.0 0.0 0.0 0.0 0.0 0.0 0.0 0.0 0.0 0.0 0.0 0.0 0.0 0.0 0.0 0.0 
6173 6.1 4.2917792242342695e-05 0.0 0.0 4.2917792242342695e-05 0.0 0.0 0.0 0.0 0.0 0.0 0.0 0.0 0.0 0.0 0.0 0.0 0.0 0.0 0.0 0.0 0.0 
6174 6.101 4.2745771351760586e-05 0.0 0.0 4.2745771351760586e-05 0.0 0.0 0.0 0.0 0.0 0.0 0.0 0.0 0.0 0.0 0.0 0.0 0.0 0.0 0.0 0.0 0.0 
6175 6.102 4.257412759299743e-05 0.0 0.0 4.257412759299743e-05 0.0 0.0 0.0 0.0 0.0 0.0 0.0 0.0 0.0 0.0 0.0 0.0 0.0 0.0 0.0 0.0 0.0 
6176 6.103 4.240286121084614e-05 0.0 0.0 4.240286121084614e-05 0.0 0.0 0.0 0.0 0.0 0.0 0.0 0.0 0.0 0.0 0.0 0.0 0.0 0.0 0.0 0.0 0.0 
6177 6.104 4.223197244720428e-05 0.0 0.0 4.223197244720428e-05 0.0 0.0 0.0 0.0 0.0 0.0 0.0 0.0 0.0 0.0 0.0 0.0 0.0 0.0 0.0 0.0 0.0 
6178 6.105 4.206146154106928e-05 0.0 0.0 4.206146154106928e-05 0.0 0.0 0.0 0.0 0.0 0.0 0.0 0.0 0.0 0.0 0.0 0.0 0.0 0.0 0.0 0.0 0.0 
6179 6.106 4.1891328728533634e-05 0.0 0.0 4.1891328728533634e-05 0.0 0.0 0.0 0.0 0.0 0.0 0.0 0.0 0.0 0.0 0.0 0.0 0.0 0.0 0.0 0.0 0.0 
6180 6.107 4.172157424278021e-05 0.0 0.0 4.172157424278021e-05 0.0 0.0 0.0 0.0 0.0 0.0 0.0 0.0 0.0 0.0 0.0 0.0 0.0 0.0 0.0 0.0 0.0 
6181 6.108 4.155219831407752e-05 0.0 0.0 4.155219831407752e-05 0.0 0.0 0.0 0.0 0.0 0.0 0.0 0.0 0.0 0.0 0.0 0.0 0.0 0.0 0.0 0.0 0.0 
6182 6.109 4.138320116977514e-05 0.0 0.0 4.138320116977514e-05 0.0 0.0 0.0 0.0 0.0 0.0 0.0 0.0 0.0 0.0 0.0 0.0 0.0 0.0 0.0 0.0 0.0 
6183 6.11 4.1214583034298895e-05 0.0 0.0 4.1214583034298895e-05 0.0 0.0 0.0 0.0 0.0 0.0 0.0 0.0 0.0 0.0 0.0 0.0 0.0 0.0 0.0 0.0 0.0 
6184 6.111 4.104634412914641e-05 0.0 0.0 4.104634412914641e-05 0.0 0.0 0.0 0.0 0.0 0.0 0.0 0.0 0.0 0.0 0.0 0.0 0.0 0.0 0.0 0.0 0.0 
6185 6.112 4.0878484672882426e-05 0.0 0.0 4.0878484672882426e-05 0.0 0.0 0.0 0.0 0.0 0.0 0.0 0.0 0.0 0.0 0.0 0.0 0.0 0.0 0.0 0.0 0.0 
6186 6.113 4.071100488113422e-05 0.0 0.0 4.071100488113422e-05 0.0 0.0 0.0 0.0 0.0 0.0 0.0 0.0 0.0 0.0 0.0 0.0 0.0 0.0 0.0 0.0 0.0 
6187 6.114 4.054390496658714e-05 0.0 0.0 4.054390496658714e-05 0.0 0.0 0.0 0.0 0.0 0.0 0.0 0.0 0.0 0.0 0.0 0.0 0.0 0.0 0.0 0.0 0.0 
6188 6.115 4.0377185138980023e-05 0.0 0.0 4.0377185138980023e-05 0.0 0.0 0.0 0.0 0.0 0.0 0.0 0.0 0.0 0.0 0.0 0.0 0.0 0.0 0.0 0.0 0.0 
6189 6.116 4.021084560510079e-05 0.0 0.0 4.021084560510079e-05 0.0 0.0 0.0 0.0 0.0 0.0 0.0 0.0 0.0 0.0 0.0 0.0 0.0 0.0 0.0 0.0 0.0 
6190 6.117 4.0044886568781853e-05 0.0 0.0 4.0044886568781853e-05 0.0 0.0 0.0 0.0 0.0 0.0 0.0 0.0 0.0 0.0 0.0 0.0 0.0 0.0 0.0 0.0 0.0 
6191 6.118 3.987930823089588e-05 0.0 0.0 3.987930823089588e-05 0.0 0.0 0.0 0.0 0.0 0.0 0.0 0.0 0.0 0.0 0.0 0.0 0.0 0.0 0.0 0.0 0.0 
6192 6.119 3.9714110789351244e-05 0.0 0.0 3.9714110789351244e-05 0.0 0.0 0.0 0.0 0.0 0.0 0.0 0.0 0.0 0.0 0.0 0.0 0.0 0.0 0.0 0.0 0.0 
6193 6.12 3.954929443908771e-05 0.0 0.0 3.954929443908771e-05 0.0 0.0 0.0 0.0 0.0 0.0 0.0 0.0 0.0 0.0 0.0 0.0 0.0 0.0 0.0 0.0 0.0 
6194 6.121 3.938485937207212e-05 0.0 0.0 3.938485937207212e-05 0.0 0.0 0.0 0.0 0.0 0.0 0.0 0.0 0.0 0.0 0.0 0.0 0.0 0.0 0.0 0.0 0.0 
6195 6.122 3.9220805777293997e-05 0.0 0.0 3.9220805777293997e-05 0.0 0.0 0.0 0.0 0.0 0.0 0.0 0.0 0.0 0.0 0.0 0.0 0.0 0.0 0.0 0.0 0.0 
6196 6.123 3.905713384076138e-05 0.0 0.0 3.905713384076138e-05 0.0 0.0 0.0 0.0 0.0 0.0 0.0 0.0 0.0 0.0 0.0 0.0 0.0 0.0 0.0 0.0 0.0 
6197 6.124 3.8893843745496426e-05 0.0 0.0 3.8893843745496426e-05 0.0 0.0 0.0 0.0 0.0 0.0 0.0 0.0 0.0 0.0 0.0 0.0 0.0 0.0 0.0 0.0 0.0 
6198 6.125 3.8730935671531354e-05 0.0 0.0 3.8730935671531354e-05 0.0 0.0 0.0 0.0 0.0 0.0 0.0 0.0 0.0 0.0 0.0 0.0 0.0 0.0 0.0 0.0 0.0 
6199 6.126 3.85684097959041e-05 0.0 0.0 3.85684097959041e-05 0.0 0.0 0.0 0.0 0.0 0.0 0.0 0.0 0.0 0.0 0.0 0.0 0.0 0.0 0.0 0.0 0.0 
6200 6.127 3.8406266292654205e-05 0.0 0.0 3.8406266292654205e-05 0.0 0.0 0.0 0.0 0.0 0.0 0.0 0.0 0.0 0.0 0.0 0.0 0.0 0.0 0.0 0.0 0.0 
6201 6.128 3.82445053328187e-05 0.0 0.0 3.82445053328187e-05 0.0 0.0 0.0 0.0 0.0 0.0 0.0 0.0 0.0 0.0 0.0 0.0 0.0 0.0 0.0 0.0 0.0 
6202 6.129 3.8083127084428024e-05 0.0 0.0 3.8083127084428024e-05 0.0 0.0 0.0 0.0 0.0 0.0 0.0 0.0 0.0 0.0 0.0 0.0 0.0 0.0 0.0 0.0 0.0 
6203 6.13 3.792213171250181e-05 0.0 0.0 3.792213171250181e-05 0.0 0.0 0.0 0.0 0.0 0.0 0.0 0.0 0.0 0.0 0.0 0.0 0.0 0.0 0.0 0.0 0.0 
6204 6.131 3.776151937904503e-05 0.0 0.0 3.776151937904503e-05 0.0 0.0 0.0 0.0 0.0 0.0 0.0 0.0 0.0 0.0 0.0 0.0 0.0 0.0 0.0 0.0 0.0 
6205 6.132 3.7601290243043807e-05 0.0 0.0 3.7601290243043807e-05 0.0 0.0 0.0 0.0 0.0 0.0 0.0 0.0 0.0 0.0 0.0 0.0 0.0 0.0 0.0 0.0 0.0 
6206 6.133 3.744144446046157e-05 0.0 0.0 3.744144446046157e-05 0.0 0.0 0.0 0.0 0.0 0.0 0.0 0.0 0.0 0.0 0.0 0.0 0.0 0.0 0.0 0.0 0.0 
6207 6.134 3.728198218423499e-05 0.0 0.0 3.728198218423499e-05 0.0 0.0 0.0 0.0 0.0 0.0 0.0 0.0 0.0 0.0 0.0 0.0 0.0 0.0 0.0 0.0 0.0 
6208 6.135 3.7122903564270105e-05 0.0 0.0 3.7122903564270105e-05 0.0 0.0 0.0 0.0 0.0 0.0 0.0 0.0 0.0 0.0 0.0 0.0 0.0 0.0 0.0 0.0 0.0 
6209 6.136 3.696420874743844e-05 0.0 0.0 3.696420874743844e-05 0.0 0.0 0.0 0.0 0.0 0.0 0.0 0.0 0.0 0.0 0.0 0.0 0.0 0.0 0.0 0.0 0.0 
6210 6.137 3.680589787757311e-05 0.0 0.0 3.680589787757311e-05 0.0 0.0 0.0 0.0 0.0 0.0 0.0 0.0 0.0 0.0 0.0 0.0 0.0 0.0 0.0 0.0 0.0 
6211 6.138 3.6647971095465024e-05 0.0 0.0 3.6647971095465024e-05 0.0 0.0 0.0 0.0 0.0 0.0 0.0 0.0 0.0 0.0 0.0 0.0 0.0 0.0 0.0 0.0 0.0 
6212 6.139 3.649042853885905e-05 0.0 0.0 3.649042853885905e-05 0.0 0.0 0.0 0.0 0.0 0.0 0.0 0.0 0.0 0.0 0.0 0.0 0.0 0.0 0.0 0.0 0.0 
6213 6.14 3.6333270342450296e-05 0.0 0.0 3.6333270342450296e-05 0.0 0.0 0.0 0.0 0.0 0.0 0.0 0.0 0.0 0.0 0.0 0.0 0.0 0.0 0.0 0.0 0.0 
6214 6.141 3.617649663788027e-05 0.0 0.0 3.617649663788027e-05 0.0 0.0 0.0 0.0 0.0 0.0 0.0 0.0 0.0 0.0 0.0 0.0 0.0 0.0 0.0 0.0 0.0 
6215 6.142 3.602010755373336e-05 0.0 0.0 3.602010755373336e-05 0.0 0.0 0.0 0.0 0.0 0.0 0.0 0.0 0.0 0.0 0.0 0.0 0.0 0.0 0.0 0.0 0.0 
6216 6.143 3.586410321553296e-05 0.0 0.0 3.586410321553296e-05 0.0 0.0 0.0 0.0 0.0 0.0 0.0 0.0 0.0 0.0 0.0 0.0 0.0 0.0 0.0 0.0 0.0 
6217 6.144 3.570848374573795e-05 0.0 0.0 3.570848374573795e-05 0.0 0.0 0.0 0.0 0.0 0.0 0.0 0.0 0.0 0.0 0.0 0.0 0.0 0.0 0.0 0.0 0.0 
6218 6.145 3.55532492637391e-05 0.0 0.0 3.55532492637391e-05 0.0 0.0 0.0 0.0 0.0 0.0 0.0 0.0 0.0 0.0 0.0 0.0 0.0 0.0 0.0 0.0 0.0 
6219 6.146 3.539839988585543e-05 0.0 0.0 3.539839988585543e-05 0.0 0.0 0.0 0.0 0.0 0.0 0.0 0.0 0.0 0.0 0.0 0.0 0.0 0.0 0.0 0.0 0.0 
6220 6.147 3.524393572533067e-05 0.0 0.0 3.524393572533067e-05 0.0 0.0 0.0 0.0 0.0 0.0 0.0 0.0 0.0 0.0 0.0 0.0 0.0 0.0 0.0 0.0 0.0 
6221 6.147 3.508985689232983e-05 0.0 0.0 3.508985689232983e-05 0.0 0.0 0.0 0.0 0.0 0.0 0.0 0.0 0.0 0.0 0.0 0.0 0.0 0.0 0.0 0.0 0.0 
6222 6.148 3.4936163493935626e-05 0.0 0.0 3.4936163493935626e-05 0.0 0.0 0.0 0.0 0.0 0.0 0.0 0.0 0.0 0.0 0.0 0.0 0.0 0.0 0.0 0.0 0.0 
6223 6.149 3.478285563414514e-05 0.0 0.0 3.478285563414514e-05 0.0 0.0 0.0 0.0 0.0 0.0 0.0 0.0 0.0 0.0 0.0 0.0 0.0 0.0 0.0 0.0 0.0 
6224 6.15 3.4629933413866304e-05 0.0 0.0 3.4629933413866304e-05 0.0 0.0 0.0 0.0 0.0 0.0 0.0 0.0 0.0 0.0 0.0 0.0 0.0 0.0 0.0 0.0 0.0 
6225 6.151 3.4477396930914605e-05 0.0 0.0 3.4477396930914605e-05 0.0 0.0 0.0 0.0 0.0 0.0 0.0 0.0 0.0 0.0 0.0 0.0 0.0 0.0 0.0 0.0 0.0 
6226 6.152 3.432524628000972e-05 0.0 0.0 3.432524628000972e-05 0.0 0.0 0.0 0.0 0.0 0.0 0.0 0.0 0.0 0.0 0.0 0.0 0.0 0.0 0.0 0.0 0.0 
6227 6.153 3.417348155277218e-05 0.0 0.0 3.417348155277218e-05 0.0 0.0 0.0 0.0 0.0 0.0 0.0 0.0 0.0 0.0 0.0 0.0 0.0 0.0 0.0 0.0 0.0 
6228 6.154 3.4022102837720165e-05 0.0 0.0 3.4022102837720165e-05 0.0 0.0 0.0 0.0 0.0 0.0 0.0 0.0 0.0 0.0 0.0 0.0 0.0 0.0 0.0 0.0 0.0 
6229 6.155 3.38711102202662e-05 0.0 0.0 3.38711102202662e-05 0.0 0.0 0.0 0.0 0.0 0.0 0.0 0.0 0.0 0.0 0.0 0.0 0.0 0.0 0.0 0.0 0.0 
6230 6.156 3.3720503782713946e-05 0.0 0.0 3.3720503782713946e-05 0.0 0.0 0.0 0.0 0.0 0.0 0.0 0.0 0.0 0.0 0.0 0.0 0.0 0.0 0.0 0.0 0.0 
6231 6.157 3.357028360425513e-05 0.0 0.0 3.357028360425513e-05 0.0 0.0 0.0 0.0 0.0 0.0 0.0 0.0 0.0 0.0 0.0 0.0 0.0 0.0 0.0 0.0 0.0 
6232 6.158 3.342044976096626e-05 0.0 0.0 3.342044976096626e-05 0.0 0.0 0.0 0.0 0.0 0.0 0.0 0.0 0.0 0.0 0.0 0.0 0.0 0.0 0.0 0.0 0.0 
6233 6.159 3.327100232580564e-05 0.0 0.0 3.327100232580564e-05 0.0 0.0 0.0 0.0 0.0 0.0 0.0 0.0 0.0 0.0 0.0 0.0 0.0 0.0 0.0 0.0 0.0 
6234 6.16 3.3121941368610284e-05 0.0 0.0 3.3121941368610284e-05 0.0 0.0 0.0 0.0 0.0 0.0 0.0 0.0 0.0 0.0 0.0 0.0 0.0 0.0 0.0 0.0 0.0 
6235 6.161 3.297326695609285e-05 0.0 0.0 3.297326695609285e-05 0.0 0.0 0.0 0.0 0.0 0.0 0.0 0.0 0.0 0.0 0.0 0.0 0.0 0.0 0.0 0.0 0.0 
6236 6.162 3.2824979151838666e-05 0.0 0.0 3.2824979151838666e-05 0.0 0.0 0.0 0.0 0.0 0.0 0.0 0.0 0.0 0.0 0.0 0.0 0.0 0.0 0.0 0.0 0.0 
6237 6.163 3.267707801630279e-05 0.0 0.0 3.267707801630279e-05 0.0 0.0 0.0 0.0 0.0 0.0 0.0 0.0 0.0 0.0 0.0 0.0 0.0 0.0 0.0 0.0 0.0 
6238 6.164 3.252956360680703e-05 0.0 0.0 3.252956360680703e-05 0.0 0.0 0.0 0.0 0.0 0.0 0.0 0.0 0.0 0.0 0.0 0.0 0.0 0.0 0.0 0.0 0.0 
6239 6.165 3.238243597753717e-05 0.0 0.0 3.238243597753717e-05 0.0 0.0 0.0 0.0 0.0 0.0 0.0 0.0 0.0 0.0 0.0 0.0 0.0 0.0 0.0 0.0 0.0 
6240 6.166 3.223569517953996e-05 0.0 0.0 3.223569517953996e-05 0.0 0.0 0.0 0.0 0.0 0.0 0.0 0.0 0.0 0.0 0.0 0.0 0.0 0.0 0.0 0.0 0.0 
6241 6.167 3.208934126072045e-05 0.0 0.0 3.208934126072045e-05 0.0 0.0 0.0 0.0 0.0 0.0 0.0 0.0 0.0 0.0 0.0 0.0 0.0 0.0 0.0 0.0 0.0 
6242 6.168 3.194337426583913e-05 0.0 0.0 3.194337426583913e-05 0.0 0.0 0.0 0.0 0.0 0.0 0.0 0.0 0.0 0.0 0.0 0.0 0.0 0.0 0.0 0.0 0.0 
6243 6.169 3.17977942365092e-05 0.0 0.0 3.17977942365092e-05 0.0 0.0 0.0 0.0 0.0 0.0 0.0 0.0 0.0 0.0 0.0 0.0 0.0 0.0 0.0 0.0 0.0 
6244 6.17 3.1652601211193895e-05 0.0 0.0 3.1652601211193895e-05 0.0 0.0 0.0 0.0 0.0 0.0 0.0 0.0 0.0 0.0 0.0 0.0 0.0 0.0 0.0 0.0 0.0 
6245 6.171 3.150779522520378e-05 0.0 0.0 3.150779522520378e-05 0.0 0.0 0.0 0.0 0.0 0.0 0.0 0.0 0.0 0.0 0.0 0.0 0.0 0.0 0.0 0.0 0.0 
6246 6.172 3.136337631069413e-05 0.0 0.0 3.136337631069413e-05 0.0 0.0 0.0 0.0 0.0 0.0 0.0 0.0 0.0 0.0 0.0 0.0 0.0 0.0 0.0 0.0 0.0 
6247 6.173 3.121934449666238e-05 0.0 0.0 3.121934449666238e-05 0.0 0.0 0.0 0.0 0.0 0.0 0.0 0.0 0.0 0.0 0.0 0.0 0.0 0.0 0.0 0.0 0.0 
6248 6.174 3.107569980894548e-05 0.0 0.0 3.107569980894548e-05 0.0 0.0 0.0 0.0 0.0 0.0 0.0 0.0 0.0 0.0 0.0 0.0 0.0 0.0 0.0 0.0 0.0 
6249 6.175 3.093244227021749e-05 0.0 0.0 3.093244227021749e-05 0.0 0.0 0.0 0.0 0.0 0.0 0.0 0.0 0.0 0.0 0.0 0.0 0.0 0.0 0.0 0.0 0.0 
6250 6.176 3.078957189998698e-05 0.0 0.0 3.078957189998698e-05 0.0 0.0 0.0 0.0 0.0 0.0 0.0 0.0 0.0 0.0 0.0 0.0 0.0 0.0 0.0 0.0 0.0 
6251 6.177 3.064708871459469e-05 0.0 0.0 3.064708871459469e-05 0.0 0.0 0.0 0.0 0.0 0.0 0.0 0.0 0.0 0.0 0.0 0.0 0.0 0.0 0.0 0.0 0.0 
6252 6.178 3.0504992727211048e-05 0.0 0.0 3.0504992727211048e-05 0.0 0.0 0.0 0.0 0.0 0.0 0.0 0.0 0.0 0.0 0.0 0.0 0.0 0.0 0.0 0.0 0.0 
6253 6.179 3.0363283947833874e-05 0.0 0.0 3.0363283947833874e-05 0.0 0.0 0.0 0.0 0.0 0.0 0.0 0.0 0.0 0.0 0.0 0.0 0.0 0.0 0.0 0.0 0.0 
6254 6.18 3.0221962383285992e-05 0.0 0.0 3.0221962383285992e-05 0.0 0.0 0.0 0.0 0.0 0.0 0.0 0.0 0.0 0.0 0.0 0.0 0.0 0.0 0.0 0.0 0.0 
6255 6.181 3.008102803721299e-05 0.0 0.0 3.008102803721299e-05 0.0 0.0 0.0 0.0 0.0 0.0 0.0 0.0 0.0 0.0 0.0 0.0 0.0 0.0 0.0 0.0 0.0 
6256 6.182 2.9940480910080928e-05 0.0 0.0 2.9940480910080928e-05 0.0 0.0 0.0 0.0 0.0 0.0 0.0 0.0 0.0 0.0 0.0 0.0 0.0 0.0 0.0 0.0 0.0 
6257 6.183 2.980032099917414e-05 0.0 0.0 2.980032099917414e-05 0.0 0.0 0.0 0.0 0.0 0.0 0.0 0.0 0.0 0.0 0.0 0.0 0.0 0.0 0.0 0.0 0.0 
6258 6.184 2.966054829859307e-05 0.0 0.0 2.966054829859307e-05 0.0 0.0 0.0 0.0 0.0 0.0 0.0 0.0 0.0 0.0 0.0 0.0 0.0 0.0 0.0 0.0 0.0 
6259 6.185 2.9521162799252168e-05 0.0 0.0 2.9521162799252168e-05 0.0 0.0 0.0 0.0 0.0 0.0 0.0 0.0 0.0 0.0 0.0 0.0 0.0 0.0 0.0 0.0 0.0 
6260 6.186 2.9382164488877733e-05 0.0 0.0 2.9382164488877733e-05 0.0 0.0 0.0 0.0 0.0 0.0 0.0 0.0 0.0 0.0 0.0 0.0 0.0 0.0 0.0 0.0 0.0 
6261 6.187 2.9243553352005904e-05 0.0 0.0 2.9243553352005904e-05 0.0 0.0 0.0 0.0 0.0 0.0 0.0 0.0 0.0 0.0 0.0 0.0 0.0 0.0 0.0 0.0 0.0 
6262 6.188 2.910532936998063e-05 0.0 0.0 2.910532936998063e-05 0.0 0.0 0.0 0.0 0.0 0.0 0.0 0.0 0.0 0.0 0.0 0.0 0.0 0.0 0.0 0.0 0.0 
6263 6.189 2.896749252095171e-05 0.0 0.0 2.896749252095171e-05 0.0 0.0 0.0 0.0 0.0 0.0 0.0 0.0 0.0 0.0 0.0 0.0 0.0 0.0 0.0 0.0 0.0 
6264 6.19 2.8830042779872845e-05 0.0 0.0 2.8830042779872845e-05 0.0 0.0 0.0 0.0 0.0 0.0 0.0 0.0 0.0 0.0 0.0 0.0 0.0 0.0 0.0 0.0 0.0 
6265 6.191 2.8692980118499736e-05 0.0 0.0 2.8692980118499736e-05 0.0 0.0 0.0 0.0 0.0 0.0 0.0 0.0 0.0 0.0 0.0 0.0 0.0 0.0 0.0 0.0 0.0 
6266 6.192 2.8556304505388277e-05 0.0 0.0 2.8556304505388277e-05 0.0 0.0 0.0 0.0 0.0 0.0 0.0 0.0 0.0 0.0 0.0 0.0 0.0 0.0 0.0 0.0 0.0 
6267 6.193 2.8420015905892687e-05 0.0 0.0 2.8420015905892687e-05 0.0 0.0 0.0 0.0 0.0 0.0 0.0 0.0 0.0 0.0 0.0 0.0 0.0 0.0 0.0 0.0 0.0 
6268 6.194 2.8284114282163786e-05 0.0 0.0 2.8284114282163786e-05 0.0 0.0 0.0 0.0 0.0 0.0 0.0 0.0 0.0 0.0 0.0 0.0 0.0 0.0 0.0 0.0 0.0 
6269 6.195 2.8148599593147206e-05 0.0 0.0 2.8148599593147206e-05 0.0 0.0 0.0 0.0 0.0 0.0 0.0 0.0 0.0 0.0 0.0 0.0 0.0 0.0 0.0 0.0 0.0 
6270 6.196 2.8013471794581776e-05 0.0 0.0 2.8013471794581776e-05 0.0 0.0 0.0 0.0 0.0 0.0 0.0 0.0 0.0 0.0 0.0 0.0 0.0 0.0 0.0 0.0 0.0 
6271 6.197 2.7878730838997806e-05 0.0 0.0 2.7878730838997806e-05 0.0 0.0 0.0 0.0 0.0 0.0 0.0 0.0 0.0 0.0 0.0 0.0 0.0 0.0 0.0 0.0 0.0 
6272 6.198 2.7744376675715525e-05 0.0 0.0 2.7744376675715525e-05 0.0 0.0 0.0 0.0 0.0 0.0 0.0 0.0 0.0 0.0 0.0 0.0 0.0 0.0 0.0 0.0 0.0 
6273 6.199 2.7610409250843512e-05 0.0 0.0 2.7610409250843512e-05 0.0 0.0 0.0 0.0 0.0 0.0 0.0 0.0 0.0 0.0 0.0 0.0 0.0 0.0 0.0 0.0 0.0 
6274 6.2 2.747682850727714e-05 0.0 0.0 2.747682850727714e-05 0.0 0.0 0.0 0.0 0.0 0.0 0.0 0.0 0.0 0.0 0.0 0.0 0.0 0.0 0.0 0.0 0.0 
6275 6.201 2.734363438469714e-05 0.0 0.0 2.734363438469714e-05 0.0 0.0 0.0 0.0 0.0 0.0 0.0 0.0 0.0 0.0 0.0 0.0 0.0 0.0 0.0 0.0 0.0 
6276 6.202 2.7210826819568122e-05 0.0 0.0 2.7210826819568122e-05 0.0 0.0 0.0 0.0 0.0 0.0 0.0 0.0 0.0 0.0 0.0 0.0 0.0 0.0 0.0 0.0 0.0 
6277 6.203 2.7078405745137217e-05 0.0 0.0 2.7078405745137217e-05 0.0 0.0 0.0 0.0 0.0 0.0 0.0 0.0 0.0 0.0 0.0 0.0 0.0 0.0 0.0 0.0 0.0 
6278 6.204 2.694637109143268e-05 0.0 0.0 2.694637109143268e-05 0.0 0.0 0.0 0.0 0.0 0.0 0.0 0.0 0.0 0.0 0.0 0.0 0.0 0.0 0.0 0.0 0.0 
6279 6.205 2.6814722785262622e-05 0.0 0.0 2.6814722785262622e-05 0.0 0.0 0.0 0.0 0.0 0.0 0.0 0.0 0.0 0.0 0.0 0.0 0.0 0.0 0.0 0.0 0.0 
6280 6.206 2.668346075021373e-05 0.0 0.0 2.668346075021373e-05 0.0 0.0 0.0 0.0 0.0 0.0 0.0 0.0 0.0 0.0 0.0 0.0 0.0 0.0 0.0 0.0 0.0 
6281 6.207 2.655258490665001e-05 0.0 0.0 2.655258490665001e-05 0.0 0.0 0.0 0.0 0.0 0.0 0.0 0.0 0.0 0.0 0.0 0.0 0.0 0.0 0.0 0.0 0.0 
6282 6.208 2.6422095171711632e-05 0.0 0.0 2.6422095171711632e-05 0.0 0.0 0.0 0.0 0.0 0.0 0.0 0.0 0.0 0.0 0.0 0.0 0.0 0.0 0.0 0.0 0.0 
6283 6.209 2.6291991459313808e-05 0.0 0.0 2.6291991459313808e-05 0.0 0.0 0.0 0.0 0.0 0.0 0.0 0.0 0.0 0.0 0.0 0.0 0.0 0.0 0.0 0.0 0.0 
6284 6.21 2.6162273680145662e-05 0.0 0.0 2.6162273680145662e-05 0.0 0.0 0.0 0.0 0.0 0.0 0.0 0.0 0.0 0.0 0.0 0.0 0.0 0.0 0.0 0.0 0.0 
6285 6.211 2.6032941741669192e-05 0.0 0.0 2.6032941741669192e-05 0.0 0.0 0.0 0.0 0.0 0.0 0.0 0.0 0.0 0.0 0.0 0.0 0.0 0.0 0.0 0.0 0.0 
6286 6.212 2.5903995548118274e-05 0.0 0.0 2.5903995548118274e-05 0.0 0.0 0.0 0.0 0.0 0.0 0.0 0.0 0.0 0.0 0.0 0.0 0.0 0.0 0.0 0.0 0.0 
6287 6.213 2.577543500049768e-05 0.0 0.0 2.577543500049768e-05 0.0 0.0 0.0 0.0 0.0 0.0 0.0 0.0 0.0 0.0 0.0 0.0 0.0 0.0 0.0 0.0 0.0 
6288 6.214 2.5647259996582163e-05 0.0 0.0 2.5647259996582163e-05 0.0 0.0 0.0 0.0 0.0 0.0 0.0 0.0 0.0 0.0 0.0 0.0 0.0 0.0 0.0 0.0 0.0 
6289 6.215 2.551947043091561e-05 0.0 0.0 2.551947043091561e-05 0.0 0.0 0.0 0.0 0.0 0.0 0.0 0.0 0.0 0.0 0.0 0.0 0.0 0.0 0.0 0.0 0.0 
6290 6.216 2.539206619481016e-05 0.0 0.0 2.539206619481016e-05 0.0 0.0 0.0 0.0 0.0 0.0 0.0 0.0 0.0 0.0 0.0 0.0 0.0 0.0 0.0 0.0 0.0 
6291 6.217 2.5265047176345448e-05 0.0 0.0 2.5265047176345448e-05 0.0 0.0 0.0 0.0 0.0 0.0 0.0 0.0 0.0 0.0 0.0 0.0 0.0 0.0 0.0 0.0 0.0 
6292 6.218 2.5138413260367884e-05 0.0 0.0 2.5138413260367884e-05 0.0 0.0 0.0 0.0 0.0 0.0 0.0 0.0 0.0 0.0 0.0 0.0 0.0 0.0 0.0 0.0 0.0 
6293 6.219 2.501216432848989e-05 0.0 0.0 2.501216432848989e-05 0.0 0.0 0.0 0.0 0.0 0.0 0.0 0.0 0.0 0.0 0.0 0.0 0.0 0.0 0.0 0.0 0.0 
6294 6.22 2.488630025908935e-05 0.0 0.0 2.488630025908935e-05 0.0 0.0 0.0 0.0 0.0 0.0 0.0 0.0 0.0 0.0 0.0 0.0 0.0 0.0 0.0 0.0 0.0 
6295 6.221 2.4760820927308902e-05 0.0 0.0 2.4760820927308902e-05 0.0 0.0 0.0 0.0 0.0 0.0 0.0 0.0 0.0 0.0 0.0 0.0 0.0 0.0 0.0 0.0 0.0 
6296 6.222 2.463572620505545e-05 0.0 0.0 2.463572620505545e-05 0.0 0.0 0.0 0.0 0.0 0.0 0.0 0.0 0.0 0.0 0.0 0.0 0.0 0.0 0.0 0.0 0.0 
6297 6.223 2.4511015960999615e-05 0.0 0.0 2.4511015960999615e-05 0.0 0.0 0.0 0.0 0.0 0.0 0.0 0.0 0.0 0.0 0.0 0.0 0.0 0.0 0.0 0.0 0.0 
6298 6.224 2.4386690060575277e-05 0.0 0.0 2.4386690060575277e-05 0.0 0.0 0.0 0.0 0.0 0.0 0.0 0.0 0.0 0.0 0.0 0.0 0.0 0.0 0.0 0.0 0.0 
6299 6.225 2.4262748365979154e-05 0.0 0.0 2.4262748365979154e-05 0.0 0.0 0.0 0.0 0.0 0.0 0.0 0.0 0.0 0.0 0.0 0.0 0.0 0.0 0.0 0.0 0.0 
6300 6.226 2.4139190736170402e-05 0.0 0.0 2.4139190736170402e-05 0.0 0.0 0.0 0.0 0.0 0.0 0.0 0.0 0.0 0.0 0.0 0.0 0.0 0.0 0.0 0.0 0.0 
6301 6.227 2.401601702687034e-05 0.0 0.0 2.401601702687034e-05 0.0 0.0 0.0 0.0 0.0 0.0 0.0 0.0 0.0 0.0 0.0 0.0 0.0 0.0 0.0 0.0 0.0 
6302 6.228 2.3893227090562114e-05 0.0 0.0 2.3893227090562114e-05 0.0 0.0 0.0 0.0 0.0 0.0 0.0 0.0 0.0 0.0 0.0 0.0 0.0 0.0 0.0 0.0 0.0 
6303 6.229 2.377082077649048e-05 0.0 0.0 2.377082077649048e-05 0.0 0.0 0.0 0.0 0.0 0.0 0.0 0.0 0.0 0.0 0.0 0.0 0.0 0.0 0.0 0.0 0.0 
6304 6.23 2.3648797930661623e-05 0.0 0.0 2.3648797930661623e-05 0.0 0.0 0.0 0.0 0.0 0.0 0.0 0.0 0.0 0.0 0.0 0.0 0.0 0.0 0.0 0.0 0.0 
6305 6.231 2.3527158395843e-05 0.0 0.0 2.3527158395843e-05 0.0 0.0 0.0 0.0 0.0 0.0 0.0 0.0 0.0 0.0 0.0 0.0 0.0 0.0 0.0 0.0 0.0 
6306 6.231 2.340590201156325e-05 0.0 0.0 2.340590201156325e-05 0.0 0.0 0.0 0.0 0.0 0.0 0.0 0.0 0.0 0.0 0.0 0.0 0.0 0.0 0.0 0.0 0.0 
6307 6.232 2.3285028614112136e-05 0.0 0.0 2.3285028614112136e-05 0.0 0.0 0.0 0.0 0.0 0.0 0.0 0.0 0.0 0.0 0.0 0.0 0.0 0.0 0.0 0.0 0.0 
6308 6.233 2.316453803654058e-05 0.0 0.0 2.316453803654058e-05 0.0 0.0 0.0 0.0 0.0 0.0 0.0 0.0 0.0 0.0 0.0 0.0 0.0 0.0 0.0 0.0 0.0 
6309 6.234 2.3044430108660657e-05 0.0 0.0 2.3044430108660657e-05 0.0 0.0 0.0 0.0 0.0 0.0 0.0 0.0 0.0 0.0 0.0 0.0 0.0 0.0 0.0 0.0 0.0 
6310 6.235 2.2924704657045753e-05 0.0 0.0 2.2924704657045753e-05 0.0 0.0 0.0 0.0 0.0 0.0 0.0 0.0 0.0 0.0 0.0 0.0 0.0 0.0 0.0 0.0 0.0 
6311 6.236 2.280536150503062e-05 0.0 0.0 2.280536150503062e-05 0.0 0.0 0.0 0.0 0.0 0.0 0.0 0.0 0.0 0.0 0.0 0.0 0.0 0.0 0.0 0.0 0.0 
6312 6.237 2.2686400472711676e-05 0.0 0.0 2.2686400472711676e-05 0.0 0.0 0.0 0.0 0.0 0.0 0.0 0.0 0.0 0.0 0.0 0.0 0.0 0.0 0.0 0.0 0.0 
6313 6.238 2.256782137694716e-05 0.0 0.0 2.256782137694716e-05 0.0 0.0 0.0 0.0 0.0 0.0 0.0 0.0 0.0 0.0 0.0 0.0 0.0 0.0 0.0 0.0 0.0 
6314 6.239 2.2449624031357453e-05 0.0 0.0 2.2449624031357453e-05 0.0 0.0 0.0 0.0 0.0 0.0 0.0 0.0 0.0 0.0 0.0 0.0 0.0 0.0 0.0 0.0 0.0 
6315 6.24 2.233180824632541e-05 0.0 0.0 2.233180824632541e-05 0.0 0.0 0.0 0.0 0.0 0.0 0.0 0.0 0.0 0.0 0.0 0.0 0.0 0.0 0.0 0.0 0.0 
6316 6.241 2.2214373828996744e-05 0.0 0.0 2.2214373828996744e-05 0.0 0.0 0.0 0.0 0.0 0.0 0.0 0.0 0.0 0.0 0.0 0.0 0.0 0.0 0.0 0.0 0.0 
6317 6.242 2.2097320583280478e-05 0.0 0.0 2.2097320583280478e-05 0.0 0.0 0.0 0.0 0.0 0.0 0.0 0.0 0.0 0.0 0.0 0.0 0.0 0.0 0.0 0.0 0.0 
6318 6.243 2.19806483098494e-05 0.0 0.0 2.19806483098494e-05 0.0 0.0 0.0 0.0 0.0 0.0 0.0 0.0 0.0 0.0 0.0 0.0 0.0 0.0 0.0 0.0 0.0 
6319 6.244 2.1864356806140622e-05 0.0 0.0 2.1864356806140622e-05 0.0 0.0 0.0 0.0 0.0 0.0 0.0 0.0 0.0 0.0 0.0 0.0 0.0 0.0 0.0 0.0 0.0 
6320 6.245 2.174844586635614e-05 0.0 0.0 2.174844586635614e-05 0.0 0.0 0.0 0.0 0.0 0.0 0.0 0.0 0.0 0.0 0.0 0.0 0.0 0.0 0.0 0.0 0.0 
6321 6.246 2.1632915281463477e-05 0.0 0.0 2.1632915281463477e-05 0.0 0.0 0.0 0.0 0.0 0.0 0.0 0.0 0.0 0.0 0.0 0.0 0.0 0.0 0.0 0.0 0.0 
6322 6.247 2.1517764839196372e-05 0.0 0.0 2.1517764839196372e-05 0.0 0.0 0.0 0.0 0.0 0.0 0.0 0.0 0.0 0.0 0.0 0.0 0.0 0.0 0.0 0.0 0.0 
6323 6.248 2.140299432405553e-05 0.0 0.0 2.140299432405553e-05 0.0 0.0 0.0 0.0 0.0 0.0 0.0 0.0 0.0 0.0 0.0 0.0 0.0 0.0 0.0 0.0 0.0 
6324 6.249 2.1288603517309323e-05 0.0 0.0 2.1288603517309323e-05 0.0 0.0 0.0 0.0 0.0 0.0 0.0 0.0 0.0 0.0 0.0 0.0 0.0 0.0 0.0 0.0 0.0 
6325 6.25 2.1174592196994744e-05 0.0 0.0 2.1174592196994744e-05 0.0 0.0 0.0 0.0 0.0 0.0 0.0 0.0 0.0 0.0 0.0 0.0 0.0 0.0 0.0 0.0 0.0 
6326 6.251 2.1060960137918178e-05 0.0 0.0 2.1060960137918178e-05 0.0 0.0 0.0 0.0 0.0 0.0 0.0 0.0 0.0 0.0 0.0 0.0 0.0 0.0 0.0 0.0 0.0 
6327 6.252 2.0947707111656417e-05 0.0 0.0 2.0947707111656417e-05 0.0 0.0 0.0 0.0 0.0 0.0 0.0 0.0 0.0 0.0 0.0 0.0 0.0 0.0 0.0 0.0 0.0 
6328 6.253 2.0834832886557588e-05 0.0 0.0 2.0834832886557588e-05 0.0 0.0 0.0 0.0 0.0 0.0 0.0 0.0 0.0 0.0 0.0 0.0 0.0 0.0 0.0 0.0 0.0 
6329 6.254 2.0722337227742234e-05 0.0 0.0 2.0722337227742234e-05 0.0 0.0 0.0 0.0 0.0 0.0 0.0 0.0 0.0 0.0 0.0 0.0 0.0 0.0 0.0 0.0 0.0 
6330 6.255 2.0610219897104368e-05 0.0 0.0 2.0610219897104368e-05 0.0 0.0 0.0 0.0 0.0 0.0 0.0 0.0 0.0 0.0 0.0 0.0 0.0 0.0 0.0 0.0 0.0 
6331 6.256 2.0498480653312625e-05 0.0 0.0 2.0498480653312625e-05 0.0 0.0 0.0 0.0 0.0 0.0 0.0 0.0 0.0 0.0 0.0 0.0 0.0 0.0 0.0 0.0 0.0 
6332 6.257 2.038711925181145e-05 0.0 0.0 2.038711925181145e-05 0.0 0.0 0.0 0.0 0.0 0.0 0.0 0.0 0.0 0.0 0.0 0.0 0.0 0.0 0.0 0.0 0.0 
6333 6.258 2.0276135444822337e-05 0.0 0.0 2.0276135444822337e-05 0.0 0.0 0.0 0.0 0.0 0.0 0.0 0.0 0.0 0.0 0.0 0.0 0.0 0.0 0.0 0.0 0.0 
6334 6.259 2.0165528981345117e-05 0.0 0.0 2.0165528981345117e-05 0.0 0.0 0.0 0.0 0.0 0.0 0.0 0.0 0.0 0.0 0.0 0.0 0.0 0.0 0.0 0.0 0.0 
6335 6.26 2.0055299607159334e-05 0.0 0.0 2.0055299607159334e-05 0.0 0.0 0.0 0.0 0.0 0.0 0.0 0.0 0.0 0.0 0.0 0.0 0.0 0.0 0.0 0.0 0.0 
6336 6.261 1.9945447064825582e-05 0.0 0.0 1.9945447064825582e-05 0.0 0.0 0.0 0.0 0.0 0.0 0.0 0.0 0.0 0.0 0.0 0.0 0.0 0.0 0.0 0.0 0.0 
6337 6.262 1.9835971093687023e-05 0.0 0.0 1.9835971093687023e-05 0.0 0.0 0.0 0.0 0.0 0.0 0.0 0.0 0.0 0.0 0.0 0.0 0.0 0.0 0.0 0.0 0.0 
6338 6.263 1.9726871429870823e-05 0.0 0.0 1.9726871429870823e-05 0.0 0.0 0.0 0.0 0.0 0.0 0.0 0.0 0.0 0.0 0.0 0.0 0.0 0.0 0.0 0.0 0.0 
6339 6.264 1.9618147806289764e-05 0.0 0.0 1.9618147806289764e-05 0.0 0.0 0.0 0.0 0.0 0.0 0.0 0.0 0.0 0.0 0.0 0.0 0.0 0.0 0.0 0.0 0.0 
6340 6.265 1.9509799952643815e-05 0.0 0.0 1.9509799952643815e-05 0.0 0.0 0.0 0.0 0.0 0.0 0.0 0.0 0.0 0.0 0.0 0.0 0.0 0.0 0.0 0.0 0.0 
6341 6.266 1.9401827595421802e-05 0.0 0.0 1.9401827595421802e-05 0.0 0.0 0.0 0.0 0.0 0.0 0.0 0.0 0.0 0.0 0.0 0.0 0.0 0.0 0.0 0.0 0.0 
6342 6.267 1.9294230457903116e-05 0.0 0.0 1.9294230457903116e-05 0.0 0.0 0.0 0.0 0.0 0.0 0.0 0.0 0.0 0.0 0.0 0.0 0.0 0.0 0.0 0.0 0.0 
6343 6.268 1.9187008260159485e-05 0.0 0.0 1.9187008260159485e-05 0.0 0.0 0.0 0.0 0.0 0.0 0.0 0.0 0.0 0.0 0.0 0.0 0.0 0.0 0.0 0.0 0.0 
6344 6.269 1.9080160719056794e-05 0.0 0.0 1.9080160719056794e-05 0.0 0.0 0.0 0.0 0.0 0.0 0.0 0.0 0.0 0.0 0.0 0.0 0.0 0.0 0.0 0.0 0.0 
6345 6.27 1.897368754825696e-05 0.0 0.0 1.897368754825696e-05 0.0 0.0 0.0 0.0 0.0 0.0 0.0 0.0 0.0 0.0 0.0 0.0 0.0 0.0 0.0 0.0 0.0 
6346 6.271 1.886758845821985e-05 0.0 0.0 1.886758845821985e-05 0.0 0.0 0.0 0.0 0.0 0.0 0.0 0.0 0.0 0.0 0.0 0.0 0.0 0.0 0.0 0.0 0.0 
6347 6.272 1.876186315620526e-05 0.0 0.0 1.876186315620526e-05 0.0 0.0 0.0 0.0 0.0 0.0 0.0 0.0 0.0 0.0 0.0 0.0 0.0 0.0 0.0 0.0 0.0 
6348 6.273 1.865651134627496e-05 0.0 0.0 1.865651134627496e-05 0.0 0.0 0.0 0.0 0.0 0.0 0.0 0.0 0.0 0.0 0.0 0.0 0.0 0.0 0.0 0.0 0.0 
6349 6.274 1.855153272929478e-05 0.0 0.0 1.855153272929478e-05 0.0 0.0 0.0 0.0 0.0 0.0 0.0 0.0 0.0 0.0 0.0 0.0 0.0 0.0 0.0 0.0 0.0 
6350 6.275 1.8446927002936746e-05 0.0 0.0 1.8446927002936746e-05 0.0 0.0 0.0 0.0 0.0 0.0 0.0 0.0 0.0 0.0 0.0 0.0 0.0 0.0 0.0 0.0 0.0 
6351 6.276 1.8342693861681275e-05 0.0 0.0 1.8342693861681275e-05 0.0 0.0 0.0 0.0 0.0 0.0 0.0 0.0 0.0 0.0 0.0 0.0 0.0 0.0 0.0 0.0 0.0 
6352 6.277 1.823883299681945e-05 0.0 0.0 1.823883299681945e-05 0.0 0.0 0.0 0.0 0.0 0.0 0.0 0.0 0.0 0.0 0.0 0.0 0.0 0.0 0.0 0.0 0.0 
6353 6.278 1.8135344096455287e-05 0.0 0.0 1.8135344096455287e-05 0.0 0.0 0.0 0.0 0.0 0.0 0.0 0.0 0.0 0.0 0.0 0.0 0.0 0.0 0.0 0.0 0.0 
6354 6.279 1.8032226845508133e-05 0.0 0.0 1.8032226845508133e-05 0.0 0.0 0.0 0.0 0.0 0.0 0.0 0.0 0.0 0.0 0.0 0.0 0.0 0.0 0.0 0.0 0.0 
6355 6.28 1.7929480925715075e-05 0.0 0.0 1.7929480925715075e-05 0.0 0.0 0.0 0.0 0.0 0.0 0.0 0.0 0.0 0.0 0.0 0.0 0.0 0.0 0.0 0.0 0.0 
6356 6.281 1.782710601563338e-05 0.0 0.0 1.782710601563338e-05 0.0 0.0 0.0 0.0 0.0 0.0 0.0 0.0 0.0 0.0 0.0 0.0 0.0 0.0 0.0 0.0 0.0 
6357 6.282 1.7725101790643074e-05 0.0 0.0 1.7725101790643074e-05 0.0 0.0 0.0 0.0 0.0 0.0 0.0 0.0 0.0 0.0 0.0 0.0 0.0 0.0 0.0 0.0 0.0 
6358 6.283 1.7623467922949472e-05 0.0 0.0 1.7623467922949472e-05 0.0 0.0 0.0 0.0 0.0 0.0 0.0 0.0 0.0 0.0 0.0 0.0 0.0 0.0 0.0 0.0 0.0 
6359 6.284 1.7522204081585855e-05 0.0 0.0 1.7522204081585855e-05 0.0 0.0 0.0 0.0 0.0 0.0 0.0 0.0 0.0 0.0 0.0 0.0 0.0 0.0 0.0 0.0 0.0 
6360 6.285 1.7421309932416155e-05 0.0 0.0 1.7421309932416155e-05 0.0 0.0 0.0 0.0 0.0 0.0 0.0 0.0 0.0 0.0 0.0 0.0 0.0 0.0 0.0 0.0 0.0 
6361 6.286 1.7320785138137695e-05 0.0 0.0 1.7320785138137695e-05 0.0 0.0 0.0 0.0 0.0 0.0 0.0 0.0 0.0 0.0 0.0 0.0 0.0 0.0 0.0 0.0 0.0 
6362 6.287 1.722062935828399e-05 0.0 0.0 1.722062935828399e-05 0.0 0.0 0.0 0.0 0.0 0.0 0.0 0.0 0.0 0.0 0.0 0.0 0.0 0.0 0.0 0.0 0.0 
6363 6.288 1.7120842249227632e-05 0.0 0.0 1.7120842249227632e-05 0.0 0.0 0.0 0.0 0.0 0.0 0.0 0.0 0.0 0.0 0.0 0.0 0.0 0.0 0.0 0.0 0.0 
6364 6.289 1.7021423464183192e-05 0.0 0.0 1.7021423464183192e-05 0.0 0.0 0.0 0.0 0.0 0.0 0.0 0.0 0.0 0.0 0.0 0.0 0.0 0.0 0.0 0.0 0.0 
6365 6.29 1.6922372653210205e-05 0.0 0.0 1.6922372653210205e-05 0.0 0.0 0.0 0.0 0.0 0.0 0.0 0.0 0.0 0.0 0.0 0.0 0.0 0.0 0.0 0.0 0.0 
6366 6.291 1.6823689463216186e-05 0.0 0.0 1.6823689463216186e-05 0.0 0.0 0.0 0.0 0.0 0.0 0.0 0.0 0.0 0.0 0.0 0.0 0.0 0.0 0.0 0.0 0.0 
6367 6.292 1.6725373537959722e-05 0.0 0.0 1.6725373537959722e-05 0.0 0.0 0.0 0.0 0.0 0.0 0.0 0.0 0.0 0.0 0.0 0.0 0.0 0.0 0.0 0.0 0.0 
6368 6.293 1.6627424518053657e-05 0.0 0.0 1.6627424518053657e-05 0.0 0.0 0.0 0.0 0.0 0.0 0.0 0.0 0.0 0.0 0.0 0.0 0.0 0.0 0.0 0.0 0.0 
6369 6.294 1.6529842040968226e-05 0.0 0.0 1.6529842040968226e-05 0.0 0.0 0.0 0.0 0.0 0.0 0.0 0.0 0.0 0.0 0.0 0.0 0.0 0.0 0.0 0.0 0.0 
6370 6.295 1.643262574103437e-05 0.0 0.0 1.643262574103437e-05 0.0 0.0 0.0 0.0 0.0 0.0 0.0 0.0 0.0 0.0 0.0 0.0 0.0 0.0 0.0 0.0 0.0 
6371 6.296 1.633577524944704e-05 0.0 0.0 1.633577524944704e-05 0.0 0.0 0.0 0.0 0.0 0.0 0.0 0.0 0.0 0.0 0.0 0.0 0.0 0.0 0.0 0.0 0.0 
6372 6.297 1.6239290194268546e-05 0.0 0.0 1.6239290194268546e-05 0.0 0.0 0.0 0.0 0.0 0.0 0.0 0.0 0.0 0.0 0.0 0.0 0.0 0.0 0.0 0.0 0.0 
6373 6.298 1.6143170200432034e-05 0.0 0.0 1.6143170200432034e-05 0.0 0.0 0.0 0.0 0.0 0.0 0.0 0.0 0.0 0.0 0.0 0.0 0.0 0.0 0.0 0.0 0.0 
6374 6.299 1.6047414889744936e-05 0.0 0.0 1.6047414889744936e-05 0.0 0.0 0.0 0.0 0.0 0.0 0.0 0.0 0.0 0.0 0.0 0.0 0.0 0.0 0.0 0.0 0.0 
6375 6.3 1.5952023880892556e-05 0.0 0.0 1.5952023880892556e-05 0.0 0.0 0.0 0.0 0.0 0.0 0.0 0.0 0.0 0.0 0.0 0.0 0.0 0.0 0.0 0.0 0.0 
6376 6.301 1.5856996789441622e-05 0.0 0.0 1.5856996789441622e-05 0.0 0.0 0.0 0.0 0.0 0.0 0.0 0.0 0.0 0.0 0.0 0.0 0.0 0.0 0.0 0.0 0.0 
6377 6.302 1.5762333227844033e-05 0.0 0.0 1.5762333227844033e-05 0.0 0.0 0.0 0.0 0.0 0.0 0.0 0.0 0.0 0.0 0.0 0.0 0.0 0.0 0.0 0.0 0.0 
6378 6.303 1.5668032805440503e-05 0.0 0.0 1.5668032805440503e-05 0.0 0.0 0.0 0.0 0.0 0.0 0.0 0.0 0.0 0.0 0.0 0.0 0.0 0.0 0.0 0.0 0.0 
6379 6.304 1.5574095128464385e-05 0.0 0.0 1.5574095128464385e-05 0.0 0.0 0.0 0.0 0.0 0.0 0.0 0.0 0.0 0.0 0.0 0.0 0.0 0.0 0.0 0.0 0.0 
6380 6.305 1.5480519800045503e-05 0.0 0.0 1.5480519800045503e-05 0.0 0.0 0.0 0.0 0.0 0.0 0.0 0.0 0.0 0.0 0.0 0.0 0.0 0.0 0.0 0.0 0.0 
6381 6.306 1.538730642021405e-05 0.0 0.0 1.538730642021405e-05 0.0 0.0 0.0 0.0 0.0 0.0 0.0 0.0 0.0 0.0 0.0 0.0 0.0 0.0 0.0 0.0 0.0 
6382 6.307 1.529445458590455e-05 0.0 0.0 1.529445458590455e-05 0.0 0.0 0.0 0.0 0.0 0.0 0.0 0.0 0.0 0.0 0.0 0.0 0.0 0.0 0.0 0.0 0.0 
6383 6.308 1.520196389095987e-05 0.0 0.0 1.520196389095987e-05 0.0 0.0 0.0 0.0 0.0 0.0 0.0 0.0 0.0 0.0 0.0 0.0 0.0 0.0 0.0 0.0 0.0 
6384 6.309 1.5109833926135304e-05 0.0 0.0 1.5109833926135304e-05 0.0 0.0 0.0 0.0 0.0 0.0 0.0 0.0 0.0 0.0 0.0 0.0 0.0 0.0 0.0 0.0 0.0 
6385 6.31 1.50180642791027e-05 0.0 0.0 1.50180642791027e-05 0.0 0.0 0.0 0.0 0.0 0.0 0.0 0.0 0.0 0.0 0.0 0.0 0.0 0.0 0.0 0.0 0.0 
6386 6.311 1.4926654534454665e-05 0.0 0.0 1.4926654534454665e-05 0.0 0.0 0.0 0.0 0.0 0.0 0.0 0.0 0.0 0.0 0.0 0.0 0.0 0.0 0.0 0.0 0.0 
6387 6.312 1.4835604273708819e-05 0.0 0.0 1.4835604273708819e-05 0.0 0.0 0.0 0.0 0.0 0.0 0.0 0.0 0.0 0.0 0.0 0.0 0.0 0.0 0.0 0.0 0.0 
6388 6.313 1.4744913075312104e-05 0.0 0.0 1.4744913075312104e-05 0.0 0.0 0.0 0.0 0.0 0.0 0.0 0.0 0.0 0.0 0.0 0.0 0.0 0.0 0.0 0.0 0.0 
6389 6.314 1.465458051464517e-05 0.0 0.0 1.465458051464517e-05 0.0 0.0 0.0 0.0 0.0 0.0 0.0 0.0 0.0 0.0 0.0 0.0 0.0 0.0 0.0 0.0 0.0 
6390 6.314 1.4564606164026788e-05 0.0 0.0 1.4564606164026788e-05 0.0 0.0 0.0 0.0 0.0 0.0 0.0 0.0 0.0 0.0 0.0 0.0 0.0 0.0 0.0 0.0 0.0 
6391 6.315 1.4474989592718379e-05 0.0 0.0 1.4474989592718379e-05 0.0 0.0 0.0 0.0 0.0 0.0 0.0 0.0 0.0 0.0 0.0 0.0 0.0 0.0 0.0 0.0 0.0 
6392 6.316 1.4385730366928537e-05 0.0 0.0 1.4385730366928537e-05 0.0 0.0 0.0 0.0 0.0 0.0 0.0 0.0 0.0 0.0 0.0 0.0 0.0 0.0 0.0 0.0 0.0 
6393 6.317 1.4296828049817675e-05 0.0 0.0 1.4296828049817675e-05 0.0 0.0 0.0 0.0 0.0 0.0 0.0 0.0 0.0 0.0 0.0 0.0 0.0 0.0 0.0 0.0 0.0 
6394 6.318 1.420828220150268e-05 0.0 0.0 1.420828220150268e-05 0.0 0.0 0.0 0.0 0.0 0.0 0.0 0.0 0.0 0.0 0.0 0.0 0.0 0.0 0.0 0.0 0.0 
6395 6.319 1.4120092379061644e-05 0.0 0.0 1.4120092379061644e-05 0.0 0.0 0.0 0.0 0.0 0.0 0.0 0.0 0.0 0.0 0.0 0.0 0.0 0.0 0.0 0.0 0.0 
6396 6.32 1.4032258136538687e-05 0.0 0.0 1.4032258136538687e-05 0.0 0.0 0.0 0.0 0.0 0.0 0.0 0.0 0.0 0.0 0.0 0.0 0.0 0.0 0.0 0.0 0.0 
6397 6.321 1.3944779024948815e-05 0.0 0.0 1.3944779024948815e-05 0.0 0.0 0.0 0.0 0.0 0.0 0.0 0.0 0.0 0.0 0.0 0.0 0.0 0.0 0.0 0.0 0.0 
6398 6.322 1.3857654592282813e-05 0.0 0.0 1.3857654592282813e-05 0.0 0.0 0.0 0.0 0.0 0.0 0.0 0.0 0.0 0.0 0.0 0.0 0.0 0.0 0.0 0.0 0.0 
6399 6.323 1.3770884383512243e-05 0.0 0.0 1.3770884383512243e-05 0.0 0.0 0.0 0.0 0.0 0.0 0.0 0.0 0.0 0.0 0.0 0.0 0.0 0.0 0.0 0.0 0.0 
6400 6.324 1.3684467940594503e-05 0.0 0.0 1.3684467940594503e-05 0.0 0.0 0.0 0.0 0.0 0.0 0.0 0.0 0.0 0.0 0.0 0.0 0.0 0.0 0.0 0.0 0.0 
6401 6.325 1.3598404802477897e-05 0.0 0.0 1.3598404802477897e-05 0.0 0.0 0.0 0.0 0.0 0.0 0.0 0.0 0.0 0.0 0.0 0.0 0.0 0.0 0.0 0.0 0.0 
6402 6.326 1.3512694505106835e-05 0.0 0.0 1.3512694505106835e-05 0.0 0.0 0.0 0.0 0.0 0.0 0.0 0.0 0.0 0.0 0.0 0.0 0.0 0.0 0.0 0.0 0.0 
6403 6.327 1.3427336581427037e-05 0.0 0.0 1.3427336581427037e-05 0.0 0.0 0.0 0.0 0.0 0.0 0.0 0.0 0.0 0.0 0.0 0.0 0.0 0.0 0.0 0.0 0.0 
6404 6.328 1.3342330561390828e-05 0.0 0.0 1.3342330561390828e-05 0.0 0.0 0.0 0.0 0.0 0.0 0.0 0.0 0.0 0.0 0.0 0.0 0.0 0.0 0.0 0.0 0.0 
6405 6.329 1.3257675971962506e-05 0.0 0.0 1.3257675971962506e-05 0.0 0.0 0.0 0.0 0.0 0.0 0.0 0.0 0.0 0.0 0.0 0.0 0.0 0.0 0.0 0.0 0.0 
6406 6.33 1.3173372337123721e-05 0.0 0.0 1.3173372337123721e-05 0.0 0.0 0.0 0.0 0.0 0.0 0.0 0.0 0.0 0.0 0.0 0.0 0.0 0.0 0.0 0.0 0.0 
6407 6.331 1.3089419177878991e-05 0.0 0.0 1.3089419177878991e-05 0.0 0.0 0.0 0.0 0.0 0.0 0.0 0.0 0.0 0.0 0.0 0.0 0.0 0.0 0.0 0.0 0.0 
6408 6.332 1.300581601226121e-05 0.0 0.0 1.300581601226121e-05 0.0 0.0 0.0 0.0 0.0 0.0 0.0 0.0 0.0 0.0 0.0 0.0 0.0 0.0 0.0 0.0 0.0 
6409 6.333 1.2922562355337259e-05 0.0 0.0 1.2922562355337259e-05 0.0 0.0 0.0 0.0 0.0 0.0 0.0 0.0 0.0 0.0 0.0 0.0 0.0 0.0 0.0 0.0 0.0 
6410 6.334 1.2839657719213672e-05 0.0 0.0 1.2839657719213672e-05 0.0 0.0 0.0 0.0 0.0 0.0 0.0 0.0 0.0 0.0 0.0 0.0 0.0 0.0 0.0 0.0 0.0 
6411 6.335 1.2757101613042353e-05 0.0 0.0 1.2757101613042353e-05 0.0 0.0 0.0 0.0 0.0 0.0 0.0 0.0 0.0 0.0 0.0 0.0 0.0 0.0 0.0 0.0 0.0 
6412 6.336 1.2674893543026382e-05 0.0 0.0 1.2674893543026382e-05 0.0 0.0 0.0 0.0 0.0 0.0 0.0 0.0 0.0 0.0 0.0 0.0 0.0 0.0 0.0 0.0 0.0 
6413 6.337 1.2593033012425844e-05 0.0 0.0 1.2593033012425844e-05 0.0 0.0 0.0 0.0 0.0 0.0 0.0 0.0 0.0 0.0 0.0 0.0 0.0 0.0 0.0 0.0 0.0 
6414 6.338 1.2511519521563752e-05 0.0 0.0 1.2511519521563752e-05 0.0 0.0 0.0 0.0 0.0 0.0 0.0 0.0 0.0 0.0 0.0 0.0 0.0 0.0 0.0 0.0 0.0 
6415 6.339 1.2430352567832034e-05 0.0 0.0 1.2430352567832034e-05 0.0 0.0 0.0 0.0 0.0 0.0 0.0 0.0 0.0 0.0 0.0 0.0 0.0 0.0 0.0 0.0 0.0 
6416 6.34 1.2349531645697562e-05 0.0 0.0 1.2349531645697562e-05 0.0 0.0 0.0 0.0 0.0 0.0 0.0 0.0 0.0 0.0 0.0 0.0 0.0 0.0 0.0 0.0 0.0 
6417 6.341 1.2269056246708257e-05 0.0 0.0 1.2269056246708257e-05 0.0 0.0 0.0 0.0 0.0 0.0 0.0 0.0 0.0 0.0 0.0 0.0 0.0 0.0 0.0 0.0 0.0 
6418 6.342 1.2188925859499264e-05 0.0 0.0 1.2188925859499264e-05 0.0 0.0 0.0 0.0 0.0 0.0 0.0 0.0 0.0 0.0 0.0 0.0 0.0 0.0 0.0 0.0 0.0 
6419 6.343 1.2109139969799183e-05 0.0 0.0 1.2109139969799183e-05 0.0 0.0 0.0 0.0 0.0 0.0 0.0 0.0 0.0 0.0 0.0 0.0 0.0 0.0 0.0 0.0 0.0 
6420 6.344 1.2029698060436345e-05 0.0 0.0 1.2029698060436345e-05 0.0 0.0 0.0 0.0 0.0 0.0 0.0 0.0 0.0 0.0 0.0 0.0 0.0 0.0 0.0 0.0 0.0 
6421 6.345 1.1950599611345196e-05 0.0 0.0 1.1950599611345196e-05 0.0 0.0 0.0 0.0 0.0 0.0 0.0 0.0 0.0 0.0 0.0 0.0 0.0 0.0 0.0 0.0 0.0 
6422 6.346 1.18718440995727e-05 0.0 0.0 1.18718440995727e-05 0.0 0.0 0.0 0.0 0.0 0.0 0.0 0.0 0.0 0.0 0.0 0.0 0.0 0.0 0.0 0.0 0.0 
6423 6.347 1.1793430999284848e-05 0.0 0.0 1.1793430999284848e-05 0.0 0.0 0.0 0.0 0.0 0.0 0.0 0.0 0.0 0.0 0.0 0.0 0.0 0.0 0.0 0.0 0.0 
6424 6.348 1.1715359781773174e-05 0.0 0.0 1.1715359781773174e-05 0.0 0.0 0.0 0.0 0.0 0.0 0.0 0.0 0.0 0.0 0.0 0.0 0.0 0.0 0.0 0.0 0.0 
6425 6.349 1.1637629915461406e-05 0.0 0.0 1.1637629915461406e-05 0.0 0.0 0.0 0.0 0.0 0.0 0.0 0.0 0.0 0.0 0.0 0.0 0.0 0.0 0.0 0.0 0.0 
6426 6.35 1.156024086591212e-05 0.0 0.0 1.156024086591212e-05 0.0 0.0 0.0 0.0 0.0 0.0 0.0 0.0 0.0 0.0 0.0 0.0 0.0 0.0 0.0 0.0 0.0 
6427 6.351 1.1483192095833489e-05 0.0 0.0 1.1483192095833489e-05 0.0 0.0 0.0 0.0 0.0 0.0 0.0 0.0 0.0 0.0 0.0 0.0 0.0 0.0 0.0 0.0 0.0 
6428 6.352 1.1406483065086107e-05 0.0 0.0 1.1406483065086107e-05 0.0 0.0 0.0 0.0 0.0 0.0 0.0 0.0 0.0 0.0 0.0 0.0 0.0 0.0 0.0 0.0 0.0 
6429 6.353 1.1330113230689836e-05 0.0 0.0 1.1330113230689836e-05 0.0 0.0 0.0 0.0 0.0 0.0 0.0 0.0 0.0 0.0 0.0 0.0 0.0 0.0 0.0 0.0 0.0 
6430 6.354 1.1254082046830756e-05 0.0 0.0 1.1254082046830756e-05 0.0 0.0 0.0 0.0 0.0 0.0 0.0 0.0 0.0 0.0 0.0 0.0 0.0 0.0 0.0 0.0 0.0 
6431 6.355 1.1178388964868175e-05 0.0 0.0 1.1178388964868175e-05 0.0 0.0 0.0 0.0 0.0 0.0 0.0 0.0 0.0 0.0 0.0 0.0 0.0 0.0 0.0 0.0 0.0 
6432 6.356 1.1103033433341672e-05 0.0 0.0 1.1103033433341672e-05 0.0 0.0 0.0 0.0 0.0 0.0 0.0 0.0 0.0 0.0 0.0 0.0 0.0 0.0 0.0 0.0 0.0 
6433 6.357 1.1028014897978259e-05 0.0 0.0 1.1028014897978259e-05 0.0 0.0 0.0 0.0 0.0 0.0 0.0 0.0 0.0 0.0 0.0 0.0 0.0 0.0 0.0 0.0 0.0 
6434 6.358 1.0953332801699554e-05 0.0 0.0 1.0953332801699554e-05 0.0 0.0 0.0 0.0 0.0 0.0 0.0 0.0 0.0 0.0 0.0 0.0 0.0 0.0 0.0 0.0 0.0 
6435 6.359 1.0878986584629056e-05 0.0 0.0 1.0878986584629056e-05 0.0 0.0 0.0 0.0 0.0 0.0 0.0 0.0 0.0 0.0 0.0 0.0 0.0 0.0 0.0 0.0 0.0 
6436 6.36 1.0804975684099464e-05 0.0 0.0 1.0804975684099464e-05 0.0 0.0 0.0 0.0 0.0 0.0 0.0 0.0 0.0 0.0 0.0 0.0 0.0 0.0 0.0 0.0 0.0 
6437 6.361 1.0731299534660072e-05 0.0 0.0 1.0731299534660072e-05 0.0 0.0 0.0 0.0 0.0 0.0 0.0 0.0 0.0 0.0 0.0 0.0 0.0 0.0 0.0 0.0 0.0 
6438 6.362 1.0657957568084233e-05 0.0 0.0 1.0657957568084233e-05 0.0 0.0 0.0 0.0 0.0 0.0 0.0 0.0 0.0 0.0 0.0 0.0 0.0 0.0 0.0 0.0 0.0 
6439 6.363 1.058494921337688e-05 0.0 0.0 1.058494921337688e-05 0.0 0.0 0.0 0.0 0.0 0.0 0.0 0.0 0.0 0.0 0.0 0.0 0.0 0.0 0.0 0.0 0.0 
6440 6.364 1.0512273896782103e-05 0.0 0.0 1.0512273896782103e-05 0.0 0.0 0.0 0.0 0.0 0.0 0.0 0.0 0.0 0.0 0.0 0.0 0.0 0.0 0.0 0.0 0.0 
6441 6.365 1.043993104179083e-05 0.0 0.0 1.043993104179083e-05 0.0 0.0 0.0 0.0 0.0 0.0 0.0 0.0 0.0 0.0 0.0 0.0 0.0 0.0 0.0 0.0 0.0 
6442 6.366 1.0367920069148513e-05 0.0 0.0 1.0367920069148513e-05 0.0 0.0 0.0 0.0 0.0 0.0 0.0 0.0 0.0 0.0 0.0 0.0 0.0 0.0 0.0 0.0 0.0 
6443 6.367 1.029624039686295e-05 0.0 0.0 1.029624039686295e-05 0.0 0.0 0.0 0.0 0.0 0.0 0.0 0.0 0.0 0.0 0.0 0.0 0.0 0.0 0.0 0.0 0.0 
6444 6.368 1.0224891440212113e-05 0.0 0.0 1.0224891440212113e-05 0.0 0.0 0.0 0.0 0.0 0.0 0.0 0.0 0.0 0.0 0.0 0.0 0.0 0.0 0.0 0.0 0.0 
6445 6.369 1.0153872611752068e-05 0.0 0.0 1.0153872611752068e-05 0.0 0.0 0.0 0.0 0.0 0.0 0.0 0.0 0.0 0.0 0.0 0.0 0.0 0.0 0.0 0.0 0.0 
6446 6.37 1.0083183321324978e-05 0.0 0.0 1.0083183321324978e-05 0.0 0.0 0.0 0.0 0.0 0.0 0.0 0.0 0.0 0.0 0.0 0.0 0.0 0.0 0.0 0.0 0.0 
6447 6.371 1.0012822976067135e-05 0.0 0.0 1.0012822976067135e-05 0.0 0.0 0.0 0.0 0.0 0.0 0.0 0.0 0.0 0.0 0.0 0.0 0.0 0.0 0.0 0.0 0.0 
6448 6.372 9.942790980417082e-06 0.0 0.0 9.942790980417082e-06 0.0 0.0 0.0 0.0 0.0 0.0 0.0 0.0 0.0 0.0 0.0 0.0 0.0 0.0 0.0 0.0 0.0 
6449 6.373 9.873086736123802e-06 0.0 0.0 9.873086736123802e-06 0.0 0.0 0.0 0.0 0.0 0.0 0.0 0.0 0.0 0.0 0.0 0.0 0.0 0.0 0.0 0.0 0.0 
6450 6.374 9.80370964225496e-06 0.0 0.0 9.80370964225496e-06 0.0 0.0 0.0 0.0 0.0 0.0 0.0 0.0 0.0 0.0 0.0 0.0 0.0 0.0 0.0 0.0 0.0 
6451 6.375 9.734659095205229e-06 0.0 0.0 9.734659095205229e-06 0.0 0.0 0.0 0.0 0.0 0.0 0.0 0.0 0.0 0.0 0.0 0.0 0.0 0.0 0.0 0.0 0.0 
6452 6.376 9.665934488704658e-06 0.0 0.0 9.665934488704658e-06 0.0 0.0 0.0 0.0 0.0 0.0 0.0 0.0 0.0 0.0 0.0 0.0 0.0 0.0 0.0 0.0 0.0 
6453 6.377 9.597535213827135e-06 0.0 0.0 9.597535213827135e-06 0.0 0.0 0.0 0.0 0.0 0.0 0.0 0.0 0.0 0.0 0.0 0.0 0.0 0.0 0.0 0.0 0.0 
6454 6.378 9.529460658998895e-06 0.0 0.0 9.529460658998895e-06 0.0 0.0 0.0 0.0 0.0 0.0 0.0 0.0 0.0 0.0 0.0 0.0 0.0 0.0 0.0 0.0 0.0 
6455 6.379 9.461710210007105e-06 0.0 0.0 9.461710210007105e-06 0.0 0.0 0.0 0.0 0.0 0.0 0.0 0.0 0.0 0.0 0.0 0.0 0.0 0.0 0.0 0.0 0.0 
6456 6.38 9.39428325000852e-06 0.0 0.0 9.39428325000852e-06 0.0 0.0 0.0 0.0 0.0 0.0 0.0 0.0 0.0 0.0 0.0 0.0 0.0 0.0 0.0 0.0 0.0 
6457 6.381 9.32717915953819e-06 0.0 0.0 9.32717915953819e-06 0.0 0.0 0.0 0.0 0.0 0.0 0.0 0.0 0.0 0.0 0.0 0.0 0.0 0.0 0.0 0.0 0.0 
6458 6.382 9.260397316518249e-06 0.0 0.0 9.260397316518249e-06 0.0 0.0 0.0 0.0 0.0 0.0 0.0 0.0 0.0 0.0 0.0 0.0 0.0 0.0 0.0 0.0 0.0 
6459 6.383 9.193937096266763e-06 0.0 0.0 9.193937096266763e-06 0.0 0.0 0.0 0.0 0.0 0.0 0.0 0.0 0.0 0.0 0.0 0.0 0.0 0.0 0.0 0.0 0.0 
6460 6.384 9.127797871506642e-06 0.0 0.0 9.127797871506642e-06 0.0 0.0 0.0 0.0 0.0 0.0 0.0 0.0 0.0 0.0 0.0 0.0 0.0 0.0 0.0 0.0 0.0 
6461 6.385 9.061979012374645e-06 0.0 0.0 9.061979012374645e-06 0.0 0.0 0.0 0.0 0.0 0.0 0.0 0.0 0.0 0.0 0.0 0.0 0.0 0.0 0.0 0.0 0.0 
6462 6.386 8.996479886430407e-06 0.0 0.0 8.996479886430407e-06 0.0 0.0 0.0 0.0 0.0 0.0 0.0 0.0 0.0 0.0 0.0 0.0 0.0 0.0 0.0 0.0 0.0 
6463 6.387 8.931299858665565e-06 0.0 0.0 8.931299858665565e-06 0.0 0.0 0.0 0.0 0.0 0.0 0.0 0.0 0.0 0.0 0.0 0.0 0.0 0.0 0.0 0.0 0.0 
6464 6.388 8.866438291512966e-06 0.0 0.0 8.866438291512966e-06 0.0 0.0 0.0 0.0 0.0 0.0 0.0 0.0 0.0 0.0 0.0 0.0 0.0 0.0 0.0 0.0 0.0 
6465 6.389 8.801894544855888e-06 0.0 0.0 8.801894544855888e-06 0.0 0.0 0.0 0.0 0.0 0.0 0.0 0.0 0.0 0.0 0.0 0.0 0.0 0.0 0.0 0.0 0.0 
6466 6.39 8.73766797603738e-06 0.0 0.0 8.73766797603738e-06 0.0 0.0 0.0 0.0 0.0 0.0 0.0 0.0 0.0 0.0 0.0 0.0 0.0 0.0 0.0 0.0 0.0 
6467 6.391 8.673757939869648e-06 0.0 0.0 8.673757939869648e-06 0.0 0.0 0.0 0.0 0.0 0.0 0.0 0.0 0.0 0.0 0.0 0.0 0.0 0.0 0.0 0.0 0.0 
6468 6.392 8.610163788643512e-06 0.0 0.0 8.610163788643512e-06 0.0 0.0 0.0 0.0 0.0 0.0 0.0 0.0 0.0 0.0 0.0 0.0 0.0 0.0 0.0 0.0 0.0 
6469 6.393 8.54688487213792e-06 0.0 0.0 8.54688487213792e-06 0.0 0.0 0.0 0.0 0.0 0.0 0.0 0.0 0.0 0.0 0.0 0.0 0.0 0.0 0.0 0.0 0.0 
6470 6.394 8.483920537629557e-06 0.0 0.0 8.483920537629557e-06 0.0 0.0 0.0 0.0 0.0 0.0 0.0 0.0 0.0 0.0 0.0 0.0 0.0 0.0 0.0 0.0 0.0 
6471 6.395 8.421270129902487e-06 0.0 0.0 8.421270129902487e-06 0.0 0.0 0.0 0.0 0.0 0.0 0.0 0.0 0.0 0.0 0.0 0.0 0.0 0.0 0.0 0.0 0.0 
6472 6.396 8.358932991257886e-06 0.0 0.0 8.358932991257886e-06 0.0 0.0 0.0 0.0 0.0 0.0 0.0 0.0 0.0 0.0 0.0 0.0 0.0 0.0 0.0 0.0 0.0 
6473 6.397 8.296908461523849e-06 0.0 0.0 8.296908461523849e-06 0.0 0.0 0.0 0.0 0.0 0.0 0.0 0.0 0.0 0.0 0.0 0.0 0.0 0.0 0.0 0.0 0.0 
6474 6.398 8.235195878065216e-06 0.0 0.0 8.235195878065216e-06 0.0 0.0 0.0 0.0 0.0 0.0 0.0 0.0 0.0 0.0 0.0 0.0 0.0 0.0 0.0 0.0 0.0 
6475 6.398 8.173794575793548e-06 0.0 0.0 8.173794575793548e-06 0.0 0.0 0.0 0.0 0.0 0.0 0.0 0.0 0.0 0.0 0.0 0.0 0.0 0.0 0.0 0.0 0.0 
6476 6.399 8.112703887177092e-06 0.0 0.0 8.112703887177092e-06 0.0 0.0 0.0 0.0 0.0 0.0 0.0 0.0 0.0 0.0 0.0 0.0 0.0 0.0 0.0 0.0 0.0 
6477 6.4 8.051923142250858e-06 0.0 0.0 8.051923142250858e-06 0.0 0.0 0.0 0.0 0.0 0.0 0.0 0.0 0.0 0.0 0.0 0.0 0.0 0.0 0.0 0.0 0.0 
6478 6.401 7.991451668626747e-06 0.0 0.0 7.991451668626747e-06 0.0 0.0 0.0 0.0 0.0 0.0 0.0 0.0 0.0 0.0 0.0 0.0 0.0 0.0 0.0 0.0 0.0 
6479 6.402 7.931288791503766e-06 0.0 0.0 7.931288791503766e-06 0.0 0.0 0.0 0.0 0.0 0.0 0.0 0.0 0.0 0.0 0.0 0.0 0.0 0.0 0.0 0.0 0.0 
6480 6.403 7.871433833678283e-06 0.0 0.0 7.871433833678283e-06 0.0 0.0 0.0 0.0 0.0 0.0 0.0 0.0 0.0 0.0 0.0 0.0 0.0 0.0 0.0 0.0 0.0 
6481 6.404 7.811886115554368e-06 0.0 0.0 7.811886115554368e-06 0.0 0.0 0.0 0.0 0.0 0.0 0.0 0.0 0.0 0.0 0.0 0.0 0.0 0.0 0.0 0.0 0.0 
6482 6.405 7.752644955154195e-06 0.0 0.0 7.752644955154195e-06 0.0 0.0 0.0 0.0 0.0 0.0 0.0 0.0 0.0 0.0 0.0 0.0 0.0 0.0 0.0 0.0 0.0 
6483 6.406 7.693709668128537e-06 0.0 0.0 7.693709668128537e-06 0.0 0.0 0.0 0.0 0.0 0.0 0.0 0.0 0.0 0.0 0.0 0.0 0.0 0.0 0.0 0.0 0.0 
6484 6.407 7.635079567767265e-06 0.0 0.0 7.635079567767265e-06 0.0 0.0 0.0 0.0 0.0 0.0 0.0 0.0 0.0 0.0 0.0 0.0 0.0 0.0 0.0 0.0 0.0 
6485 6.408 7.576753965010008e-06 0.0 0.0 7.576753965010008e-06 0.0 0.0 0.0 0.0 0.0 0.0 0.0 0.0 0.0 0.0 0.0 0.0 0.0 0.0 0.0 0.0 0.0 
6486 6.409 7.518732168456792e-06 0.0 0.0 7.518732168456792e-06 0.0 0.0 0.0 0.0 0.0 0.0 0.0 0.0 0.0 0.0 0.0 0.0 0.0 0.0 0.0 0.0 0.0 
6487 6.41 7.461013484378797e-06 0.0 0.0 7.461013484378797e-06 0.0 0.0 0.0 0.0 0.0 0.0 0.0 0.0 0.0 0.0 0.0 0.0 0.0 0.0 0.0 0.0 0.0 
6488 6.411 7.403597216729184e-06 0.0 0.0 7.403597216729184e-06 0.0 0.0 0.0 0.0 0.0 0.0 0.0 0.0 0.0 0.0 0.0 0.0 0.0 0.0 0.0 0.0 0.0 
6489 6.412 7.346482667153954e-06 0.0 0.0 7.346482667153954e-06 0.0 0.0 0.0 0.0 0.0 0.0 0.0 0.0 0.0 0.0 0.0 0.0 0.0 0.0 0.0 0.0 0.0 
6490 6.413 7.289669135002921e-06 0.0 0.0 7.289669135002921e-06 0.0 0.0 0.0 0.0 0.0 0.0 0.0 0.0 0.0 0.0 0.0 0.0 0.0 0.0 0.0 0.0 0.0 
6491 6.414 7.233155917340715e-06 0.0 0.0 7.233155917340715e-06 0.0 0.0 0.0 0.0 0.0 0.0 0.0 0.0 0.0 0.0 0.0 0.0 0.0 0.0 0.0 0.0 0.0 
6492 6.415 7.176942308957872e-06 0.0 0.0 7.176942308957872e-06 0.0 0.0 0.0 0.0 0.0 0.0 0.0 0.0 0.0 0.0 0.0 0.0 0.0 0.0 0.0 0.0 0.0 
6493 6.416 7.121027602381991e-06 0.0 0.0 7.121027602381991e-06 0.0 0.0 0.0 0.0 0.0 0.0 0.0 0.0 0.0 0.0 0.0 0.0 0.0 0.0 0.0 0.0 0.0 
6494 6.417 7.065411087888956e-06 0.0 0.0 7.065411087888956e-06 0.0 0.0 0.0 0.0 0.0 0.0 0.0 0.0 0.0 0.0 0.0 0.0 0.0 0.0 0.0 0.0 0.0 
6495 6.418 7.010092053514231e-06 0.0 0.0 7.010092053514231e-06 0.0 0.0 0.0 0.0 0.0 0.0 0.0 0.0 0.0 0.0 0.0 0.0 0.0 0.0 0.0 0.0 0.0 
6496 6.419 6.955069785064206e-06 0.0 0.0 6.955069785064206e-06 0.0 0.0 0.0 0.0 0.0 0.0 0.0 0.0 0.0 0.0 0.0 0.0 0.0 0.0 0.0 0.0 0.0 
6497 6.42 6.900343566127644e-06 0.0 0.0 6.900343566127644e-06 0.0 0.0 0.0 0.0 0.0 0.0 0.0 0.0 0.0 0.0 0.0 0.0 0.0 0.0 0.0 0.0 0.0 
6498 6.421 6.84591267808716e-06 0.0 0.0 6.84591267808716e-06 0.0 0.0 0.0 0.0 0.0 0.0 0.0 0.0 0.0 0.0 0.0 0.0 0.0 0.0 0.0 0.0 0.0 
6499 6.422 6.791776400130794e-06 0.0 0.0 6.791776400130794e-06 0.0 0.0 0.0 0.0 0.0 0.0 0.0 0.0 0.0 0.0 0.0 0.0 0.0 0.0 0.0 0.0 0.0 
6500 6.423 6.737934009263638e-06 0.0 0.0 6.737934009263638e-06 0.0 0.0 0.0 0.0 0.0 0.0 0.0 0.0 0.0 0.0 0.0 0.0 0.0 0.0 0.0 0.0 0.0 
6501 6.424 6.6843847803195425e-06 0.0 0.0 6.6843847803195425e-06 0.0 0.0 0.0 0.0 0.0 0.0 0.0 0.0 0.0 0.0 0.0 0.0 0.0 0.0 0.0 0.0 0.0 
6502 6.425 6.631127985972875e-06 0.0 0.0 6.631127985972875e-06 0.0 0.0 0.0 0.0 0.0 0.0 0.0 0.0 0.0 0.0 0.0 0.0 0.0 0.0 0.0 0.0 0.0 
6503 6.426 6.57816289675037e-06 0.0 0.0 6.57816289675037e-06 0.0 0.0 0.0 0.0 0.0 0.0 0.0 0.0 0.0 0.0 0.0 0.0 0.0 0.0 0.0 0.0 0.0 
6504 6.427 6.525488781043019e-06 0.0 0.0 6.525488781043019e-06 0.0 0.0 0.0 0.0 0.0 0.0 0.0 0.0 0.0 0.0 0.0 0.0 0.0 0.0 0.0 0.0 0.0 
6505 6.428 6.473104905118053e-06 0.0 0.0 6.473104905118053e-06 0.0 0.0 0.0 0.0 0.0 0.0 0.0 0.0 0.0 0.0 0.0 0.0 0.0 0.0 0.0 0.0 0.0 
6506 6.429 6.42101053313098e-06 0.0 0.0 6.42101053313098e-06 0.0 0.0 0.0 0.0 0.0 0.0 0.0 0.0 0.0 0.0 0.0 0.0 0.0 0.0 0.0 0.0 0.0 
6507 6.43 6.369204927137695e-06 0.0 0.0 6.369204927137695e-06 0.0 0.0 0.0 0.0 0.0 0.0 0.0 0.0 0.0 0.0 0.0 0.0 0.0 0.0 0.0 0.0 0.0 
6508 6.431 6.317687347106658e-06 0.0 0.0 6.317687347106658e-06 0.0 0.0 0.0 0.0 0.0 0.0 0.0 0.0 0.0 0.0 0.0 0.0 0.0 0.0 0.0 0.0 0.0 
6509 6.432 6.266457050931133e-06 0.0 0.0 6.266457050931133e-06 0.0 0.0 0.0 0.0 0.0 0.0 0.0 0.0 0.0 0.0 0.0 0.0 0.0 0.0 0.0 0.0 0.0 
6510 6.433 6.2155132944415085e-06 0.0 0.0 6.2155132944415085e-06 0.0 0.0 0.0 0.0 0.0 0.0 0.0 0.0 0.0 0.0 0.0 0.0 0.0 0.0 0.0 0.0 0.0 
6511 6.434 6.164855331417675e-06 0.0 0.0 6.164855331417675e-06 0.0 0.0 0.0 0.0 0.0 0.0 0.0 0.0 0.0 0.0 0.0 0.0 0.0 0.0 0.0 0.0 0.0 
6512 6.435 6.114482413601469e-06 0.0 0.0 6.114482413601469e-06 0.0 0.0 0.0 0.0 0.0 0.0 0.0 0.0 0.0 0.0 0.0 0.0 0.0 0.0 0.0 0.0 0.0 
6513 6.436 6.0643937907092025e-06 0.0 0.0 6.0643937907092025e-06 0.0 0.0 0.0 0.0 0.0 0.0 0.0 0.0 0.0 0.0 0.0 0.0 0.0 0.0 0.0 0.0 0.0 
6514 6.437 6.014588710444234e-06 0.0 0.0 6.014588710444234e-06 0.0 0.0 0.0 0.0 0.0 0.0 0.0 0.0 0.0 0.0 0.0 0.0 0.0 0.0 0.0 0.0 0.0 
6515 6.438 5.9650664185096265e-06 0.0 0.0 5.9650664185096265e-06 0.0 0.0 0.0 0.0 0.0 0.0 0.0 0.0 0.0 0.0 0.0 0.0 0.0 0.0 0.0 0.0 0.0 
6516 6.439 5.915826158620874e-06 0.0 0.0 5.915826158620874e-06 0.0 0.0 0.0 0.0 0.0 0.0 0.0 0.0 0.0 0.0 0.0 0.0 0.0 0.0 0.0 0.0 0.0 
6517 6.44 5.866867172518673e-06 0.0 0.0 5.866867172518673e-06 0.0 0.0 0.0 0.0 0.0 0.0 0.0 0.0 0.0 0.0 0.0 0.0 0.0 0.0 0.0 0.0 0.0 
6518 6.441 5.818188699981796e-06 0.0 0.0 5.818188699981796e-06 0.0 0.0 0.0 0.0 0.0 0.0 0.0 0.0 0.0 0.0 0.0 0.0 0.0 0.0 0.0 0.0 0.0 
6519 6.442 5.769789978840004e-06 0.0 0.0 5.769789978840004e-06 0.0 0.0 0.0 0.0 0.0 0.0 0.0 0.0 0.0 0.0 0.0 0.0 0.0 0.0 0.0 0.0 0.0 
6520 6.443 5.721670244987045e-06 0.0 0.0 5.721670244987045e-06 0.0 0.0 0.0 0.0 0.0 0.0 0.0 0.0 0.0 0.0 0.0 0.0 0.0 0.0 0.0 0.0 0.0 
6521 6.444 5.673828732393696e-06 0.0 0.0 5.673828732393696e-06 0.0 0.0 0.0 0.0 0.0 0.0 0.0 0.0 0.0 0.0 0.0 0.0 0.0 0.0 0.0 0.0 0.0 
6522 6.445 5.626264673120911e-06 0.0 0.0 5.626264673120911e-06 0.0 0.0 0.0 0.0 0.0 0.0 0.0 0.0 0.0 0.0 0.0 0.0 0.0 0.0 0.0 0.0 0.0 
6523 6.446 5.578977297333001e-06 0.0 0.0 5.578977297333001e-06 0.0 0.0 0.0 0.0 0.0 0.0 0.0 0.0 0.0 0.0 0.0 0.0 0.0 0.0 0.0 0.0 0.0 
6524 6.447 5.5319658333109e-06 0.0 0.0 5.5319658333109e-06 0.0 0.0 0.0 0.0 0.0 0.0 0.0 0.0 0.0 0.0 0.0 0.0 0.0 0.0 0.0 0.0 0.0 
6525 6.448 5.48522950746548e-06 0.0 0.0 5.48522950746548e-06 0.0 0.0 0.0 0.0 0.0 0.0 0.0 0.0 0.0 0.0 0.0 0.0 0.0 0.0 0.0 0.0 0.0 
6526 6.449 5.438767544350969e-06 0.0 0.0 5.438767544350969e-06 0.0 0.0 0.0 0.0 0.0 0.0 0.0 0.0 0.0 0.0 0.0 0.0 0.0 0.0 0.0 0.0 0.0 
6527 6.45 5.3925791666783945e-06 0.0 0.0 5.3925791666783945e-06 0.0 0.0 0.0 0.0 0.0 0.0 0.0 0.0 0.0 0.0 0.0 0.0 0.0 0.0 0.0 0.0 0.0 
6528 6.451 5.34666359532912e-06 0.0 0.0 5.34666359532912e-06 0.0 0.0 0.0 0.0 0.0 0.0 0.0 0.0 0.0 0.0 0.0 0.0 0.0 0.0 0.0 0.0 0.0 
6529 6.452 5.301020049368437e-06 0.0 0.0 5.301020049368437e-06 0.0 0.0 0.0 0.0 0.0 0.0 0.0 0.0 0.0 0.0 0.0 0.0 0.0 0.0 0.0 0.0 0.0 
6530 6.453 5.255647746059244e-06 0.0 0.0 5.255647746059244e-06 0.0 0.0 0.0 0.0 0.0 0.0 0.0 0.0 0.0 0.0 0.0 0.0 0.0 0.0 0.0 0.0 0.0 
6531 6.454 5.210545900875753e-06 0.0 0.0 5.210545900875753e-06 0.0 0.0 0.0 0.0 0.0 0.0 0.0 0.0 0.0 0.0 0.0 0.0 0.0 0.0 0.0 0.0 0.0 
6532 6.455 5.1657137275173015e-06 0.0 0.0 5.1657137275173015e-06 0.0 0.0 0.0 0.0 0.0 0.0 0.0 0.0 0.0 0.0 0.0 0.0 0.0 0.0 0.0 0.0 0.0 
6533 6.456 5.12115043792222e-06 0.0 0.0 5.12115043792222e-06 0.0 0.0 0.0 0.0 0.0 0.0 0.0 0.0 0.0 0.0 0.0 0.0 0.0 0.0 0.0 0.0 0.0 
6534 6.457 5.076855242281746e-06 0.0 0.0 5.076855242281746e-06 0.0 0.0 0.0 0.0 0.0 0.0 0.0 0.0 0.0 0.0 0.0 0.0 0.0 0.0 0.0 0.0 0.0 
6535 6.458 5.0328273490540385e-06 0.0 0.0 5.0328273490540385e-06 0.0 0.0 0.0 0.0 0.0 0.0 0.0 0.0 0.0 0.0 0.0 0.0 0.0 0.0 0.0 0.0 0.0 
6536 6.459 4.989065964978234e-06 0.0 0.0 4.989065964978234e-06 0.0 0.0 0.0 0.0 0.0 0.0 0.0 0.0 0.0 0.0 0.0 0.0 0.0 0.0 0.0 0.0 0.0 
6537 6.46 4.945570295088573e-06 0.0 0.0 4.945570295088573e-06 0.0 0.0 0.0 0.0 0.0 0.0 0.0 0.0 0.0 0.0 0.0 0.0 0.0 0.0 0.0 0.0 0.0 
6538 6.461 4.902339542728601e-06 0.0 0.0 4.902339542728601e-06 0.0 0.0 0.0 0.0 0.0 0.0 0.0 0.0 0.0 0.0 0.0 0.0 0.0 0.0 0.0 0.0 0.0 
6539 6.462 4.8593729095654295e-06 0.0 0.0 4.8593729095654295e-06 0.0 0.0 0.0 0.0 0.0 0.0 0.0 0.0 0.0 0.0 0.0 0.0 0.0 0.0 0.0 0.0 0.0 
6540 6.463 4.816669595604067e-06 0.0 0.0 4.816669595604067e-06 0.0 0.0 0.0 0.0 0.0 0.0 0.0 0.0 0.0 0.0 0.0 0.0 0.0 0.0 0.0 0.0 0.0 
6541 6.464 4.774228799201807e-06 0.0 0.0 4.774228799201807e-06 0.0 0.0 0.0 0.0 0.0 0.0 0.0 0.0 0.0 0.0 0.0 0.0 0.0 0.0 0.0 0.0 0.0 
6542 6.465 4.732049717082694e-06 0.0 0.0 4.732049717082694e-06 0.0 0.0 0.0 0.0 0.0 0.0 0.0 0.0 0.0 0.0 0.0 0.0 0.0 0.0 0.0 0.0 0.0 
6543 6.466 4.690131544352047e-06 0.0 0.0 4.690131544352047e-06 0.0 0.0 0.0 0.0 0.0 0.0 0.0 0.0 0.0 0.0 0.0 0.0 0.0 0.0 0.0 0.0 0.0 
6544 6.467 4.648473474511052e-06 0.0 0.0 4.648473474511052e-06 0.0 0.0 0.0 0.0 0.0 0.0 0.0 0.0 0.0 0.0 0.0 0.0 0.0 0.0 0.0 0.0 0.0 
6545 6.468 4.60707469947142e-06 0.0 0.0 4.60707469947142e-06 0.0 0.0 0.0 0.0 0.0 0.0 0.0 0.0 0.0 0.0 0.0 0.0 0.0 0.0 0.0 0.0 0.0 
6546 6.469 4.565934409570108e-06 0.0 0.0 4.565934409570108e-06 0.0 0.0 0.0 0.0 0.0 0.0 0.0 0.0 0.0 0.0 0.0 0.0 0.0 0.0 0.0 0.0 0.0 
6547 6.47 4.5250517935841055e-06 0.0 0.0 4.5250517935841055e-06 0.0 0.0 0.0 0.0 0.0 0.0 0.0 0.0 0.0 0.0 0.0 0.0 0.0 0.0 0.0 0.0 0.0 
6548 6.471 4.484426038745293e-06 0.0 0.0 4.484426038745293e-06 0.0 0.0 0.0 0.0 0.0 0.0 0.0 0.0 0.0 0.0 0.0 0.0 0.0 0.0 0.0 0.0 0.0 
6549 6.472 4.4440563307553545e-06 0.0 0.0 4.4440563307553545e-06 0.0 0.0 0.0 0.0 0.0 0.0 0.0 0.0 0.0 0.0 0.0 0.0 0.0 0.0 0.0 0.0 0.0 
6550 6.473 4.403941853800764e-06 0.0 0.0 4.403941853800764e-06 0.0 0.0 0.0 0.0 0.0 0.0 0.0 0.0 0.0 0.0 0.0 0.0 0.0 0.0 0.0 0.0 0.0 
6551 6.474 4.364081790567833e-06 0.0 0.0 4.364081790567833e-06 0.0 0.0 0.0 0.0 0.0 0.0 0.0 0.0 0.0 0.0 0.0 0.0 0.0 0.0 0.0 0.0 0.0 
6552 6.475 4.324475322257819e-06 0.0 0.0 4.324475322257819e-06 0.0 0.0 0.0 0.0 0.0 0.0 0.0 0.0 0.0 0.0 0.0 0.0 0.0 0.0 0.0 0.0 0.0 
6553 6.476 4.28512162860211e-06 0.0 0.0 4.28512162860211e-06 0.0 0.0 0.0 0.0 0.0 0.0 0.0 0.0 0.0 0.0 0.0 0.0 0.0 0.0 0.0 0.0 0.0 
6554 6.477 4.2460198878774596e-06 0.0 0.0 4.2460198878774596e-06 0.0 0.0 0.0 0.0 0.0 0.0 0.0 0.0 0.0 0.0 0.0 0.0 0.0 0.0 0.0 0.0 0.0 
6555 6.478 4.207169276921294e-06 0.0 0.0 4.207169276921294e-06 0.0 0.0 0.0 0.0 0.0 0.0 0.0 0.0 0.0 0.0 0.0 0.0 0.0 0.0 0.0 0.0 0.0 
6556 6.479 4.168568971147089e-06 0.0 0.0 4.168568971147089e-06 0.0 0.0 0.0 0.0 0.0 0.0 0.0 0.0 0.0 0.0 0.0 0.0 0.0 0.0 0.0 0.0 0.0 
6557 6.48 4.130218144559788e-06 0.0 0.0 4.130218144559788e-06 0.0 0.0 0.0 0.0 0.0 0.0 0.0 0.0 0.0 0.0 0.0 0.0 0.0 0.0 0.0 0.0 0.0 
6558 6.481 4.092115969771315e-06 0.0 0.0 4.092115969771315e-06 0.0 0.0 0.0 0.0 0.0 0.0 0.0 0.0 0.0 0.0 0.0 0.0 0.0 0.0 0.0 0.0 0.0 
6559 6.481 4.054261618016129e-06 0.0 0.0 4.054261618016129e-06 0.0 0.0 0.0 0.0 0.0 0.0 0.0 0.0 0.0 0.0 0.0 0.0 0.0 0.0 0.0 0.0 0.0 
6560 6.482 4.016654259166851e-06 0.0 0.0 4.016654259166851e-06 0.0 0.0 0.0 0.0 0.0 0.0 0.0 0.0 0.0 0.0 0.0 0.0 0.0 0.0 0.0 0.0 0.0 
6561 6.483 3.97929306174995e-06 0.0 0.0 3.97929306174995e-06 0.0 0.0 0.0 0.0 0.0 0.0 0.0 0.0 0.0 0.0 0.0 0.0 0.0 0.0 0.0 0.0 0.0 
6562 6.484 3.942177192961489e-06 0.0 0.0 3.942177192961489e-06 0.0 0.0 0.0 0.0 0.0 0.0 0.0 0.0 0.0 0.0 0.0 0.0 0.0 0.0 0.0 0.0 0.0 
6563 6.485 3.9053058186829545e-06 0.0 0.0 3.9053058186829545e-06 0.0 0.0 0.0 0.0 0.0 0.0 0.0 0.0 0.0 0.0 0.0 0.0 0.0 0.0 0.0 0.0 0.0 
6564 6.486 3.8686781034971175e-06 0.0 0.0 3.8686781034971175e-06 0.0 0.0 0.0 0.0 0.0 0.0 0.0 0.0 0.0 0.0 0.0 0.0 0.0 0.0 0.0 0.0 0.0 
6565 6.487 3.832293210703982e-06 0.0 0.0 3.832293210703982e-06 0.0 0.0 0.0 0.0 0.0 0.0 0.0 0.0 0.0 0.0 0.0 0.0 0.0 0.0 0.0 0.0 0.0 
6566 6.488 3.796150302336782e-06 0.0 0.0 3.796150302336782e-06 0.0 0.0 0.0 0.0 0.0 0.0 0.0 0.0 0.0 0.0 0.0 0.0 0.0 0.0 0.0 0.0 0.0 
6567 6.489 3.760248539178054e-06 0.0 0.0 3.760248539178054e-06 0.0 0.0 0.0 0.0 0.0 0.0 0.0 0.0 0.0 0.0 0.0 0.0 0.0 0.0 0.0 0.0 0.0 
6568 6.49 3.7245870807757535e-06 0.0 0.0 3.7245870807757535e-06 0.0 0.0 0.0 0.0 0.0 0.0 0.0 0.0 0.0 0.0 0.0 0.0 0.0 0.0 0.0 0.0 0.0 
6569 6.491 3.6891650854594494e-06 0.0 0.0 3.6891650854594494e-06 0.0 0.0 0.0 0.0 0.0 0.0 0.0 0.0 0.0 0.0 0.0 0.0 0.0 0.0 0.0 0.0 0.0 
6570 6.492 3.6539817103565738e-06 0.0 0.0 3.6539817103565738e-06 0.0 0.0 0.0 0.0 0.0 0.0 0.0 0.0 0.0 0.0 0.0 0.0 0.0 0.0 0.0 0.0 0.0 
6571 6.493 3.6190361114087326e-06 0.0 0.0 3.6190361114087326e-06 0.0 0.0 0.0 0.0 0.0 0.0 0.0 0.0 0.0 0.0 0.0 0.0 0.0 0.0 0.0 0.0 0.0 
6572 6.494 3.5843274433880777e-06 0.0 0.0 3.5843274433880777e-06 0.0 0.0 0.0 0.0 0.0 0.0 0.0 0.0 0.0 0.0 0.0 0.0 0.0 0.0 0.0 0.0 0.0 
6573 6.495 3.549854859913745e-06 0.0 0.0 3.549854859913745e-06 0.0 0.0 0.0 0.0 0.0 0.0 0.0 0.0 0.0 0.0 0.0 0.0 0.0 0.0 0.0 0.0 0.0 
6574 6.496 3.515617513468346e-06 0.0 0.0 3.515617513468346e-06 0.0 0.0 0.0 0.0 0.0 0.0 0.0 0.0 0.0 0.0 0.0 0.0 0.0 0.0 0.0 0.0 0.0 
6575 6.497 3.481614555414521e-06 0.0 0.0 3.481614555414521e-06 0.0 0.0 0.0 0.0 0.0 0.0 0.0 0.0 0.0 0.0 0.0 0.0 0.0 0.0 0.0 0.0 0.0 
6576 6.498 3.447845136011566e-06 0.0 0.0 3.447845136011566e-06 0.0 0.0 0.0 0.0 0.0 0.0 0.0 0.0 0.0 0.0 0.0 0.0 0.0 0.0 0.0 0.0 0.0 
6577 6.499 3.4143084044320987e-06 0.0 0.0 3.4143084044320987e-06 0.0 0.0 0.0 0.0 0.0 0.0 0.0 0.0 0.0 0.0 0.0 0.0 0.0 0.0 0.0 0.0 0.0 
6578 6.5 3.381003508778799e-06 0.0 0.0 3.381003508778799e-06 0.0 0.0 0.0 0.0 0.0 0.0 0.0 0.0 0.0 0.0 0.0 0.0 0.0 0.0 0.0 0.0 0.0 
6579 6.501 3.34792959610121e-06 0.0 0.0 3.34792959610121e-06 0.0 0.0 0.0 0.0 0.0 0.0 0.0 0.0 0.0 0.0 0.0 0.0 0.0 0.0 0.0 0.0 0.0 
6580 6.502 3.3150858124125864e-06 0.0 0.0 3.3150858124125864e-06 0.0 0.0 0.0 0.0 0.0 0.0 0.0 0.0 0.0 0.0 0.0 0.0 0.0 0.0 0.0 0.0 0.0 
6581 6.503 3.2824713027068174e-06 0.0 0.0 3.2824713027068174e-06 0.0 0.0 0.0 0.0 0.0 0.0 0.0 0.0 0.0 0.0 0.0 0.0 0.0 0.0 0.0 0.0 0.0 
6582 6.504 3.250085210975397e-06 0.0 0.0 3.250085210975397e-06 0.0 0.0 0.0 0.0 0.0 0.0 0.0 0.0 0.0 0.0 0.0 0.0 0.0 0.0 0.0 0.0 0.0 
6583 6.505 3.2179266802244637e-06 0.0 0.0 3.2179266802244637e-06 0.0 0.0 0.0 0.0 0.0 0.0 0.0 0.0 0.0 0.0 0.0 0.0 0.0 0.0 0.0 0.0 0.0 
6584 6.506 3.185994852491884e-06 0.0 0.0 3.185994852491884e-06 0.0 0.0 0.0 0.0 0.0 0.0 0.0 0.0 0.0 0.0 0.0 0.0 0.0 0.0 0.0 0.0 0.0 
6585 6.507 3.1542888688644135e-06 0.0 0.0 3.1542888688644135e-06 0.0 0.0 0.0 0.0 0.0 0.0 0.0 0.0 0.0 0.0 0.0 0.0 0.0 0.0 0.0 0.0 0.0 
6586 6.508 3.1228078694949006e-06 0.0 0.0 3.1228078694949006e-06 0.0 0.0 0.0 0.0 0.0 0.0 0.0 0.0 0.0 0.0 0.0 0.0 0.0 0.0 0.0 0.0 0.0 
6587 6.509 3.0915509936195557e-06 0.0 0.0 3.0915509936195557e-06 0.0 0.0 0.0 0.0 0.0 0.0 0.0 0.0 0.0 0.0 0.0 0.0 0.0 0.0 0.0 0.0 0.0 
6588 6.51 3.060517379575275e-06 0.0 0.0 3.060517379575275e-06 0.0 0.0 0.0 0.0 0.0 0.0 0.0 0.0 0.0 0.0 0.0 0.0 0.0 0.0 0.0 0.0 0.0 
6589 6.511 3.0297061648170246e-06 0.0 0.0 3.0297061648170246e-06 0.0 0.0 0.0 0.0 0.0 0.0 0.0 0.0 0.0 0.0 0.0 0.0 0.0 0.0 0.0 0.0 0.0 
6590 6.512 2.999116485935281e-06 0.0 0.0 2.999116485935281e-06 0.0 0.0 0.0 0.0 0.0 0.0 0.0 0.0 0.0 0.0 0.0 0.0 0.0 0.0 0.0 0.0 0.0 
6591 6.513 2.9687474786735256e-06 0.0 0.0 2.9687474786735256e-06 0.0 0.0 0.0 0.0 0.0 0.0 0.0 0.0 0.0 0.0 0.0 0.0 0.0 0.0 0.0 0.0 0.0 
6592 6.514 2.938598277945801e-06 0.0 0.0 2.938598277945801e-06 0.0 0.0 0.0 0.0 0.0 0.0 0.0 0.0 0.0 0.0 0.0 0.0 0.0 0.0 0.0 0.0 0.0 
6593 6.515 2.908668017854318e-06 0.0 0.0 2.908668017854318e-06 0.0 0.0 0.0 0.0 0.0 0.0 0.0 0.0 0.0 0.0 0.0 0.0 0.0 0.0 0.0 0.0 0.0 
6594 6.516 2.878955831707124e-06 0.0 0.0 2.878955831707124e-06 0.0 0.0 0.0 0.0 0.0 0.0 0.0 0.0 0.0 0.0 0.0 0.0 0.0 0.0 0.0 0.0 0.0 
6595 6.517 2.8494608520358234e-06 0.0 0.0 2.8494608520358234e-06 0.0 0.0 0.0 0.0 0.0 0.0 0.0 0.0 0.0 0.0 0.0 0.0 0.0 0.0 0.0 0.0 0.0 
6596 6.518 2.8201822106133562e-06 0.0 0.0 2.8201822106133562e-06 0.0 0.0 0.0 0.0 0.0 0.0 0.0 0.0 0.0 0.0 0.0 0.0 0.0 0.0 0.0 0.0 0.0 
6597 6.519 2.7911190384718317e-06 0.0 0.0 2.7911190384718317e-06 0.0 0.0 0.0 0.0 0.0 0.0 0.0 0.0 0.0 0.0 0.0 0.0 0.0 0.0 0.0 0.0 0.0 
6598 6.52 2.7622704659204132e-06 0.0 0.0 2.7622704659204132e-06 0.0 0.0 0.0 0.0 0.0 0.0 0.0 0.0 0.0 0.0 0.0 0.0 0.0 0.0 0.0 0.0 0.0 
6599 6.521 2.733635622563263e-06 0.0 0.0 2.733635622563263e-06 0.0 0.0 0.0 0.0 0.0 0.0 0.0 0.0 0.0 0.0 0.0 0.0 0.0 0.0 0.0 0.0 0.0 
6600 6.522 2.7052136373175393e-06 0.0 0.0 2.7052136373175393e-06 0.0 0.0 0.0 0.0 0.0 0.0 0.0 0.0 0.0 0.0 0.0 0.0 0.0 0.0 0.0 0.0 0.0 
6601 6.523 2.6770036384314458e-06 0.0 0.0 2.6770036384314458e-06 0.0 0.0 0.0 0.0 0.0 0.0 0.0 0.0 0.0 0.0 0.0 0.0 0.0 0.0 0.0 0.0 0.0 
6602 6.524 2.6490047535023386e-06 0.0 0.0 2.6490047535023386e-06 0.0 0.0 0.0 0.0 0.0 0.0 0.0 0.0 0.0 0.0 0.0 0.0 0.0 0.0 0.0 0.0 0.0 
6603 6.525 2.6212161094948806e-06 0.0 0.0 2.6212161094948806e-06 0.0 0.0 0.0 0.0 0.0 0.0 0.0 0.0 0.0 0.0 0.0 0.0 0.0 0.0 0.0 0.0 0.0 
6604 6.526 2.59363683275926e-06 0.0 0.0 2.59363683275926e-06 0.0 0.0 0.0 0.0 0.0 0.0 0.0 0.0 0.0 0.0 0.0 0.0 0.0 0.0 0.0 0.0 0.0 
6605 6.527 2.566266049049444e-06 0.0 0.0 2.566266049049444e-06 0.0 0.0 0.0 0.0 0.0 0.0 0.0 0.0 0.0 0.0 0.0 0.0 0.0 0.0 0.0 0.0 0.0 
6606 6.528 2.53910288354151e-06 0.0 0.0 2.53910288354151e-06 0.0 0.0 0.0 0.0 0.0 0.0 0.0 0.0 0.0 0.0 0.0 0.0 0.0 0.0 0.0 0.0 0.0 
6607 6.529 2.512146460851997e-06 0.0 0.0 2.512146460851997e-06 0.0 0.0 0.0 0.0 0.0 0.0 0.0 0.0 0.0 0.0 0.0 0.0 0.0 0.0 0.0 0.0 0.0 
6608 6.53 2.4853959050563436e-06 0.0 0.0 2.4853959050563436e-06 0.0 0.0 0.0 0.0 0.0 0.0 0.0 0.0 0.0 0.0 0.0 0.0 0.0 0.0 0.0 0.0 0.0 
6609 6.531 2.45885033970735e-06 0.0 0.0 2.45885033970735e-06 0.0 0.0 0.0 0.0 0.0 0.0 0.0 0.0 0.0 0.0 0.0 0.0 0.0 0.0 0.0 0.0 0.0 
6610 6.532 2.432508887853704e-06 0.0 0.0 2.432508887853704e-06 0.0 0.0 0.0 0.0 0.0 0.0 0.0 0.0 0.0 0.0 0.0 0.0 0.0 0.0 0.0 0.0 0.0 
6611 6.533 2.406370672058555e-06 0.0 0.0 2.406370672058555e-06 0.0 0.0 0.0 0.0 0.0 0.0 0.0 0.0 0.0 0.0 0.0 0.0 0.0 0.0 0.0 0.0 0.0 
6612 6.534 2.380434814418142e-06 0.0 0.0 2.380434814418142e-06 0.0 0.0 0.0 0.0 0.0 0.0 0.0 0.0 0.0 0.0 0.0 0.0 0.0 0.0 0.0 0.0 0.0 
6613 6.535 2.3547004365804645e-06 0.0 0.0 2.3547004365804645e-06 0.0 0.0 0.0 0.0 0.0 0.0 0.0 0.0 0.0 0.0 0.0 0.0 0.0 0.0 0.0 0.0 0.0 
6614 6.536 2.3291666597640105e-06 0.0 0.0 2.3291666597640105e-06 0.0 0.0 0.0 0.0 0.0 0.0 0.0 0.0 0.0 0.0 0.0 0.0 0.0 0.0 0.0 0.0 0.0 
6615 6.537 2.3038326047765267e-06 0.0 0.0 2.3038326047765267e-06 0.0 0.0 0.0 0.0 0.0 0.0 0.0 0.0 0.0 0.0 0.0 0.0 0.0 0.0 0.0 0.0 0.0 
6616 6.538 2.2786973920338493e-06 0.0 0.0 2.2786973920338493e-06 0.0 0.0 0.0 0.0 0.0 0.0 0.0 0.0 0.0 0.0 0.0 0.0 0.0 0.0 0.0 0.0 0.0 
6617 6.539 2.253760141578766e-06 0.0 0.0 2.253760141578766e-06 0.0 0.0 0.0 0.0 0.0 0.0 0.0 0.0 0.0 0.0 0.0 0.0 0.0 0.0 0.0 0.0 0.0 
6618 6.54 2.2290199730999445e-06 0.0 0.0 2.2290199730999445e-06 0.0 0.0 0.0 0.0 0.0 0.0 0.0 0.0 0.0 0.0 0.0 0.0 0.0 0.0 0.0 0.0 0.0 
6619 6.541 2.2044760059508965e-06 0.0 0.0 2.2044760059508965e-06 0.0 0.0 0.0 0.0 0.0 0.0 0.0 0.0 0.0 0.0 0.0 0.0 0.0 0.0 0.0 0.0 0.0 
6620 6.542 2.1801273591689953e-06 0.0 0.0 2.1801273591689953e-06 0.0 0.0 0.0 0.0 0.0 0.0 0.0 0.0 0.0 0.0 0.0 0.0 0.0 0.0 0.0 0.0 0.0 
6621 6.543 2.1559731514945363e-06 0.0 0.0 2.1559731514945363e-06 0.0 0.0 0.0 0.0 0.0 0.0 0.0 0.0 0.0 0.0 0.0 0.0 0.0 0.0 0.0 0.0 0.0 
6622 6.544 2.1320125013898495e-06 0.0 0.0 2.1320125013898495e-06 0.0 0.0 0.0 0.0 0.0 0.0 0.0 0.0 0.0 0.0 0.0 0.0 0.0 0.0 0.0 0.0 0.0 
6623 6.545 2.108244527058454e-06 0.0 0.0 2.108244527058454e-06 0.0 0.0 0.0 0.0 0.0 0.0 0.0 0.0 0.0 0.0 0.0 0.0 0.0 0.0 0.0 0.0 0.0 
6624 6.546 2.084668346464258e-06 0.0 0.0 2.084668346464258e-06 0.0 0.0 0.0 0.0 0.0 0.0 0.0 0.0 0.0 0.0 0.0 0.0 0.0 0.0 0.0 0.0 0.0 
6625 6.547 2.0612830773508114e-06 0.0 0.0 2.0612830773508114e-06 0.0 0.0 0.0 0.0 0.0 0.0 0.0 0.0 0.0 0.0 0.0 0.0 0.0 0.0 0.0 0.0 0.0 
6626 6.548 2.0380878372605916e-06 0.0 0.0 2.0380878372605916e-06 0.0 0.0 0.0 0.0 0.0 0.0 0.0 0.0 0.0 0.0 0.0 0.0 0.0 0.0 0.0 0.0 0.0 
6627 6.549 2.0150817435543466e-06 0.0 0.0 2.0150817435543466e-06 0.0 0.0 0.0 0.0 0.0 0.0 0.0 0.0 0.0 0.0 0.0 0.0 0.0 0.0 0.0 0.0 0.0 
6628 6.55 1.992263913430472e-06 0.0 0.0 1.992263913430472e-06 0.0 0.0 0.0 0.0 0.0 0.0 0.0 0.0 0.0 0.0 0.0 0.0 0.0 0.0 0.0 0.0 0.0 
6629 6.551 1.9696334639444406e-06 0.0 0.0 1.9696334639444406e-06 0.0 0.0 0.0 0.0 0.0 0.0 0.0 0.0 0.0 0.0 0.0 0.0 0.0 0.0 0.0 0.0 0.0 
6630 6.552 1.9471895120282674e-06 0.0 0.0 1.9471895120282674e-06 0.0 0.0 0.0 0.0 0.0 0.0 0.0 0.0 0.0 0.0 0.0 0.0 0.0 0.0 0.0 0.0 0.0 
6631 6.553 1.9249311745100233e-06 0.0 0.0 1.9249311745100233e-06 0.0 0.0 0.0 0.0 0.0 0.0 0.0 0.0 0.0 0.0 0.0 0.0 0.0 0.0 0.0 0.0 0.0 
6632 6.554 1.9028575681333891e-06 0.0 0.0 1.9028575681333891e-06 0.0 0.0 0.0 0.0 0.0 0.0 0.0 0.0 0.0 0.0 0.0 0.0 0.0 0.0 0.0 0.0 0.0 
6633 6.555 1.8809678095772524e-06 0.0 0.0 1.8809678095772524e-06 0.0 0.0 0.0 0.0 0.0 0.0 0.0 0.0 0.0 0.0 0.0 0.0 0.0 0.0 0.0 0.0 0.0 
6634 6.556 1.8592610154753437e-06 0.0 0.0 1.8592610154753437e-06 0.0 0.0 0.0 0.0 0.0 0.0 0.0 0.0 0.0 0.0 0.0 0.0 0.0 0.0 0.0 0.0 0.0 
6635 6.557 1.8377363024359168e-06 0.0 0.0 1.8377363024359168e-06 0.0 0.0 0.0 0.0 0.0 0.0 0.0 0.0 0.0 0.0 0.0 0.0 0.0 0.0 0.0 0.0 0.0 
6636 6.558 1.8163927870614714e-06 0.0 0.0 1.8163927870614714e-06 0.0 0.0 0.0 0.0 0.0 0.0 0.0 0.0 0.0 0.0 0.0 0.0 0.0 0.0 0.0 0.0 0.0 
6637 6.559 1.7952295859685064e-06 0.0 0.0 1.7952295859685064e-06 0.0 0.0 0.0 0.0 0.0 0.0 0.0 0.0 0.0 0.0 0.0 0.0 0.0 0.0 0.0 0.0 0.0 
6638 6.56 1.7742458158073284e-06 0.0 0.0 1.7742458158073284e-06 0.0 0.0 0.0 0.0 0.0 0.0 0.0 0.0 0.0 0.0 0.0 0.0 0.0 0.0 0.0 0.0 0.0 
6639 6.561 1.7534405932818832e-06 0.0 0.0 1.7534405932818832e-06 0.0 0.0 0.0 0.0 0.0 0.0 0.0 0.0 0.0 0.0 0.0 0.0 0.0 0.0 0.0 0.0 0.0 
6640 6.562 1.7328130351696388e-06 0.0 0.0 1.7328130351696388e-06 0.0 0.0 0.0 0.0 0.0 0.0 0.0 0.0 0.0 0.0 0.0 0.0 0.0 0.0 0.0 0.0 0.0 
6641 6.563 1.7123622583415008e-06 0.0 0.0 1.7123622583415008e-06 0.0 0.0 0.0 0.0 0.0 0.0 0.0 0.0 0.0 0.0 0.0 0.0 0.0 0.0 0.0 0.0 0.0 
6642 6.564 1.6920873797817635e-06 0.0 0.0 1.6920873797817635e-06 0.0 0.0 0.0 0.0 0.0 0.0 0.0 0.0 0.0 0.0 0.0 0.0 0.0 0.0 0.0 0.0 0.0 
6643 6.565 1.6719875166081064e-06 0.0 0.0 1.6719875166081064e-06 0.0 0.0 0.0 0.0 0.0 0.0 0.0 0.0 0.0 0.0 0.0 0.0 0.0 0.0 0.0 0.0 0.0 
6644 6.565 1.6520617860916188e-06 0.0 0.0 1.6520617860916188e-06 0.0 0.0 0.0 0.0 0.0 0.0 0.0 0.0 0.0 0.0 0.0 0.0 0.0 0.0 0.0 0.0 0.0 
6645 6.566 1.6323093056768668e-06 0.0 0.0 1.6323093056768668e-06 0.0 0.0 0.0 0.0 0.0 0.0 0.0 0.0 0.0 0.0 0.0 0.0 0.0 0.0 0.0 0.0 0.0 
6646 6.567 1.61272919300199e-06 0.0 0.0 1.61272919300199e-06 0.0 0.0 0.0 0.0 0.0 0.0 0.0 0.0 0.0 0.0 0.0 0.0 0.0 0.0 0.0 0.0 0.0 
6647 6.568 1.5933205659188436e-06 0.0 0.0 1.5933205659188436e-06 0.0 0.0 0.0 0.0 0.0 0.0 0.0 0.0 0.0 0.0 0.0 0.0 0.0 0.0 0.0 0.0 0.0 
6648 6.569 1.574082542513162e-06 0.0 0.0 1.574082542513162e-06 0.0 0.0 0.0 0.0 0.0 0.0 0.0 0.0 0.0 0.0 0.0 0.0 0.0 0.0 0.0 0.0 0.0 
6649 6.57 1.555014241124769e-06 0.0 0.0 1.555014241124769e-06 0.0 0.0 0.0 0.0 0.0 0.0 0.0 0.0 0.0 0.0 0.0 0.0 0.0 0.0 0.0 0.0 0.0 
6650 6.571 1.5361147803678141e-06 0.0 0.0 1.5361147803678141e-06 0.0 0.0 0.0 0.0 0.0 0.0 0.0 0.0 0.0 0.0 0.0 0.0 0.0 0.0 0.0 0.0 0.0 
6651 6.572 1.5173832791510415e-06 0.0 0.0 1.5173832791510415e-06 0.0 0.0 0.0 0.0 0.0 0.0 0.0 0.0 0.0 0.0 0.0 0.0 0.0 0.0 0.0 0.0 0.0 
6652 6.573 1.498818856698099e-06 0.0 0.0 1.498818856698099e-06 0.0 0.0 0.0 0.0 0.0 0.0 0.0 0.0 0.0 0.0 0.0 0.0 0.0 0.0 0.0 0.0 0.0 
6653 6.574 1.4804206325678714e-06 0.0 0.0 1.4804206325678714e-06 0.0 0.0 0.0 0.0 0.0 0.0 0.0 0.0 0.0 0.0 0.0 0.0 0.0 0.0 0.0 0.0 0.0 
6654 6.575 1.4621877266748484e-06 0.0 0.0 1.4621877266748484e-06 0.0 0.0 0.0 0.0 0.0 0.0 0.0 0.0 0.0 0.0 0.0 0.0 0.0 0.0 0.0 0.0 0.0 
6655 6.576 1.4441192593095246e-06 0.0 0.0 1.4441192593095246e-06 0.0 0.0 0.0 0.0 0.0 0.0 0.0 0.0 0.0 0.0 0.0 0.0 0.0 0.0 0.0 0.0 0.0 
6656 6.577 1.4262143511588266e-06 0.0 0.0 1.4262143511588266e-06 0.0 0.0 0.0 0.0 0.0 0.0 0.0 0.0 0.0 0.0 0.0 0.0 0.0 0.0 0.0 0.0 0.0 
6657 6.578 1.4084721233265728e-06 0.0 0.0 1.4084721233265728e-06 0.0 0.0 0.0 0.0 0.0 0.0 0.0 0.0 0.0 0.0 0.0 0.0 0.0 0.0 0.0 0.0 0.0 
6658 6.579 1.390891697353961e-06 0.0 0.0 1.390891697353961e-06 0.0 0.0 0.0 0.0 0.0 0.0 0.0 0.0 0.0 0.0 0.0 0.0 0.0 0.0 0.0 0.0 0.0 
6659 6.58 1.3734721952400855e-06 0.0 0.0 1.3734721952400855e-06 0.0 0.0 0.0 0.0 0.0 0.0 0.0 0.0 0.0 0.0 0.0 0.0 0.0 0.0 0.0 0.0 0.0 
6660 6.581 1.3562127394624812e-06 0.0 0.0 1.3562127394624812e-06 0.0 0.0 0.0 0.0 0.0 0.0 0.0 0.0 0.0 0.0 0.0 0.0 0.0 0.0 0.0 0.0 0.0 
6661 6.582 1.339112452997696e-06 0.0 0.0 1.339112452997696e-06 0.0 0.0 0.0 0.0 0.0 0.0 0.0 0.0 0.0 0.0 0.0 0.0 0.0 0.0 0.0 0.0 0.0 
6662 6.583 1.322170459341888e-06 0.0 0.0 1.322170459341888e-06 0.0 0.0 0.0 0.0 0.0 0.0 0.0 0.0 0.0 0.0 0.0 0.0 0.0 0.0 0.0 0.0 0.0 
6663 6.584 1.305385882531453e-06 0.0 0.0 1.305385882531453e-06 0.0 0.0 0.0 0.0 0.0 0.0 0.0 0.0 0.0 0.0 0.0 0.0 0.0 0.0 0.0 0.0 0.0 
6664 6.585 1.288757847163673e-06 0.0 0.0 1.288757847163673e-06 0.0 0.0 0.0 0.0 0.0 0.0 0.0 0.0 0.0 0.0 0.0 0.0 0.0 0.0 0.0 0.0 0.0 
6665 6.586 1.2722854784173928e-06 0.0 0.0 1.2722854784173928e-06 0.0 0.0 0.0 0.0 0.0 0.0 0.0 0.0 0.0 0.0 0.0 0.0 0.0 0.0 0.0 0.0 0.0 
6666 6.587 1.255967902073719e-06 0.0 0.0 1.255967902073719e-06 0.0 0.0 0.0 0.0 0.0 0.0 0.0 0.0 0.0 0.0 0.0 0.0 0.0 0.0 0.0 0.0 0.0 
6667 6.588 1.2398042445367441e-06 0.0 0.0 1.2398042445367441e-06 0.0 0.0 0.0 0.0 0.0 0.0 0.0 0.0 0.0 0.0 0.0 0.0 0.0 0.0 0.0 0.0 0.0 
6668 6.589 1.2237936328542933e-06 0.0 0.0 1.2237936328542933e-06 0.0 0.0 0.0 0.0 0.0 0.0 0.0 0.0 0.0 0.0 0.0 0.0 0.0 0.0 0.0 0.0 0.0 
6669 6.59 1.2079351947386922e-06 0.0 0.0 1.2079351947386922e-06 0.0 0.0 0.0 0.0 0.0 0.0 0.0 0.0 0.0 0.0 0.0 0.0 0.0 0.0 0.0 0.0 0.0 
6670 6.591 1.192228058587559e-06 0.0 0.0 1.192228058587559e-06 0.0 0.0 0.0 0.0 0.0 0.0 0.0 0.0 0.0 0.0 0.0 0.0 0.0 0.0 0.0 0.0 0.0 
6671 6.592 1.1766713535046157e-06 0.0 0.0 1.1766713535046157e-06 0.0 0.0 0.0 0.0 0.0 0.0 0.0 0.0 0.0 0.0 0.0 0.0 0.0 0.0 0.0 0.0 0.0 
6672 6.593 1.1612642093205193e-06 0.0 0.0 1.1612642093205193e-06 0.0 0.0 0.0 0.0 0.0 0.0 0.0 0.0 0.0 0.0 0.0 0.0 0.0 0.0 0.0 0.0 0.0 
6673 6.594 1.1460057566137159e-06 0.0 0.0 1.1460057566137159e-06 0.0 0.0 0.0 0.0 0.0 0.0 0.0 0.0 0.0 0.0 0.0 0.0 0.0 0.0 0.0 0.0 0.0 
6674 6.595 1.130895126731309e-06 0.0 0.0 1.130895126731309e-06 0.0 0.0 0.0 0.0 0.0 0.0 0.0 0.0 0.0 0.0 0.0 0.0 0.0 0.0 0.0 0.0 0.0 
6675 6.596 1.1159314518099518e-06 0.0 0.0 1.1159314518099518e-06 0.0 0.0 0.0 0.0 0.0 0.0 0.0 0.0 0.0 0.0 0.0 0.0 0.0 0.0 0.0 0.0 0.0 
6676 6.597 1.1011138647967508e-06 0.0 0.0 1.1011138647967508e-06 0.0 0.0 0.0 0.0 0.0 0.0 0.0 0.0 0.0 0.0 0.0 0.0 0.0 0.0 0.0 0.0 0.0 
6677 6.598 1.0864414994701939e-06 0.0 0.0 1.0864414994701939e-06 0.0 0.0 0.0 0.0 0.0 0.0 0.0 0.0 0.0 0.0 0.0 0.0 0.0 0.0 0.0 0.0 0.0 
6678 6.599 1.0719134904610873e-06 0.0 0.0 1.0719134904610873e-06 0.0 0.0 0.0 0.0 0.0 0.0 0.0 0.0 0.0 0.0 0.0 0.0 0.0 0.0 0.0 0.0 0.0 
6679 6.6 1.0575289732735133e-06 0.0 0.0 1.0575289732735133e-06 0.0 0.0 0.0 0.0 0.0 0.0 0.0 0.0 0.0 0.0 0.0 0.0 0.0 0.0 0.0 0.0 0.0 
6680 6.601 1.0432870843058003e-06 0.0 0.0 1.0432870843058003e-06 0.0 0.0 0.0 0.0 0.0 0.0 0.0 0.0 0.0 0.0 0.0 0.0 0.0 0.0 0.0 0.0 0.0 
6681 6.602 1.029186960871508e-06 0.0 0.0 1.029186960871508e-06 0.0 0.0 0.0 0.0 0.0 0.0 0.0 0.0 0.0 0.0 0.0 0.0 0.0 0.0 0.0 0.0 0.0 
6682 6.603 1.0152277412204253e-06 0.0 0.0 1.0152277412204253e-06 0.0 0.0 0.0 0.0 0.0 0.0 0.0 0.0 0.0 0.0 0.0 0.0 0.0 0.0 0.0 0.0 0.0 
6683 6.604 1.0014085645595815e-06 0.0 0.0 1.0014085645595815e-06 0.0 0.0 0.0 0.0 0.0 0.0 0.0 0.0 0.0 0.0 0.0 0.0 0.0 0.0 0.0 0.0 0.0 
6684 6.605 9.877285710742696e-07 0.0 0.0 9.877285710742696e-07 0.0 0.0 0.0 0.0 0.0 0.0 0.0 0.0 0.0 0.0 0.0 0.0 0.0 0.0 0.0 0.0 0.0 
6685 6.606 9.741869019490792e-07 0.0 0.0 9.741869019490792e-07 0.0 0.0 0.0 0.0 0.0 0.0 0.0 0.0 0.0 0.0 0.0 0.0 0.0 0.0 0.0 0.0 0.0 
6686 6.607 9.60782699388942e-07 0.0 0.0 9.60782699388942e-07 0.0 0.0 0.0 0.0 0.0 0.0 0.0 0.0 0.0 0.0 0.0 0.0 0.0 0.0 0.0 0.0 0.0 
6687 6.608 9.475151066401856e-07 0.0 0.0 9.475151066401856e-07 0.0 0.0 0.0 0.0 0.0 0.0 0.0 0.0 0.0 0.0 0.0 0.0 0.0 0.0 0.0 0.0 0.0 
6688 6.609 9.343832680115951e-07 0.0 0.0 9.343832680115951e-07 0.0 0.0 0.0 0.0 0.0 0.0 0.0 0.0 0.0 0.0 0.0 0.0 0.0 0.0 0.0 0.0 0.0 
6689 6.61 9.213863288954869e-07 0.0 0.0 9.213863288954869e-07 0.0 0.0 0.0 0.0 0.0 0.0 0.0 0.0 0.0 0.0 0.0 0.0 0.0 0.0 0.0 0.0 0.0 
6690 6.611 9.085234357887839e-07 0.0 0.0 9.085234357887839e-07 0.0 0.0 0.0 0.0 0.0 0.0 0.0 0.0 0.0 0.0 0.0 0.0 0.0 0.0 0.0 0.0 0.0 
6691 6.612 8.957937363141026e-07 0.0 0.0 8.957937363141026e-07 0.0 0.0 0.0 0.0 0.0 0.0 0.0 0.0 0.0 0.0 0.0 0.0 0.0 0.0 0.0 0.0 0.0 
6692 6.613 8.831963792408418e-07 0.0 0.0 8.831963792408418e-07 0.0 0.0 0.0 0.0 0.0 0.0 0.0 0.0 0.0 0.0 0.0 0.0 0.0 0.0 0.0 0.0 0.0 
6693 6.614 8.7073051450628e-07 0.0 0.0 8.7073051450628e-07 0.0 0.0 0.0 0.0 0.0 0.0 0.0 0.0 0.0 0.0 0.0 0.0 0.0 0.0 0.0 0.0 0.0 
6694 6.615 8.583952932366731e-07 0.0 0.0 8.583952932366731e-07 0.0 0.0 0.0 0.0 0.0 0.0 0.0 0.0 0.0 0.0 0.0 0.0 0.0 0.0 0.0 0.0 0.0 
6695 6.616 8.461898677683581e-07 0.0 0.0 8.461898677683581e-07 0.0 0.0 0.0 0.0 0.0 0.0 0.0 0.0 0.0 0.0 0.0 0.0 0.0 0.0 0.0 0.0 0.0 
6696 6.617 8.341133916688582e-07 0.0 0.0 8.341133916688582e-07 0.0 0.0 0.0 0.0 0.0 0.0 0.0 0.0 0.0 0.0 0.0 0.0 0.0 0.0 0.0 0.0 0.0 
6697 6.618 8.221650197579894e-07 0.0 0.0 8.221650197579894e-07 0.0 0.0 0.0 0.0 0.0 0.0 0.0 0.0 0.0 0.0 0.0 0.0 0.0 0.0 0.0 0.0 0.0 
6698 6.619 8.103439081289679e-07 0.0 0.0 8.103439081289679e-07 0.0 0.0 0.0 0.0 0.0 0.0 0.0 0.0 0.0 0.0 0.0 0.0 0.0 0.0 0.0 0.0 0.0 
6699 6.62 7.986492141695173e-07 0.0 0.0 7.986492141695173e-07 0.0 0.0 0.0 0.0 0.0 0.0 0.0 0.0 0.0 0.0 0.0 0.0 0.0 0.0 0.0 0.0 0.0 
6700 6.621 7.870800965829766e-07 0.0 0.0 7.870800965829766e-07 0.0 0.0 0.0 0.0 0.0 0.0 0.0 0.0 0.0 0.0 0.0 0.0 0.0 0.0 0.0 0.0 0.0 
6701 6.622 7.756357154094032e-07 0.0 0.0 7.756357154094032e-07 0.0 0.0 0.0 0.0 0.0 0.0 0.0 0.0 0.0 0.0 0.0 0.0 0.0 0.0 0.0 0.0 0.0 
6702 6.623 7.643152320466751e-07 0.0 0.0 7.643152320466751e-07 0.0 0.0 0.0 0.0 0.0 0.0 0.0 0.0 0.0 0.0 0.0 0.0 0.0 0.0 0.0 0.0 0.0 
6703 6.624 7.531178092715902e-07 0.0 0.0 7.531178092715902e-07 0.0 0.0 0.0 0.0 0.0 0.0 0.0 0.0 0.0 0.0 0.0 0.0 0.0 0.0 0.0 0.0 0.0 
6704 6.625 7.420426112609588e-07 0.0 0.0 7.420426112609588e-07 0.0 0.0 0.0 0.0 0.0 0.0 0.0 0.0 0.0 0.0 0.0 0.0 0.0 0.0 0.0 0.0 0.0 
6705 6.626 7.310888036126941e-07 0.0 0.0 7.310888036126941e-07 0.0 0.0 0.0 0.0 0.0 0.0 0.0 0.0 0.0 0.0 0.0 0.0 0.0 0.0 0.0 0.0 0.0 
6706 6.627 7.202555533668931e-07 0.0 0.0 7.202555533668931e-07 0.0 0.0 0.0 0.0 0.0 0.0 0.0 0.0 0.0 0.0 0.0 0.0 0.0 0.0 0.0 0.0 0.0 
6707 6.628 7.095420290269113e-07 0.0 0.0 7.095420290269113e-07 0.0 0.0 0.0 0.0 0.0 0.0 0.0 0.0 0.0 0.0 0.0 0.0 0.0 0.0 0.0 0.0 0.0 
6708 6.629 6.989474005804317e-07 0.0 0.0 6.989474005804317e-07 0.0 0.0 0.0 0.0 0.0 0.0 0.0 0.0 0.0 0.0 0.0 0.0 0.0 0.0 0.0 0.0 0.0 
6709 6.63 6.884708395205205e-07 0.0 0.0 6.884708395205205e-07 0.0 0.0 0.0 0.0 0.0 0.0 0.0 0.0 0.0 0.0 0.0 0.0 0.0 0.0 0.0 0.0 0.0 
6710 6.631 6.781115188666769e-07 0.0 0.0 6.781115188666769e-07 0.0 0.0 0.0 0.0 0.0 0.0 0.0 0.0 0.0 0.0 0.0 0.0 0.0 0.0 0.0 0.0 0.0 
6711 6.632 6.678686131858695e-07 0.0 0.0 6.678686131858695e-07 0.0 0.0 0.0 0.0 0.0 0.0 0.0 0.0 0.0 0.0 0.0 0.0 0.0 0.0 0.0 0.0 0.0 
6712 6.633 6.57741298613562e-07 0.0 0.0 6.57741298613562e-07 0.0 0.0 0.0 0.0 0.0 0.0 0.0 0.0 0.0 0.0 0.0 0.0 0.0 0.0 0.0 0.0 0.0 
6713 6.634 6.477287528747252e-07 0.0 0.0 6.477287528747252e-07 0.0 0.0 0.0 0.0 0.0 0.0 0.0 0.0 0.0 0.0 0.0 0.0 0.0 0.0 0.0 0.0 0.0 
6714 6.635 6.378301553048364e-07 0.0 0.0 6.378301553048364e-07 0.0 0.0 0.0 0.0 0.0 0.0 0.0 0.0 0.0 0.0 0.0 0.0 0.0 0.0 0.0 0.0 0.0 
6715 6.636 6.280446868708625e-07 0.0 0.0 6.280446868708625e-07 0.0 0.0 0.0 0.0 0.0 0.0 0.0 0.0 0.0 0.0 0.0 0.0 0.0 0.0 0.0 0.0 0.0 
6716 6.637 6.183715301922296e-07 0.0 0.0 6.183715301922296e-07 0.0 0.0 0.0 0.0 0.0 0.0 0.0 0.0 0.0 0.0 0.0 0.0 0.0 0.0 0.0 0.0 0.0 
6717 6.638 6.08809869561773e-07 0.0 0.0 6.08809869561773e-07 0.0 0.0 0.0 0.0 0.0 0.0 0.0 0.0 0.0 0.0 0.0 0.0 0.0 0.0 0.0 0.0 0.0 
6718 6.639 5.993588909666725e-07 0.0 0.0 5.993588909666725e-07 0.0 0.0 0.0 0.0 0.0 0.0 0.0 0.0 0.0 0.0 0.0 0.0 0.0 0.0 0.0 0.0 0.0 
6719 6.64 5.900177821093663e-07 0.0 0.0 5.900177821093663e-07 0.0 0.0 0.0 0.0 0.0 0.0 0.0 0.0 0.0 0.0 0.0 0.0 0.0 0.0 0.0 0.0 0.0 
6720 6.641 5.807857324284476e-07 0.0 0.0 5.807857324284476e-07 0.0 0.0 0.0 0.0 0.0 0.0 0.0 0.0 0.0 0.0 0.0 0.0 0.0 0.0 0.0 0.0 0.0 
6721 6.642 5.716619331195382e-07 0.0 0.0 5.716619331195382e-07 0.0 0.0 0.0 0.0 0.0 0.0 0.0 0.0 0.0 0.0 0.0 0.0 0.0 0.0 0.0 0.0 0.0 
6722 6.643 5.626455771561415e-07 0.0 0.0 5.626455771561415e-07 0.0 0.0 0.0 0.0 0.0 0.0 0.0 0.0 0.0 0.0 0.0 0.0 0.0 0.0 0.0 0.0 0.0 
6723 6.644 5.537358593104729e-07 0.0 0.0 5.537358593104729e-07 0.0 0.0 0.0 0.0 0.0 0.0 0.0 0.0 0.0 0.0 0.0 0.0 0.0 0.0 0.0 0.0 0.0 
6724 6.645 5.449319761742659e-07 0.0 0.0 5.449319761742659e-07 0.0 0.0 0.0 0.0 0.0 0.0 0.0 0.0 0.0 0.0 0.0 0.0 0.0 0.0 0.0 0.0 0.0 
6725 6.646 5.362331261795526e-07 0.0 0.0 5.362331261795526e-07 0.0 0.0 0.0 0.0 0.0 0.0 0.0 0.0 0.0 0.0 0.0 0.0 0.0 0.0 0.0 0.0 0.0 
6726 6.647 5.276385096194202e-07 0.0 0.0 5.276385096194202e-07 0.0 0.0 0.0 0.0 0.0 0.0 0.0 0.0 0.0 0.0 0.0 0.0 0.0 0.0 0.0 0.0 0.0 
6727 6.648 5.191473286687373e-07 0.0 0.0 5.191473286687373e-07 0.0 0.0 0.0 0.0 0.0 0.0 0.0 0.0 0.0 0.0 0.0 0.0 0.0 0.0 0.0 0.0 0.0 
6728 6.649 5.107587874048551e-07 0.0 0.0 5.107587874048551e-07 0.0 0.0 0.0 0.0 0.0 0.0 0.0 0.0 0.0 0.0 0.0 0.0 0.0 0.0 0.0 0.0 0.0 
6729 6.649 5.02472091828278e-07 0.0 0.0 5.02472091828278e-07 0.0 0.0 0.0 0.0 0.0 0.0 0.0 0.0 0.0 0.0 0.0 0.0 0.0 0.0 0.0 0.0 0.0 
6730 6.65 4.942864498833032e-07 0.0 0.0 4.942864498833032e-07 0.0 0.0 0.0 0.0 0.0 0.0 0.0 0.0 0.0 0.0 0.0 0.0 0.0 0.0 0.0 0.0 0.0 
6731 6.651 4.862010714786303e-07 0.0 0.0 4.862010714786303e-07 0.0 0.0 0.0 0.0 0.0 0.0 0.0 0.0 0.0 0.0 0.0 0.0 0.0 0.0 0.0 0.0 0.0 
6732 6.652 4.782151685079373e-07 0.0 0.0 4.782151685079373e-07 0.0 0.0 0.0 0.0 0.0 0.0 0.0 0.0 0.0 0.0 0.0 0.0 0.0 0.0 0.0 0.0 0.0 
6733 6.653 4.7032795487042275e-07 0.0 0.0 4.7032795487042275e-07 0.0 0.0 0.0 0.0 0.0 0.0 0.0 0.0 0.0 0.0 0.0 0.0 0.0 0.0 0.0 0.0 0.0 
6734 6.654 4.6253864649131455e-07 0.0 0.0 4.6253864649131455e-07 0.0 0.0 0.0 0.0 0.0 0.0 0.0 0.0 0.0 0.0 0.0 0.0 0.0 0.0 0.0 0.0 0.0 
6735 6.655 4.5484646134234017e-07 0.0 0.0 4.5484646134234017e-07 0.0 0.0 0.0 0.0 0.0 0.0 0.0 0.0 0.0 0.0 0.0 0.0 0.0 0.0 0.0 0.0 0.0 
6736 6.656 4.4725061946216257e-07 0.0 0.0 4.4725061946216257e-07 0.0 0.0 0.0 0.0 0.0 0.0 0.0 0.0 0.0 0.0 0.0 0.0 0.0 0.0 0.0 0.0 0.0 
6737 6.657 4.3975034297677566e-07 0.0 0.0 4.3975034297677566e-07 0.0 0.0 0.0 0.0 0.0 0.0 0.0 0.0 0.0 0.0 0.0 0.0 0.0 0.0 0.0 0.0 0.0 
6738 6.658 4.323448561198618e-07 0.0 0.0 4.323448561198618e-07 0.0 0.0 0.0 0.0 0.0 0.0 0.0 0.0 0.0 0.0 0.0 0.0 0.0 0.0 0.0 0.0 0.0 
6739 6.659 4.250333852531069e-07 0.0 0.0 4.250333852531069e-07 0.0 0.0 0.0 0.0 0.0 0.0 0.0 0.0 0.0 0.0 0.0 0.0 0.0 0.0 0.0 0.0 0.0 
6740 6.66 4.1781515888647575e-07 0.0 0.0 4.1781515888647575e-07 0.0 0.0 0.0 0.0 0.0 0.0 0.0 0.0 0.0 0.0 0.0 0.0 0.0 0.0 0.0 0.0 0.0 
6741 6.661 4.1068940769844283e-07 0.0 0.0 4.1068940769844283e-07 0.0 0.0 0.0 0.0 0.0 0.0 0.0 0.0 0.0 0.0 0.0 0.0 0.0 0.0 0.0 0.0 0.0 
6742 6.662 4.0365536455617895e-07 0.0 0.0 4.0365536455617895e-07 0.0 0.0 0.0 0.0 0.0 0.0 0.0 0.0 0.0 0.0 0.0 0.0 0.0 0.0 0.0 0.0 0.0 
6743 6.663 3.967122645356936e-07 0.0 0.0 3.967122645356936e-07 0.0 0.0 0.0 0.0 0.0 0.0 0.0 0.0 0.0 0.0 0.0 0.0 0.0 0.0 0.0 0.0 0.0 
6744 6.664 3.8985934494192856e-07 0.0 0.0 3.8985934494192856e-07 0.0 0.0 0.0 0.0 0.0 0.0 0.0 0.0 0.0 0.0 0.0 0.0 0.0 0.0 0.0 0.0 0.0 
6745 6.665 3.8309584532880607e-07 0.0 0.0 3.8309584532880607e-07 0.0 0.0 0.0 0.0 0.0 0.0 0.0 0.0 0.0 0.0 0.0 0.0 0.0 0.0 0.0 0.0 0.0 
6746 6.666 3.7642100751922514e-07 0.0 0.0 3.7642100751922514e-07 0.0 0.0 0.0 0.0 0.0 0.0 0.0 0.0 0.0 0.0 0.0 0.0 0.0 0.0 0.0 0.0 0.0 
6747 6.667 3.698340756250101e-07 0.0 0.0 3.698340756250101e-07 0.0 0.0 0.0 0.0 0.0 0.0 0.0 0.0 0.0 0.0 0.0 0.0 0.0 0.0 0.0 0.0 0.0 
6748 6.668 3.633342960668049e-07 0.0 0.0 3.633342960668049e-07 0.0 0.0 0.0 0.0 0.0 0.0 0.0 0.0 0.0 0.0 0.0 0.0 0.0 0.0 0.0 0.0 0.0 
6749 6.669 3.5692091759391636e-07 0.0 0.0 3.5692091759391636e-07 0.0 0.0 0.0 0.0 0.0 0.0 0.0 0.0 0.0 0.0 0.0 0.0 0.0 0.0 0.0 0.0 0.0 
6750 6.67 3.5059319130410203e-07 0.0 0.0 3.5059319130410203e-07 0.0 0.0 0.0 0.0 0.0 0.0 0.0 0.0 0.0 0.0 0.0 0.0 0.0 0.0 0.0 0.0 0.0 
6751 6.671 3.443503706633032e-07 0.0 0.0 3.443503706633032e-07 0.0 0.0 0.0 0.0 0.0 0.0 0.0 0.0 0.0 0.0 0.0 0.0 0.0 0.0 0.0 0.0 0.0 
6752 6.672 3.381917115253201e-07 0.0 0.0 3.381917115253201e-07 0.0 0.0 0.0 0.0 0.0 0.0 0.0 0.0 0.0 0.0 0.0 0.0 0.0 0.0 0.0 0.0 0.0 
6753 6.673 3.3211647215143e-07 0.0 0.0 3.3211647215143e-07 0.0 0.0 0.0 0.0 0.0 0.0 0.0 0.0 0.0 0.0 0.0 0.0 0.0 0.0 0.0 0.0 0.0 
6754 6.674 3.261239132299451e-07 0.0 0.0 3.261239132299451e-07 0.0 0.0 0.0 0.0 0.0 0.0 0.0 0.0 0.0 0.0 0.0 0.0 0.0 0.0 0.0 0.0 0.0 
6755 6.675 3.202132978957097e-07 0.0 0.0 3.202132978957097e-07 0.0 0.0 0.0 0.0 0.0 0.0 0.0 0.0 0.0 0.0 0.0 0.0 0.0 0.0 0.0 0.0 0.0 
6756 6.676 3.14383891749535e-07 0.0 0.0 3.14383891749535e-07 0.0 0.0 0.0 0.0 0.0 0.0 0.0 0.0 0.0 0.0 0.0 0.0 0.0 0.0 0.0 0.0 0.0 
6757 6.677 3.086349628775711e-07 0.0 0.0 3.086349628775711e-07 0.0 0.0 0.0 0.0 0.0 0.0 0.0 0.0 0.0 0.0 0.0 0.0 0.0 0.0 0.0 0.0 0.0 
6758 6.678 3.029657818706131e-07 0.0 0.0 3.029657818706131e-07 0.0 0.0 0.0 0.0 0.0 0.0 0.0 0.0 0.0 0.0 0.0 0.0 0.0 0.0 0.0 0.0 0.0 
6759 6.679 2.9737562184334113e-07 0.0 0.0 2.9737562184334113e-07 0.0 0.0 0.0 0.0 0.0 0.0 0.0 0.0 0.0 0.0 0.0 0.0 0.0 0.0 0.0 0.0 0.0 
6760 6.68 2.918637584534935e-07 0.0 0.0 2.918637584534935e-07 0.0 0.0 0.0 0.0 0.0 0.0 0.0 0.0 0.0 0.0 0.0 0.0 0.0 0.0 0.0 0.0 0.0 
6761 6.681 2.8642946992096964e-07 0.0 0.0 2.8642946992096964e-07 0.0 0.0 0.0 0.0 0.0 0.0 0.0 0.0 0.0 0.0 0.0 0.0 0.0 0.0 0.0 0.0 0.0 
6762 6.682 2.810720370468634e-07 0.0 0.0 2.810720370468634e-07 0.0 0.0 0.0 0.0 0.0 0.0 0.0 0.0 0.0 0.0 0.0 0.0 0.0 0.0 0.0 0.0 0.0 
6763 6.683 2.757907432324241e-07 0.0 0.0 2.757907432324241e-07 0.0 0.0 0.0 0.0 0.0 0.0 0.0 0.0 0.0 0.0 0.0 0.0 0.0 0.0 0.0 0.0 0.0 
6764 6.684 2.7058487449794375e-07 0.0 0.0 2.7058487449794375e-07 0.0 0.0 0.0 0.0 0.0 0.0 0.0 0.0 0.0 0.0 0.0 0.0 0.0 0.0 0.0 0.0 0.0 
6765 6.685 2.654537195015708e-07 0.0 0.0 2.654537195015708e-07 0.0 0.0 0.0 0.0 0.0 0.0 0.0 0.0 0.0 0.0 0.0 0.0 0.0 0.0 0.0 0.0 0.0 
6766 6.686 2.603965695580463e-07 0.0 0.0 2.603965695580463e-07 0.0 0.0 0.0 0.0 0.0 0.0 0.0 0.0 0.0 0.0 0.0 0.0 0.0 0.0 0.0 0.0 0.0 
6767 6.687 2.554127186573632e-07 0.0 0.0 2.554127186573632e-07 0.0 0.0 0.0 0.0 0.0 0.0 0.0 0.0 0.0 0.0 0.0 0.0 0.0 0.0 0.0 0.0 0.0 
6768 6.688 2.5050146348334616e-07 0.0 0.0 2.5050146348334616e-07 0.0 0.0 0.0 0.0 0.0 0.0 0.0 0.0 0.0 0.0 0.0 0.0 0.0 0.0 0.0 0.0 0.0 
6769 6.689 2.456621034321509e-07 0.0 0.0 2.456621034321509e-07 0.0 0.0 0.0 0.0 0.0 0.0 0.0 0.0 0.0 0.0 0.0 0.0 0.0 0.0 0.0 0.0 0.0 
6770 6.69 2.408939406306812e-07 0.0 0.0 2.408939406306812e-07 0.0 0.0 0.0 0.0 0.0 0.0 0.0 0.0 0.0 0.0 0.0 0.0 0.0 0.0 0.0 0.0 0.0 
6771 6.691 2.3619627995492235e-07 0.0 0.0 2.3619627995492235e-07 0.0 0.0 0.0 0.0 0.0 0.0 0.0 0.0 0.0 0.0 0.0 0.0 0.0 0.0 0.0 0.0 0.0 
6772 6.692 2.3156842904819008e-07 0.0 0.0 2.3156842904819008e-07 0.0 0.0 0.0 0.0 0.0 0.0 0.0 0.0 0.0 0.0 0.0 0.0 0.0 0.0 0.0 0.0 0.0 
6773 6.693 2.2700969833929128e-07 0.0 0.0 2.2700969833929128e-07 0.0 0.0 0.0 0.0 0.0 0.0 0.0 0.0 0.0 0.0 0.0 0.0 0.0 0.0 0.0 0.0 0.0 
6774 6.694 2.225194010605983e-07 0.0 0.0 2.225194010605983e-07 0.0 0.0 0.0 0.0 0.0 0.0 0.0 0.0 0.0 0.0 0.0 0.0 0.0 0.0 0.0 0.0 0.0 
6775 6.695 2.1809685326603232e-07 0.0 0.0 2.1809685326603232e-07 0.0 0.0 0.0 0.0 0.0 0.0 0.0 0.0 0.0 0.0 0.0 0.0 0.0 0.0 0.0 0.0 0.0 
6776 6.696 2.1374137384895554e-07 0.0 0.0 2.1374137384895554e-07 0.0 0.0 0.0 0.0 0.0 0.0 0.0 0.0 0.0 0.0 0.0 0.0 0.0 0.0 0.0 0.0 0.0 
6777 6.697 2.0945228455997135e-07 0.0 0.0 2.0945228455997135e-07 0.0 0.0 0.0 0.0 0.0 0.0 0.0 0.0 0.0 0.0 0.0 0.0 0.0 0.0 0.0 0.0 0.0 
6778 6.698 2.052289100246288e-07 0.0 0.0 2.052289100246288e-07 0.0 0.0 0.0 0.0 0.0 0.0 0.0 0.0 0.0 0.0 0.0 0.0 0.0 0.0 0.0 0.0 0.0 
6779 6.699 2.010705777610316e-07 0.0 0.0 2.010705777610316e-07 0.0 0.0 0.0 0.0 0.0 0.0 0.0 0.0 0.0 0.0 0.0 0.0 0.0 0.0 0.0 0.0 0.0 
6780 6.7 1.9697661819734986e-07 0.0 0.0 1.9697661819734986e-07 0.0 0.0 0.0 0.0 0.0 0.0 0.0 0.0 0.0 0.0 0.0 0.0 0.0 0.0 0.0 0.0 0.0 
6781 6.701 1.9294636468923165e-07 0.0 0.0 1.9294636468923165e-07 0.0 0.0 0.0 0.0 0.0 0.0 0.0 0.0 0.0 0.0 0.0 0.0 0.0 0.0 0.0 0.0 0.0 
6782 6.702 1.8897915353711433e-07 0.0 0.0 1.8897915353711433e-07 0.0 0.0 0.0 0.0 0.0 0.0 0.0 0.0 0.0 0.0 0.0 0.0 0.0 0.0 0.0 0.0 0.0 
6783 6.703 1.8507432400343347e-07 0.0 0.0 1.8507432400343347e-07 0.0 0.0 0.0 0.0 0.0 0.0 0.0 0.0 0.0 0.0 0.0 0.0 0.0 0.0 0.0 0.0 0.0 
6784 6.704 1.8123121832972654e-07 0.0 0.0 1.8123121832972654e-07 0.0 0.0 0.0 0.0 0.0 0.0 0.0 0.0 0.0 0.0 0.0 0.0 0.0 0.0 0.0 0.0 0.0 
6785 6.705 1.7744918175363199e-07 0.0 0.0 1.7744918175363199e-07 0.0 0.0 0.0 0.0 0.0 0.0 0.0 0.0 0.0 0.0 0.0 0.0 0.0 0.0 0.0 0.0 0.0 
6786 6.706 1.7372756252577988e-07 0.0 0.0 1.7372756252577988e-07 0.0 0.0 0.0 0.0 0.0 0.0 0.0 0.0 0.0 0.0 0.0 0.0 0.0 0.0 0.0 0.0 0.0 
6787 6.707 1.7006571192657389e-07 0.0 0.0 1.7006571192657389e-07 0.0 0.0 0.0 0.0 0.0 0.0 0.0 0.0 0.0 0.0 0.0 0.0 0.0 0.0 0.0 0.0 0.0 
6788 6.708 1.6646298428286194e-07 0.0 0.0 1.6646298428286194e-07 0.0 0.0 0.0 0.0 0.0 0.0 0.0 0.0 0.0 0.0 0.0 0.0 0.0 0.0 0.0 0.0 0.0 
6789 6.709 1.629187369844946e-07 0.0 0.0 1.629187369844946e-07 0.0 0.0 0.0 0.0 0.0 0.0 0.0 0.0 0.0 0.0 0.0 0.0 0.0 0.0 0.0 0.0 0.0 
6790 6.71 1.5943233050076858e-07 0.0 0.0 1.5943233050076858e-07 0.0 0.0 0.0 0.0 0.0 0.0 0.0 0.0 0.0 0.0 0.0 0.0 0.0 0.0 0.0 0.0 0.0 
6791 6.711 1.5600312839675488e-07 0.0 0.0 1.5600312839675488e-07 0.0 0.0 0.0 0.0 0.0 0.0 0.0 0.0 0.0 0.0 0.0 0.0 0.0 0.0 0.0 0.0 0.0 
6792 6.712 1.5263049734950855e-07 0.0 0.0 1.5263049734950855e-07 0.0 0.0 0.0 0.0 0.0 0.0 0.0 0.0 0.0 0.0 0.0 0.0 0.0 0.0 0.0 0.0 0.0 
6793 6.713 1.4931380716415874e-07 0.0 0.0 1.4931380716415874e-07 0.0 0.0 0.0 0.0 0.0 0.0 0.0 0.0 0.0 0.0 0.0 0.0 0.0 0.0 0.0 0.0 0.0 
6794 6.714 1.4605243078987817e-07 0.0 0.0 1.4605243078987817e-07 0.0 0.0 0.0 0.0 0.0 0.0 0.0 0.0 0.0 0.0 0.0 0.0 0.0 0.0 0.0 0.0 0.0 
6795 6.715 1.4284574433572824e-07 0.0 0.0 1.4284574433572824e-07 0.0 0.0 0.0 0.0 0.0 0.0 0.0 0.0 0.0 0.0 0.0 0.0 0.0 0.0 0.0 0.0 0.0 
6796 6.716 1.396931270863805e-07 0.0 0.0 1.396931270863805e-07 0.0 0.0 0.0 0.0 0.0 0.0 0.0 0.0 0.0 0.0 0.0 0.0 0.0 0.0 0.0 0.0 0.0 
6797 6.717 1.3659396151771035e-07 0.0 0.0 1.3659396151771035e-07 0.0 0.0 0.0 0.0 0.0 0.0 0.0 0.0 0.0 0.0 0.0 0.0 0.0 0.0 0.0 0.0 0.0 
6798 6.718 1.3354763331226268e-07 0.0 0.0 1.3354763331226268e-07 0.0 0.0 0.0 0.0 0.0 0.0 0.0 0.0 0.0 0.0 0.0 0.0 0.0 0.0 0.0 0.0 0.0 
6799 6.719 1.305535313745868e-07 0.0 0.0 1.305535313745868e-07 0.0 0.0 0.0 0.0 0.0 0.0 0.0 0.0 0.0 0.0 0.0 0.0 0.0 0.0 0.0 0.0 0.0 
6800 6.72 1.276110478464395e-07 0.0 0.0 1.276110478464395e-07 0.0 0.0 0.0 0.0 0.0 0.0 0.0 0.0 0.0 0.0 0.0 0.0 0.0 0.0 0.0 0.0 0.0 
6801 6.721 1.2471957812185344e-07 0.0 0.0 1.2471957812185344e-07 0.0 0.0 0.0 0.0 0.0 0.0 0.0 0.0 0.0 0.0 0.0 0.0 0.0 0.0 0.0 0.0 0.0 
6802 6.722 1.2187852086207015e-07 0.0 0.0 1.2187852086207015e-07 0.0 0.0 0.0 0.0 0.0 0.0 0.0 0.0 0.0 0.0 0.0 0.0 0.0 0.0 0.0 0.0 0.0 
6803 6.723 1.1908727801033447e-07 0.0 0.0 1.1908727801033447e-07 0.0 0.0 0.0 0.0 0.0 0.0 0.0 0.0 0.0 0.0 0.0 0.0 0.0 0.0 0.0 0.0 0.0 
6804 6.724 1.1634525480655001e-07 0.0 0.0 1.1634525480655001e-07 0.0 0.0 0.0 0.0 0.0 0.0 0.0 0.0 0.0 0.0 0.0 0.0 0.0 0.0 0.0 0.0 0.0 
6805 6.725 1.1365185980179221e-07 0.0 0.0 1.1365185980179221e-07 0.0 0.0 0.0 0.0 0.0 0.0 0.0 0.0 0.0 0.0 0.0 0.0 0.0 0.0 0.0 0.0 0.0 
6806 6.726 1.1100650487267807e-07 0.0 0.0 1.1100650487267807e-07 0.0 0.0 0.0 0.0 0.0 0.0 0.0 0.0 0.0 0.0 0.0 0.0 0.0 0.0 0.0 0.0 0.0 
6807 6.727 1.0840860523559037e-07 0.0 0.0 1.0840860523559037e-07 0.0 0.0 0.0 0.0 0.0 0.0 0.0 0.0 0.0 0.0 0.0 0.0 0.0 0.0 0.0 0.0 0.0 
6808 6.728 1.0585757946075435e-07 0.0 0.0 1.0585757946075435e-07 0.0 0.0 0.0 0.0 0.0 0.0 0.0 0.0 0.0 0.0 0.0 0.0 0.0 0.0 0.0 0.0 0.0 
6809 6.729 1.0335284948616486e-07 0.0 0.0 1.0335284948616486e-07 0.0 0.0 0.0 0.0 0.0 0.0 0.0 0.0 0.0 0.0 0.0 0.0 0.0 0.0 0.0 0.0 0.0 
6810 6.73 1.0089384063136206e-07 0.0 0.0 1.0089384063136206e-07 0.0 0.0 0.0 0.0 0.0 0.0 0.0 0.0 0.0 0.0 0.0 0.0 0.0 0.0 0.0 0.0 0.0 
6811 6.731 9.847998161105383e-08 0.0 0.0 9.847998161105383e-08 0.0 0.0 0.0 0.0 0.0 0.0 0.0 0.0 0.0 0.0 0.0 0.0 0.0 0.0 0.0 0.0 0.0 
6812 6.732 9.611070454858245e-08 0.0 0.0 9.611070454858245e-08 0.0 0.0 0.0 0.0 0.0 0.0 0.0 0.0 0.0 0.0 0.0 0.0 0.0 0.0 0.0 0.0 0.0 
6813 6.732 9.378544498923405e-08 0.0 0.0 9.378544498923405e-08 0.0 0.0 0.0 0.0 0.0 0.0 0.0 0.0 0.0 0.0 0.0 0.0 0.0 0.0 0.0 0.0 0.0 
6814 6.733 9.150364191338855e-08 0.0 0.0 9.150364191338855e-08 0.0 0.0 0.0 0.0 0.0 0.0 0.0 0.0 0.0 0.0 0.0 0.0 0.0 0.0 0.0 0.0 0.0 
6815 6.734 8.92647377495078e-08 0.0 0.0 8.92647377495078e-08 0.0 0.0 0.0 0.0 0.0 0.0 0.0 0.0 0.0 0.0 0.0 0.0 0.0 0.0 0.0 0.0 0.0 
6816 6.735 8.706817838696058e-08 0.0 0.0 8.706817838696058e-08 0.0 0.0 0.0 0.0 0.0 0.0 0.0 0.0 0.0 0.0 0.0 0.0 0.0 0.0 0.0 0.0 0.0 
6817 6.736 8.49134131886813e-08 0.0 0.0 8.49134131886813e-08 0.0 0.0 0.0 0.0 0.0 0.0 0.0 0.0 0.0 0.0 0.0 0.0 0.0 0.0 0.0 0.0 0.0 
6818 6.737 8.279989500366163e-08 0.0 0.0 8.279989500366163e-08 0.0 0.0 0.0 0.0 0.0 0.0 0.0 0.0 0.0 0.0 0.0 0.0 0.0 0.0 0.0 0.0 0.0 
6819 6.738 8.072708017927162e-08 0.0 0.0 8.072708017927162e-08 0.0 0.0 0.0 0.0 0.0 0.0 0.0 0.0 0.0 0.0 0.0 0.0 0.0 0.0 0.0 0.0 0.0 
6820 6.739 7.869442857340924e-08 0.0 0.0 7.869442857340924e-08 0.0 0.0 0.0 0.0 0.0 0.0 0.0 0.0 0.0 0.0 0.0 0.0 0.0 0.0 0.0 0.0 0.0 
6821 6.74 7.670140356647564e-08 0.0 0.0 7.670140356647564e-08 0.0 0.0 0.0 0.0 0.0 0.0 0.0 0.0 0.0 0.0 0.0 0.0 0.0 0.0 0.0 0.0 0.0 
6822 6.741 7.474747207317418e-08 0.0 0.0 7.474747207317418e-08 0.0 0.0 0.0 0.0 0.0 0.0 0.0 0.0 0.0 0.0 0.0 0.0 0.0 0.0 0.0 0.0 0.0 
6823 6.742 7.28321045541311e-08 0.0 0.0 7.28321045541311e-08 0.0 0.0 0.0 0.0 0.0 0.0 0.0 0.0 0.0 0.0 0.0 0.0 0.0 0.0 0.0 0.0 0.0 
6824 6.743 7.095477502733544e-08 0.0 0.0 7.095477502733544e-08 0.0 0.0 0.0 0.0 0.0 0.0 0.0 0.0 0.0 0.0 0.0 0.0 0.0 0.0 0.0 0.0 0.0 
6825 6.744 6.911496107939623e-08 0.0 0.0 6.911496107939623e-08 0.0 0.0 0.0 0.0 0.0 0.0 0.0 0.0 0.0 0.0 0.0 0.0 0.0 0.0 0.0 0.0 0.0 
6826 6.745 6.731214387661494e-08 0.0 0.0 6.731214387661494e-08 0.0 0.0 0.0 0.0 0.0 0.0 0.0 0.0 0.0 0.0 0.0 0.0 0.0 0.0 0.0 0.0 0.0 
6827 6.746 6.55458081758703e-08 0.0 0.0 6.55458081758703e-08 0.0 0.0 0.0 0.0 0.0 0.0 0.0 0.0 0.0 0.0 0.0 0.0 0.0 0.0 0.0 0.0 0.0 
6828 6.747 6.381544233531395e-08 0.0 0.0 6.381544233531395e-08 0.0 0.0 0.0 0.0 0.0 0.0 0.0 0.0 0.0 0.0 0.0 0.0 0.0 0.0 0.0 0.0 0.0 
6829 6.748 6.212053832487445e-08 0.0 0.0 6.212053832487445e-08 0.0 0.0 0.0 0.0 0.0 0.0 0.0 0.0 0.0 0.0 0.0 0.0 0.0 0.0 0.0 0.0 0.0 
6830 6.749 6.04605917365671e-08 0.0 0.0 6.04605917365671e-08 0.0 0.0 0.0 0.0 0.0 0.0 0.0 0.0 0.0 0.0 0.0 0.0 0.0 0.0 0.0 0.0 0.0 
6831 6.75 5.883510179460784e-08 0.0 0.0 5.883510179460784e-08 0.0 0.0 0.0 0.0 0.0 0.0 0.0 0.0 0.0 0.0 0.0 0.0 0.0 0.0 0.0 0.0 0.0 
6832 6.751 5.7243571365328386e-08 0.0 0.0 5.7243571365328386e-08 0.0 0.0 0.0 0.0 0.0 0.0 0.0 0.0 0.0 0.0 0.0 0.0 0.0 0.0 0.0 0.0 0.0 
6833 6.752 5.568550696689062e-08 0.0 0.0 5.568550696689062e-08 0.0 0.0 0.0 0.0 0.0 0.0 0.0 0.0 0.0 0.0 0.0 0.0 0.0 0.0 0.0 0.0 0.0 
6834 6.753 5.416041877879797e-08 0.0 0.0 5.416041877879797e-08 0.0 0.0 0.0 0.0 0.0 0.0 0.0 0.0 0.0 0.0 0.0 0.0 0.0 0.0 0.0 0.0 0.0 
6835 6.754 5.266782065120109e-08 0.0 0.0 5.266782065120109e-08 0.0 0.0 0.0 0.0 0.0 0.0 0.0 0.0 0.0 0.0 0.0 0.0 0.0 0.0 0.0 0.0 0.0 
6836 6.755 5.120723011399587e-08 0.0 0.0 5.120723011399587e-08 0.0 0.0 0.0 0.0 0.0 0.0 0.0 0.0 0.0 0.0 0.0 0.0 0.0 0.0 0.0 0.0 0.0 
6837 6.756 4.97781683857112e-08 0.0 0.0 4.97781683857112e-08 0.0 0.0 0.0 0.0 0.0 0.0 0.0 0.0 0.0 0.0 0.0 0.0 0.0 0.0 0.0 0.0 0.0 
6838 6.757 4.8380160382184116e-08 0.0 0.0 4.8380160382184116e-08 0.0 0.0 0.0 0.0 0.0 0.0 0.0 0.0 0.0 0.0 0.0 0.0 0.0 0.0 0.0 0.0 0.0 
6839 6.758 4.701273472501998e-08 0.0 0.0 4.701273472501998e-08 0.0 0.0 0.0 0.0 0.0 0.0 0.0 0.0 0.0 0.0 0.0 0.0 0.0 0.0 0.0 0.0 0.0 
6840 6.759 4.567542374983532e-08 0.0 0.0 4.567542374983532e-08 0.0 0.0 0.0 0.0 0.0 0.0 0.0 0.0 0.0 0.0 0.0 0.0 0.0 0.0 0.0 0.0 0.0 
6841 6.76 4.436776351428073e-08 0.0 0.0 4.436776351428073e-08 0.0 0.0 0.0 0.0 0.0 0.0 0.0 0.0 0.0 0.0 0.0 0.0 0.0 0.0 0.0 0.0 0.0 
6842 6.761 4.3089293805841596e-08 0.0 0.0 4.3089293805841596e-08 0.0 0.0 0.0 0.0 0.0 0.0 0.0 0.0 0.0 0.0 0.0 0.0 0.0 0.0 0.0 0.0 0.0 
6843 6.762 4.1839558149414045e-08 0.0 0.0 4.1839558149414045e-08 0.0 0.0 0.0 0.0 0.0 0.0 0.0 0.0 0.0 0.0 0.0 0.0 0.0 0.0 0.0 0.0 0.0 
6844 6.763 4.0618103814653673e-08 0.0 0.0 4.0618103814653673e-08 0.0 0.0 0.0 0.0 0.0 0.0 0.0 0.0 0.0 0.0 0.0 0.0 0.0 0.0 0.0 0.0 0.0 
6845 6.764 3.942448182309454e-08 0.0 0.0 3.942448182309454e-08 0.0 0.0 0.0 0.0 0.0 0.0 0.0 0.0 0.0 0.0 0.0 0.0 0.0 0.0 0.0 0.0 0.0 
6846 6.765 3.825824695503605e-08 0.0 0.0 3.825824695503605e-08 0.0 0.0 0.0 0.0 0.0 0.0 0.0 0.0 0.0 0.0 0.0 0.0 0.0 0.0 0.0 0.0 0.0 
6847 6.766 3.711895775619492e-08 0.0 0.0 3.711895775619492e-08 0.0 0.0 0.0 0.0 0.0 0.0 0.0 0.0 0.0 0.0 0.0 0.0 0.0 0.0 0.0 0.0 0.0 
6848 6.767 3.6006176544120044e-08 0.0 0.0 3.6006176544120044e-08 0.0 0.0 0.0 0.0 0.0 0.0 0.0 0.0 0.0 0.0 0.0 0.0 0.0 0.0 0.0 0.0 0.0 
6849 6.768 3.491946941436731e-08 0.0 0.0 3.491946941436731e-08 0.0 0.0 0.0 0.0 0.0 0.0 0.0 0.0 0.0 0.0 0.0 0.0 0.0 0.0 0.0 0.0 0.0 
6850 6.769 3.3858406246432194e-08 0.0 0.0 3.3858406246432194e-08 0.0 0.0 0.0 0.0 0.0 0.0 0.0 0.0 0.0 0.0 0.0 0.0 0.0 0.0 0.0 0.0 0.0 
6851 6.77 3.2822560709437204e-08 0.0 0.0 3.2822560709437204e-08 0.0 0.0 0.0 0.0 0.0 0.0 0.0 0.0 0.0 0.0 0.0 0.0 0.0 0.0 0.0 0.0 0.0 
6852 6.771 3.1811510267571736e-08 0.0 0.0 3.1811510267571736e-08 0.0 0.0 0.0 0.0 0.0 0.0 0.0 0.0 0.0 0.0 0.0 0.0 0.0 0.0 0.0 0.0 0.0 
6853 6.772 3.082483618528167e-08 0.0 0.0 3.082483618528167e-08 0.0 0.0 0.0 0.0 0.0 0.0 0.0 0.0 0.0 0.0 0.0 0.0 0.0 0.0 0.0 0.0 0.0 
6854 6.773 2.9862123532206116e-08 0.0 0.0 2.9862123532206116e-08 0.0 0.0 0.0 0.0 0.0 0.0 0.0 0.0 0.0 0.0 0.0 0.0 0.0 0.0 0.0 0.0 0.0 
6855 6.774 2.892296118785855e-08 0.0 0.0 2.892296118785855e-08 0.0 0.0 0.0 0.0 0.0 0.0 0.0 0.0 0.0 0.0 0.0 0.0 0.0 0.0 0.0 0.0 0.0 
6856 6.775 2.800694184604976e-08 0.0 0.0 2.800694184604976e-08 0.0 0.0 0.0 0.0 0.0 0.0 0.0 0.0 0.0 0.0 0.0 0.0 0.0 0.0 0.0 0.0 0.0 
6857 6.776 2.7113662019049872e-08 0.0 0.0 2.7113662019049872e-08 0.0 0.0 0.0 0.0 0.0 0.0 0.0 0.0 0.0 0.0 0.0 0.0 0.0 0.0 0.0 0.0 0.0 
6858 6.777 2.62427220414867e-08 0.0 0.0 2.62427220414867e-08 0.0 0.0 0.0 0.0 0.0 0.0 0.0 0.0 0.0 0.0 0.0 0.0 0.0 0.0 0.0 0.0 0.0 
6859 6.778 2.539372607397781e-08 0.0 0.0 2.539372607397781e-08 0.0 0.0 0.0 0.0 0.0 0.0 0.0 0.0 0.0 0.0 0.0 0.0 0.0 0.0 0.0 0.0 0.0 
6860 6.779 2.4566282106493406e-08 0.0 0.0 2.4566282106493406e-08 0.0 0.0 0.0 0.0 0.0 0.0 0.0 0.0 0.0 0.0 0.0 0.0 0.0 0.0 0.0 0.0 0.0 
6861 6.78 2.37600019614474e-08 0.0 0.0 2.37600019614474e-08 0.0 0.0 0.0 0.0 0.0 0.0 0.0 0.0 0.0 0.0 0.0 0.0 0.0 0.0 0.0 0.0 0.0 
6862 6.781 2.297450129651382e-08 0.0 0.0 2.297450129651382e-08 0.0 0.0 0.0 0.0 0.0 0.0 0.0 0.0 0.0 0.0 0.0 0.0 0.0 0.0 0.0 0.0 0.0 
6863 6.782 2.2209399607165782e-08 0.0 0.0 2.2209399607165782e-08 0.0 0.0 0.0 0.0 0.0 0.0 0.0 0.0 0.0 0.0 0.0 0.0 0.0 0.0 0.0 0.0 0.0 
6864 6.783 2.1464320228934168e-08 0.0 0.0 2.1464320228934168e-08 0.0 0.0 0.0 0.0 0.0 0.0 0.0 0.0 0.0 0.0 0.0 0.0 0.0 0.0 0.0 0.0 0.0 
6865 6.784 2.073889033938328e-08 0.0 0.0 2.073889033938328e-08 0.0 0.0 0.0 0.0 0.0 0.0 0.0 0.0 0.0 0.0 0.0 0.0 0.0 0.0 0.0 0.0 0.0 
6866 6.785 2.0032740959800483e-08 0.0 0.0 2.0032740959800483e-08 0.0 0.0 0.0 0.0 0.0 0.0 0.0 0.0 0.0 0.0 0.0 0.0 0.0 0.0 0.0 0.0 0.0 
6867 6.786 1.93455069565971e-08 0.0 0.0 1.93455069565971e-08 0.0 0.0 0.0 0.0 0.0 0.0 0.0 0.0 0.0 0.0 0.0 0.0 0.0 0.0 0.0 0.0 0.0 
6868 6.787 1.8676827042417557e-08 0.0 0.0 1.8676827042417557e-08 0.0 0.0 0.0 0.0 0.0 0.0 0.0 0.0 0.0 0.0 0.0 0.0 0.0 0.0 0.0 0.0 0.0 
6869 6.788 1.8026343776953976e-08 0.0 0.0 1.8026343776953976e-08 0.0 0.0 0.0 0.0 0.0 0.0 0.0 0.0 0.0 0.0 0.0 0.0 0.0 0.0 0.0 0.0 0.0 
6870 6.789 1.7393703567463203e-08 0.0 0.0 1.7393703567463203e-08 0.0 0.0 0.0 0.0 0.0 0.0 0.0 0.0 0.0 0.0 0.0 0.0 0.0 0.0 0.0 0.0 0.0 
6871 6.79 1.6778556668983404e-08 0.0 0.0 1.6778556668983404e-08 0.0 0.0 0.0 0.0 0.0 0.0 0.0 0.0 0.0 0.0 0.0 0.0 0.0 0.0 0.0 0.0 0.0 
6872 6.791 1.6180557184247204e-08 0.0 0.0 1.6180557184247204e-08 0.0 0.0 0.0 0.0 0.0 0.0 0.0 0.0 0.0 0.0 0.0 0.0 0.0 0.0 0.0 0.0 0.0 
6873 6.792 1.5599363063288498e-08 0.0 0.0 1.5599363063288498e-08 0.0 0.0 0.0 0.0 0.0 0.0 0.0 0.0 0.0 0.0 0.0 0.0 0.0 0.0 0.0 0.0 0.0 
6874 6.793 1.5034636102739728e-08 0.0 0.0 1.5034636102739728e-08 0.0 0.0 0.0 0.0 0.0 0.0 0.0 0.0 0.0 0.0 0.0 0.0 0.0 0.0 0.0 0.0 0.0 
6875 6.794 1.448604194481692e-08 0.0 0.0 1.448604194481692e-08 0.0 0.0 0.0 0.0 0.0 0.0 0.0 0.0 0.0 0.0 0.0 0.0 0.0 0.0 0.0 0.0 0.0 
6876 6.795 1.3953250075989133e-08 0.0 0.0 1.3953250075989133e-08 0.0 0.0 0.0 0.0 0.0 0.0 0.0 0.0 0.0 0.0 0.0 0.0 0.0 0.0 0.0 0.0 0.0 
6877 6.796 1.3435933825329474e-08 0.0 0.0 1.3435933825329474e-08 0.0 0.0 0.0 0.0 0.0 0.0 0.0 0.0 0.0 0.0 0.0 0.0 0.0 0.0 0.0 0.0 0.0 
6878 6.797 1.2933770362544542e-08 0.0 0.0 1.2933770362544542e-08 0.0 0.0 0.0 0.0 0.0 0.0 0.0 0.0 0.0 0.0 0.0 0.0 0.0 0.0 0.0 0.0 0.0 
6879 6.798 1.2446440695679198e-08 0.0 0.0 1.2446440695679198e-08 0.0 0.0 0.0 0.0 0.0 0.0 0.0 0.0 0.0 0.0 0.0 0.0 0.0 0.0 0.0 0.0 0.0 
6880 6.799 1.1973629668493574e-08 0.0 0.0 1.1973629668493574e-08 0.0 0.0 0.0 0.0 0.0 0.0 0.0 0.0 0.0 0.0 0.0 0.0 0.0 0.0 0.0 0.0 0.0 
6881 6.8 1.1515025957509157e-08 0.0 0.0 1.1515025957509157e-08 0.0 0.0 0.0 0.0 0.0 0.0 0.0 0.0 0.0 0.0 0.0 0.0 0.0 0.0 0.0 0.0 0.0 
6882 6.801 1.107032206872089e-08 0.0 0.0 1.107032206872089e-08 0.0 0.0 0.0 0.0 0.0 0.0 0.0 0.0 0.0 0.0 0.0 0.0 0.0 0.0 0.0 0.0 0.0 
6883 6.802 1.0639214333971973e-08 0.0 0.0 1.0639214333971973e-08 0.0 0.0 0.0 0.0 0.0 0.0 0.0 0.0 0.0 0.0 0.0 0.0 0.0 0.0 0.0 0.0 0.0 
6884 6.803 1.0221402906988337e-08 0.0 0.0 1.0221402906988337e-08 0.0 0.0 0.0 0.0 0.0 0.0 0.0 0.0 0.0 0.0 0.0 0.0 0.0 0.0 0.0 0.0 0.0 
6885 6.804 9.816591759069457e-09 0.0 0.0 9.816591759069457e-09 0.0 0.0 0.0 0.0 0.0 0.0 0.0 0.0 0.0 0.0 0.0 0.0 0.0 0.0 0.0 0.0 0.0 
6886 6.805 9.424488674432384e-09 0.0 0.0 9.424488674432384e-09 0.0 0.0 0.0 0.0 0.0 0.0 0.0 0.0 0.0 0.0 0.0 0.0 0.0 0.0 0.0 0.0 0.0 
6887 6.806 9.044805245205634e-09 0.0 0.0 9.044805245205634e-09 0.0 0.0 0.0 0.0 0.0 0.0 0.0 0.0 0.0 0.0 0.0 0.0 0.0 0.0 0.0 0.0 0.0 
6888 6.807 8.677256866069797e-09 0.0 0.0 8.677256866069797e-09 0.0 0.0 0.0 0.0 0.0 0.0 0.0 0.0 0.0 0.0 0.0 0.0 0.0 0.0 0.0 0.0 0.0 
6889 6.808 8.321562728541456e-09 0.0 0.0 8.321562728541456e-09 0.0 0.0 0.0 0.0 0.0 0.0 0.0 0.0 0.0 0.0 0.0 0.0 0.0 0.0 0.0 0.0 0.0 
6890 6.809 7.977445814897214e-09 0.0 0.0 7.977445814897214e-09 0.0 0.0 0.0 0.0 0.0 0.0 0.0 0.0 0.0 0.0 0.0 0.0 0.0 0.0 0.0 0.0 0.0 
6891 6.81 7.644632891734436e-09 0.0 0.0 7.644632891734436e-09 0.0 0.0 0.0 0.0 0.0 0.0 0.0 0.0 0.0 0.0 0.0 0.0 0.0 0.0 0.0 0.0 0.0 
6892 6.811 7.322854503165373e-09 0.0 0.0 7.322854503165373e-09 0.0 0.0 0.0 0.0 0.0 0.0 0.0 0.0 0.0 0.0 0.0 0.0 0.0 0.0 0.0 0.0 0.0 
6893 6.812 7.011844963641349e-09 0.0 0.0 7.011844963641349e-09 0.0 0.0 0.0 0.0 0.0 0.0 0.0 0.0 0.0 0.0 0.0 0.0 0.0 0.0 0.0 0.0 0.0 
6894 6.813 6.7113423504035264e-09 0.0 0.0 6.7113423504035264e-09 0.0 0.0 0.0 0.0 0.0 0.0 0.0 0.0 0.0 0.0 0.0 0.0 0.0 0.0 0.0 0.0 0.0 
6895 6.814 6.421088495556953e-09 0.0 0.0 6.421088495556953e-09 0.0 0.0 0.0 0.0 0.0 0.0 0.0 0.0 0.0 0.0 0.0 0.0 0.0 0.0 0.0 0.0 0.0 
6896 6.815 6.140828977764387e-09 0.0 0.0 6.140828977764387e-09 0.0 0.0 0.0 0.0 0.0 0.0 0.0 0.0 0.0 0.0 0.0 0.0 0.0 0.0 0.0 0.0 0.0 
6897 6.816 5.870313113556462e-09 0.0 0.0 5.870313113556462e-09 0.0 0.0 0.0 0.0 0.0 0.0 0.0 0.0 0.0 0.0 0.0 0.0 0.0 0.0 0.0 0.0 0.0 
6898 6.816 5.60929394825477e-09 0.0 0.0 5.60929394825477e-09 0.0 0.0 0.0 0.0 0.0 0.0 0.0 0.0 0.0 0.0 0.0 0.0 0.0 0.0 0.0 0.0 0.0 
6899 6.817 5.357528246504288e-09 0.0 0.0 5.357528246504288e-09 0.0 0.0 0.0 0.0 0.0 0.0 0.0 0.0 0.0 0.0 0.0 0.0 0.0 0.0 0.0 0.0 0.0 
6900 6.818 5.114776482411728e-09 0.0 0.0 5.114776482411728e-09 0.0 0.0 0.0 0.0 0.0 0.0 0.0 0.0 0.0 0.0 0.0 0.0 0.0 0.0 0.0 0.0 0.0 
6901 6.819 4.880802829286205e-09 0.0 0.0 4.880802829286205e-09 0.0 0.0 0.0 0.0 0.0 0.0 0.0 0.0 0.0 0.0 0.0 0.0 0.0 0.0 0.0 0.0 0.0 
6902 6.82 4.6553751489786964e-09 0.0 0.0 4.6553751489786964e-09 0.0 0.0 0.0 0.0 0.0 0.0 0.0 0.0 0.0 0.0 0.0 0.0 0.0 0.0 0.0 0.0 0.0 
6903 6.821 4.438264980816744e-09 0.0 0.0 4.438264980816744e-09 0.0 0.0 0.0 0.0 0.0 0.0 0.0 0.0 0.0 0.0 0.0 0.0 0.0 0.0 0.0 0.0 0.0 
6904 6.822 4.2292475301307334e-09 0.0 0.0 4.2292475301307334e-09 0.0 0.0 0.0 0.0 0.0 0.0 0.0 0.0 0.0 0.0 0.0 0.0 0.0 0.0 0.0 0.0 0.0 
6905 6.823 4.028101656368207e-09 0.0 0.0 4.028101656368207e-09 0.0 0.0 0.0 0.0 0.0 0.0 0.0 0.0 0.0 0.0 0.0 0.0 0.0 0.0 0.0 0.0 0.0 
6906 6.824 3.83460986079252e-09 0.0 0.0 3.83460986079252e-09 0.0 0.0 0.0 0.0 0.0 0.0 0.0 0.0 0.0 0.0 0.0 0.0 0.0 0.0 0.0 0.0 0.0 
6907 6.825 3.6485582737621924e-09 0.0 0.0 3.6485582737621924e-09 0.0 0.0 0.0 0.0 0.0 0.0 0.0 0.0 0.0 0.0 0.0 0.0 0.0 0.0 0.0 0.0 0.0 
6908 6.826 3.4697366415872773e-09 0.0 0.0 3.4697366415872773e-09 0.0 0.0 0.0 0.0 0.0 0.0 0.0 0.0 0.0 0.0 0.0 0.0 0.0 0.0 0.0 0.0 0.0 
6909 6.827 3.2979383129590376e-09 0.0 0.0 3.2979383129590376e-09 0.0 0.0 0.0 0.0 0.0 0.0 0.0 0.0 0.0 0.0 0.0 0.0 0.0 0.0 0.0 0.0 0.0 
6910 6.828 3.13296022494919e-09 0.0 0.0 3.13296022494919e-09 0.0 0.0 0.0 0.0 0.0 0.0 0.0 0.0 0.0 0.0 0.0 0.0 0.0 0.0 0.0 0.0 0.0 
6911 6.829 2.974602888574983e-09 0.0 0.0 2.974602888574983e-09 0.0 0.0 0.0 0.0 0.0 0.0 0.0 0.0 0.0 0.0 0.0 0.0 0.0 0.0 0.0 0.0 0.0 
6912 6.83 2.8226703739263297e-09 0.0 0.0 2.8226703739263297e-09 0.0 0.0 0.0 0.0 0.0 0.0 0.0 0.0 0.0 0.0 0.0 0.0 0.0 0.0 0.0 0.0 0.0 
6913 6.831 2.6769702948511975e-09 0.0 0.0 2.6769702948511975e-09 0.0 0.0 0.0 0.0 0.0 0.0 0.0 0.0 0.0 0.0 0.0 0.0 0.0 0.0 0.0 0.0 0.0 
6914 6.832 2.5373137931954325e-09 0.0 0.0 2.5373137931954325e-09 0.0 0.0 0.0 0.0 0.0 0.0 0.0 0.0 0.0 0.0 0.0 0.0 0.0 0.0 0.0 0.0 0.0 
6915 6.833 2.403515522593194e-09 0.0 0.0 2.403515522593194e-09 0.0 0.0 0.0 0.0 0.0 0.0 0.0 0.0 0.0 0.0 0.0 0.0 0.0 0.0 0.0 0.0 0.0 
6916 6.834 2.2753936318041167e-09 0.0 0.0 2.2753936318041167e-09 0.0 0.0 0.0 0.0 0.0 0.0 0.0 0.0 0.0 0.0 0.0 0.0 0.0 0.0 0.0 0.0 0.0 
6917 6.835 2.1527697475933297e-09 0.0 0.0 2.1527697475933297e-09 0.0 0.0 0.0 0.0 0.0 0.0 0.0 0.0 0.0 0.0 0.0 0.0 0.0 0.0 0.0 0.0 0.0 
6918 6.836 2.0354689571504117e-09 0.0 0.0 2.0354689571504117e-09 0.0 0.0 0.0 0.0 0.0 0.0 0.0 0.0 0.0 0.0 0.0 0.0 0.0 0.0 0.0 0.0 0.0 
6919 6.837 1.9233197900433575e-09 0.0 0.0 1.9233197900433575e-09 0.0 0.0 0.0 0.0 0.0 0.0 0.0 0.0 0.0 0.0 0.0 0.0 0.0 0.0 0.0 0.0 0.0 
6920 6.838 1.8161541997035975e-09 0.0 0.0 1.8161541997035975e-09 0.0 0.0 0.0 0.0 0.0 0.0 0.0 0.0 0.0 0.0 0.0 0.0 0.0 0.0 0.0 0.0 0.0 
6921 6.839 1.7138075444380917e-09 0.0 0.0 1.7138075444380917e-09 0.0 0.0 0.0 0.0 0.0 0.0 0.0 0.0 0.0 0.0 0.0 0.0 0.0 0.0 0.0 0.0 0.0 
6922 6.84 1.6161185679644957e-09 0.0 0.0 1.6161185679644957e-09 0.0 0.0 0.0 0.0 0.0 0.0 0.0 0.0 0.0 0.0 0.0 0.0 0.0 0.0 0.0 0.0 0.0 
6923 6.841 1.5229293794653725e-09 0.0 0.0 1.5229293794653725e-09 0.0 0.0 0.0 0.0 0.0 0.0 0.0 0.0 0.0 0.0 0.0 0.0 0.0 0.0 0.0 0.0 0.0 
6924 6.842 1.4340854331574022e-09 0.0 0.0 1.4340854331574022e-09 0.0 0.0 0.0 0.0 0.0 0.0 0.0 0.0 0.0 0.0 0.0 0.0 0.0 0.0 0.0 0.0 0.0 
6925 6.843 1.3494355073715167e-09 0.0 0.0 1.3494355073715167e-09 0.0 0.0 0.0 0.0 0.0 0.0 0.0 0.0 0.0 0.0 0.0 0.0 0.0 0.0 0.0 0.0 0.0 
6926 6.844 1.2688316831398559e-09 0.0 0.0 1.2688316831398559e-09 0.0 0.0 0.0 0.0 0.0 0.0 0.0 0.0 0.0 0.0 0.0 0.0 0.0 0.0 0.0 0.0 0.0 
6927 6.845 1.1921293222854367e-09 0.0 0.0 1.1921293222854367e-09 0.0 0.0 0.0 0.0 0.0 0.0 0.0 0.0 0.0 0.0 0.0 0.0 0.0 0.0 0.0 0.0 0.0 
6928 6.846 1.119187045010378e-09 0.0 0.0 1.119187045010378e-09 0.0 0.0 0.0 0.0 0.0 0.0 0.0 0.0 0.0 0.0 0.0 0.0 0.0 0.0 0.0 0.0 0.0 
6929 6.847 1.0498667069785138e-09 0.0 0.0 1.0498667069785138e-09 0.0 0.0 0.0 0.0 0.0 0.0 0.0 0.0 0.0 0.0 0.0 0.0 0.0 0.0 0.0 0.0 0.0 
6930 6.848 9.840333758882127e-10 0.0 0.0 9.840333758882127e-10 0.0 0.0 0.0 0.0 0.0 0.0 0.0 0.0 0.0 0.0 0.0 0.0 0.0 0.0 0.0 0.0 0.0 
6931 6.849 9.215553075311657e-10 0.0 0.0 9.215553075311657e-10 0.0 0.0 0.0 0.0 0.0 0.0 0.0 0.0 0.0 0.0 0.0 0.0 0.0 0.0 0.0 0.0 0.0 
6932 6.85 8.623039213329161e-10 0.0 0.0 8.623039213329161e-10 0.0 0.0 0.0 0.0 0.0 0.0 0.0 0.0 0.0 0.0 0.0 0.0 0.0 0.0 0.0 0.0 0.0 
6933 6.851 8.061537753708579e-10 0.0 0.0 8.061537753708579e-10 0.0 0.0 0.0 0.0 0.0 0.0 0.0 0.0 0.0 0.0 0.0 0.0 0.0 0.0 0.0 0.0 0.0 
6934 6.852 7.529825408654072e-10 0.0 0.0 7.529825408654072e-10 0.0 0.0 0.0 0.0 0.0 0.0 0.0 0.0 0.0 0.0 0.0 0.0 0.0 0.0 0.0 0.0 0.0 
6935 6.853 7.026709761400358e-10 0.0 0.0 7.026709761400358e-10 0.0 0.0 0.0 0.0 0.0 0.0 0.0 0.0 0.0 0.0 0.0 0.0 0.0 0.0 0.0 0.0 0.0 
6936 6.854 6.551029000458196e-10 0.0 0.0 6.551029000458196e-10 0.0 0.0 0.0 0.0 0.0 0.0 0.0 0.0 0.0 0.0 0.0 0.0 0.0 0.0 0.0 0.0 0.0 
6937 6.855 6.101651648461354e-10 0.0 0.0 6.101651648461354e-10 0.0 0.0 0.0 0.0 0.0 0.0 0.0 0.0 0.0 0.0 0.0 0.0 0.0 0.0 0.0 0.0 0.0 
6938 6.856 5.677476285571179e-10 0.0 0.0 5.677476285571179e-10 0.0 0.0 0.0 0.0 0.0 0.0 0.0 0.0 0.0 0.0 0.0 0.0 0.0 0.0 0.0 0.0 0.0 
6939 6.857 5.277431267394493e-10 0.0 0.0 5.277431267394493e-10 0.0 0.0 0.0 0.0 0.0 0.0 0.0 0.0 0.0 0.0 0.0 0.0 0.0 0.0 0.0 0.0 0.0 
6940 6.858 4.900474437370484e-10 0.0 0.0 4.900474437370484e-10 0.0 0.0 0.0 0.0 0.0 0.0 0.0 0.0 0.0 0.0 0.0 0.0 0.0 0.0 0.0 0.0 0.0 
6941 6.859 4.545592833581817e-10 0.0 0.0 4.545592833581817e-10 0.0 0.0 0.0 0.0 0.0 0.0 0.0 0.0 0.0 0.0 0.0 0.0 0.0 0.0 0.0 0.0 0.0 
6942 6.86 4.21180238994506e-10 0.0 0.0 4.21180238994506e-10 0.0 0.0 0.0 0.0 0.0 0.0 0.0 0.0 0.0 0.0 0.0 0.0 0.0 0.0 0.0 0.0 0.0 
6943 6.861 3.898147631735194e-10 0.0 0.0 3.898147631735194e-10 0.0 0.0 0.0 0.0 0.0 0.0 0.0 0.0 0.0 0.0 0.0 0.0 0.0 0.0 0.0 0.0 0.0 
6944 6.862 3.6037013653987405e-10 0.0 0.0 3.6037013653987405e-10 0.0 0.0 0.0 0.0 0.0 0.0 0.0 0.0 0.0 0.0 0.0 0.0 0.0 0.0 0.0 0.0 0.0 
6945 6.863 3.327564362609786e-10 0.0 0.0 3.327564362609786e-10 0.0 0.0 0.0 0.0 0.0 0.0 0.0 0.0 0.0 0.0 0.0 0.0 0.0 0.0 0.0 0.0 0.0 
6946 6.864 3.0688650385228815e-10 0.0 0.0 3.0688650385228815e-10 0.0 0.0 0.0 0.0 0.0 0.0 0.0 0.0 0.0 0.0 0.0 0.0 0.0 0.0 0.0 0.0 0.0 
6947 6.865 2.8267591241765985e-10 0.0 0.0 2.8267591241765985e-10 0.0 0.0 0.0 0.0 0.0 0.0 0.0 0.0 0.0 0.0 0.0 0.0 0.0 0.0 0.0 0.0 0.0 
6948 6.866 2.6004293330011764e-10 0.0 0.0 2.6004293330011764e-10 0.0 0.0 0.0 0.0 0.0 0.0 0.0 0.0 0.0 0.0 0.0 0.0 0.0 0.0 0.0 0.0 0.0 
6949 6.867 2.3890850213834976e-10 0.0 0.0 2.3890850213834976e-10 0.0 0.0 0.0 0.0 0.0 0.0 0.0 0.0 0.0 0.0 0.0 0.0 0.0 0.0 0.0 0.0 0.0 
6950 6.868 2.191961843242335e-10 0.0 0.0 2.191961843242335e-10 0.0 0.0 0.0 0.0 0.0 0.0 0.0 0.0 0.0 0.0 0.0 0.0 0.0 0.0 0.0 0.0 0.0 
6951 6.869 2.0083213985665135e-10 0.0 0.0 2.0083213985665135e-10 0.0 0.0 0.0 0.0 0.0 0.0 0.0 0.0 0.0 0.0 0.0 0.0 0.0 0.0 0.0 0.0 0.0 
6952 6.87 1.8374508758684329e-10 0.0 0.0 1.8374508758684329e-10 0.0 0.0 0.0 0.0 0.0 0.0 0.0 0.0 0.0 0.0 0.0 0.0 0.0 0.0 0.0 0.0 0.0 
6953 6.871 1.678662688505049e-10 0.0 0.0 1.678662688505049e-10 0.0 0.0 0.0 0.0 0.0 0.0 0.0 0.0 0.0 0.0 0.0 0.0 0.0 0.0 0.0 0.0 0.0 
6954 6.872 1.5312941048181888e-10 0.0 0.0 1.5312941048181888e-10 0.0 0.0 0.0 0.0 0.0 0.0 0.0 0.0 0.0 0.0 0.0 0.0 0.0 0.0 0.0 0.0 0.0 
6955 6.873 1.3947068720457792e-10 0.0 0.0 1.3947068720457792e-10 0.0 0.0 0.0 0.0 0.0 0.0 0.0 0.0 0.0 0.0 0.0 0.0 0.0 0.0 0.0 0.0 0.0 
6956 6.874 1.268286833955299e-10 0.0 0.0 1.268286833955299e-10 0.0 0.0 0.0 0.0 0.0 0.0 0.0 0.0 0.0 0.0 0.0 0.0 0.0 0.0 0.0 0.0 0.0 
6957 6.875 1.1514435421504914e-10 0.0 0.0 1.1514435421504914e-10 0.0 0.0 0.0 0.0 0.0 0.0 0.0 0.0 0.0 0.0 0.0 0.0 0.0 0.0 0.0 0.0 0.0 
6958 6.876 1.0436098610020832e-10 0.0 0.0 1.0436098610020832e-10 0.0 0.0 0.0 0.0 0.0 0.0 0.0 0.0 0.0 0.0 0.0 0.0 0.0 0.0 0.0 0.0 0.0 
6959 6.877 9.442415661529952e-11 0.0 0.0 9.442415661529952e-11 0.0 0.0 0.0 0.0 0.0 0.0 0.0 0.0 0.0 0.0 0.0 0.0 0.0 0.0 0.0 0.0 0.0 
6960 6.878 8.528169365483287e-11 0.0 0.0 8.528169365483287e-11 0.0 0.0 0.0 0.0 0.0 0.0 0.0 0.0 0.0 0.0 0.0 0.0 0.0 0.0 0.0 0.0 0.0 
6961 6.879 7.688363399426928e-11 0.0 0.0 7.688363399426928e-11 0.0 0.0 0.0 0.0 0.0 0.0 0.0 0.0 0.0 0.0 0.0 0.0 0.0 0.0 0.0 0.0 0.0 
6962 6.88 6.918218118446676e-11 0.0 0.0 6.918218118446676e-11 0.0 0.0 0.0 0.0 0.0 0.0 0.0 0.0 0.0 0.0 0.0 0.0 0.0 0.0 0.0 0.0 0.0 
6963 6.881 6.213166278626609e-11 0.0 0.0 6.213166278626609e-11 0.0 0.0 0.0 0.0 0.0 0.0 0.0 0.0 0.0 0.0 0.0 0.0 0.0 0.0 0.0 0.0 0.0 
6964 6.882 5.5688486941654715e-11 0.0 0.0 5.5688486941654715e-11 0.0 0.0 0.0 0.0 0.0 0.0 0.0 0.0 0.0 0.0 0.0 0.0 0.0 0.0 0.0 0.0 0.0 
6965 6.883 4.9811098278318987e-11 0.0 0.0 4.9811098278318987e-11 0.0 0.0 0.0 0.0 0.0 0.0 0.0 0.0 0.0 0.0 0.0 0.0 0.0 0.0 0.0 0.0 0.0 
6966 6.884 4.445993314512894e-11 0.0 0.0 4.445993314512894e-11 0.0 0.0 0.0 0.0 0.0 0.0 0.0 0.0 0.0 0.0 0.0 0.0 0.0 0.0 0.0 0.0 0.0 
6967 6.885 3.959737417711181e-11 0.0 0.0 3.959737417711181e-11 0.0 0.0 0.0 0.0 0.0 0.0 0.0 0.0 0.0 0.0 0.0 0.0 0.0 0.0 0.0 0.0 0.0 
6968 6.886 3.5187704189828234e-11 0.0 0.0 3.5187704189828234e-11 0.0 0.0 0.0 0.0 0.0 0.0 0.0 0.0 0.0 0.0 0.0 0.0 0.0 0.0 0.0 0.0 0.0 
6969 6.887 3.119705940486518e-11 0.0 0.0 3.119705940486518e-11 0.0 0.0 0.0 0.0 0.0 0.0 0.0 0.0 0.0 0.0 0.0 0.0 0.0 0.0 0.0 0.0 0.0 
6970 6.888 2.759338201051303e-11 0.0 0.0 2.759338201051303e-11 0.0 0.0 0.0 0.0 0.0 0.0 0.0 0.0 0.0 0.0 0.0 0.0 0.0 0.0 0.0 0.0 0.0 
6971 6.889 2.434637206473231e-11 0.0 0.0 2.434637206473231e-11 0.0 0.0 0.0 0.0 0.0 0.0 0.0 0.0 0.0 0.0 0.0 0.0 0.0 0.0 0.0 0.0 0.0 
6972 6.89 2.1427438751386184e-11 0.0 0.0 2.1427438751386184e-11 0.0 0.0 0.0 0.0 0.0 0.0 0.0 0.0 0.0 0.0 0.0 0.0 0.0 0.0 0.0 0.0 0.0 
6973 6.891 1.8809651005583514e-11 0.0 0.0 1.8809651005583514e-11 0.0 0.0 0.0 0.0 0.0 0.0 0.0 0.0 0.0 0.0 0.0 0.0 0.0 0.0 0.0 0.0 0.0 
6974 6.892 1.646768753002156e-11 0.0 0.0 1.646768753002156e-11 0.0 0.0 0.0 0.0 0.0 0.0 0.0 0.0 0.0 0.0 0.0 0.0 0.0 0.0 0.0 0.0 0.0 
6975 6.893 1.4377786231621841e-11 0.0 0.0 1.4377786231621841e-11 0.0 0.0 0.0 0.0 0.0 0.0 0.0 0.0 0.0 0.0 0.0 0.0 0.0 0.0 0.0 0.0 0.0 
6976 6.894 1.2517693116702743e-11 0.0 0.0 1.2517693116702743e-11 0.0 0.0 0.0 0.0 0.0 0.0 0.0 0.0 0.0 0.0 0.0 0.0 0.0 0.0 0.0 0.0 0.0 
6977 6.895 1.0866610693600574e-11 0.0 0.0 1.0866610693600574e-11 0.0 0.0 0.0 0.0 0.0 0.0 0.0 0.0 0.0 0.0 0.0 0.0 0.0 0.0 0.0 0.0 0.0 
6978 6.896 9.40514594418749e-12 0.0 0.0 9.40514594418749e-12 0.0 0.0 0.0 0.0 0.0 0.0 0.0 0.0 0.0 0.0 0.0 0.0 0.0 0.0 0.0 0.0 0.0 
6979 6.897 8.115257940250485e-12 0.0 0.0 8.115257940250485e-12 0.0 0.0 0.0 0.0 0.0 0.0 0.0 0.0 0.0 0.0 0.0 0.0 0.0 0.0 0.0 0.0 0.0 
6980 6.898 6.980205197245665e-12 0.0 0.0 6.980205197245665e-12 0.0 0.0 0.0 0.0 0.0 0.0 0.0 0.0 0.0 0.0 0.0 0.0 0.0 0.0 0.0 0.0 0.0 
6981 6.899 5.984492876507859e-12 0.0 0.0 5.984492876507859e-12 0.0 0.0 0.0 0.0 0.0 0.0 0.0 0.0 0.0 0.0 0.0 0.0 0.0 0.0 0.0 0.0 0.0 
6982 6.9 5.113819967467151e-12 0.0 0.0 5.113819967467151e-12 0.0 0.0 0.0 0.0 0.0 0.0 0.0 0.0 0.0 0.0 0.0 0.0 0.0 0.0 0.0 0.0 0.0 
6983 6.9 4.355026603583954e-12 0.0 0.0 4.355026603583954e-12 0.0 0.0 0.0 0.0 0.0 0.0 0.0 0.0 0.0 0.0 0.0 0.0 0.0 0.0 0.0 0.0 0.0 
6984 6.901 3.696041689224591e-12 0.0 0.0 3.696041689224591e-12 0.0 0.0 0.0 0.0 0.0 0.0 0.0 0.0 0.0 0.0 0.0 0.0 0.0 0.0 0.0 0.0 0.0 
6985 6.902 3.125831039092586e-12 0.0 0.0 3.125831039092586e-12 0.0 0.0 0.0 0.0 0.0 0.0 0.0 0.0 0.0 0.0 0.0 0.0 0.0 0.0 0.0 0.0 0.0 
6986 6.903 2.6343462565086446e-12 0.0 0.0 2.6343462565086446e-12 0.0 0.0 0.0 0.0 0.0 0.0 0.0 0.0 0.0 0.0 0.0 0.0 0.0 0.0 0.0 0.0 0.0 
6987 6.904 2.2124746010708774e-12 0.0 0.0 2.2124746010708774e-12 0.0 0.0 0.0 0.0 0.0 0.0 0.0 0.0 0.0 0.0 0.0 0.0 0.0 0.0 0.0 0.0 0.0 
6988 6.905 1.8519901191920165e-12 0.0 0.0 1.8519901191920165e-12 0.0 0.0 0.0 0.0 0.0 0.0 0.0 0.0 0.0 0.0 0.0 0.0 0.0 0.0 0.0 0.0 0.0 
6989 6.906 1.545506331782054e-12 0.0 0.0 1.545506331782054e-12 0.0 0.0 0.0 0.0 0.0 0.0 0.0 0.0 0.0 0.0 0.0 0.0 0.0 0.0 0.0 0.0 0.0 
6990 6.907 1.2864307909505953e-12 0.0 0.0 1.2864307909505953e-12 0.0 0.0 0.0 0.0 0.0 0.0 0.0 0.0 0.0 0.0 0.0 0.0 0.0 0.0 0.0 0.0 0.0 
6991 6.908 1.0689218310611626e-12 0.0 0.0 1.0689218310611626e-12 0.0 0.0 0.0 0.0 0.0 0.0 0.0 0.0 0.0 0.0 0.0 0.0 0.0 0.0 0.0 0.0 0.0 
6992 6.909 8.878478478368683e-13 0.0 0.0 8.878478478368683e-13 0.0 0.0 0.0 0.0 0.0 0.0 0.0 0.0 0.0 0.0 0.0 0.0 0.0 0.0 0.0 0.0 0.0 
6993 6.91 7.387494416428018e-13 0.0 0.0 7.387494416428018e-13 0.0 0.0 0.0 0.0 0.0 0.0 0.0 0.0 0.0 0.0 0.0 0.0 0.0 0.0 0.0 0.0 0.0 
6994 6.911 6.178047568514128e-13 0.0 0.0 6.178047568514128e-13 0.0 0.0 0.0 0.0 0.0 0.0 0.0 0.0 0.0 0.0 0.0 0.0 0.0 0.0 0.0 0.0 0.0 
6995 6.912 5.217983378268177e-13 0.0 0.0 5.217983378268177e-13 0.0 0.0 0.0 0.0 0.0 0.0 0.0 0.0 0.0 0.0 0.0 0.0 0.0 0.0 0.0 0.0 0.0 
6996 6.913 4.4809380327857063e-13 0.0 0.0 4.4809380327857063e-13 0.0 0.0 0.0 0.0 0.0 0.0 0.0 0.0 0.0 0.0 0.0 0.0 0.0 0.0 0.0 0.0 0.0 
6997 6.914 3.946106145471062e-13 0.0 0.0 3.946106145471062e-13 0.0 0.0 0.0 0.0 0.0 0.0 0.0 0.0 0.0 0.0 0.0 0.0 0.0 0.0 0.0 0.0 0.0 
6998 6.915 3.5980518010028963e-13 0.0 0.0 3.5980518010028963e-13 0.0 0.0 0.0 0.0 0.0 0.0 0.0 0.0 0.0 0.0 0.0 0.0 0.0 0.0 0.0 0.0 0.0 
6999 6.916 3.426564987517461e-13 0.0 0.0 3.426564987517461e-13 0.0 0.0 0.0 0.0 0.0 0.0 0.0 0.0 0.0 0.0 0.0 0.0 0.0 0.0 0.0 0.0 0.0 
