bin Ex Popul. 0- 0+ 1- 1+ 2- 2+ 3- 3+ 4- 4+ 5- 5+ 6- 6+ 7- 7+ 8- 8+ 9- 9+ 

0 0.0 0.002246905893367323 0.0 0.0 0.002246905893367323 0.0 0.0 0.0 0.0 0.0 0.0 0.0 0.0 0.0 0.0 0.0 0.0 0.0 0.0 0.0 0.0 0.0 
1 0.003459879939969985 0.002257346439257909 0.0 0.0 0.002257346439257909 0.0 0.0 0.0 0.0 0.0 0.0 0.0 0.0 0.0 0.0 0.0 0.0 0.0 0.0 0.0 0.0 0.0 
2 0.00691975987993997 0.0022678326580570255 0.0 0.0 0.0022678326580570255 0.0 0.0 0.0 0.0 0.0 0.0 0.0 0.0 0.0 0.0 0.0 0.0 0.0 0.0 0.0 0.0 0.0 
3 0.010379639819909955 0.0022783647327446984 0.0 0.0 0.0022783647327446984 0.0 0.0 0.0 0.0 0.0 0.0 0.0 0.0 0.0 0.0 0.0 0.0 0.0 0.0 0.0 0.0 0.0 
4 0.01383951975987994 0.0022889428469340125 0.0 0.0 0.0022889428469340125 0.0 0.0 0.0 0.0 0.0 0.0 0.0 0.0 0.0 0.0 0.0 0.0 0.0 0.0 0.0 0.0 0.0 
5 0.017299399699849925 0.0022995671848726755 0.0 0.0 0.0022995671848726755 0.0 0.0 0.0 0.0 0.0 0.0 0.0 0.0 0.0 0.0 0.0 0.0 0.0 0.0 0.0 0.0 0.0 
6 0.02075927963981991 0.002310237931444617 0.0 0.0 0.002310237931444617 0.0 0.0 0.0 0.0 0.0 0.0 0.0 0.0 0.0 0.0 0.0 0.0 0.0 0.0 0.0 0.0 0.0 
7 0.024219159579789894 0.0023209552721715557 0.0 0.0 0.0023209552721715557 0.0 0.0 0.0 0.0 0.0 0.0 0.0 0.0 0.0 0.0 0.0 0.0 0.0 0.0 0.0 0.0 0.0 
8 0.02767903951975988 0.002331719393214588 0.0 0.0 0.002331719393214588 0.0 0.0 0.0 0.0 0.0 0.0 0.0 0.0 0.0 0.0 0.0 0.0 0.0 0.0 0.0 0.0 0.0 
9 0.031138919459729866 0.0023425304813757624 0.0 0.0 0.0023425304813757624 0.0 0.0 0.0 0.0 0.0 0.0 0.0 0.0 0.0 0.0 0.0 0.0 0.0 0.0 0.0 0.0 0.0 
10 0.03459879939969985 0.002353388724099667 0.0 0.0 0.002353388724099667 0.0 0.0 0.0 0.0 0.0 0.0 0.0 0.0 0.0 0.0 0.0 0.0 0.0 0.0 0.0 0.0 0.0 
11 0.03805867933966983 0.0023642943094750023 0.0 0.0 0.0023642943094750023 0.0 0.0 0.0 0.0 0.0 0.0 0.0 0.0 0.0 0.0 0.0 0.0 0.0 0.0 0.0 0.0 0.0 
12 0.04151855927963982 0.0023752474262361697 0.0 0.0 0.0023752474262361697 0.0 0.0 0.0 0.0 0.0 0.0 0.0 0.0 0.0 0.0 0.0 0.0 0.0 0.0 0.0 0.0 0.0 
13 0.044978439219609805 0.002386248263764833 0.0 0.0 0.002386248263764833 0.0 0.0 0.0 0.0 0.0 0.0 0.0 0.0 0.0 0.0 0.0 0.0 0.0 0.0 0.0 0.0 0.0 
14 0.04843831915957979 0.002397297012091525 0.0 0.0 0.002397297012091525 0.0 0.0 0.0 0.0 0.0 0.0 0.0 0.0 0.0 0.0 0.0 0.0 0.0 0.0 0.0 0.0 0.0 
15 0.05189819909954978 0.0024083938618972 0.0 0.0 0.0024083938618972 0.0 0.0 0.0 0.0 0.0 0.0 0.0 0.0 0.0 0.0 0.0 0.0 0.0 0.0 0.0 0.0 0.0 
16 0.05535807903951976 0.0024195390045148313 0.0 0.0 0.0024195390045148313 0.0 0.0 0.0 0.0 0.0 0.0 0.0 0.0 0.0 0.0 0.0 0.0 0.0 0.0 0.0 0.0 0.0 
17 0.05881795897948974 0.002430732631930975 0.0 0.0 0.002430732631930975 0.0 0.0 0.0 0.0 0.0 0.0 0.0 0.0 0.0 0.0 0.0 0.0 0.0 0.0 0.0 0.0 0.0 
18 0.06227783891945973 0.0024419749367873603 0.0 0.0 0.0024419749367873603 0.0 0.0 0.0 0.0 0.0 0.0 0.0 0.0 0.0 0.0 0.0 0.0 0.0 0.0 0.0 0.0 0.0 
19 0.06573771885942971 0.002453266112382452 0.0 0.0 0.002453266112382452 0.0 0.0 0.0 0.0 0.0 0.0 0.0 0.0 0.0 0.0 0.0 0.0 0.0 0.0 0.0 0.0 0.0 
20 0.0691975987993997 0.0024646063526730403 0.0 0.0 0.0024646063526730403 0.0 0.0 0.0 0.0 0.0 0.0 0.0 0.0 0.0 0.0 0.0 0.0 0.0 0.0 0.0 0.0 0.0 
21 0.07265747873936969 0.002475995852275806 0.0 0.0 0.002475995852275806 0.0 0.0 0.0 0.0 0.0 0.0 0.0 0.0 0.0 0.0 0.0 0.0 0.0 0.0 0.0 0.0 0.0 
22 0.07611735867933966 0.0024874348064689014 0.0 0.0 0.0024874348064689014 0.0 0.0 0.0 0.0 0.0 0.0 0.0 0.0 0.0 0.0 0.0 0.0 0.0 0.0 0.0 0.0 0.0 
23 0.07957723861930965 0.0024989234111935255 0.0 0.0 0.0024989234111935255 0.0 0.0 0.0 0.0 0.0 0.0 0.0 0.0 0.0 0.0 0.0 0.0 0.0 0.0 0.0 0.0 0.0 
24 0.08303711855927964 0.0025104618630554924 0.0 0.0 0.0025104618630554924 0.0 0.0 0.0 0.0 0.0 0.0 0.0 0.0 0.0 0.0 0.0 0.0 0.0 0.0 0.0 0.0 0.0 
25 0.08649699849924962 0.0025220503593268114 0.0 0.0 0.0025220503593268114 0.0 0.0 0.0 0.0 0.0 0.0 0.0 0.0 0.0 0.0 0.0 0.0 0.0 0.0 0.0 0.0 0.0 
26 0.08995687843921961 0.0025336890979472454 0.0 0.0 0.0025336890979472454 0.0 0.0 0.0 0.0 0.0 0.0 0.0 0.0 0.0 0.0 0.0 0.0 0.0 0.0 0.0 0.0 0.0 
27 0.0934167583791896 0.0025453782775259034 0.0 0.0 0.0025453782775259034 0.0 0.0 0.0 0.0 0.0 0.0 0.0 0.0 0.0 0.0 0.0 0.0 0.0 0.0 0.0 0.0 0.0 
28 0.09687663831915957 0.0025571180973427863 0.0 0.0 0.0025571180973427863 0.0 0.0 0.0 0.0 0.0 0.0 0.0 0.0 0.0 0.0 0.0 0.0 0.0 0.0 0.0 0.0 0.0 
29 0.10033651825912956 0.002568908757350378 0.0 0.0 0.002568908757350378 0.0 0.0 0.0 0.0 0.0 0.0 0.0 0.0 0.0 0.0 0.0 0.0 0.0 0.0 0.0 0.0 0.0 
30 0.10379639819909955 0.0025807504581751993 0.0 0.0 0.0025807504581751993 0.0 0.0 0.0 0.0 0.0 0.0 0.0 0.0 0.0 0.0 0.0 0.0 0.0 0.0 0.0 0.0 0.0 
31 0.10725627813906953 0.002592643401119382 0.0 0.0 0.002592643401119382 0.0 0.0 0.0 0.0 0.0 0.0 0.0 0.0 0.0 0.0 0.0 0.0 0.0 0.0 0.0 0.0 0.0 
32 0.11071615807903952 0.002604587788162234 0.0 0.0 0.002604587788162234 0.0 0.0 0.0 0.0 0.0 0.0 0.0 0.0 0.0 0.0 0.0 0.0 0.0 0.0 0.0 0.0 0.0 
33 0.11417603801900951 0.0026165838219618007 0.0 0.0 0.0026165838219618007 0.0 0.0 0.0 0.0 0.0 0.0 0.0 0.0 0.0 0.0 0.0 0.0 0.0 0.0 0.0 0.0 0.0 
34 0.11763591795897949 0.0026286317058564343 0.0 0.0 0.0026286317058564343 0.0 0.0 0.0 0.0 0.0 0.0 0.0 0.0 0.0 0.0 0.0 0.0 0.0 0.0 0.0 0.0 0.0 
35 0.12109579789894948 0.0026407316438663603 0.0 0.0 0.0026407316438663603 0.0 0.0 0.0 0.0 0.0 0.0 0.0 0.0 0.0 0.0 0.0 0.0 0.0 0.0 0.0 0.0 0.0 
36 0.12455567783891947 0.0026528838406952183 0.0 0.0 0.0026528838406952183 0.0 0.0 0.0 0.0 0.0 0.0 0.0 0.0 0.0 0.0 0.0 0.0 0.0 0.0 0.0 0.0 0.0 
37 0.12801555777888945 0.002665088501731656 0.0 0.0 0.002665088501731656 0.0 0.0 0.0 0.0 0.0 0.0 0.0 0.0 0.0 0.0 0.0 0.0 0.0 0.0 0.0 0.0 0.0 
38 0.13147543771885942 0.0026773458330508534 0.0 0.0 0.0026773458330508534 0.0 0.0 0.0 0.0 0.0 0.0 0.0 0.0 0.0 0.0 0.0 0.0 0.0 0.0 0.0 0.0 0.0 
39 0.1349353176588294 0.002689656041416111 0.0 0.0 0.002689656041416111 0.0 0.0 0.0 0.0 0.0 0.0 0.0 0.0 0.0 0.0 0.0 0.0 0.0 0.0 0.0 0.0 0.0 
40 0.1383951975987994 0.0027020193342803807 0.0 0.0 0.0027020193342803807 0.0 0.0 0.0 0.0 0.0 0.0 0.0 0.0 0.0 0.0 0.0 0.0 0.0 0.0 0.0 0.0 0.0 
41 0.1418550775387694 0.00271443591978784 0.0 0.0 0.00271443591978784 0.0 0.0 0.0 0.0 0.0 0.0 0.0 0.0 0.0 0.0 0.0 0.0 0.0 0.0 0.0 0.0 0.0 
42 0.14531495747873938 0.00272690600677543 0.0 0.0 0.00272690600677543 0.0 0.0 0.0 0.0 0.0 0.0 0.0 0.0 0.0 0.0 0.0 0.0 0.0 0.0 0.0 0.0 0.0 
43 0.14877483741870937 0.0027394298047744227 0.0 0.0 0.0027394298047744227 0.0 0.0 0.0 0.0 0.0 0.0 0.0 0.0 0.0 0.0 0.0 0.0 0.0 0.0 0.0 0.0 0.0 
44 0.15223471735867933 0.0027520075240119544 0.0 0.0 0.0027520075240119544 0.0 0.0 0.0 0.0 0.0 0.0 0.0 0.0 0.0 0.0 0.0 0.0 0.0 0.0 0.0 0.0 0.0 
45 0.15569459729864932 0.0027646393754125883 0.0 0.0 0.0027646393754125883 0.0 0.0 0.0 0.0 0.0 0.0 0.0 0.0 0.0 0.0 0.0 0.0 0.0 0.0 0.0 0.0 0.0 
46 0.1591544772386193 0.0027773255705998575 0.0 0.0 0.0027773255705998575 0.0 0.0 0.0 0.0 0.0 0.0 0.0 0.0 0.0 0.0 0.0 0.0 0.0 0.0 0.0 0.0 0.0 
47 0.1626143571785893 0.0027900663218978013 0.0 0.0 0.0027900663218978013 0.0 0.0 0.0 0.0 0.0 0.0 0.0 0.0 0.0 0.0 0.0 0.0 0.0 0.0 0.0 0.0 0.0 
48 0.1660742371185593 0.0028028618423325247 0.0 0.0 0.0028028618423325247 0.0 0.0 0.0 0.0 0.0 0.0 0.0 0.0 0.0 0.0 0.0 0.0 0.0 0.0 0.0 0.0 0.0 
49 0.16953411705852928 0.002815712345633727 0.0 0.0 0.002815712345633727 0.0 0.0 0.0 0.0 0.0 0.0 0.0 0.0 0.0 0.0 0.0 0.0 0.0 0.0 0.0 0.0 0.0 
50 0.17299399699849924 0.002828618046236246 0.0 0.0 0.002828618046236246 0.0 0.0 0.0 0.0 0.0 0.0 0.0 0.0 0.0 0.0 0.0 0.0 0.0 0.0 0.0 0.0 0.0 
51 0.17645387693846923 0.0028415791592815935 0.0 0.0 0.0028415791592815935 0.0 0.0 0.0 0.0 0.0 0.0 0.0 0.0 0.0 0.0 0.0 0.0 0.0 0.0 0.0 0.0 0.0 
52 0.17991375687843922 0.0028545959006194993 0.0 0.0 0.0028545959006194993 0.0 0.0 0.0 0.0 0.0 0.0 0.0 0.0 0.0 0.0 0.0 0.0 0.0 0.0 0.0 0.0 0.0 
53 0.1833736368184092 0.0028676684868094338 0.0 0.0 0.0028676684868094338 0.0 0.0 0.0 0.0 0.0 0.0 0.0 0.0 0.0 0.0 0.0 0.0 0.0 0.0 0.0 0.0 0.0 
54 0.1868335167583792 0.002880797135122149 0.0 0.0 0.002880797135122149 0.0 0.0 0.0 0.0 0.0 0.0 0.0 0.0 0.0 0.0 0.0 0.0 0.0 0.0 0.0 0.0 0.0 
55 0.1902933966983492 0.0028939820635412003 0.0 0.0 0.0028939820635412003 0.0 0.0 0.0 0.0 0.0 0.0 0.0 0.0 0.0 0.0 0.0 0.0 0.0 0.0 0.0 0.0 0.0 
56 0.19375327663831915 0.0029072234907644825 0.0 0.0 0.0029072234907644825 0.0 0.0 0.0 0.0 0.0 0.0 0.0 0.0 0.0 0.0 0.0 0.0 0.0 0.0 0.0 0.0 0.0 
57 0.19721315657828914 0.0029205216362057445 0.0 0.0 0.0029205216362057445 0.0 0.0 0.0 0.0 0.0 0.0 0.0 0.0 0.0 0.0 0.0 0.0 0.0 0.0 0.0 0.0 0.0 
58 0.20067303651825913 0.0029338767199961293 0.0 0.0 0.0029338767199961293 0.0 0.0 0.0 0.0 0.0 0.0 0.0 0.0 0.0 0.0 0.0 0.0 0.0 0.0 0.0 0.0 0.0 
59 0.20413291645822912 0.0029472889629856666 0.0 0.0 0.0029472889629856666 0.0 0.0 0.0 0.0 0.0 0.0 0.0 0.0 0.0 0.0 0.0 0.0 0.0 0.0 0.0 0.0 0.0 
60 0.2075927963981991 0.002960758586744826 0.0 0.0 0.002960758586744826 0.0 0.0 0.0 0.0 0.0 0.0 0.0 0.0 0.0 0.0 0.0 0.0 0.0 0.0 0.0 0.0 0.0 
61 0.2110526763381691 0.0029742858135660033 0.0 0.0 0.0029742858135660033 0.0 0.0 0.0 0.0 0.0 0.0 0.0 0.0 0.0 0.0 0.0 0.0 0.0 0.0 0.0 0.0 0.0 
62 0.21451255627813906 0.0029878708664650548 0.0 0.0 0.0029878708664650548 0.0 0.0 0.0 0.0 0.0 0.0 0.0 0.0 0.0 0.0 0.0 0.0 0.0 0.0 0.0 0.0 0.0 
63 0.21797243621810905 0.0030015139691827904 0.0 0.0 0.0030015139691827904 0.0 0.0 0.0 0.0 0.0 0.0 0.0 0.0 0.0 0.0 0.0 0.0 0.0 0.0 0.0 0.0 0.0 
64 0.22143231615807904 0.003015215346186501 0.0 0.0 0.003015215346186501 0.0 0.0 0.0 0.0 0.0 0.0 0.0 0.0 0.0 0.0 0.0 0.0 0.0 0.0 0.0 0.0 0.0 
65 0.22489219609804903 0.003028975222671444 0.0 0.0 0.003028975222671444 0.0 0.0 0.0 0.0 0.0 0.0 0.0 0.0 0.0 0.0 0.0 0.0 0.0 0.0 0.0 0.0 0.0 
66 0.22835207603801902 0.003042793824562368 0.0 0.0 0.003042793824562368 0.0 0.0 0.0 0.0 0.0 0.0 0.0 0.0 0.0 0.0 0.0 0.0 0.0 0.0 0.0 0.0 0.0 
67 0.23181195597798898 0.003056671378514988 0.0 0.0 0.003056671378514988 0.0 0.0 0.0 0.0 0.0 0.0 0.0 0.0 0.0 0.0 0.0 0.0 0.0 0.0 0.0 0.0 0.0 
68 0.23527183591795897 0.00307060811191751 0.0 0.0 0.00307060811191751 0.0 0.0 0.0 0.0 0.0 0.0 0.0 0.0 0.0 0.0 0.0 0.0 0.0 0.0 0.0 0.0 0.0 
69 0.23873171585792896 0.0030846042528921034 0.0 0.0 0.0030846042528921034 0.0 0.0 0.0 0.0 0.0 0.0 0.0 0.0 0.0 0.0 0.0 0.0 0.0 0.0 0.0 0.0 0.0 
70 0.24219159579789895 0.003098660030296404 0.0 0.0 0.003098660030296404 0.0 0.0 0.0 0.0 0.0 0.0 0.0 0.0 0.0 0.0 0.0 0.0 0.0 0.0 0.0 0.0 0.0 
71 0.24565147573786894 0.0031127756737250076 0.0 0.0 0.0031127756737250076 0.0 0.0 0.0 0.0 0.0 0.0 0.0 0.0 0.0 0.0 0.0 0.0 0.0 0.0 0.0 0.0 0.0 
72 0.24911135567783893 0.003126951413510937 0.0 0.0 0.003126951413510937 0.0 0.0 0.0 0.0 0.0 0.0 0.0 0.0 0.0 0.0 0.0 0.0 0.0 0.0 0.0 0.0 0.0 
73 0.2525712356178089 0.0031411874807271436 0.0 0.0 0.0031411874807271436 0.0 0.0 0.0 0.0 0.0 0.0 0.0 0.0 0.0 0.0 0.0 0.0 0.0 0.0 0.0 0.0 0.0 
74 0.2560311155577789 0.003155484107187983 0.0 0.0 0.003155484107187983 0.0 0.0 0.0 0.0 0.0 0.0 0.0 0.0 0.0 0.0 0.0 0.0 0.0 0.0 0.0 0.0 0.0 
75 0.2594909954977489 0.00316984152545068 0.0 0.0 0.00316984152545068 0.0 0.0 0.0 0.0 0.0 0.0 0.0 0.0 0.0 0.0 0.0 0.0 0.0 0.0 0.0 0.0 0.0 
76 0.26295087543771883 0.003184259968816816 0.0 0.0 0.003184259968816816 0.0 0.0 0.0 0.0 0.0 0.0 0.0 0.0 0.0 0.0 0.0 0.0 0.0 0.0 0.0 0.0 0.0 
77 0.2664107553776888 0.0031987396713337923 0.0 0.0 0.0031987396713337923 0.0 0.0 0.0 0.0 0.0 0.0 0.0 0.0 0.0 0.0 0.0 0.0 0.0 0.0 0.0 0.0 0.0 
78 0.2698706353176588 0.003213280867796298 0.0 0.0 0.003213280867796298 0.0 0.0 0.0 0.0 0.0 0.0 0.0 0.0 0.0 0.0 0.0 0.0 0.0 0.0 0.0 0.0 0.0 
79 0.2733305152576288 0.003227883793747771 0.0 0.0 0.003227883793747771 0.0 0.0 0.0 0.0 0.0 0.0 0.0 0.0 0.0 0.0 0.0 0.0 0.0 0.0 0.0 0.0 0.0 
80 0.2767903951975988 0.00324254868548186 0.0 0.0 0.00324254868548186 0.0 0.0 0.0 0.0 0.0 0.0 0.0 0.0 0.0 0.0 0.0 0.0 0.0 0.0 0.0 0.0 0.0 
81 0.2802502751375688 0.0032572757800438863 0.0 0.0 0.0032572757800438863 0.0 0.0 0.0 0.0 0.0 0.0 0.0 0.0 0.0 0.0 0.0 0.0 0.0 0.0 0.0 0.0 0.0 
82 0.2837101550775388 0.003272065315232276 0.0 0.0 0.003272065315232276 0.0 0.0 0.0 0.0 0.0 0.0 0.0 0.0 0.0 0.0 0.0 0.0 0.0 0.0 0.0 0.0 0.0 
83 0.28717003501750876 0.0032869175296000377 0.0 0.0 0.0032869175296000377 0.0 0.0 0.0 0.0 0.0 0.0 0.0 0.0 0.0 0.0 0.0 0.0 0.0 0.0 0.0 0.0 0.0 
84 0.29062991495747875 0.0033018326624561826 0.0 0.0 0.0033018326624561826 0.0 0.0 0.0 0.0 0.0 0.0 0.0 0.0 0.0 0.0 0.0 0.0 0.0 0.0 0.0 0.0 0.0 
85 0.29408979489744874 0.0033168109538671852 0.0 0.0 0.0033168109538671852 0.0 0.0 0.0 0.0 0.0 0.0 0.0 0.0 0.0 0.0 0.0 0.0 0.0 0.0 0.0 0.0 0.0 
86 0.29754967483741873 0.0033318526446584028 0.0 0.0 0.0033318526446584028 0.0 0.0 0.0 0.0 0.0 0.0 0.0 0.0 0.0 0.0 0.0 0.0 0.0 0.0 0.0 0.0 0.0 
87 0.3010095547773887 0.0033469579764155285 0.0 0.0 0.0033469579764155285 0.0 0.0 0.0 0.0 0.0 0.0 0.0 0.0 0.0 0.0 0.0 0.0 0.0 0.0 0.0 0.0 0.0 
88 0.30446943471735866 0.0033621271914860023 0.0 0.0 0.0033621271914860023 0.0 0.0 0.0 0.0 0.0 0.0 0.0 0.0 0.0 0.0 0.0 0.0 0.0 0.0 0.0 0.0 0.0 
89 0.30792931465732865 0.003377360532980446 0.0 0.0 0.003377360532980446 0.0 0.0 0.0 0.0 0.0 0.0 0.0 0.0 0.0 0.0 0.0 0.0 0.0 0.0 0.0 0.0 0.0 
90 0.31138919459729864 0.0033926582447740944 0.0 0.0 0.0033926582447740944 0.0 0.0 0.0 0.0 0.0 0.0 0.0 0.0 0.0 0.0 0.0 0.0 0.0 0.0 0.0 0.0 0.0 
91 0.3148490745372686 0.0034080205715081883 0.0 0.0 0.0034080205715081883 0.0 0.0 0.0 0.0 0.0 0.0 0.0 0.0 0.0 0.0 0.0 0.0 0.0 0.0 0.0 0.0 0.0 
92 0.3183089544772386 0.0034234477585914124 0.0 0.0 0.0034234477585914124 0.0 0.0 0.0 0.0 0.0 0.0 0.0 0.0 0.0 0.0 0.0 0.0 0.0 0.0 0.0 0.0 0.0 
93 0.3217688344172086 0.0034389400522012873 0.0 0.0 0.0034389400522012873 0.0 0.0 0.0 0.0 0.0 0.0 0.0 0.0 0.0 0.0 0.0 0.0 0.0 0.0 0.0 0.0 0.0 
94 0.3252287143571786 0.00345449769928559 0.0 0.0 0.00345449769928559 0.0 0.0 0.0 0.0 0.0 0.0 0.0 0.0 0.0 0.0 0.0 0.0 0.0 0.0 0.0 0.0 0.0 
95 0.3286885942971486 0.0034701209475637342 0.0 0.0 0.0034701209475637342 0.0 0.0 0.0 0.0 0.0 0.0 0.0 0.0 0.0 0.0 0.0 0.0 0.0 0.0 0.0 0.0 0.0 
96 0.3321484742371186 0.0034858100455281804 0.0 0.0 0.0034858100455281804 0.0 0.0 0.0 0.0 0.0 0.0 0.0 0.0 0.0 0.0 0.0 0.0 0.0 0.0 0.0 0.0 0.0 
97 0.33560835417708856 0.003501565242445832 0.0 0.0 0.003501565242445832 0.0 0.0 0.0 0.0 0.0 0.0 0.0 0.0 0.0 0.0 0.0 0.0 0.0 0.0 0.0 0.0 0.0 
98 0.33906823411705855 0.0035173867883593994 0.0 0.0 0.0035173867883593994 0.0 0.0 0.0 0.0 0.0 0.0 0.0 0.0 0.0 0.0 0.0 0.0 0.0 0.0 0.0 0.0 0.0 
99 0.3425281140570285 0.0035332749340888066 0.0 0.0 0.0035332749340888066 0.0 0.0 0.0 0.0 0.0 0.0 0.0 0.0 0.0 0.0 0.0 0.0 0.0 0.0 0.0 0.0 0.0 
100 0.3459879939969985 0.0035492299312325534 0.0 0.0 0.0035492299312325534 0.0 0.0 0.0 0.0 0.0 0.0 0.0 0.0 0.0 0.0 0.0 0.0 0.0 0.0 0.0 0.0 0.0 
101 0.34944787393696847 0.0035652520321690947 0.0 0.0 0.0035652520321690947 0.0 0.0 0.0 0.0 0.0 0.0 0.0 0.0 0.0 0.0 0.0 0.0 0.0 0.0 0.0 0.0 0.0 
102 0.35290775387693846 0.003581341490058204 0.0 0.0 0.003581341490058204 0.0 0.0 0.0 0.0 0.0 0.0 0.0 0.0 0.0 0.0 0.0 0.0 0.0 0.0 0.0 0.0 0.0 
103 0.35636763381690845 0.0035974985588423415 0.0 0.0 0.0035974985588423415 0.0 0.0 0.0 0.0 0.0 0.0 0.0 0.0 0.0 0.0 0.0 0.0 0.0 0.0 0.0 0.0 0.0 
104 0.35982751375687844 0.0036137234932480033 0.0 0.0 0.0036137234932480033 0.0 0.0 0.0 0.0 0.0 0.0 0.0 0.0 0.0 0.0 0.0 0.0 0.0 0.0 0.0 0.0 0.0 
105 0.3632873936968484 0.0036300165487870776 0.0 0.0 0.0036300165487870776 0.0 0.0 0.0 0.0 0.0 0.0 0.0 0.0 0.0 0.0 0.0 0.0 0.0 0.0 0.0 0.0 0.0 
106 0.3667472736368184 0.003646377981758202 0.0 0.0 0.003646377981758202 0.0 0.0 0.0 0.0 0.0 0.0 0.0 0.0 0.0 0.0 0.0 0.0 0.0 0.0 0.0 0.0 0.0 
107 0.3702071535767884 0.003662808049248084 0.0 0.0 0.003662808049248084 0.0 0.0 0.0 0.0 0.0 0.0 0.0 0.0 0.0 0.0 0.0 0.0 0.0 0.0 0.0 0.0 0.0 
108 0.3736670335167584 0.003679307009132867 0.0 0.0 0.003679307009132867 0.0 0.0 0.0 0.0 0.0 0.0 0.0 0.0 0.0 0.0 0.0 0.0 0.0 0.0 0.0 0.0 0.0 
109 0.3771269134567284 0.0036958751200794277 0.0 0.0 0.0036958751200794277 0.0 0.0 0.0 0.0 0.0 0.0 0.0 0.0 0.0 0.0 0.0 0.0 0.0 0.0 0.0 0.0 0.0 
110 0.3805867933966984 0.0037125126415467344 0.0 0.0 0.0037125126415467344 0.0 0.0 0.0 0.0 0.0 0.0 0.0 0.0 0.0 0.0 0.0 0.0 0.0 0.0 0.0 0.0 0.0 
111 0.3840466733366683 0.0037292198337871446 0.0 0.0 0.0037292198337871446 0.0 0.0 0.0 0.0 0.0 0.0 0.0 0.0 0.0 0.0 0.0 0.0 0.0 0.0 0.0 0.0 0.0 
112 0.3875065532766383 0.0037459969578477314 0.0 0.0 0.0037459969578477314 0.0 0.0 0.0 0.0 0.0 0.0 0.0 0.0 0.0 0.0 0.0 0.0 0.0 0.0 0.0 0.0 0.0 
113 0.3909664332166083 0.0037628442755715955 0.0 0.0 0.0037628442755715955 0.0 0.0 0.0 0.0 0.0 0.0 0.0 0.0 0.0 0.0 0.0 0.0 0.0 0.0 0.0 0.0 0.0 
114 0.3944263131565783 0.0037797620495991515 0.0 0.0 0.0037797620495991515 0.0 0.0 0.0 0.0 0.0 0.0 0.0 0.0 0.0 0.0 0.0 0.0 0.0 0.0 0.0 0.0 0.0 
115 0.39788619309654827 0.003796750543369448 0.0 0.0 0.003796750543369448 0.0 0.0 0.0 0.0 0.0 0.0 0.0 0.0 0.0 0.0 0.0 0.0 0.0 0.0 0.0 0.0 0.0 
116 0.40134607303651826 0.0038138100211214435 0.0 0.0 0.0038138100211214435 0.0 0.0 0.0 0.0 0.0 0.0 0.0 0.0 0.0 0.0 0.0 0.0 0.0 0.0 0.0 0.0 0.0 
117 0.40480595297648825 0.0038309407478953083 0.0 0.0 0.0038309407478953083 0.0 0.0 0.0 0.0 0.0 0.0 0.0 0.0 0.0 0.0 0.0 0.0 0.0 0.0 0.0 0.0 0.0 
118 0.40826583291645824 0.003848142989533678 0.0 0.0 0.003848142989533678 0.0 0.0 0.0 0.0 0.0 0.0 0.0 0.0 0.0 0.0 0.0 0.0 0.0 0.0 0.0 0.0 0.0 
119 0.4117257128564282 0.003865417012682955 0.0 0.0 0.003865417012682955 0.0 0.0 0.0 0.0 0.0 0.0 0.0 0.0 0.0 0.0 0.0 0.0 0.0 0.0 0.0 0.0 0.0 
120 0.4151855927963982 0.0038827630847945685 0.0 0.0 0.0038827630847945685 0.0 0.0 0.0 0.0 0.0 0.0 0.0 0.0 0.0 0.0 0.0 0.0 0.0 0.0 0.0 0.0 0.0 
121 0.4186454727363682 0.0039001814741262204 0.0 0.0 0.0039001814741262204 0.0 0.0 0.0 0.0 0.0 0.0 0.0 0.0 0.0 0.0 0.0 0.0 0.0 0.0 0.0 0.0 0.0 
122 0.4221053526763382 0.003917672449743164 0.0 0.0 0.003917672449743164 0.0 0.0 0.0 0.0 0.0 0.0 0.0 0.0 0.0 0.0 0.0 0.0 0.0 0.0 0.0 0.0 0.0 
123 0.42556523261630813 0.003935236281519431 0.0 0.0 0.003935236281519431 0.0 0.0 0.0 0.0 0.0 0.0 0.0 0.0 0.0 0.0 0.0 0.0 0.0 0.0 0.0 0.0 0.0 
124 0.4290251125562781 0.003952873240139096 0.0 0.0 0.003952873240139096 0.0 0.0 0.0 0.0 0.0 0.0 0.0 0.0 0.0 0.0 0.0 0.0 0.0 0.0 0.0 0.0 0.0 
125 0.4324849924962481 0.003970583597097494 0.0 0.0 0.003970583597097494 0.0 0.0 0.0 0.0 0.0 0.0 0.0 0.0 0.0 0.0 0.0 0.0 0.0 0.0 0.0 0.0 0.0 
126 0.4359448724362181 0.003988367624702455 0.0 0.0 0.003988367624702455 0.0 0.0 0.0 0.0 0.0 0.0 0.0 0.0 0.0 0.0 0.0 0.0 0.0 0.0 0.0 0.0 0.0 
127 0.4394047523761881 0.004006225596075532 0.0 0.0 0.004006225596075532 0.0 0.0 0.0 0.0 0.0 0.0 0.0 0.0 0.0 0.0 0.0 0.0 0.0 0.0 0.0 0.0 0.0 
128 0.4428646323161581 0.004024157785153203 0.0 0.0 0.004024157785153203 0.0 0.0 0.0 0.0 0.0 0.0 0.0 0.0 0.0 0.0 0.0 0.0 0.0 0.0 0.0 0.0 0.0 
129 0.44632451225612807 0.004042164466688105 0.0 0.0 0.004042164466688105 0.0 0.0 0.0 0.0 0.0 0.0 0.0 0.0 0.0 0.0 0.0 0.0 0.0 0.0 0.0 0.0 0.0 
130 0.44978439219609806 0.0040602459162502 0.0 0.0 0.0040602459162502 0.0 0.0 0.0 0.0 0.0 0.0 0.0 0.0 0.0 0.0 0.0 0.0 0.0 0.0 0.0 0.0 0.0 
131 0.45324427213606805 0.004078402410228007 0.0 0.0 0.004078402410228007 0.0 0.0 0.0 0.0 0.0 0.0 0.0 0.0 0.0 0.0 0.0 0.0 0.0 0.0 0.0 0.0 0.0 
132 0.45670415207603804 0.004096634225829757 0.0 0.0 0.004096634225829757 0.0 0.0 0.0 0.0 0.0 0.0 0.0 0.0 0.0 0.0 0.0 0.0 0.0 0.0 0.0 0.0 0.0 
133 0.46016403201600803 0.004114941641084602 0.0 0.0 0.004114941641084602 0.0 0.0 0.0 0.0 0.0 0.0 0.0 0.0 0.0 0.0 0.0 0.0 0.0 0.0 0.0 0.0 0.0 
134 0.46362391195597796 0.00413332493484376 0.0 0.0 0.00413332493484376 0.0 0.0 0.0 0.0 0.0 0.0 0.0 0.0 0.0 0.0 0.0 0.0 0.0 0.0 0.0 0.0 0.0 
135 0.46708379189594795 0.004151784386781708 0.0 0.0 0.004151784386781708 0.0 0.0 0.0 0.0 0.0 0.0 0.0 0.0 0.0 0.0 0.0 0.0 0.0 0.0 0.0 0.0 0.0 
136 0.47054367183591794 0.004170320277397321 0.0 0.0 0.004170320277397321 0.0 0.0 0.0 0.0 0.0 0.0 0.0 0.0 0.0 0.0 0.0 0.0 0.0 0.0 0.0 0.0 0.0 
137 0.47400355177588793 0.00418893288801503 0.0 0.0 0.00418893288801503 0.0 0.0 0.0 0.0 0.0 0.0 0.0 0.0 0.0 0.0 0.0 0.0 0.0 0.0 0.0 0.0 0.0 
138 0.4774634317158579 0.0042076225007859624 0.0 0.0 0.0042076225007859624 0.0 0.0 0.0 0.0 0.0 0.0 0.0 0.0 0.0 0.0 0.0 0.0 0.0 0.0 0.0 0.0 0.0 
139 0.4809233116558279 0.004226389398689082 0.0 0.0 0.004226389398689082 0.0 0.0 0.0 0.0 0.0 0.0 0.0 0.0 0.0 0.0 0.0 0.0 0.0 0.0 0.0 0.0 0.0 
140 0.4843831915957979 0.004245233865532318 0.0 0.0 0.004245233865532318 0.0 0.0 0.0 0.0 0.0 0.0 0.0 0.0 0.0 0.0 0.0 0.0 0.0 0.0 0.0 0.0 0.0 
141 0.4878430715357679 0.00426415618595367 0.0 0.0 0.00426415618595367 0.0 0.0 0.0 0.0 0.0 0.0 0.0 0.0 0.0 0.0 0.0 0.0 0.0 0.0 0.0 0.0 0.0 
142 0.4913029514757379 0.004283156645422341 0.0 0.0 0.004283156645422341 0.0 0.0 0.0 0.0 0.0 0.0 0.0 0.0 0.0 0.0 0.0 0.0 0.0 0.0 0.0 0.0 0.0 
143 0.49476283141570787 0.004302235530239826 0.0 0.0 0.004302235530239826 0.0 0.0 0.0 0.0 0.0 0.0 0.0 0.0 0.0 0.0 0.0 0.0 0.0 0.0 0.0 0.0 0.0 
144 0.49822271135567786 0.004321393127541012 0.0 0.0 0.004321393127541012 0.0 0.0 0.0 0.0 0.0 0.0 0.0 0.0 0.0 0.0 0.0 0.0 0.0 0.0 0.0 0.0 0.0 
145 0.5016825912956479 0.0043406297252952695 0.0 0.0 0.0043406297252952695 0.0 0.0 0.0 0.0 0.0 0.0 0.0 0.0 0.0 0.0 0.0 0.0 0.0 0.0 0.0 0.0 0.0 
146 0.5051424712356178 0.004359945612307519 0.0 0.0 0.004359945612307519 0.0 0.0 0.0 0.0 0.0 0.0 0.0 0.0 0.0 0.0 0.0 0.0 0.0 0.0 0.0 0.0 0.0 
147 0.5086023511755878 0.004379341078219324 0.0 0.0 0.004379341078219324 0.0 0.0 0.0 0.0 0.0 0.0 0.0 0.0 0.0 0.0 0.0 0.0 0.0 0.0 0.0 0.0 0.0 
148 0.5120622311155578 0.00439881641350993 0.0 0.0 0.00439881641350993 0.0 0.0 0.0 0.0 0.0 0.0 0.0 0.0 0.0 0.0 0.0 0.0 0.0 0.0 0.0 0.0 0.0 
149 0.5155221110555278 0.0044183719094973315 0.0 0.0 0.0044183719094973315 0.0 0.0 0.0 0.0 0.0 0.0 0.0 0.0 0.0 0.0 0.0 0.0 0.0 0.0 0.0 0.0 0.0 
150 0.5189819909954978 0.004438007858339311 0.0 0.0 0.004438007858339311 0.0 0.0 0.0 0.0 0.0 0.0 0.0 0.0 0.0 0.0 0.0 0.0 0.0 0.0 0.0 0.0 0.0 
151 0.5224418709354678 0.004457724553034475 0.0 0.0 0.004457724553034475 0.0 0.0 0.0 0.0 0.0 0.0 0.0 0.0 0.0 0.0 0.0 0.0 0.0 0.0 0.0 0.0 0.0 
152 0.5259017508754377 0.004477522287423296 0.0 0.0 0.004477522287423296 0.0 0.0 0.0 0.0 0.0 0.0 0.0 0.0 0.0 0.0 0.0 0.0 0.0 0.0 0.0 0.0 0.0 
153 0.5293616308154077 0.004497401356189102 0.0 0.0 0.004497401356189102 0.0 0.0 0.0 0.0 0.0 0.0 0.0 0.0 0.0 0.0 0.0 0.0 0.0 0.0 0.0 0.0 0.0 
154 0.5328215107553776 0.004517362054859115 0.0 0.0 0.004517362054859115 0.0 0.0 0.0 0.0 0.0 0.0 0.0 0.0 0.0 0.0 0.0 0.0 0.0 0.0 0.0 0.0 0.0 
155 0.5362813906953476 0.004537404679805434 0.0 0.0 0.004537404679805434 0.0 0.0 0.0 0.0 0.0 0.0 0.0 0.0 0.0 0.0 0.0 0.0 0.0 0.0 0.0 0.0 0.0 
156 0.5397412706353176 0.004557529528246031 0.0 0.0 0.004557529528246031 0.0 0.0 0.0 0.0 0.0 0.0 0.0 0.0 0.0 0.0 0.0 0.0 0.0 0.0 0.0 0.0 0.0 
157 0.5432011505752876 0.004577736898245732 0.0 0.0 0.004577736898245732 0.0 0.0 0.0 0.0 0.0 0.0 0.0 0.0 0.0 0.0 0.0 0.0 0.0 0.0 0.0 0.0 0.0 
158 0.5466610305152576 0.004598027088717183 0.0 0.0 0.004598027088717183 0.0 0.0 0.0 0.0 0.0 0.0 0.0 0.0 0.0 0.0 0.0 0.0 0.0 0.0 0.0 0.0 0.0 
159 0.5501209104552276 0.004618400399421837 0.0 0.0 0.004618400399421837 0.0 0.0 0.0 0.0 0.0 0.0 0.0 0.0 0.0 0.0 0.0 0.0 0.0 0.0 0.0 0.0 0.0 
160 0.5535807903951976 0.004638857130970869 0.0 0.0 0.004638857130970869 0.0 0.0 0.0 0.0 0.0 0.0 0.0 0.0 0.0 0.0 0.0 0.0 0.0 0.0 0.0 0.0 0.0 
161 0.5570406703351676 0.004659397584826153 0.0 0.0 0.004659397584826153 0.0 0.0 0.0 0.0 0.0 0.0 0.0 0.0 0.0 0.0 0.0 0.0 0.0 0.0 0.0 0.0 0.0 
162 0.5605005502751376 0.004680022063301174 0.0 0.0 0.004680022063301174 0.0 0.0 0.0 0.0 0.0 0.0 0.0 0.0 0.0 0.0 0.0 0.0 0.0 0.0 0.0 0.0 0.0 
163 0.5639604302151076 0.0047007308695619695 0.0 0.0 0.0047007308695619695 0.0 0.0 0.0 0.0 0.0 0.0 0.0 0.0 0.0 0.0 0.0 0.0 0.0 0.0 0.0 0.0 0.0 
164 0.5674203101550775 0.004721524307628023 0.0 0.0 0.004721524307628023 0.0 0.0 0.0 0.0 0.0 0.0 0.0 0.0 0.0 0.0 0.0 0.0 0.0 0.0 0.0 0.0 0.0 
165 0.5708801900950475 0.004742402682373186 0.0 0.0 0.004742402682373186 0.0 0.0 0.0 0.0 0.0 0.0 0.0 0.0 0.0 0.0 0.0 0.0 0.0 0.0 0.0 0.0 0.0 
166 0.5743400700350175 0.004763366299526561 0.0 0.0 0.004763366299526561 0.0 0.0 0.0 0.0 0.0 0.0 0.0 0.0 0.0 0.0 0.0 0.0 0.0 0.0 0.0 0.0 0.0 
167 0.5777999499749875 0.0047844154656733855 0.0 0.0 0.0047844154656733855 0.0 0.0 0.0 0.0 0.0 0.0 0.0 0.0 0.0 0.0 0.0 0.0 0.0 0.0 0.0 0.0 0.0 
168 0.5812598299149575 0.004805550488255909 0.0 0.0 0.004805550488255909 0.0 0.0 0.0 0.0 0.0 0.0 0.0 0.0 0.0 0.0 0.0 0.0 0.0 0.0 0.0 0.0 0.0 
169 0.5847197098549275 0.00482677167557425 0.0 0.0 0.00482677167557425 0.0 0.0 0.0 0.0 0.0 0.0 0.0 0.0 0.0 0.0 0.0 0.0 0.0 0.0 0.0 0.0 0.0 
170 0.5881795897948975 0.004848079336787254 0.0 0.0 0.004848079336787254 0.0 0.0 0.0 0.0 0.0 0.0 0.0 0.0 0.0 0.0 0.0 0.0 0.0 0.0 0.0 0.0 0.0 
171 0.5916394697348675 0.004869473781913331 0.0 0.0 0.004869473781913331 0.0 0.0 0.0 0.0 0.0 0.0 0.0 0.0 0.0 0.0 0.0 0.0 0.0 0.0 0.0 0.0 0.0 
172 0.5950993496748375 0.004890955321831284 0.0 0.0 0.004890955321831284 0.0 0.0 0.0 0.0 0.0 0.0 0.0 0.0 0.0 0.0 0.0 0.0 0.0 0.0 0.0 0.0 0.0 
173 0.5985592296148075 0.004912524268281125 0.0 0.0 0.004912524268281125 0.0 0.0 0.0 0.0 0.0 0.0 0.0 0.0 0.0 0.0 0.0 0.0 0.0 0.0 0.0 0.0 0.0 
174 0.6020191095547774 0.0049341809338648915 0.0 0.0 0.0049341809338648915 0.0 0.0 0.0 0.0 0.0 0.0 0.0 0.0 0.0 0.0 0.0 0.0 0.0 0.0 0.0 0.0 0.0 
175 0.6054789894947473 0.004955925632047449 0.0 0.0 0.004955925632047449 0.0 0.0 0.0 0.0 0.0 0.0 0.0 0.0 0.0 0.0 0.0 0.0 0.0 0.0 0.0 0.0 0.0 
176 0.6089388694347173 0.004977758677157248 0.0 0.0 0.004977758677157248 0.0 0.0 0.0 0.0 0.0 0.0 0.0 0.0 0.0 0.0 0.0 0.0 0.0 0.0 0.0 0.0 0.0 
177 0.6123987493746873 0.004999680384387139 0.0 0.0 0.004999680384387139 0.0 0.0 0.0 0.0 0.0 0.0 0.0 0.0 0.0 0.0 0.0 0.0 0.0 0.0 0.0 0.0 0.0 
178 0.6158586293146573 0.005021691069795106 0.0 0.0 0.005021691069795106 0.0 0.0 0.0 0.0 0.0 0.0 0.0 0.0 0.0 0.0 0.0 0.0 0.0 0.0 0.0 0.0 0.0 
179 0.6193185092546273 0.005043791050305026 0.0 0.0 0.005043791050305026 0.0 0.0 0.0 0.0 0.0 0.0 0.0 0.0 0.0 0.0 0.0 0.0 0.0 0.0 0.0 0.0 0.0 
180 0.6227783891945973 0.005065980643707415 0.0 0.0 0.005065980643707415 0.0 0.0 0.0 0.0 0.0 0.0 0.0 0.0 0.0 0.0 0.0 0.0 0.0 0.0 0.0 0.0 0.0 
181 0.6262382691345673 0.0050882601686601395 0.0 0.0 0.0050882601686601395 0.0 0.0 0.0 0.0 0.0 0.0 0.0 0.0 0.0 0.0 0.0 0.0 0.0 0.0 0.0 0.0 0.0 
182 0.6296981490745373 0.00511062994468916 0.0 0.0 0.00511062994468916 0.0 0.0 0.0 0.0 0.0 0.0 0.0 0.0 0.0 0.0 0.0 0.0 0.0 0.0 0.0 0.0 0.0 
183 0.6331580290145072 0.005133090292189219 0.0 0.0 0.005133090292189219 0.0 0.0 0.0 0.0 0.0 0.0 0.0 0.0 0.0 0.0 0.0 0.0 0.0 0.0 0.0 0.0 0.0 
184 0.6366179089544772 0.005155641532424522 0.0 0.0 0.005155641532424522 0.0 0.0 0.0 0.0 0.0 0.0 0.0 0.0 0.0 0.0 0.0 0.0 0.0 0.0 0.0 0.0 0.0 
185 0.6400777888944472 0.0051782839875294485 0.0 0.0 0.0051782839875294485 0.0 0.0 0.0 0.0 0.0 0.0 0.0 0.0 0.0 0.0 0.0 0.0 0.0 0.0 0.0 0.0 0.0 
186 0.6435376688344172 0.005201017980509183 0.0 0.0 0.005201017980509183 0.0 0.0 0.0 0.0 0.0 0.0 0.0 0.0 0.0 0.0 0.0 0.0 0.0 0.0 0.0 0.0 0.0 
187 0.6469975487743872 0.005223843835240406 0.0 0.0 0.005223843835240406 0.0 0.0 0.0 0.0 0.0 0.0 0.0 0.0 0.0 0.0 0.0 0.0 0.0 0.0 0.0 0.0 0.0 
188 0.6504574287143572 0.005246761876471905 0.0 0.0 0.005246761876471905 0.0 0.0 0.0 0.0 0.0 0.0 0.0 0.0 0.0 0.0 0.0 0.0 0.0 0.0 0.0 0.0 0.0 
189 0.6539173086543272 0.0052697724298252395 0.0 0.0 0.0052697724298252395 0.0 0.0 0.0 0.0 0.0 0.0 0.0 0.0 0.0 0.0 0.0 0.0 0.0 0.0 0.0 0.0 0.0 
190 0.6573771885942972 0.005292875821795321 0.0 0.0 0.005292875821795321 0.0 0.0 0.0 0.0 0.0 0.0 0.0 0.0 0.0 0.0 0.0 0.0 0.0 0.0 0.0 0.0 0.0 
191 0.6608370685342672 0.005316072379751044 0.0 0.0 0.005316072379751044 0.0 0.0 0.0 0.0 0.0 0.0 0.0 0.0 0.0 0.0 0.0 0.0 0.0 0.0 0.0 0.0 0.0 
192 0.6642969484742371 0.005339362431935864 0.0 0.0 0.005339362431935864 0.0 0.0 0.0 0.0 0.0 0.0 0.0 0.0 0.0 0.0 0.0 0.0 0.0 0.0 0.0 0.0 0.0 
193 0.6677568284142071 0.0053627463074683935 0.0 0.0 0.0053627463074683935 0.0 0.0 0.0 0.0 0.0 0.0 0.0 0.0 0.0 0.0 0.0 0.0 0.0 0.0 0.0 0.0 0.0 
194 0.6712167083541771 0.005386224336342954 0.0 0.0 0.005386224336342954 0.0 0.0 0.0 0.0 0.0 0.0 0.0 0.0 0.0 0.0 0.0 0.0 0.0 0.0 0.0 0.0 0.0 
195 0.6746765882941471 0.005409796849430123 0.0 0.0 0.005409796849430123 0.0 0.0 0.0 0.0 0.0 0.0 0.0 0.0 0.0 0.0 0.0 0.0 0.0 0.0 0.0 0.0 0.0 
196 0.6781364682341171 0.005433464178477281 0.0 0.0 0.005433464178477281 0.0 0.0 0.0 0.0 0.0 0.0 0.0 0.0 0.0 0.0 0.0 0.0 0.0 0.0 0.0 0.0 0.0 
197 0.6815963481740871 0.005457226656109138 0.0 0.0 0.005457226656109138 0.0 0.0 0.0 0.0 0.0 0.0 0.0 0.0 0.0 0.0 0.0 0.0 0.0 0.0 0.0 0.0 0.0 
198 0.685056228114057 0.005481084615828253 0.0 0.0 0.005481084615828253 0.0 0.0 0.0 0.0 0.0 0.0 0.0 0.0 0.0 0.0 0.0 0.0 0.0 0.0 0.0 0.0 0.0 
199 0.688516108054027 0.005505038392015508 0.0 0.0 0.005505038392015508 0.0 0.0 0.0 0.0 0.0 0.0 0.0 0.0 0.0 0.0 0.0 0.0 0.0 0.0 0.0 0.0 0.0 
200 0.691975987993997 0.005529088319930602 0.0 0.0 0.005529088319930602 0.0 0.0 0.0 0.0 0.0 0.0 0.0 0.0 0.0 0.0 0.0 0.0 0.0 0.0 0.0 0.0 0.0 
201 0.695435867933967 0.005553234735712553 0.0 0.0 0.005553234735712553 0.0 0.0 0.0 0.0 0.0 0.0 0.0 0.0 0.0 0.0 0.0 0.0 0.0 0.0 0.0 0.0 0.0 
202 0.6988957478739369 0.005577477976380101 0.0 0.0 0.005577477976380101 0.0 0.0 0.0 0.0 0.0 0.0 0.0 0.0 0.0 0.0 0.0 0.0 0.0 0.0 0.0 0.0 0.0 
203 0.7023556278139069 0.005601818379832178 0.0 0.0 0.005601818379832178 0.0 0.0 0.0 0.0 0.0 0.0 0.0 0.0 0.0 0.0 0.0 0.0 0.0 0.0 0.0 0.0 0.0 
204 0.7058155077538769 0.00562625628484833 0.0 0.0 0.00562625628484833 0.0 0.0 0.0 0.0 0.0 0.0 0.0 0.0 0.0 0.0 0.0 0.0 0.0 0.0 0.0 0.0 0.0 
205 0.7092753876938469 0.005650792031089146 0.0 0.0 0.005650792031089146 0.0 0.0 0.0 0.0 0.0 0.0 0.0 0.0 0.0 0.0 0.0 0.0 0.0 0.0 0.0 0.0 0.0 
206 0.7127352676338169 0.005675425959096627 0.0 0.0 0.005675425959096627 0.0 0.0 0.0 0.0 0.0 0.0 0.0 0.0 0.0 0.0 0.0 0.0 0.0 0.0 0.0 0.0 0.0 
207 0.7161951475737869 0.005700158410294586 0.0 0.0 0.005700158410294586 0.0 0.0 0.0 0.0 0.0 0.0 0.0 0.0 0.0 0.0 0.0 0.0 0.0 0.0 0.0 0.0 0.0 
208 0.7196550275137569 0.005724989726989014 0.0 0.0 0.005724989726989014 0.0 0.0 0.0 0.0 0.0 0.0 0.0 0.0 0.0 0.0 0.0 0.0 0.0 0.0 0.0 0.0 0.0 
209 0.7231149074537269 0.005749920252368446 0.0 0.0 0.005749920252368446 0.0 0.0 0.0 0.0 0.0 0.0 0.0 0.0 0.0 0.0 0.0 0.0 0.0 0.0 0.0 0.0 0.0 
210 0.7265747873936969 0.005774950330504273 0.0 0.0 0.005774950330504273 0.0 0.0 0.0 0.0 0.0 0.0 0.0 0.0 0.0 0.0 0.0 0.0 0.0 0.0 0.0 0.0 0.0 
211 0.7300346673336668 0.005800080306351073 0.0 0.0 0.005800080306351073 0.0 0.0 0.0 0.0 0.0 0.0 0.0 0.0 0.0 0.0 0.0 0.0 0.0 0.0 0.0 0.0 0.0 
212 0.7334945472736368 0.005825310525746958 0.0 0.0 0.005825310525746958 0.0 0.0 0.0 0.0 0.0 0.0 0.0 0.0 0.0 0.0 0.0 0.0 0.0 0.0 0.0 0.0 0.0 
213 0.7369544272136068 0.005850641335413799 0.0 0.0 0.005850641335413799 0.0 0.0 0.0 0.0 0.0 0.0 0.0 0.0 0.0 0.0 0.0 0.0 0.0 0.0 0.0 0.0 0.0 
214 0.7404143071535768 0.0058760730829575435 0.0 0.0 0.0058760730829575435 0.0 0.0 0.0 0.0 0.0 0.0 0.0 0.0 0.0 0.0 0.0 0.0 0.0 0.0 0.0 0.0 0.0 
215 0.7438741870935468 0.005901606116868492 0.0 0.0 0.005901606116868492 0.0 0.0 0.0 0.0 0.0 0.0 0.0 0.0 0.0 0.0 0.0 0.0 0.0 0.0 0.0 0.0 0.0 
216 0.7473340670335168 0.005927240786521492 0.0 0.0 0.005927240786521492 0.0 0.0 0.0 0.0 0.0 0.0 0.0 0.0 0.0 0.0 0.0 0.0 0.0 0.0 0.0 0.0 0.0 
217 0.7507939469734868 0.005952977442176225 0.0 0.0 0.005952977442176225 0.0 0.0 0.0 0.0 0.0 0.0 0.0 0.0 0.0 0.0 0.0 0.0 0.0 0.0 0.0 0.0 0.0 
218 0.7542538269134568 0.0059788164349773645 0.0 0.0 0.0059788164349773645 0.0 0.0 0.0 0.0 0.0 0.0 0.0 0.0 0.0 0.0 0.0 0.0 0.0 0.0 0.0 0.0 0.0 
219 0.7577137068534268 0.006004758116954824 0.0 0.0 0.006004758116954824 0.0 0.0 0.0 0.0 0.0 0.0 0.0 0.0 0.0 0.0 0.0 0.0 0.0 0.0 0.0 0.0 0.0 
220 0.7611735867933968 0.006030802841023897 0.0 0.0 0.006030802841023897 0.0 0.0 0.0 0.0 0.0 0.0 0.0 0.0 0.0 0.0 0.0 0.0 0.0 0.0 0.0 0.0 0.0 
221 0.7646334667333667 0.006056950960985434 0.0 0.0 0.006056950960985434 0.0 0.0 0.0 0.0 0.0 0.0 0.0 0.0 0.0 0.0 0.0 0.0 0.0 0.0 0.0 0.0 0.0 
222 0.7680933466733366 0.006083202831526007 0.0 0.0 0.006083202831526007 0.0 0.0 0.0 0.0 0.0 0.0 0.0 0.0 0.0 0.0 0.0 0.0 0.0 0.0 0.0 0.0 0.0 
223 0.7715532266133066 0.00610955880821801 0.0 0.0 0.00610955880821801 0.0 0.0 0.0 0.0 0.0 0.0 0.0 0.0 0.0 0.0 0.0 0.0 0.0 0.0 0.0 0.0 0.0 
224 0.7750131065532766 0.006136019247519807 0.0 0.0 0.006136019247519807 0.0 0.0 0.0 0.0 0.0 0.0 0.0 0.0 0.0 0.0 0.0 0.0 0.0 0.0 0.0 0.0 0.0 
225 0.7784729864932466 0.006162584506775786 0.0 0.0 0.006162584506775786 0.0 0.0 0.0 0.0 0.0 0.0 0.0 0.0 0.0 0.0 0.0 0.0 0.0 0.0 0.0 0.0 0.0 
226 0.7819328664332166 0.006189254944216483 0.0 0.0 0.006189254944216483 0.0 0.0 0.0 0.0 0.0 0.0 0.0 0.0 0.0 0.0 0.0 0.0 0.0 0.0 0.0 0.0 0.0 
227 0.7853927463731866 0.006216030918958607 0.0 0.0 0.006216030918958607 0.0 0.0 0.0 0.0 0.0 0.0 0.0 0.0 0.0 0.0 0.0 0.0 0.0 0.0 0.0 0.0 0.0 
228 0.7888526263131566 0.006242912791005103 0.0 0.0 0.006242912791005103 0.0 0.0 0.0 0.0 0.0 0.0 0.0 0.0 0.0 0.0 0.0 0.0 0.0 0.0 0.0 0.0 0.0 
229 0.7923125062531265 0.006269900921245191 0.0 0.0 0.006269900921245191 0.0 0.0 0.0 0.0 0.0 0.0 0.0 0.0 0.0 0.0 0.0 0.0 0.0 0.0 0.0 0.0 0.0 
230 0.7957723861930965 0.006296995671454343 0.0 0.0 0.006296995671454343 0.0 0.0 0.0 0.0 0.0 0.0 0.0 0.0 0.0 0.0 0.0 0.0 0.0 0.0 0.0 0.0 0.0 
231 0.7992322661330665 0.00632419740429429 0.0 0.0 0.00632419740429429 0.0 0.0 0.0 0.0 0.0 0.0 0.0 0.0 0.0 0.0 0.0 0.0 0.0 0.0 0.0 0.0 0.0 
232 0.8026921460730365 0.0063515064833130136 0.0 0.0 0.0063515064833130136 0.0 0.0 0.0 0.0 0.0 0.0 0.0 0.0 0.0 0.0 0.0 0.0 0.0 0.0 0.0 0.0 0.0 
233 0.8061520260130065 0.006378923272944681 0.0 0.0 0.006378923272944681 0.0 0.0 0.0 0.0 0.0 0.0 0.0 0.0 0.0 0.0 0.0 0.0 0.0 0.0 0.0 0.0 0.0 
234 0.8096119059529765 0.006406448138509571 0.0 0.0 0.006406448138509571 0.0 0.0 0.0 0.0 0.0 0.0 0.0 0.0 0.0 0.0 0.0 0.0 0.0 0.0 0.0 0.0 0.0 
235 0.8130717858929465 0.006434081446214035 0.0 0.0 0.006434081446214035 0.0 0.0 0.0 0.0 0.0 0.0 0.0 0.0 0.0 0.0 0.0 0.0 0.0 0.0 0.0 0.0 0.0 
236 0.8165316658329165 0.0064618235631503295 0.0 0.0 0.0064618235631503295 0.0 0.0 0.0 0.0 0.0 0.0 0.0 0.0 0.0 0.0 0.0 0.0 0.0 0.0 0.0 0.0 0.0 
237 0.8199915457728865 0.006489674857296579 0.0 0.0 0.006489674857296579 0.0 0.0 0.0 0.0 0.0 0.0 0.0 0.0 0.0 0.0 0.0 0.0 0.0 0.0 0.0 0.0 0.0 
238 0.8234514257128565 0.006517635697516571 0.0 0.0 0.006517635697516571 0.0 0.0 0.0 0.0 0.0 0.0 0.0 0.0 0.0 0.0 0.0 0.0 0.0 0.0 0.0 0.0 0.0 
239 0.8269113056528264 0.006545706453559625 0.0 0.0 0.006545706453559625 0.0 0.0 0.0 0.0 0.0 0.0 0.0 0.0 0.0 0.0 0.0 0.0 0.0 0.0 0.0 0.0 0.0 
240 0.8303711855927964 0.006573887496060444 0.0 0.0 0.006573887496060444 0.0 0.0 0.0 0.0 0.0 0.0 0.0 0.0 0.0 0.0 0.0 0.0 0.0 0.0 0.0 0.0 0.0 
241 0.8338310655327664 0.006602179196538868 0.0 0.0 0.006602179196538868 0.0 0.0 0.0 0.0 0.0 0.0 0.0 0.0 0.0 0.0 0.0 0.0 0.0 0.0 0.0 0.0 0.0 
242 0.8372909454727364 0.006630581927399685 0.0 0.0 0.006630581927399685 0.0 0.0 0.0 0.0 0.0 0.0 0.0 0.0 0.0 0.0 0.0 0.0 0.0 0.0 0.0 0.0 0.0 
243 0.8407508254127064 0.006659096061932408 0.0 0.0 0.006659096061932408 0.0 0.0 0.0 0.0 0.0 0.0 0.0 0.0 0.0 0.0 0.0 0.0 0.0 0.0 0.0 0.0 0.0 
244 0.8442107053526764 0.006687721974311007 0.0 0.0 0.006687721974311007 0.0 0.0 0.0 0.0 0.0 0.0 0.0 0.0 0.0 0.0 0.0 0.0 0.0 0.0 0.0 0.0 0.0 
245 0.8476705852926463 0.006716460039593636 0.0 0.0 0.006716460039593636 0.0 0.0 0.0 0.0 0.0 0.0 0.0 0.0 0.0 0.0 0.0 0.0 0.0 0.0 0.0 0.0 0.0 
246 0.8511304652326163 0.006745310633722336 0.0 0.0 0.006745310633722336 0.0 0.0 0.0 0.0 0.0 0.0 0.0 0.0 0.0 0.0 0.0 0.0 0.0 0.0 0.0 0.0 0.0 
247 0.8545903451725863 0.006774274133522757 0.0 0.0 0.006774274133522757 0.0 0.0 0.0 0.0 0.0 0.0 0.0 0.0 0.0 0.0 0.0 0.0 0.0 0.0 0.0 0.0 0.0 
248 0.8580502251125562 0.006803350916703761 0.0 0.0 0.006803350916703761 0.0 0.0 0.0 0.0 0.0 0.0 0.0 0.0 0.0 0.0 0.0 0.0 0.0 0.0 0.0 0.0 0.0 
249 0.8615101050525262 0.006832541361857121 0.0 0.0 0.006832541361857121 0.0 0.0 0.0 0.0 0.0 0.0 0.0 0.0 0.0 0.0 0.0 0.0 0.0 0.0 0.0 0.0 0.0 
250 0.8649699849924962 0.0068618458484571146 0.0 0.0 0.0068618458484571146 0.0 0.0 0.0 0.0 0.0 0.0 0.0 0.0 0.0 0.0 0.0 0.0 0.0 0.0 0.0 0.0 0.0 
251 0.8684298649324662 0.006891264756860162 0.0 0.0 0.006891264756860162 0.0 0.0 0.0 0.0 0.0 0.0 0.0 0.0 0.0 0.0 0.0 0.0 0.0 0.0 0.0 0.0 0.0 
252 0.8718897448724362 0.006920798468304367 0.0 0.0 0.006920798468304367 0.0 0.0 0.0 0.0 0.0 0.0 0.0 0.0 0.0 0.0 0.0 0.0 0.0 0.0 0.0 0.0 0.0 
253 0.8753496248124062 0.0069504473649091075 0.0 0.0 0.0069504473649091075 0.0 0.0 0.0 0.0 0.0 0.0 0.0 0.0 0.0 0.0 0.0 0.0 0.0 0.0 0.0 0.0 0.0 
254 0.8788095047523762 0.006980211829674579 0.0 0.0 0.006980211829674579 0.0 0.0 0.0 0.0 0.0 0.0 0.0 0.0 0.0 0.0 0.0 0.0 0.0 0.0 0.0 0.0 0.0 
255 0.8822693846923462 0.007010092246481303 0.0 0.0 0.007010092246481303 0.0 0.0 0.0 0.0 0.0 0.0 0.0 0.0 0.0 0.0 0.0 0.0 0.0 0.0 0.0 0.0 0.0 
256 0.8857292646323162 0.007040089000089626 0.0 0.0 0.007040089000089626 0.0 0.0 0.0 0.0 0.0 0.0 0.0 0.0 0.0 0.0 0.0 0.0 0.0 0.0 0.0 0.0 0.0 
257 0.8891891445722861 0.00707020247613918 0.0 0.0 0.00707020247613918 0.0 0.0 0.0 0.0 0.0 0.0 0.0 0.0 0.0 0.0 0.0 0.0 0.0 0.0 0.0 0.0 0.0 
258 0.8926490245122561 0.0071004330611484125 0.0 0.0 0.0071004330611484125 0.0 0.0 0.0 0.0 0.0 0.0 0.0 0.0 0.0 0.0 0.0 0.0 0.0 0.0 0.0 0.0 0.0 
259 0.8961089044522261 0.007130781142513897 0.0 0.0 0.007130781142513897 0.0 0.0 0.0 0.0 0.0 0.0 0.0 0.0 0.0 0.0 0.0 0.0 0.0 0.0 0.0 0.0 0.0 
260 0.8995687843921961 0.007161247108509844 0.0 0.0 0.007161247108509844 0.0 0.0 0.0 0.0 0.0 0.0 0.0 0.0 0.0 0.0 0.0 0.0 0.0 0.0 0.0 0.0 0.0 
261 0.9030286643321661 0.0071918313482874615 0.0 0.0 0.0071918313482874615 0.0 0.0 0.0 0.0 0.0 0.0 0.0 0.0 0.0 0.0 0.0 0.0 0.0 0.0 0.0 0.0 0.0 
262 0.9064885442721361 0.007222534251874297 0.0 0.0 0.007222534251874297 0.0 0.0 0.0 0.0 0.0 0.0 0.0 0.0 0.0 0.0 0.0 0.0 0.0 0.0 0.0 0.0 0.0 
263 0.9099484242121061 0.0072533562101736206 0.0 0.0 0.0072533562101736206 0.0 0.0 0.0 0.0 0.0 0.0 0.0 0.0 0.0 0.0 0.0 0.0 0.0 0.0 0.0 0.0 0.0 
264 0.9134083041520761 0.007284297614963705 0.0 0.0 0.007284297614963705 0.0 0.0 0.0 0.0 0.0 0.0 0.0 0.0 0.0 0.0 0.0 0.0 0.0 0.0 0.0 0.0 0.0 
265 0.9168681840920461 0.0073153588588971636 0.0 0.0 0.0073153588588971636 0.0 0.0 0.0 0.0 0.0 0.0 0.0 0.0 0.0 0.0 0.0 0.0 0.0 0.0 0.0 0.0 0.0 
266 0.9203280640320161 0.0073465403355001905 0.0 0.0 0.0073465403355001905 0.0 0.0 0.0 0.0 0.0 0.0 0.0 0.0 0.0 0.0 0.0 0.0 0.0 0.0 0.0 0.0 0.0 
267 0.923787943971986 0.0073778424391718255 0.0 0.0 0.0073778424391718255 0.0 0.0 0.0 0.0 0.0 0.0 0.0 0.0 0.0 0.0 0.0 0.0 0.0 0.0 0.0 0.0 0.0 
268 0.9272478239119559 0.007409265565183211 0.0 0.0 0.007409265565183211 0.0 0.0 0.0 0.0 0.0 0.0 0.0 0.0 0.0 0.0 0.0 0.0 0.0 0.0 0.0 0.0 0.0 
269 0.9307077038519259 0.007440810109676728 0.0 0.0 0.007440810109676728 0.0 0.0 0.0 0.0 0.0 0.0 0.0 0.0 0.0 0.0 0.0 0.0 0.0 0.0 0.0 0.0 0.0 
270 0.9341675837918959 0.007472476469665262 0.0 0.0 0.007472476469665262 0.0 0.0 0.0 0.0 0.0 0.0 0.0 0.0 0.0 0.0 0.0 0.0 0.0 0.0 0.0 0.0 0.0 
271 0.9376274637318659 0.007504265043031283 0.0 0.0 0.007504265043031283 0.0 0.0 0.0 0.0 0.0 0.0 0.0 0.0 0.0 0.0 0.0 0.0 0.0 0.0 0.0 0.0 0.0 
272 0.9410873436718359 0.00753617622852604 0.0 0.0 0.00753617622852604 0.0 0.0 0.0 0.0 0.0 0.0 0.0 0.0 0.0 0.0 0.0 0.0 0.0 0.0 0.0 0.0 0.0 
273 0.9445472236118059 0.007568210425768627 0.0 0.0 0.007568210425768627 0.0 0.0 0.0 0.0 0.0 0.0 0.0 0.0 0.0 0.0 0.0 0.0 0.0 0.0 0.0 0.0 0.0 
274 0.9480071035517759 0.007600368035245084 0.0 0.0 0.007600368035245084 0.0 0.0 0.0 0.0 0.0 0.0 0.0 0.0 0.0 0.0 0.0 0.0 0.0 0.0 0.0 0.0 0.0 
275 0.9514669834917459 0.00763264945830746 0.0 0.0 0.00763264945830746 0.0 0.0 0.0 0.0 0.0 0.0 0.0 0.0 0.0 0.0 0.0 0.0 0.0 0.0 0.0 0.0 0.0 
276 0.9549268634317158 0.007665055097172851 0.0 0.0 0.007665055097172851 0.0 0.0 0.0 0.0 0.0 0.0 0.0 0.0 0.0 0.0 0.0 0.0 0.0 0.0 0.0 0.0 0.0 
277 0.9583867433716858 0.00769758535492239 0.0 0.0 0.00769758535492239 0.0 0.0 0.0 0.0 0.0 0.0 0.0 0.0 0.0 0.0 0.0 0.0 0.0 0.0 0.0 0.0 0.0 
278 0.9618466233116558 0.007730240635500259 0.0 0.0 0.007730240635500259 0.0 0.0 0.0 0.0 0.0 0.0 0.0 0.0 0.0 0.0 0.0 0.0 0.0 0.0 0.0 0.0 0.0 
279 0.9653065032516258 0.007763021343712645 0.0 0.0 0.007763021343712645 0.0 0.0 0.0 0.0 0.0 0.0 0.0 0.0 0.0 0.0 0.0 0.0 0.0 0.0 0.0 0.0 0.0 
280 0.9687663831915958 0.007795927885226637 0.0 0.0 0.007795927885226637 0.0 0.0 0.0 0.0 0.0 0.0 0.0 0.0 0.0 0.0 0.0 0.0 0.0 0.0 0.0 0.0 0.0 
281 0.9722262631315658 0.007828960666569207 0.0 0.0 0.007828960666569207 0.0 0.0 0.0 0.0 0.0 0.0 0.0 0.0 0.0 0.0 0.0 0.0 0.0 0.0 0.0 0.0 0.0 
282 0.9756861430715358 0.007862120095125998 0.0 0.0 0.007862120095125998 0.0 0.0 0.0 0.0 0.0 0.0 0.0 0.0 0.0 0.0 0.0 0.0 0.0 0.0 0.0 0.0 0.0 
283 0.9791460230115058 0.007895406579140288 0.0 0.0 0.007895406579140288 0.0 0.0 0.0 0.0 0.0 0.0 0.0 0.0 0.0 0.0 0.0 0.0 0.0 0.0 0.0 0.0 0.0 
284 0.9826059029514758 0.007928820527711742 0.0 0.0 0.007928820527711742 0.0 0.0 0.0 0.0 0.0 0.0 0.0 0.0 0.0 0.0 0.0 0.0 0.0 0.0 0.0 0.0 0.0 
285 0.9860657828914458 0.007962362350795227 0.0 0.0 0.007962362350795227 0.0 0.0 0.0 0.0 0.0 0.0 0.0 0.0 0.0 0.0 0.0 0.0 0.0 0.0 0.0 0.0 0.0 
286 0.9895256628314157 0.007996032459199663 0.0 0.0 0.007996032459199663 0.0 0.0 0.0 0.0 0.0 0.0 0.0 0.0 0.0 0.0 0.0 0.0 0.0 0.0 0.0 0.0 0.0 
287 0.9929855427713857 0.008029831264586673 0.0 0.0 0.008029831264586673 0.0 0.0 0.0 0.0 0.0 0.0 0.0 0.0 0.0 0.0 0.0 0.0 0.0 0.0 0.0 0.0 0.0 
288 0.9964454227113557 0.008063759179469374 0.0 0.0 0.008063759179469374 0.0 0.0 0.0 0.0 0.0 0.0 0.0 0.0 0.0 0.0 0.0 0.0 0.0 0.0 0.0 0.0 0.0 
289 0.9999053026513257 0.008097816617211042 0.0 0.0 0.008097816617211042 0.0 0.0 0.0 0.0 0.0 0.0 0.0 0.0 0.0 0.0 0.0 0.0 0.0 0.0 0.0 0.0 0.0 
290 1.0033651825912957 0.008132003992023832 0.0 0.0 0.008132003992023832 0.0 0.0 0.0 0.0 0.0 0.0 0.0 0.0 0.0 0.0 0.0 0.0 0.0 0.0 0.0 0.0 0.0 
291 1.0068250625312656 0.008166321718967359 0.0 0.0 0.008166321718967359 0.0 0.0 0.0 0.0 0.0 0.0 0.0 0.0 0.0 0.0 0.0 0.0 0.0 0.0 0.0 0.0 0.0 
292 1.0102849424712357 0.00820077021394735 0.0 0.0 0.00820077021394735 0.0 0.0 0.0 0.0 0.0 0.0 0.0 0.0 0.0 0.0 0.0 0.0 0.0 0.0 0.0 0.0 0.0 
293 1.0137448224112056 0.008235349893714246 0.0 0.0 0.008235349893714246 0.0 0.0 0.0 0.0 0.0 0.0 0.0 0.0 0.0 0.0 0.0 0.0 0.0 0.0 0.0 0.0 0.0 
294 1.0172047023511757 0.008270061175861742 0.0 0.0 0.008270061175861742 0.0 0.0 0.0 0.0 0.0 0.0 0.0 0.0 0.0 0.0 0.0 0.0 0.0 0.0 0.0 0.0 0.0 
295 1.0206645822911455 0.008304904478825313 0.0 0.0 0.008304904478825313 0.0 0.0 0.0 0.0 0.0 0.0 0.0 0.0 0.0 0.0 0.0 0.0 0.0 0.0 0.0 0.0 0.0 
296 1.0241244622311156 0.00833988022188072 0.0 0.0 0.00833988022188072 0.0 0.0 0.0 0.0 0.0 0.0 0.0 0.0 0.0 0.0 0.0 0.0 0.0 0.0 0.0 0.0 0.0 
297 1.0275843421710855 0.00837498882514255 0.0 0.0 0.00837498882514255 0.0 0.0 0.0 0.0 0.0 0.0 0.0 0.0 0.0 0.0 0.0 0.0 0.0 0.0 0.0 0.0 0.0 
298 1.0310442221110556 0.008410230709562549 0.0 0.0 0.008410230709562549 0.0 0.0 0.0 0.0 0.0 0.0 0.0 0.0 0.0 0.0 0.0 0.0 0.0 0.0 0.0 0.0 0.0 
299 1.0345041020510255 0.008445606296928133 0.0 0.0 0.008445606296928133 0.0 0.0 0.0 0.0 0.0 0.0 0.0 0.0 0.0 0.0 0.0 0.0 0.0 0.0 0.0 0.0 0.0 
300 1.0379639819909956 0.008481116009860762 0.0 0.0 0.008481116009860762 0.0 0.0 0.0 0.0 0.0 0.0 0.0 0.0 0.0 0.0 0.0 0.0 0.0 0.0 0.0 0.0 0.0 
301 1.0414238619309655 0.008516760271814262 0.0 0.0 0.008516760271814262 0.0 0.0 0.0 0.0 0.0 0.0 0.0 0.0 0.0 0.0 0.0 0.0 0.0 0.0 0.0 0.0 0.0 
302 1.0448837418709356 0.008552539507073218 0.0 0.0 0.008552539507073218 0.0 0.0 0.0 0.0 0.0 0.0 0.0 0.0 0.0 0.0 0.0 0.0 0.0 0.0 0.0 0.0 0.0 
303 1.0483436218109055 0.008588454140751201 0.0 0.0 0.008588454140751201 0.0 0.0 0.0 0.0 0.0 0.0 0.0 0.0 0.0 0.0 0.0 0.0 0.0 0.0 0.0 0.0 0.0 
304 1.0518035017508753 0.008624504598789148 0.0 0.0 0.008624504598789148 0.0 0.0 0.0 0.0 0.0 0.0 0.0 0.0 0.0 0.0 0.0 0.0 0.0 0.0 0.0 0.0 0.0 
305 1.0552633816908454 0.008660691307953475 0.0 0.0 0.008660691307953475 0.0 0.0 0.0 0.0 0.0 0.0 0.0 0.0 0.0 0.0 0.0 0.0 0.0 0.0 0.0 0.0 0.0 
306 1.0587232616308153 0.00869701469583438 0.0 0.0 0.00869701469583438 0.0 0.0 0.0 0.0 0.0 0.0 0.0 0.0 0.0 0.0 0.0 0.0 0.0 0.0 0.0 0.0 0.0 
307 1.0621831415707854 0.008733475190844029 0.0 0.0 0.008733475190844029 0.0 0.0 0.0 0.0 0.0 0.0 0.0 0.0 0.0 0.0 0.0 0.0 0.0 0.0 0.0 0.0 0.0 
308 1.0656430215107553 0.008770073222214644 0.0 0.0 0.008770073222214644 0.0 0.0 0.0 0.0 0.0 0.0 0.0 0.0 0.0 0.0 0.0 0.0 0.0 0.0 0.0 0.0 0.0 
309 1.0691029014507254 0.008806809219996697 0.0 0.0 0.008806809219996697 0.0 0.0 0.0 0.0 0.0 0.0 0.0 0.0 0.0 0.0 0.0 0.0 0.0 0.0 0.0 0.0 0.0 
310 1.0725627813906953 0.008843683615056929 0.0 0.0 0.008843683615056929 0.0 0.0 0.0 0.0 0.0 0.0 0.0 0.0 0.0 0.0 0.0 0.0 0.0 0.0 0.0 0.0 0.0 
311 1.0760226613306654 0.008880696839076517 0.0 0.0 0.008880696839076517 0.0 0.0 0.0 0.0 0.0 0.0 0.0 0.0 0.0 0.0 0.0 0.0 0.0 0.0 0.0 0.0 0.0 
312 1.0794825412706353 0.008917849324548964 0.0 0.0 0.008917849324548964 0.0 0.0 0.0 0.0 0.0 0.0 0.0 0.0 0.0 0.0 0.0 0.0 0.0 0.0 0.0 0.0 0.0 
313 1.0829424212106054 0.008955141504778198 0.0 0.0 0.008955141504778198 0.0 0.0 0.0 0.0 0.0 0.0 0.0 0.0 0.0 0.0 0.0 0.0 0.0 0.0 0.0 0.0 0.0 
314 1.0864023011505752 0.008992573813876513 0.0 0.0 0.008992573813876513 0.0 0.0 0.0 0.0 0.0 0.0 0.0 0.0 0.0 0.0 0.0 0.0 0.0 0.0 0.0 0.0 0.0 
315 1.0898621810905453 0.009030146686762507 0.0 0.0 0.009030146686762507 0.0 0.0 0.0 0.0 0.0 0.0 0.0 0.0 0.0 0.0 0.0 0.0 0.0 0.0 0.0 0.0 0.0 
316 1.0933220610305152 0.009067860559158956 0.0 0.0 0.009067860559158956 0.0 0.0 0.0 0.0 0.0 0.0 0.0 0.0 0.0 0.0 0.0 0.0 0.0 0.0 0.0 0.0 0.0 
317 1.0967819409704853 0.009105715867590724 0.0 0.0 0.009105715867590724 0.0 0.0 0.0 0.0 0.0 0.0 0.0 0.0 0.0 0.0 0.0 0.0 0.0 0.0 0.0 0.0 0.0 
318 1.1002418209104552 0.009143713049382588 0.0 0.0 0.009143713049382588 0.0 0.0 0.0 0.0 0.0 0.0 0.0 0.0 0.0 0.0 0.0 0.0 0.0 0.0 0.0 0.0 0.0 
319 1.1037017008504253 0.009181852542657017 0.0 0.0 0.009181852542657017 0.0 0.0 0.0 0.0 0.0 0.0 0.0 0.0 0.0 0.0 0.0 0.0 0.0 0.0 0.0 0.0 0.0 
320 1.1071615807903952 0.009220134786332008 0.0 0.0 0.009220134786332008 0.0 0.0 0.0 0.0 0.0 0.0 0.0 0.0 0.0 0.0 0.0 0.0 0.0 0.0 0.0 0.0 0.0 
321 1.1106214607303653 0.009258560220118721 0.0 0.0 0.009258560220118721 0.0 0.0 0.0 0.0 0.0 0.0 0.0 0.0 0.0 0.0 0.0 0.0 0.0 0.0 0.0 0.0 0.0 
322 1.1140813406703352 0.00929712928451932 0.0 0.0 0.00929712928451932 0.0 0.0 0.0 0.0 0.0 0.0 0.0 0.0 0.0 0.0 0.0 0.0 0.0 0.0 0.0 0.0 0.0 
323 1.1175412206103053 0.009335842420824542 0.0 0.0 0.009335842420824542 0.0 0.0 0.0 0.0 0.0 0.0 0.0 0.0 0.0 0.0 0.0 0.0 0.0 0.0 0.0 0.0 0.0 
324 1.1210011005502751 0.00937470007111136 0.0 0.0 0.00937470007111136 0.0 0.0 0.0 0.0 0.0 0.0 0.0 0.0 0.0 0.0 0.0 0.0 0.0 0.0 0.0 0.0 0.0 
325 1.1244609804902452 0.00941370267824066 0.0 0.0 0.00941370267824066 0.0 0.0 0.0 0.0 0.0 0.0 0.0 0.0 0.0 0.0 0.0 0.0 0.0 0.0 0.0 0.0 0.0 
326 1.127920860430215 0.009452850685854691 0.0 0.0 0.009452850685854691 0.0 0.0 0.0 0.0 0.0 0.0 0.0 0.0 0.0 0.0 0.0 0.0 0.0 0.0 0.0 0.0 0.0 
327 1.131380740370185 0.009492144538374726 0.0 0.0 0.009492144538374726 0.0 0.0 0.0 0.0 0.0 0.0 0.0 0.0 0.0 0.0 0.0 0.0 0.0 0.0 0.0 0.0 0.0 
328 1.134840620310155 0.009531584680998448 0.0 0.0 0.009531584680998448 0.0 0.0 0.0 0.0 0.0 0.0 0.0 0.0 0.0 0.0 0.0 0.0 0.0 0.0 0.0 0.0 0.0 
329 1.138300500250125 0.009571171559697543 0.0 0.0 0.009571171559697543 0.0 0.0 0.0 0.0 0.0 0.0 0.0 0.0 0.0 0.0 0.0 0.0 0.0 0.0 0.0 0.0 0.0 
330 1.141760380190095 0.00961090562121503 0.0 0.0 0.00961090562121503 0.0 0.0 0.0 0.0 0.0 0.0 0.0 0.0 0.0 0.0 0.0 0.0 0.0 0.0 0.0 0.0 0.0 
331 1.145220260130065 0.009650787313062719 0.0 0.0 0.009650787313062719 0.0 0.0 0.0 0.0 0.0 0.0 0.0 0.0 0.0 0.0 0.0 0.0 0.0 0.0 0.0 0.0 0.0 
332 1.148680140070035 0.00969081708351859 0.0 0.0 0.00969081708351859 0.0 0.0 0.0 0.0 0.0 0.0 0.0 0.0 0.0 0.0 0.0 0.0 0.0 0.0 0.0 0.0 0.0 
333 1.152140020010005 0.009730995381624042 0.0 0.0 0.009730995381624042 0.0 0.0 0.0 0.0 0.0 0.0 0.0 0.0 0.0 0.0 0.0 0.0 0.0 0.0 0.0 0.0 0.0 
334 1.155599899949975 0.009771322657181301 0.0 0.0 0.009771322657181301 0.0 0.0 0.0 0.0 0.0 0.0 0.0 0.0 0.0 0.0 0.0 0.0 0.0 0.0 0.0 0.0 0.0 
335 1.159059779889945 0.009811799360750544 0.0 0.0 0.009811799360750544 0.0 0.0 0.0 0.0 0.0 0.0 0.0 0.0 0.0 0.0 0.0 0.0 0.0 0.0 0.0 0.0 0.0 
336 1.162519659829915 0.009852425943647268 0.0 0.0 0.009852425943647268 0.0 0.0 0.0 0.0 0.0 0.0 0.0 0.0 0.0 0.0 0.0 0.0 0.0 0.0 0.0 0.0 0.0 
337 1.1659795397698849 0.009893202857939359 0.0 0.0 0.009893202857939359 0.0 0.0 0.0 0.0 0.0 0.0 0.0 0.0 0.0 0.0 0.0 0.0 0.0 0.0 0.0 0.0 0.0 
338 1.169439419709855 0.009934130556444295 0.0 0.0 0.009934130556444295 0.0 0.0 0.0 0.0 0.0 0.0 0.0 0.0 0.0 0.0 0.0 0.0 0.0 0.0 0.0 0.0 0.0 
339 1.1728992996498249 0.009975209492726263 0.0 0.0 0.009975209492726263 0.0 0.0 0.0 0.0 0.0 0.0 0.0 0.0 0.0 0.0 0.0 0.0 0.0 0.0 0.0 0.0 0.0 
340 1.176359179589795 0.01001644012109323 0.0 0.0 0.01001644012109323 0.0 0.0 0.0 0.0 0.0 0.0 0.0 0.0 0.0 0.0 0.0 0.0 0.0 0.0 0.0 0.0 0.0 
341 1.1798190595297648 0.010057822896593953 0.0 0.0 0.010057822896593953 0.0 0.0 0.0 0.0 0.0 0.0 0.0 0.0 0.0 0.0 0.0 0.0 0.0 0.0 0.0 0.0 0.0 
342 1.183278939469735 0.010099358275015005 0.0 0.0 0.010099358275015005 0.0 0.0 0.0 0.0 0.0 0.0 0.0 0.0 0.0 0.0 0.0 0.0 0.0 0.0 0.0 0.0 0.0 
343 1.1867388194097048 0.010141046712877798 0.0 0.0 0.010141046712877798 0.0 0.0 0.0 0.0 0.0 0.0 0.0 0.0 0.0 0.0 0.0 0.0 0.0 0.0 0.0 0.0 0.0 
344 1.190198699349675 0.010182888667435375 0.0 0.0 0.010182888667435375 0.0 0.0 0.0 0.0 0.0 0.0 0.0 0.0 0.0 0.0 0.0 0.0 0.0 0.0 0.0 0.0 0.0 
345 1.1936585792896448 0.010224884596669412 0.0 0.0 0.010224884596669412 0.0 0.0 0.0 0.0 0.0 0.0 0.0 0.0 0.0 0.0 0.0 0.0 0.0 0.0 0.0 0.0 0.0 
346 1.197118459229615 0.01026703495928706 0.0 0.0 0.01026703495928706 0.0 0.0 0.0 0.0 0.0 0.0 0.0 0.0 0.0 0.0 0.0 0.0 0.0 0.0 0.0 0.0 0.0 
347 1.2005783391695848 0.010309340214717692 0.0 0.0 0.010309340214717692 0.0 0.0 0.0 0.0 0.0 0.0 0.0 0.0 0.0 0.0 0.0 0.0 0.0 0.0 0.0 0.0 0.0 
348 1.2040382191095549 0.010351800823109762 0.0 0.0 0.010351800823109762 0.0 0.0 0.0 0.0 0.0 0.0 0.0 0.0 0.0 0.0 0.0 0.0 0.0 0.0 0.0 0.0 0.0 
349 1.2074980990495248 0.010394417245327456 0.0 0.0 0.010394417245327456 0.0 0.0 0.0 0.0 0.0 0.0 0.0 0.0 0.0 0.0 0.0 0.0 0.0 0.0 0.0 0.0 0.0 
350 1.2109579789894946 0.0104371899429475 0.0 0.0 0.0104371899429475 0.0 0.0 0.0 0.0 0.0 0.0 0.0 0.0 0.0 0.0 0.0 0.0 0.0 0.0 0.0 0.0 0.0 
351 1.2144178589294647 0.010480119378255678 0.0 0.0 0.010480119378255678 0.0 0.0 0.0 0.0 0.0 0.0 0.0 0.0 0.0 0.0 0.0 0.0 0.0 0.0 0.0 0.0 0.0 
352 1.2178777388694346 0.010523206014243565 0.0 0.0 0.010523206014243565 0.0 0.0 0.0 0.0 0.0 0.0 0.0 0.0 0.0 0.0 0.0 0.0 0.0 0.0 0.0 0.0 0.0 
353 1.2213376188094047 0.01056645031460505 0.0 0.0 0.01056645031460505 0.0 0.0 0.0 0.0 0.0 0.0 0.0 0.0 0.0 0.0 0.0 0.0 0.0 0.0 0.0 0.0 0.0 
354 1.2247974987493746 0.010609852743732913 0.0 0.0 0.010609852743732913 0.0 0.0 0.0 0.0 0.0 0.0 0.0 0.0 0.0 0.0 0.0 0.0 0.0 0.0 0.0 0.0 0.0 
355 1.2282573786893447 0.010653413766715301 0.0 0.0 0.010653413766715301 0.0 0.0 0.0 0.0 0.0 0.0 0.0 0.0 0.0 0.0 0.0 0.0 0.0 0.0 0.0 0.0 0.0 
356 1.2317172586293146 0.010697133849332154 0.0 0.0 0.010697133849332154 0.0 0.0 0.0 0.0 0.0 0.0 0.0 0.0 0.0 0.0 0.0 0.0 0.0 0.0 0.0 0.0 0.0 
357 1.2351771385692847 0.010741013458051738 0.0 0.0 0.010741013458051738 0.0 0.0 0.0 0.0 0.0 0.0 0.0 0.0 0.0 0.0 0.0 0.0 0.0 0.0 0.0 0.0 0.0 
358 1.2386370185092546 0.01078505306002686 0.0 0.0 0.01078505306002686 0.0 0.0 0.0 0.0 0.0 0.0 0.0 0.0 0.0 0.0 0.0 0.0 0.0 0.0 0.0 0.0 0.0 
359 1.2420968984492247 0.01082925312309134 0.0 0.0 0.01082925312309134 0.0 0.0 0.0 0.0 0.0 0.0 0.0 0.0 0.0 0.0 0.0 0.0 0.0 0.0 0.0 0.0 0.0 
360 1.2455567783891945 0.010873614115756238 0.0 0.0 0.010873614115756238 0.0 0.0 0.0 0.0 0.0 0.0 0.0 0.0 0.0 0.0 0.0 0.0 0.0 0.0 0.0 0.0 0.0 
361 1.2490166583291646 0.010918136507206163 0.0 0.0 0.010918136507206163 0.0 0.0 0.0 0.0 0.0 0.0 0.0 0.0 0.0 0.0 0.0 0.0 0.0 0.0 0.0 0.0 0.0 
362 1.2524765382691345 0.010962820767295408 0.0 0.0 0.010962820767295408 0.0 0.0 0.0 0.0 0.0 0.0 0.0 0.0 0.0 0.0 0.0 0.0 0.0 0.0 0.0 0.0 0.0 
363 1.2559364182091046 0.011007667366544209 0.0 0.0 0.011007667366544209 0.0 0.0 0.0 0.0 0.0 0.0 0.0 0.0 0.0 0.0 0.0 0.0 0.0 0.0 0.0 0.0 0.0 
364 1.2593962981490745 0.011052676776134822 0.0 0.0 0.011052676776134822 0.0 0.0 0.0 0.0 0.0 0.0 0.0 0.0 0.0 0.0 0.0 0.0 0.0 0.0 0.0 0.0 0.0 
365 1.2628561780890446 0.011097849467907603 0.0 0.0 0.011097849467907603 0.0 0.0 0.0 0.0 0.0 0.0 0.0 0.0 0.0 0.0 0.0 0.0 0.0 0.0 0.0 0.0 0.0 
366 1.2663160580290145 0.011143185914357114 0.0 0.0 0.011143185914357114 0.0 0.0 0.0 0.0 0.0 0.0 0.0 0.0 0.0 0.0 0.0 0.0 0.0 0.0 0.0 0.0 0.0 
367 1.2697759379689846 0.011188686588628025 0.0 0.0 0.011188686588628025 0.0 0.0 0.0 0.0 0.0 0.0 0.0 0.0 0.0 0.0 0.0 0.0 0.0 0.0 0.0 0.0 0.0 
368 1.2732358179089545 0.011234351964511193 0.0 0.0 0.011234351964511193 0.0 0.0 0.0 0.0 0.0 0.0 0.0 0.0 0.0 0.0 0.0 0.0 0.0 0.0 0.0 0.0 0.0 
369 1.2766956978489246 0.011280182516439486 0.0 0.0 0.011280182516439486 0.0 0.0 0.0 0.0 0.0 0.0 0.0 0.0 0.0 0.0 0.0 0.0 0.0 0.0 0.0 0.0 0.0 
370 1.2801555777888944 0.011326178719483677 0.0 0.0 0.011326178719483677 0.0 0.0 0.0 0.0 0.0 0.0 0.0 0.0 0.0 0.0 0.0 0.0 0.0 0.0 0.0 0.0 0.0 
371 1.2836154577288645 0.011372341049348337 0.0 0.0 0.011372341049348337 0.0 0.0 0.0 0.0 0.0 0.0 0.0 0.0 0.0 0.0 0.0 0.0 0.0 0.0 0.0 0.0 0.0 
372 1.2870753376688344 0.011418669982367523 0.0 0.0 0.011418669982367523 0.0 0.0 0.0 0.0 0.0 0.0 0.0 0.0 0.0 0.0 0.0 0.0 0.0 0.0 0.0 0.0 0.0 
373 1.2905352176088043 0.011465165995500601 0.0 0.0 0.011465165995500601 0.0 0.0 0.0 0.0 0.0 0.0 0.0 0.0 0.0 0.0 0.0 0.0 0.0 0.0 0.0 0.0 0.0 
374 1.2939950975487744 0.011511829566327857 0.0 0.0 0.011511829566327857 0.0 0.0 0.0 0.0 0.0 0.0 0.0 0.0 0.0 0.0 0.0 0.0 0.0 0.0 0.0 0.0 0.0 
375 1.2974549774887443 0.011558661173046263 0.0 0.0 0.011558661173046263 0.0 0.0 0.0 0.0 0.0 0.0 0.0 0.0 0.0 0.0 0.0 0.0 0.0 0.0 0.0 0.0 0.0 
376 1.3009148574287144 0.01160566129446499 0.0 0.0 0.01160566129446499 0.0 0.0 0.0 0.0 0.0 0.0 0.0 0.0 0.0 0.0 0.0 0.0 0.0 0.0 0.0 0.0 0.0 
377 1.3043747373686843 0.011652830410000993 0.0 0.0 0.011652830410000993 0.0 0.0 0.0 0.0 0.0 0.0 0.0 0.0 0.0 0.0 0.0 0.0 0.0 0.0 0.0 0.0 0.0 
378 1.3078346173086544 0.011700168999674606 0.0 0.0 0.011700168999674606 0.0 0.0 0.0 0.0 0.0 0.0 0.0 0.0 0.0 0.0 0.0 0.0 0.0 0.0 0.0 0.0 0.0 
379 1.3112944972486242 0.01174767754410488 0.0 0.0 0.01174767754410488 0.0 0.0 0.0 0.0 0.0 0.0 0.0 0.0 0.0 0.0 0.0 0.0 0.0 0.0 0.0 0.0 0.0 
380 1.3147543771885943 0.011795356524505139 0.0 0.0 0.011795356524505139 0.0 0.0 0.0 0.0 0.0 0.0 0.0 0.0 0.0 0.0 0.0 0.0 0.0 0.0 0.0 0.0 0.0 
381 1.3182142571285642 0.011843206422678238 0.0 0.0 0.011843206422678238 0.0 0.0 0.0 0.0 0.0 0.0 0.0 0.0 0.0 0.0 0.0 0.0 0.0 0.0 0.0 0.0 0.0 
382 1.3216741370685343 0.01189122772101204 0.0 0.0 0.01189122772101204 0.0 0.0 0.0 0.0 0.0 0.0 0.0 0.0 0.0 0.0 0.0 0.0 0.0 0.0 0.0 0.0 0.0 
383 1.3251340170085042 0.011939420902474573 0.0 0.0 0.011939420902474573 0.0 0.0 0.0 0.0 0.0 0.0 0.0 0.0 0.0 0.0 0.0 0.0 0.0 0.0 0.0 0.0 0.0 
384 1.3285938969484743 0.01198778645060934 0.0 0.0 0.01198778645060934 0.0 0.0 0.0 0.0 0.0 0.0 0.0 0.0 0.0 0.0 0.0 0.0 0.0 0.0 0.0 0.0 0.0 
385 1.3320537768884442 0.012036324849530522 0.0 0.0 0.012036324849530522 0.0 0.0 0.0 0.0 0.0 0.0 0.0 0.0 0.0 0.0 0.0 0.0 0.0 0.0 0.0 0.0 0.0 
386 1.3355136568284143 0.012085036583918105 0.0 0.0 0.012085036583918105 0.0 0.0 0.0 0.0 0.0 0.0 0.0 0.0 0.0 0.0 0.0 0.0 0.0 0.0 0.0 0.0 0.0 
387 1.3389735367683842 0.012133922139012964 0.0 0.0 0.012133922139012964 0.0 0.0 0.0 0.0 0.0 0.0 0.0 0.0 0.0 0.0 0.0 0.0 0.0 0.0 0.0 0.0 0.0 
388 1.3424334167083543 0.012182982000611929 0.0 0.0 0.012182982000611929 0.0 0.0 0.0 0.0 0.0 0.0 0.0 0.0 0.0 0.0 0.0 0.0 0.0 0.0 0.0 0.0 0.0 
389 1.3458932966483241 0.012232216655062859 0.0 0.0 0.012232216655062859 0.0 0.0 0.0 0.0 0.0 0.0 0.0 0.0 0.0 0.0 0.0 0.0 0.0 0.0 0.0 0.0 0.0 
390 1.3493531765882942 0.012281626589259458 0.0 0.0 0.012281626589259458 0.0 0.0 0.0 0.0 0.0 0.0 0.0 0.0 0.0 0.0 0.0 0.0 0.0 0.0 0.0 0.0 0.0 
391 1.3528130565282641 0.012331212290636311 0.0 0.0 0.012331212290636311 0.0 0.0 0.0 0.0 0.0 0.0 0.0 0.0 0.0 0.0 0.0 0.0 0.0 0.0 0.0 0.0 0.0 
392 1.3562729364682342 0.012380974247163674 0.0 0.0 0.012380974247163674 0.0 0.0 0.0 0.0 0.0 0.0 0.0 0.0 0.0 0.0 0.0 0.0 0.0 0.0 0.0 0.0 0.0 
393 1.359732816408204 0.01243091294734234 0.0 0.0 0.01243091294734234 0.0 0.0 0.0 0.0 0.0 0.0 0.0 0.0 0.0 0.0 0.0 0.0 0.0 0.0 0.0 0.0 0.0 
394 1.3631926963481742 0.012481028880198367 0.0 0.0 0.012481028880198367 0.0 0.0 0.0 0.0 0.0 0.0 0.0 0.0 0.0 0.0 0.0 0.0 0.0 0.0 0.0 0.0 0.0 
395 1.366652576288144 0.012531322535277755 0.0 0.0 0.012531322535277755 0.0 0.0 0.0 0.0 0.0 0.0 0.0 0.0 0.0 0.0 0.0 0.0 0.0 0.0 0.0 0.0 0.0 
396 1.370112456228114 0.012581794402641249 0.0 0.0 0.012581794402641249 0.0 0.0 0.0 0.0 0.0 0.0 0.0 0.0 0.0 0.0 0.0 0.0 0.0 0.0 0.0 0.0 0.0 
397 1.373572336168084 0.012632444972858755 0.0 0.0 0.012632444972858755 0.0 0.0 0.0 0.0 0.0 0.0 0.0 0.0 0.0 0.0 0.0 0.0 0.0 0.0 0.0 0.0 0.0 
398 1.377032216108054 0.012683274737004053 0.0 0.0 0.012683274737004053 0.0 0.0 0.0 0.0 0.0 0.0 0.0 0.0 0.0 0.0 0.0 0.0 0.0 0.0 0.0 0.0 0.0 
399 1.380492096048024 0.012734284186649271 0.0 0.0 0.012734284186649271 0.0 0.0 0.0 0.0 0.0 0.0 0.0 0.0 0.0 0.0 0.0 0.0 0.0 0.0 0.0 0.0 0.0 
400 1.383951975987994 0.012785473813859343 0.0 0.0 0.012785473813859343 0.0 0.0 0.0 0.0 0.0 0.0 0.0 0.0 0.0 0.0 0.0 0.0 0.0 0.0 0.0 0.0 0.0 
401 1.387411855927964 0.012836844111186433 0.0 0.0 0.012836844111186433 0.0 0.0 0.0 0.0 0.0 0.0 0.0 0.0 0.0 0.0 0.0 0.0 0.0 0.0 0.0 0.0 0.0 
402 1.390871735867934 0.012888395571664255 0.0 0.0 0.012888395571664255 0.0 0.0 0.0 0.0 0.0 0.0 0.0 0.0 0.0 0.0 0.0 0.0 0.0 0.0 0.0 0.0 0.0 
403 1.394331615807904 0.0129401286888025 0.0 0.0 0.0129401286888025 0.0 0.0 0.0 0.0 0.0 0.0 0.0 0.0 0.0 0.0 0.0 0.0 0.0 0.0 0.0 0.0 0.0 
404 1.3977914957478739 0.012992043956580913 0.0 0.0 0.012992043956580913 0.0 0.0 0.0 0.0 0.0 0.0 0.0 0.0 0.0 0.0 0.0 0.0 0.0 0.0 0.0 0.0 0.0 
405 1.401251375687844 0.013044141869443665 0.0 0.0 0.013044141869443665 0.0 0.0 0.0 0.0 0.0 0.0 0.0 0.0 0.0 0.0 0.0 0.0 0.0 0.0 0.0 0.0 0.0 
406 1.4047112556278138 0.013096422922293424 0.0 0.0 0.013096422922293424 0.0 0.0 0.0 0.0 0.0 0.0 0.0 0.0 0.0 0.0 0.0 0.0 0.0 0.0 0.0 0.0 0.0 
407 1.408171135567784 0.013148887610485528 0.0 0.0 0.013148887610485528 0.0 0.0 0.0 0.0 0.0 0.0 0.0 0.0 0.0 0.0 0.0 0.0 0.0 0.0 0.0 0.0 0.0 
408 1.4116310155077538 0.013201536429821928 0.0 0.0 0.013201536429821928 0.0 0.0 0.0 0.0 0.0 0.0 0.0 0.0 0.0 0.0 0.0 0.0 0.0 0.0 0.0 0.0 0.0 
409 1.415090895447724 0.013254369876545307 0.0 0.0 0.013254369876545307 0.0 0.0 0.0 0.0 0.0 0.0 0.0 0.0 0.0 0.0 0.0 0.0 0.0 0.0 0.0 0.0 0.0 
410 1.4185507753876938 0.013307388447332954 0.0 0.0 0.013307388447332954 0.0 0.0 0.0 0.0 0.0 0.0 0.0 0.0 0.0 0.0 0.0 0.0 0.0 0.0 0.0 0.0 0.0 
411 1.422010655327664 0.013360592639290661 0.0 0.0 0.013360592639290661 0.0 0.0 0.0 0.0 0.0 0.0 0.0 0.0 0.0 0.0 0.0 0.0 0.0 0.0 0.0 0.0 0.0 
412 1.4254705352676338 0.013413982949946612 0.0 0.0 0.013413982949946612 0.0 0.0 0.0 0.0 0.0 0.0 0.0 0.0 0.0 0.0 0.0 0.0 0.0 0.0 0.0 0.0 0.0 
413 1.4289304152076039 0.013467559877245076 0.0 0.0 0.013467559877245076 0.0 0.0 0.0 0.0 0.0 0.0 0.0 0.0 0.0 0.0 0.0 0.0 0.0 0.0 0.0 0.0 0.0 
414 1.4323902951475738 0.01352132391954026 0.0 0.0 0.01352132391954026 0.0 0.0 0.0 0.0 0.0 0.0 0.0 0.0 0.0 0.0 0.0 0.0 0.0 0.0 0.0 0.0 0.0 
415 1.4358501750875439 0.013575275575589891 0.0 0.0 0.013575275575589891 0.0 0.0 0.0 0.0 0.0 0.0 0.0 0.0 0.0 0.0 0.0 0.0 0.0 0.0 0.0 0.0 0.0 
416 1.4393100550275137 0.013629415344548857 0.0 0.0 0.013629415344548857 0.0 0.0 0.0 0.0 0.0 0.0 0.0 0.0 0.0 0.0 0.0 0.0 0.0 0.0 0.0 0.0 0.0 
417 1.4427699349674838 0.013683743725962868 0.0 0.0 0.013683743725962868 0.0 0.0 0.0 0.0 0.0 0.0 0.0 0.0 0.0 0.0 0.0 0.0 0.0 0.0 0.0 0.0 0.0 
418 1.4462298149074537 0.013738261219761797 0.0 0.0 0.013738261219761797 0.0 0.0 0.0 0.0 0.0 0.0 0.0 0.0 0.0 0.0 0.0 0.0 0.0 0.0 0.0 0.0 0.0 
419 1.4496896948474236 0.013792968326253338 0.0 0.0 0.013792968326253338 0.0 0.0 0.0 0.0 0.0 0.0 0.0 0.0 0.0 0.0 0.0 0.0 0.0 0.0 0.0 0.0 0.0 
420 1.4531495747873937 0.013847865546116198 0.0 0.0 0.013847865546116198 0.0 0.0 0.0 0.0 0.0 0.0 0.0 0.0 0.0 0.0 0.0 0.0 0.0 0.0 0.0 0.0 0.0 
421 1.4566094547273636 0.013902953380393653 0.0 0.0 0.013902953380393653 0.0 0.0 0.0 0.0 0.0 0.0 0.0 0.0 0.0 0.0 0.0 0.0 0.0 0.0 0.0 0.0 0.0 
422 1.4600693346673337 0.013958232330486693 0.0 0.0 0.013958232330486693 0.0 0.0 0.0 0.0 0.0 0.0 0.0 0.0 0.0 0.0 0.0 0.0 0.0 0.0 0.0 0.0 0.0 
423 1.4635292146073036 0.014013702898147294 0.0 0.0 0.014013702898147294 0.0 0.0 0.0 0.0 0.0 0.0 0.0 0.0 0.0 0.0 0.0 0.0 0.0 0.0 0.0 0.0 0.0 
424 1.4669890945472737 0.014069365585471694 0.0 0.0 0.014069365585471694 0.0 0.0 0.0 0.0 0.0 0.0 0.0 0.0 0.0 0.0 0.0 0.0 0.0 0.0 0.0 0.0 0.0 
425 1.4704489744872435 0.014125220894893334 0.0 0.0 0.014125220894893334 0.0 0.0 0.0 0.0 0.0 0.0 0.0 0.0 0.0 0.0 0.0 0.0 0.0 0.0 0.0 0.0 0.0 
426 1.4739088544272136 0.014181269329176105 0.0 0.0 0.014181269329176105 0.0 0.0 0.0 0.0 0.0 0.0 0.0 0.0 0.0 0.0 0.0 0.0 0.0 0.0 0.0 0.0 0.0 
427 1.4773687343671835 0.014237511391407193 0.0 0.0 0.014237511391407193 0.0 0.0 0.0 0.0 0.0 0.0 0.0 0.0 0.0 0.0 0.0 0.0 0.0 0.0 0.0 0.0 0.0 
428 1.4808286143071536 0.014293947584990193 0.0 0.0 0.014293947584990193 0.0 0.0 0.0 0.0 0.0 0.0 0.0 0.0 0.0 0.0 0.0 0.0 0.0 0.0 0.0 0.0 0.0 
429 1.4842884942471235 0.014350578413637873 0.0 0.0 0.014350578413637873 0.0 0.0 0.0 0.0 0.0 0.0 0.0 0.0 0.0 0.0 0.0 0.0 0.0 0.0 0.0 0.0 0.0 
430 1.4877483741870936 0.014407404381365079 0.0 0.0 0.014407404381365079 0.0 0.0 0.0 0.0 0.0 0.0 0.0 0.0 0.0 0.0 0.0 0.0 0.0 0.0 0.0 0.0 0.0 
431 1.4912082541270635 0.014464425992481456 0.0 0.0 0.014464425992481456 0.0 0.0 0.0 0.0 0.0 0.0 0.0 0.0 0.0 0.0 0.0 0.0 0.0 0.0 0.0 0.0 0.0 
432 1.4946681340670336 0.014521643751584296 0.0 0.0 0.014521643751584296 0.0 0.0 0.0 0.0 0.0 0.0 0.0 0.0 0.0 0.0 0.0 0.0 0.0 0.0 0.0 0.0 0.0 
433 1.4981280140070035 0.014579058163551005 0.0 0.0 0.014579058163551005 0.0 0.0 0.0 0.0 0.0 0.0 0.0 0.0 0.0 0.0 0.0 0.0 0.0 0.0 0.0 0.0 0.0 
434 1.5015878939469736 0.014636669733531822 0.0 0.0 0.014636669733531822 0.0 0.0 0.0 0.0 0.0 0.0 0.0 0.0 0.0 0.0 0.0 0.0 0.0 0.0 0.0 0.0 0.0 
435 1.5050477738869434 0.014694478966942445 0.0 0.0 0.014694478966942445 0.0 0.0 0.0 0.0 0.0 0.0 0.0 0.0 0.0 0.0 0.0 0.0 0.0 0.0 0.0 0.0 0.0 
436 1.5085076538269135 0.014752486369456273 0.0 0.0 0.014752486369456273 0.0 0.0 0.0 0.0 0.0 0.0 0.0 0.0 0.0 0.0 0.0 0.0 0.0 0.0 0.0 0.0 0.0 
437 1.5119675337668834 0.014810692446997047 0.0 0.0 0.014810692446997047 0.0 0.0 0.0 0.0 0.0 0.0 0.0 0.0 0.0 0.0 0.0 0.0 0.0 0.0 0.0 0.0 0.0 
438 1.5154274137068535 0.014869097705731105 0.0 0.0 0.014869097705731105 0.0 0.0 0.0 0.0 0.0 0.0 0.0 0.0 0.0 0.0 0.0 0.0 0.0 0.0 0.0 0.0 0.0 
439 1.5188872936468234 0.014927702652059739 0.0 0.0 0.014927702652059739 0.0 0.0 0.0 0.0 0.0 0.0 0.0 0.0 0.0 0.0 0.0 0.0 0.0 0.0 0.0 0.0 0.0 
440 1.5223471735867935 0.014986507792611419 0.0 0.0 0.014986507792611419 0.0 0.0 0.0 0.0 0.0 0.0 0.0 0.0 0.0 0.0 0.0 0.0 0.0 0.0 0.0 0.0 0.0 
441 1.5258070535267634 0.01504551363423391 0.0 0.0 0.01504551363423391 0.0 0.0 0.0 0.0 0.0 0.0 0.0 0.0 0.0 0.0 0.0 0.0 0.0 0.0 0.0 0.0 0.0 
442 1.5292669334667335 0.015104720683986548 0.0 0.0 0.015104720683986548 0.0 0.0 0.0 0.0 0.0 0.0 0.0 0.0 0.0 0.0 0.0 0.0 0.0 0.0 0.0 0.0 0.0 
443 1.5327268134067034 0.015164129449132108 0.0 0.0 0.015164129449132108 0.0 0.0 0.0 0.0 0.0 0.0 0.0 0.0 0.0 0.0 0.0 0.0 0.0 0.0 0.0 0.0 0.0 
444 1.5361866933466732 0.01522374043712892 0.0 0.0 0.01522374043712892 0.0 0.0 0.0 0.0 0.0 0.0 0.0 0.0 0.0 0.0 0.0 0.0 0.0 0.0 0.0 0.0 0.0 
445 1.5396465732866433 0.015283554155622785 0.0 0.0 0.015283554155622785 0.0 0.0 0.0 0.0 0.0 0.0 0.0 0.0 0.0 0.0 0.0 0.0 0.0 0.0 0.0 0.0 0.0 
446 1.5431064532266132 0.015343571112438859 0.0 0.0 0.015343571112438859 0.0 0.0 0.0 0.0 0.0 0.0 0.0 0.0 0.0 0.0 0.0 0.0 0.0 0.0 0.0 0.0 0.0 
447 1.5465663331665833 0.015403791815573437 0.0 0.0 0.015403791815573437 0.0 0.0 0.0 0.0 0.0 0.0 0.0 0.0 0.0 0.0 0.0 0.0 0.0 0.0 0.0 0.0 0.0 
448 1.5500262131065532 0.015464216773185675 0.0 0.0 0.015464216773185675 0.0 0.0 0.0 0.0 0.0 0.0 0.0 0.0 0.0 0.0 0.0 0.0 0.0 0.0 0.0 0.0 0.0 
449 1.5534860930465233 0.015524846493589404 0.0 0.0 0.015524846493589404 0.0 0.0 0.0 0.0 0.0 0.0 0.0 0.0 0.0 0.0 0.0 0.0 0.0 0.0 0.0 0.0 0.0 
450 1.5569459729864932 0.015585681485244548 0.0 0.0 0.015585681485244548 0.0 0.0 0.0 0.0 0.0 0.0 0.0 0.0 0.0 0.0 0.0 0.0 0.0 0.0 0.0 0.0 0.0 
451 1.5604058529264633 0.015646722256748867 0.0 0.0 0.015646722256748867 0.0 0.0 0.0 0.0 0.0 0.0 0.0 0.0 0.0 0.0 0.0 0.0 0.0 0.0 0.0 0.0 0.0 
452 1.5638657328664332 0.01570796931682934 0.0 0.0 0.01570796931682934 0.0 0.0 0.0 0.0 0.0 0.0 0.0 0.0 0.0 0.0 0.0 0.0 0.0 0.0 0.0 0.0 0.0 
453 1.5673256128064033 0.01576942317433369 0.0 0.0 0.01576942317433369 0.0 0.0 0.0 0.0 0.0 0.0 0.0 0.0 0.0 0.0 0.0 0.0 0.0 0.0 0.0 0.0 0.0 
454 1.5707854927463731 0.015831084338221647 0.0 0.0 0.015831084338221647 0.0 0.0 0.0 0.0 0.0 0.0 0.0 0.0 0.0 0.0 0.0 0.0 0.0 0.0 0.0 0.0 0.0 
455 1.5742453726863432 0.01589295331755634 0.0 0.0 0.01589295331755634 0.0 0.0 0.0 0.0 0.0 0.0 0.0 0.0 0.0 0.0 0.0 0.0 0.0 0.0 0.0 0.0 0.0 
456 1.5777052526263131 0.015955030621495496 0.0 0.0 0.015955030621495496 0.0 0.0 0.0 0.0 0.0 0.0 0.0 0.0 0.0 0.0 0.0 0.0 0.0 0.0 0.0 0.0 0.0 
457 1.5811651325662832 0.016017316759282575 0.0 0.0 0.016017316759282575 0.0 0.0 0.0 0.0 0.0 0.0 0.0 0.0 0.0 0.0 0.0 0.0 0.0 0.0 0.0 0.0 0.0 
458 1.584625012506253 0.016079812240237985 0.0 0.0 0.016079812240237985 0.0 0.0 0.0 0.0 0.0 0.0 0.0 0.0 0.0 0.0 0.0 0.0 0.0 0.0 0.0 0.0 0.0 
459 1.5880848924462232 0.01614251757374997 0.0 0.0 0.01614251757374997 0.0 0.0 0.0 0.0 0.0 0.0 0.0 0.0 0.0 0.0 0.0 0.0 0.0 0.0 0.0 0.0 0.0 
460 1.591544772386193 0.016205433269265775 0.0 0.0 0.016205433269265775 0.0 0.0 0.0 0.0 0.0 0.0 0.0 0.0 0.0 0.0 0.0 0.0 0.0 0.0 0.0 0.0 0.0 
461 1.5950046523261632 0.016268559836282386 0.0 0.0 0.016268559836282386 0.0 0.0 0.0 0.0 0.0 0.0 0.0 0.0 0.0 0.0 0.0 0.0 0.0 0.0 0.0 0.0 0.0 
462 1.598464532266133 0.01633189778433744 0.0 0.0 0.01633189778433744 0.0 0.0 0.0 0.0 0.0 0.0 0.0 0.0 0.0 0.0 0.0 0.0 0.0 0.0 0.0 0.0 0.0 
463 1.6019244122061032 0.016395447623000103 0.0 0.0 0.016395447623000103 0.0 0.0 0.0 0.0 0.0 0.0 0.0 0.0 0.0 0.0 0.0 0.0 0.0 0.0 0.0 0.0 0.0 
464 1.605384292146073 0.01645920986186157 0.0 0.0 0.01645920986186157 0.0 0.0 0.0 0.0 0.0 0.0 0.0 0.0 0.0 0.0 0.0 0.0 0.0 0.0 0.0 0.0 0.0 
465 1.6088441720860431 0.016523185010525927 0.0 0.0 0.016523185010525927 0.0 0.0 0.0 0.0 0.0 0.0 0.0 0.0 0.0 0.0 0.0 0.0 0.0 0.0 0.0 0.0 0.0 
466 1.612304052026013 0.01658737357860052 0.0 0.0 0.01658737357860052 0.0 0.0 0.0 0.0 0.0 0.0 0.0 0.0 0.0 0.0 0.0 0.0 0.0 0.0 0.0 0.0 0.0 
467 1.615763931965983 0.016651776075686676 0.0 0.0 0.016651776075686676 0.0 0.0 0.0 0.0 0.0 0.0 0.0 0.0 0.0 0.0 0.0 0.0 0.0 0.0 0.0 0.0 0.0 
468 1.619223811905953 0.01671639301136997 0.0 0.0 0.01671639301136997 0.0 0.0 0.0 0.0 0.0 0.0 0.0 0.0 0.0 0.0 0.0 0.0 0.0 0.0 0.0 0.0 0.0 
469 1.6226836918459229 0.016781224895210677 0.0 0.0 0.016781224895210677 0.0 0.0 0.0 0.0 0.0 0.0 0.0 0.0 0.0 0.0 0.0 0.0 0.0 0.0 0.0 0.0 0.0 
470 1.626143571785893 0.016846272236734135 0.0 0.0 0.016846272236734135 0.0 0.0 0.0 0.0 0.0 0.0 0.0 0.0 0.0 0.0 0.0 0.0 0.0 0.0 0.0 0.0 0.0 
471 1.6296034517258629 0.016911535545420825 0.0 0.0 0.016911535545420825 0.0 0.0 0.0 0.0 0.0 0.0 0.0 0.0 0.0 0.0 0.0 0.0 0.0 0.0 0.0 0.0 0.0 
472 1.633063331665833 0.016977015330696704 0.0 0.0 0.016977015330696704 0.0 0.0 0.0 0.0 0.0 0.0 0.0 0.0 0.0 0.0 0.0 0.0 0.0 0.0 0.0 0.0 0.0 
473 1.6365232116058028 0.017042712101923138 0.0 0.0 0.017042712101923138 0.0 0.0 0.0 0.0 0.0 0.0 0.0 0.0 0.0 0.0 0.0 0.0 0.0 0.0 0.0 0.0 0.0 
474 1.639983091545773 0.017108626368387118 0.0 0.0 0.017108626368387118 0.0 0.0 0.0 0.0 0.0 0.0 0.0 0.0 0.0 0.0 0.0 0.0 0.0 0.0 0.0 0.0 0.0 
475 1.6434429714857428 0.017174758639291063 0.0 0.0 0.017174758639291063 0.0 0.0 0.0 0.0 0.0 0.0 0.0 0.0 0.0 0.0 0.0 0.0 0.0 0.0 0.0 0.0 0.0 
476 1.646902851425713 0.017241109423742785 0.0 0.0 0.017241109423742785 0.0 0.0 0.0 0.0 0.0 0.0 0.0 0.0 0.0 0.0 0.0 0.0 0.0 0.0 0.0 0.0 0.0 
477 1.6503627313656828 0.017307679230745256 0.0 0.0 0.017307679230745256 0.0 0.0 0.0 0.0 0.0 0.0 0.0 0.0 0.0 0.0 0.0 0.0 0.0 0.0 0.0 0.0 0.0 
478 1.653822611305653 0.01737446856918649 0.0 0.0 0.01737446856918649 0.0 0.0 0.0 0.0 0.0 0.0 0.0 0.0 0.0 0.0 0.0 0.0 0.0 0.0 0.0 0.0 0.0 
479 1.6572824912456228 0.017441477947829027 0.0 0.0 0.017441477947829027 0.0 0.0 0.0 0.0 0.0 0.0 0.0 0.0 0.0 0.0 0.0 0.0 0.0 0.0 0.0 0.0 0.0 
480 1.6607423711855929 0.01750870787529964 0.0 0.0 0.01750870787529964 0.0 0.0 0.0 0.0 0.0 0.0 0.0 0.0 0.0 0.0 0.0 0.0 0.0 0.0 0.0 0.0 0.0 
481 1.6642022511255627 0.017576158860078968 0.0 0.0 0.017576158860078968 0.0 0.0 0.0 0.0 0.0 0.0 0.0 0.0 0.0 0.0 0.0 0.0 0.0 0.0 0.0 0.0 0.0 
482 1.6676621310655328 0.017643831410490744 0.0 0.0 0.017643831410490744 0.0 0.0 0.0 0.0 0.0 0.0 0.0 0.0 0.0 0.0 0.0 0.0 0.0 0.0 0.0 0.0 0.0 
483 1.6711220110055027 0.017711726034691393 0.0 0.0 0.017711726034691393 0.0 0.0 0.0 0.0 0.0 0.0 0.0 0.0 0.0 0.0 0.0 0.0 0.0 0.0 0.0 0.0 0.0 
484 1.6745818909454728 0.017779843240659263 0.0 0.0 0.017779843240659263 0.0 0.0 0.0 0.0 0.0 0.0 0.0 0.0 0.0 0.0 0.0 0.0 0.0 0.0 0.0 0.0 0.0 
485 1.6780417708854427 0.017848183536183917 0.0 0.0 0.017848183536183917 0.0 0.0 0.0 0.0 0.0 0.0 0.0 0.0 0.0 0.0 0.0 0.0 0.0 0.0 0.0 0.0 0.0 
486 1.6815016508254128 0.017916747428855274 0.0 0.0 0.017916747428855274 0.0 0.0 0.0 0.0 0.0 0.0 0.0 0.0 0.0 0.0 0.0 0.0 0.0 0.0 0.0 0.0 0.0 
487 1.6849615307653827 0.01798553542605267 0.0 0.0 0.01798553542605267 0.0 0.0 0.0 0.0 0.0 0.0 0.0 0.0 0.0 0.0 0.0 0.0 0.0 0.0 0.0 0.0 0.0 
488 1.6884214107053528 0.01805454803493406 0.0 0.0 0.01805454803493406 0.0 0.0 0.0 0.0 0.0 0.0 0.0 0.0 0.0 0.0 0.0 0.0 0.0 0.0 0.0 0.0 0.0 
489 1.6918812906453227 0.0181237857624247 0.0 0.0 0.0181237857624247 0.0 0.0 0.0 0.0 0.0 0.0 0.0 0.0 0.0 0.0 0.0 0.0 0.0 0.0 0.0 0.0 0.0 
490 1.6953411705852925 0.018193249115206287 0.0 0.0 0.018193249115206287 0.0 0.0 0.0 0.0 0.0 0.0 0.0 0.0 0.0 0.0 0.0 0.0 0.0 0.0 0.0 0.0 0.0 
491 1.6988010505252626 0.018262938599705618 0.0 0.0 0.018262938599705618 0.0 0.0 0.0 0.0 0.0 0.0 0.0 0.0 0.0 0.0 0.0 0.0 0.0 0.0 0.0 0.0 0.0 
492 1.7022609304652325 0.01833285472208337 0.0 0.0 0.01833285472208337 0.0 0.0 0.0 0.0 0.0 0.0 0.0 0.0 0.0 0.0 0.0 0.0 0.0 0.0 0.0 0.0 0.0 
493 1.7057208104052026 0.018402997988222817 0.0 0.0 0.018402997988222817 0.0 0.0 0.0 0.0 0.0 0.0 0.0 0.0 0.0 0.0 0.0 0.0 0.0 0.0 0.0 0.0 0.0 
494 1.7091806903451725 0.018473368903718246 0.0 0.0 0.018473368903718246 0.0 0.0 0.0 0.0 0.0 0.0 0.0 0.0 0.0 0.0 0.0 0.0 0.0 0.0 0.0 0.0 0.0 
495 1.7126405702851426 0.01854396797386375 0.0 0.0 0.01854396797386375 0.0 0.0 0.0 0.0 0.0 0.0 0.0 0.0 0.0 0.0 0.0 0.0 0.0 0.0 0.0 0.0 0.0 
496 1.7161004502251125 0.018614795703641315 0.0 0.0 0.018614795703641315 0.0 0.0 0.0 0.0 0.0 0.0 0.0 0.0 0.0 0.0 0.0 0.0 0.0 0.0 0.0 0.0 0.0 
497 1.7195603301650826 0.018685852597709454 0.0 0.0 0.018685852597709454 0.0 0.0 0.0 0.0 0.0 0.0 0.0 0.0 0.0 0.0 0.0 0.0 0.0 0.0 0.0 0.0 0.0 
498 1.7230202101050525 0.018757139160391362 0.0 0.0 0.018757139160391362 0.0 0.0 0.0 0.0 0.0 0.0 0.0 0.0 0.0 0.0 0.0 0.0 0.0 0.0 0.0 0.0 0.0 
499 1.7264800900450226 0.018828655895663217 0.0 0.0 0.018828655895663217 0.0 0.0 0.0 0.0 0.0 0.0 0.0 0.0 0.0 0.0 0.0 0.0 0.0 0.0 0.0 0.0 0.0 
500 1.7299399699849924 0.01890040330714217 0.0 0.0 0.01890040330714217 0.0 0.0 0.0 0.0 0.0 0.0 0.0 0.0 0.0 0.0 0.0 0.0 0.0 0.0 0.0 0.0 0.0 
501 1.7333998499249625 0.018972381898074552 0.0 0.0 0.018972381898074552 0.0 0.0 0.0 0.0 0.0 0.0 0.0 0.0 0.0 0.0 0.0 0.0 0.0 0.0 0.0 0.0 0.0 
502 1.7368597298649324 0.01904459217132377 0.0 0.0 0.01904459217132377 0.0 0.0 0.0 0.0 0.0 0.0 0.0 0.0 0.0 0.0 0.0 0.0 0.0 0.0 0.0 0.0 0.0 
503 1.7403196098049025 0.019117034629358206 0.0 0.0 0.019117034629358206 0.0 0.0 0.0 0.0 0.0 0.0 0.0 0.0 0.0 0.0 0.0 0.0 0.0 0.0 0.0 0.0 0.0 
504 1.7437794897448724 0.019189709774239113 0.0 0.0 0.019189709774239113 0.0 0.0 0.0 0.0 0.0 0.0 0.0 0.0 0.0 0.0 0.0 0.0 0.0 0.0 0.0 0.0 0.0 
505 1.7472393696848425 0.019262618107608206 0.0 0.0 0.019262618107608206 0.0 0.0 0.0 0.0 0.0 0.0 0.0 0.0 0.0 0.0 0.0 0.0 0.0 0.0 0.0 0.0 0.0 
506 1.7506992496248124 0.01933576013067556 0.0 0.0 0.01933576013067556 0.0 0.0 0.0 0.0 0.0 0.0 0.0 0.0 0.0 0.0 0.0 0.0 0.0 0.0 0.0 0.0 0.0 
507 1.7541591295647825 0.019409136344207014 0.0 0.0 0.019409136344207014 0.0 0.0 0.0 0.0 0.0 0.0 0.0 0.0 0.0 0.0 0.0 0.0 0.0 0.0 0.0 0.0 0.0 
508 1.7576190095047524 0.01948274724851172 0.0 0.0 0.01948274724851172 0.0 0.0 0.0 0.0 0.0 0.0 0.0 0.0 0.0 0.0 0.0 0.0 0.0 0.0 0.0 0.0 0.0 
509 1.7610788894447225 0.019556593343429723 0.0 0.0 0.019556593343429723 0.0 0.0 0.0 0.0 0.0 0.0 0.0 0.0 0.0 0.0 0.0 0.0 0.0 0.0 0.0 0.0 0.0 
510 1.7645387693846923 0.019630675128319074 0.0 0.0 0.019630675128319074 0.0 0.0 0.0 0.0 0.0 0.0 0.0 0.0 0.0 0.0 0.0 0.0 0.0 0.0 0.0 0.0 0.0 
511 1.7679986493246624 0.01970499310204335 0.0 0.0 0.01970499310204335 0.0 0.0 0.0 0.0 0.0 0.0 0.0 0.0 0.0 0.0 0.0 0.0 0.0 0.0 0.0 0.0 0.0 
512 1.7714585292646323 0.0197795477629586 0.0 0.0 0.0197795477629586 0.0 0.0 0.0 0.0 0.0 0.0 0.0 0.0 0.0 0.0 0.0 0.0 0.0 0.0 0.0 0.0 0.0 
513 1.7749184092046022 0.01985433960890074 0.0 0.0 0.01985433960890074 0.0 0.0 0.0 0.0 0.0 0.0 0.0 0.0 0.0 0.0 0.0 0.0 0.0 0.0 0.0 0.0 0.0 
514 1.7783782891445723 0.019929369137172387 0.0 0.0 0.019929369137172387 0.0 0.0 0.0 0.0 0.0 0.0 0.0 0.0 0.0 0.0 0.0 0.0 0.0 0.0 0.0 0.0 0.0 
515 1.7818381690845422 0.02000463684452986 0.0 0.0 0.02000463684452986 0.0 0.0 0.0 0.0 0.0 0.0 0.0 0.0 0.0 0.0 0.0 0.0 0.0 0.0 0.0 0.0 0.0 
516 1.7852980490245123 0.02008014322717014 0.0 0.0 0.02008014322717014 0.0 0.0 0.0 0.0 0.0 0.0 0.0 0.0 0.0 0.0 0.0 0.0 0.0 0.0 0.0 0.0 0.0 
517 1.7887579289644822 0.02015588878071759 0.0 0.0 0.02015588878071759 0.0 0.0 0.0 0.0 0.0 0.0 0.0 0.0 0.0 0.0 0.0 0.0 0.0 0.0 0.0 0.0 0.0 
518 1.7922178089044523 0.020231874000210728 0.0 0.0 0.020231874000210728 0.0 0.0 0.0 0.0 0.0 0.0 0.0 0.0 0.0 0.0 0.0 0.0 0.0 0.0 0.0 0.0 0.0 
519 1.7956776888444221 0.02030809938008872 0.0 0.0 0.02030809938008872 0.0 0.0 0.0 0.0 0.0 0.0 0.0 0.0 0.0 0.0 0.0 0.0 0.0 0.0 0.0 0.0 0.0 
520 1.7991375687843922 0.020384565414178178 0.0 0.0 0.020384565414178178 0.0 0.0 0.0 0.0 0.0 0.0 0.0 0.0 0.0 0.0 0.0 0.0 0.0 0.0 0.0 0.0 0.0 
521 1.8025974487243621 0.02046127259567943 0.0 0.0 0.02046127259567943 0.0 0.0 0.0 0.0 0.0 0.0 0.0 0.0 0.0 0.0 0.0 0.0 0.0 0.0 0.0 0.0 0.0 
522 1.8060573286643322 0.020538221417152978 0.0 0.0 0.020538221417152978 0.0 0.0 0.0 0.0 0.0 0.0 0.0 0.0 0.0 0.0 0.0 0.0 0.0 0.0 0.0 0.0 0.0 
523 1.809517208604302 0.0206154123705058 0.0 0.0 0.0206154123705058 0.0 0.0 0.0 0.0 0.0 0.0 0.0 0.0 0.0 0.0 0.0 0.0 0.0 0.0 0.0 0.0 0.0 
524 1.8129770885442722 0.020692845946977685 0.0 0.0 0.020692845946977685 0.0 0.0 0.0 0.0 0.0 0.0 0.0 0.0 0.0 0.0 0.0 0.0 0.0 0.0 0.0 0.0 0.0 
525 1.816436968484242 0.02077052263712718 0.0 0.0 0.02077052263712718 0.0 0.0 0.0 0.0 0.0 0.0 0.0 0.0 0.0 0.0 0.0 0.0 0.0 0.0 0.0 0.0 0.0 
526 1.8198968484242122 0.020848442930817775 0.0 0.0 0.020848442930817775 0.0 0.0 0.0 0.0 0.0 0.0 0.0 0.0 0.0 0.0 0.0 0.0 0.0 0.0 0.0 0.0 0.0 
527 1.823356728364182 0.02092660731720395 0.0 0.0 0.02092660731720395 0.0 0.0 0.0 0.0 0.0 0.0 0.0 0.0 0.0 0.0 0.0 0.0 0.0 0.0 0.0 0.0 0.0 
528 1.8268166083041522 0.02100501628471686 0.0 0.0 0.02100501628471686 0.0 0.0 0.0 0.0 0.0 0.0 0.0 0.0 0.0 0.0 0.0 0.0 0.0 0.0 0.0 0.0 0.0 
529 1.830276488244122 0.021083670321050338 0.0 0.0 0.021083670321050338 0.0 0.0 0.0 0.0 0.0 0.0 0.0 0.0 0.0 0.0 0.0 0.0 0.0 0.0 0.0 0.0 0.0 
530 1.8337363681840921 0.021162569913146533 0.0 0.0 0.021162569913146533 0.0 0.0 0.0 0.0 0.0 0.0 0.0 0.0 0.0 0.0 0.0 0.0 0.0 0.0 0.0 0.0 0.0 
531 1.837196248124062 0.02124171554718162 0.0 0.0 0.02124171554718162 0.0 0.0 0.0 0.0 0.0 0.0 0.0 0.0 0.0 0.0 0.0 0.0 0.0 0.0 0.0 0.0 0.0 
532 1.8406561280640321 0.021321107708551314 0.0 0.0 0.021321107708551314 0.0 0.0 0.0 0.0 0.0 0.0 0.0 0.0 0.0 0.0 0.0 0.0 0.0 0.0 0.0 0.0 0.0 
533 1.844116008004002 0.021400746881856295 0.0 0.0 0.021400746881856295 0.0 0.0 0.0 0.0 0.0 0.0 0.0 0.0 0.0 0.0 0.0 0.0 0.0 0.0 0.0 0.0 0.0 
534 1.847575887943972 0.0214806335508878 0.0 0.0 0.0214806335508878 0.0 0.0 0.0 0.0 0.0 0.0 0.0 0.0 0.0 0.0 0.0 0.0 0.0 0.0 0.0 0.0 0.0 
535 1.851035767883942 0.02156076819861263 0.0 0.0 0.02156076819861263 0.0 0.0 0.0 0.0 0.0 0.0 0.0 0.0 0.0 0.0 0.0 0.0 0.0 0.0 0.0 0.0 0.0 
536 1.8544956478239119 0.021641151307158612 0.0 0.0 0.021641151307158612 0.0 0.0 0.0 0.0 0.0 0.0 0.0 0.0 0.0 0.0 0.0 0.0 0.0 0.0 0.0 0.0 0.0 
537 1.857955527763882 0.02172178335779964 0.0 0.0 0.02172178335779964 0.0 0.0 0.0 0.0 0.0 0.0 0.0 0.0 0.0 0.0 0.0 0.0 0.0 0.0 0.0 0.0 0.0 
538 1.8614154077038518 0.02180266483094076 0.0 0.0 0.02180266483094076 0.0 0.0 0.0 0.0 0.0 0.0 0.0 0.0 0.0 0.0 0.0 0.0 0.0 0.0 0.0 0.0 0.0 
539 1.864875287643822 0.021883796206103135 0.0 0.0 0.021883796206103135 0.0 0.0 0.0 0.0 0.0 0.0 0.0 0.0 0.0 0.0 0.0 0.0 0.0 0.0 0.0 0.0 0.0 
540 1.8683351675837918 0.021965177961908826 0.0 0.0 0.021965177961908826 0.0 0.0 0.0 0.0 0.0 0.0 0.0 0.0 0.0 0.0 0.0 0.0 0.0 0.0 0.0 0.0 0.0 
541 1.871795047523762 0.022046810576065824 0.0 0.0 0.022046810576065824 0.0 0.0 0.0 0.0 0.0 0.0 0.0 0.0 0.0 0.0 0.0 0.0 0.0 0.0 0.0 0.0 0.0 
542 1.8752549274637318 0.022128694525352408 0.0 0.0 0.022128694525352408 0.0 0.0 0.0 0.0 0.0 0.0 0.0 0.0 0.0 0.0 0.0 0.0 0.0 0.0 0.0 0.0 0.0 
543 1.878714807403702 0.022210830285602084 0.0 0.0 0.022210830285602084 0.0 0.0 0.0 0.0 0.0 0.0 0.0 0.0 0.0 0.0 0.0 0.0 0.0 0.0 0.0 0.0 0.0 
544 1.8821746873436718 0.022293218331687927 0.0 0.0 0.022293218331687927 0.0 0.0 0.0 0.0 0.0 0.0 0.0 0.0 0.0 0.0 0.0 0.0 0.0 0.0 0.0 0.0 0.0 
545 1.8856345672836419 0.02237585913750716 0.0 0.0 0.02237585913750716 0.0 0.0 0.0 0.0 0.0 0.0 0.0 0.0 0.0 0.0 0.0 0.0 0.0 0.0 0.0 0.0 0.0 
546 1.8890944472236118 0.022458753175965362 0.0 0.0 0.022458753175965362 0.0 0.0 0.0 0.0 0.0 0.0 0.0 0.0 0.0 0.0 0.0 0.0 0.0 0.0 0.0 0.0 0.0 
547 1.8925543271635819 0.022541900918960883 0.0 0.0 0.022541900918960883 0.0 0.0 0.0 0.0 0.0 0.0 0.0 0.0 0.0 0.0 0.0 0.0 0.0 0.0 0.0 0.0 0.0 
548 1.8960142071035517 0.02262530283736895 0.0 0.0 0.02262530283736895 0.0 0.0 0.0 0.0 0.0 0.0 0.0 0.0 0.0 0.0 0.0 0.0 0.0 0.0 0.0 0.0 0.0 
549 1.8994740870435218 0.02270895940102572 0.0 0.0 0.02270895940102572 0.0 0.0 0.0 0.0 0.0 0.0 0.0 0.0 0.0 0.0 0.0 0.0 0.0 0.0 0.0 0.0 0.0 
550 1.9029339669834917 0.02279287107871246 0.0 0.0 0.02279287107871246 0.0 0.0 0.0 0.0 0.0 0.0 0.0 0.0 0.0 0.0 0.0 0.0 0.0 0.0 0.0 0.0 0.0 
551 1.9063938469234618 0.022877038338139172 0.0 0.0 0.022877038338139172 0.0 0.0 0.0 0.0 0.0 0.0 0.0 0.0 0.0 0.0 0.0 0.0 0.0 0.0 0.0 0.0 0.0 
552 1.9098537268634317 0.022961461645928775 0.0 0.0 0.022961461645928775 0.0 0.0 0.0 0.0 0.0 0.0 0.0 0.0 0.0 0.0 0.0 0.0 0.0 0.0 0.0 0.0 0.0 
553 1.9133136068034018 0.023046141467600548 0.0 0.0 0.023046141467600548 0.0 0.0 0.0 0.0 0.0 0.0 0.0 0.0 0.0 0.0 0.0 0.0 0.0 0.0 0.0 0.0 0.0 
554 1.9167734867433717 0.02313107826755393 0.0 0.0 0.02313107826755393 0.0 0.0 0.0 0.0 0.0 0.0 0.0 0.0 0.0 0.0 0.0 0.0 0.0 0.0 0.0 0.0 0.0 
555 1.9202333666833418 0.023216272509052074 0.0 0.0 0.023216272509052074 0.0 0.0 0.0 0.0 0.0 0.0 0.0 0.0 0.0 0.0 0.0 0.0 0.0 0.0 0.0 0.0 0.0 
556 1.9236932466233116 0.023301724654205287 0.0 0.0 0.023301724654205287 0.0 0.0 0.0 0.0 0.0 0.0 0.0 0.0 0.0 0.0 0.0 0.0 0.0 0.0 0.0 0.0 0.0 
557 1.9271531265632817 0.023387435163954452 0.0 0.0 0.023387435163954452 0.0 0.0 0.0 0.0 0.0 0.0 0.0 0.0 0.0 0.0 0.0 0.0 0.0 0.0 0.0 0.0 0.0 
558 1.9306130065032516 0.02347340449805417 0.0 0.0 0.02347340449805417 0.0 0.0 0.0 0.0 0.0 0.0 0.0 0.0 0.0 0.0 0.0 0.0 0.0 0.0 0.0 0.0 0.0 
559 1.9340728864432215 0.023559633115056232 0.0 0.0 0.023559633115056232 0.0 0.0 0.0 0.0 0.0 0.0 0.0 0.0 0.0 0.0 0.0 0.0 0.0 0.0 0.0 0.0 0.0 
560 1.9375327663831916 0.023646121472292496 0.0 0.0 0.023646121472292496 0.0 0.0 0.0 0.0 0.0 0.0 0.0 0.0 0.0 0.0 0.0 0.0 0.0 0.0 0.0 0.0 0.0 
561 1.9409926463231615 0.023732870025857982 0.0 0.0 0.023732870025857982 0.0 0.0 0.0 0.0 0.0 0.0 0.0 0.0 0.0 0.0 0.0 0.0 0.0 0.0 0.0 0.0 0.0 
562 1.9444525262631316 0.023819879230593862 0.0 0.0 0.023819879230593862 0.0 0.0 0.0 0.0 0.0 0.0 0.0 0.0 0.0 0.0 0.0 0.0 0.0 0.0 0.0 0.0 0.0 
563 1.9479124062031015 0.02390714954007022 0.0 0.0 0.02390714954007022 0.0 0.0 0.0 0.0 0.0 0.0 0.0 0.0 0.0 0.0 0.0 0.0 0.0 0.0 0.0 0.0 0.0 
564 1.9513722861430716 0.023994681406568893 0.0 0.0 0.023994681406568893 0.0 0.0 0.0 0.0 0.0 0.0 0.0 0.0 0.0 0.0 0.0 0.0 0.0 0.0 0.0 0.0 0.0 
565 1.9548321660830414 0.024082475281065895 0.0 0.0 0.024082475281065895 0.0 0.0 0.0 0.0 0.0 0.0 0.0 0.0 0.0 0.0 0.0 0.0 0.0 0.0 0.0 0.0 0.0 
566 1.9582920460230115 0.024170531613214342 0.0 0.0 0.024170531613214342 0.0 0.0 0.0 0.0 0.0 0.0 0.0 0.0 0.0 0.0 0.0 0.0 0.0 0.0 0.0 0.0 0.0 
567 1.9617519259629814 0.02425885085132662 0.0 0.0 0.02425885085132662 0.0 0.0 0.0 0.0 0.0 0.0 0.0 0.0 0.0 0.0 0.0 0.0 0.0 0.0 0.0 0.0 0.0 
568 1.9652118059029515 0.024347433442356896 0.0 0.0 0.024347433442356896 0.0 0.0 0.0 0.0 0.0 0.0 0.0 0.0 0.0 0.0 0.0 0.0 0.0 0.0 0.0 0.0 0.0 
569 1.9686716858429214 0.024436279831883366 0.0 0.0 0.024436279831883366 0.0 0.0 0.0 0.0 0.0 0.0 0.0 0.0 0.0 0.0 0.0 0.0 0.0 0.0 0.0 0.0 0.0 
570 1.9721315657828915 0.024525390464090576 0.0 0.0 0.024525390464090576 0.0 0.0 0.0 0.0 0.0 0.0 0.0 0.0 0.0 0.0 0.0 0.0 0.0 0.0 0.0 0.0 0.0 
571 1.9755914457228614 0.02461476578175132 0.0 0.0 0.02461476578175132 0.0 0.0 0.0 0.0 0.0 0.0 0.0 0.0 0.0 0.0 0.0 0.0 0.0 0.0 0.0 0.0 0.0 
572 1.9790513256628315 0.024704406226208717 0.0 0.0 0.024704406226208717 0.0 0.0 0.0 0.0 0.0 0.0 0.0 0.0 0.0 0.0 0.0 0.0 0.0 0.0 0.0 0.0 0.0 
573 1.9825112056028014 0.02479431223735834 0.0 0.0 0.02479431223735834 0.0 0.0 0.0 0.0 0.0 0.0 0.0 0.0 0.0 0.0 0.0 0.0 0.0 0.0 0.0 0.0 0.0 
574 1.9859710855427715 0.024884484253629678 0.0 0.0 0.024884484253629678 0.0 0.0 0.0 0.0 0.0 0.0 0.0 0.0 0.0 0.0 0.0 0.0 0.0 0.0 0.0 0.0 0.0 
575 1.9894309654827413 0.02497492271196812 0.0 0.0 0.02497492271196812 0.0 0.0 0.0 0.0 0.0 0.0 0.0 0.0 0.0 0.0 0.0 0.0 0.0 0.0 0.0 0.0 0.0 
576 1.9928908454227114 0.025065628047816514 0.0 0.0 0.025065628047816514 0.0 0.0 0.0 0.0 0.0 0.0 0.0 0.0 0.0 0.0 0.0 0.0 0.0 0.0 0.0 0.0 0.0 
577 1.9963507253626813 0.025156600695096745 0.0 0.0 0.025156600695096745 0.0 0.0 0.0 0.0 0.0 0.0 0.0 0.0 0.0 0.0 0.0 0.0 0.0 0.0 0.0 0.0 0.0 
578 1.9998106053026514 0.025247841086191193 0.0 0.0 0.025247841086191193 0.0 0.0 0.0 0.0 0.0 0.0 0.0 0.0 0.0 0.0 0.0 0.0 0.0 0.0 0.0 0.0 0.0 
579 2.0032704852426213 0.025339349651923904 0.0 0.0 0.025339349651923904 0.0 0.0 0.0 0.0 0.0 0.0 0.0 0.0 0.0 0.0 0.0 0.0 0.0 0.0 0.0 0.0 0.0 
580 2.0067303651825914 0.025431126821542253 0.0 0.0 0.025431126821542253 0.0 0.0 0.0 0.0 0.0 0.0 0.0 0.0 0.0 0.0 0.0 0.0 0.0 0.0 0.0 0.0 0.0 
581 2.0101902451225615 0.02552317302269758 0.0 0.0 0.02552317302269758 0.0 0.0 0.0 0.0 0.0 0.0 0.0 0.0 0.0 0.0 0.0 0.0 0.0 0.0 0.0 0.0 0.0 
582 2.013650125062531 0.025615488681426754 0.0 0.0 0.025615488681426754 0.0 0.0 0.0 0.0 0.0 0.0 0.0 0.0 0.0 0.0 0.0 0.0 0.0 0.0 0.0 0.0 0.0 
583 2.0171100050025013 0.02570807422213279 0.0 0.0 0.02570807422213279 0.0 0.0 0.0 0.0 0.0 0.0 0.0 0.0 0.0 0.0 0.0 0.0 0.0 0.0 0.0 0.0 0.0 
584 2.0205698849424714 0.025800930067565984 0.0 0.0 0.025800930067565984 0.0 0.0 0.0 0.0 0.0 0.0 0.0 0.0 0.0 0.0 0.0 0.0 0.0 0.0 0.0 0.0 0.0 
585 2.024029764882441 0.02589405663880451 0.0 0.0 0.02589405663880451 0.0 0.0 0.0 0.0 0.0 0.0 0.0 0.0 0.0 0.0 0.0 0.0 0.0 0.0 0.0 0.0 0.0 
586 2.027489644822411 0.025987454355235255 0.0 0.0 0.025987454355235255 0.0 0.0 0.0 0.0 0.0 0.0 0.0 0.0 0.0 0.0 0.0 0.0 0.0 0.0 0.0 0.0 0.0 
587 2.030949524762381 0.026081123634534402 0.0 0.0 0.026081123634534402 0.0 0.0 0.0 0.0 0.0 0.0 0.0 0.0 0.0 0.0 0.0 0.0 0.0 0.0 0.0 0.0 0.0 
588 2.0344094047023513 0.026175064892647718 0.0 0.0 0.026175064892647718 0.0 0.0 0.0 0.0 0.0 0.0 0.0 0.0 0.0 0.0 0.0 0.0 0.0 0.0 0.0 0.0 0.0 
589 2.037869284642321 0.026269278543771295 0.0 0.0 0.026269278543771295 0.0 0.0 0.0 0.0 0.0 0.0 0.0 0.0 0.0 0.0 0.0 0.0 0.0 0.0 0.0 0.0 0.0 
590 2.041329164582291 0.026363765000331534 0.0 0.0 0.026363765000331534 0.0 0.0 0.0 0.0 0.0 0.0 0.0 0.0 0.0 0.0 0.0 0.0 0.0 0.0 0.0 0.0 0.0 
591 2.044789044522261 0.02645852467296566 0.0 0.0 0.02645852467296566 0.0 0.0 0.0 0.0 0.0 0.0 0.0 0.0 0.0 0.0 0.0 0.0 0.0 0.0 0.0 0.0 0.0 
592 2.0482489244622313 0.026553557970501587 0.0 0.0 0.026553557970501587 0.0 0.0 0.0 0.0 0.0 0.0 0.0 0.0 0.0 0.0 0.0 0.0 0.0 0.0 0.0 0.0 0.0 
593 2.051708804402201 0.026648865299937995 0.0 0.0 0.026648865299937995 0.0 0.0 0.0 0.0 0.0 0.0 0.0 0.0 0.0 0.0 0.0 0.0 0.0 0.0 0.0 0.0 0.0 
594 2.055168684342171 0.026744447066424537 0.0 0.0 0.026744447066424537 0.0 0.0 0.0 0.0 0.0 0.0 0.0 0.0 0.0 0.0 0.0 0.0 0.0 0.0 0.0 0.0 0.0 
595 2.058628564282141 0.02684030367324111 0.0 0.0 0.02684030367324111 0.0 0.0 0.0 0.0 0.0 0.0 0.0 0.0 0.0 0.0 0.0 0.0 0.0 0.0 0.0 0.0 0.0 
596 2.0620884442221112 0.026936435521778154 0.0 0.0 0.026936435521778154 0.0 0.0 0.0 0.0 0.0 0.0 0.0 0.0 0.0 0.0 0.0 0.0 0.0 0.0 0.0 0.0 0.0 
597 2.065548324162081 0.027032843011515807 0.0 0.0 0.027032843011515807 0.0 0.0 0.0 0.0 0.0 0.0 0.0 0.0 0.0 0.0 0.0 0.0 0.0 0.0 0.0 0.0 0.0 
598 2.069008204102051 0.027129526540003855 0.0 0.0 0.027129526540003855 0.0 0.0 0.0 0.0 0.0 0.0 0.0 0.0 0.0 0.0 0.0 0.0 0.0 0.0 0.0 0.0 0.0 
599 2.072468084042021 0.027226486502840874 0.0 0.0 0.027226486502840874 0.0 0.0 0.0 0.0 0.0 0.0 0.0 0.0 0.0 0.0 0.0 0.0 0.0 0.0 0.0 0.0 0.0 
600 2.075927963981991 0.02732372329365371 0.0 0.0 0.02732372329365371 0.0 0.0 0.0 0.0 0.0 0.0 0.0 0.0 0.0 0.0 0.0 0.0 0.0 0.0 0.0 0.0 0.0 
601 2.079387843921961 0.0274212373040766 0.0 0.0 0.0274212373040766 0.0 0.0 0.0 0.0 0.0 0.0 0.0 0.0 0.0 0.0 0.0 0.0 0.0 0.0 0.0 0.0 0.0 
602 2.082847723861931 0.02751902892373056 0.0 0.0 0.02751902892373056 0.0 0.0 0.0 0.0 0.0 0.0 0.0 0.0 0.0 0.0 0.0 0.0 0.0 0.0 0.0 0.0 0.0 
603 2.086307603801901 0.027617098540202226 0.0 0.0 0.027617098540202226 0.0 0.0 0.0 0.0 0.0 0.0 0.0 0.0 0.0 0.0 0.0 0.0 0.0 0.0 0.0 0.0 0.0 
604 2.089767483741871 0.027715446539022668 0.0 0.0 0.027715446539022668 0.0 0.0 0.0 0.0 0.0 0.0 0.0 0.0 0.0 0.0 0.0 0.0 0.0 0.0 0.0 0.0 0.0 
605 2.093227363681841 0.02781407330364673 0.0 0.0 0.02781407330364673 0.0 0.0 0.0 0.0 0.0 0.0 0.0 0.0 0.0 0.0 0.0 0.0 0.0 0.0 0.0 0.0 0.0 
606 2.096687243621811 0.02791297921543124 0.0 0.0 0.02791297921543124 0.0 0.0 0.0 0.0 0.0 0.0 0.0 0.0 0.0 0.0 0.0 0.0 0.0 0.0 0.0 0.0 0.0 
607 2.100147123561781 0.02801216465361399 0.0 0.0 0.02801216465361399 0.0 0.0 0.0 0.0 0.0 0.0 0.0 0.0 0.0 0.0 0.0 0.0 0.0 0.0 0.0 0.0 0.0 
608 2.1036070035017507 0.028111629995292143 0.0 0.0 0.028111629995292143 0.0 0.0 0.0 0.0 0.0 0.0 0.0 0.0 0.0 0.0 0.0 0.0 0.0 0.0 0.0 0.0 0.0 
609 2.1070668834417208 0.028211375615400876 0.0 0.0 0.028211375615400876 0.0 0.0 0.0 0.0 0.0 0.0 0.0 0.0 0.0 0.0 0.0 0.0 0.0 0.0 0.0 0.0 0.0 
610 2.110526763381691 0.028311401886691602 0.0 0.0 0.028311401886691602 0.0 0.0 0.0 0.0 0.0 0.0 0.0 0.0 0.0 0.0 0.0 0.0 0.0 0.0 0.0 0.0 0.0 
611 2.113986643321661 0.028411709179710025 0.0 0.0 0.028411709179710025 0.0 0.0 0.0 0.0 0.0 0.0 0.0 0.0 0.0 0.0 0.0 0.0 0.0 0.0 0.0 0.0 0.0 
612 2.1174465232616306 0.02851229786277486 0.0 0.0 0.02851229786277486 0.0 0.0 0.0 0.0 0.0 0.0 0.0 0.0 0.0 0.0 0.0 0.0 0.0 0.0 0.0 0.0 0.0 
613 2.1209064032016007 0.02861316830195526 0.0 0.0 0.02861316830195526 0.0 0.0 0.0 0.0 0.0 0.0 0.0 0.0 0.0 0.0 0.0 0.0 0.0 0.0 0.0 0.0 0.0 
614 2.124366283141571 0.028714320861049216 0.0 0.0 0.028714320861049216 0.0 0.0 0.0 0.0 0.0 0.0 0.0 0.0 0.0 0.0 0.0 0.0 0.0 0.0 0.0 0.0 0.0 
615 2.127826163081541 0.028815755901561227 0.0 0.0 0.028815755901561227 0.0 0.0 0.0 0.0 0.0 0.0 0.0 0.0 0.0 0.0 0.0 0.0 0.0 0.0 0.0 0.0 0.0 
616 2.1312860430215106 0.02891747378268014 0.0 0.0 0.02891747378268014 0.0 0.0 0.0 0.0 0.0 0.0 0.0 0.0 0.0 0.0 0.0 0.0 0.0 0.0 0.0 0.0 0.0 
617 2.1347459229614807 0.029019474861256892 0.0 0.0 0.029019474861256892 0.0 0.0 0.0 0.0 0.0 0.0 0.0 0.0 0.0 0.0 0.0 0.0 0.0 0.0 0.0 0.0 0.0 
618 2.138205802901451 0.029121759491781734 0.0 0.0 0.029121759491781734 0.0 0.0 0.0 0.0 0.0 0.0 0.0 0.0 0.0 0.0 0.0 0.0 0.0 0.0 0.0 0.0 0.0 
619 2.141665682841421 0.029224328026362212 0.0 0.0 0.029224328026362212 0.0 0.0 0.0 0.0 0.0 0.0 0.0 0.0 0.0 0.0 0.0 0.0 0.0 0.0 0.0 0.0 0.0 
620 2.1451255627813905 0.029327180814700045 0.0 0.0 0.029327180814700045 0.0 0.0 0.0 0.0 0.0 0.0 0.0 0.0 0.0 0.0 0.0 0.0 0.0 0.0 0.0 0.0 0.0 
621 2.1485854427213606 0.02943031820406869 0.0 0.0 0.02943031820406869 0.0 0.0 0.0 0.0 0.0 0.0 0.0 0.0 0.0 0.0 0.0 0.0 0.0 0.0 0.0 0.0 0.0 
622 2.1520453226613308 0.02953374053929042 0.0 0.0 0.02953374053929042 0.0 0.0 0.0 0.0 0.0 0.0 0.0 0.0 0.0 0.0 0.0 0.0 0.0 0.0 0.0 0.0 0.0 
623 2.155505202601301 0.02963744816271344 0.0 0.0 0.02963744816271344 0.0 0.0 0.0 0.0 0.0 0.0 0.0 0.0 0.0 0.0 0.0 0.0 0.0 0.0 0.0 0.0 0.0 
624 2.1589650825412705 0.02974144141418872 0.0 0.0 0.02974144141418872 0.0 0.0 0.0 0.0 0.0 0.0 0.0 0.0 0.0 0.0 0.0 0.0 0.0 0.0 0.0 0.0 0.0 
625 2.1624249624812406 0.02984572063104699 0.0 0.0 0.02984572063104699 0.0 0.0 0.0 0.0 0.0 0.0 0.0 0.0 0.0 0.0 0.0 0.0 0.0 0.0 0.0 0.0 0.0 
626 2.1658848424212107 0.029950286148075614 0.0 0.0 0.029950286148075614 0.0 0.0 0.0 0.0 0.0 0.0 0.0 0.0 0.0 0.0 0.0 0.0 0.0 0.0 0.0 0.0 0.0 
627 2.169344722361181 0.030055138297494812 0.0 0.0 0.030055138297494812 0.0 0.0 0.0 0.0 0.0 0.0 0.0 0.0 0.0 0.0 0.0 0.0 0.0 0.0 0.0 0.0 0.0 
628 2.1728046023011505 0.030160277408934812 0.0 0.0 0.030160277408934812 0.0 0.0 0.0 0.0 0.0 0.0 0.0 0.0 0.0 0.0 0.0 0.0 0.0 0.0 0.0 0.0 0.0 
629 2.1762644822411206 0.03026570380941182 0.0 0.0 0.03026570380941182 0.0 0.0 0.0 0.0 0.0 0.0 0.0 0.0 0.0 0.0 0.0 0.0 0.0 0.0 0.0 0.0 0.0 
630 2.1797243621810907 0.03037141782330476 0.0 0.0 0.03037141782330476 0.0 0.0 0.0 0.0 0.0 0.0 0.0 0.0 0.0 0.0 0.0 0.0 0.0 0.0 0.0 0.0 0.0 
631 2.1831842421210603 0.03047741977233123 0.0 0.0 0.03047741977233123 0.0 0.0 0.0 0.0 0.0 0.0 0.0 0.0 0.0 0.0 0.0 0.0 0.0 0.0 0.0 0.0 0.0 
632 2.1866441220610304 0.030583709975523905 0.0 0.0 0.030583709975523905 0.0 0.0 0.0 0.0 0.0 0.0 0.0 0.0 0.0 0.0 0.0 0.0 0.0 0.0 0.0 0.0 0.0 
633 2.1901040020010005 0.030690288749206596 0.0 0.0 0.030690288749206596 0.0 0.0 0.0 0.0 0.0 0.0 0.0 0.0 0.0 0.0 0.0 0.0 0.0 0.0 0.0 0.0 0.0 
634 2.1935638819409706 0.03079715640696988 0.0 0.0 0.03079715640696988 0.0 0.0 0.0 0.0 0.0 0.0 0.0 0.0 0.0 0.0 0.0 0.0 0.0 0.0 0.0 0.0 0.0 
635 2.1970237618809403 0.030904313259647476 0.0 0.0 0.030904313259647476 0.0 0.0 0.0 0.0 0.0 0.0 0.0 0.0 0.0 0.0 0.0 0.0 0.0 0.0 0.0 0.0 0.0 
636 2.2004836418209104 0.031011759615291495 0.0 0.0 0.031011759615291495 0.0 0.0 0.0 0.0 0.0 0.0 0.0 0.0 0.0 0.0 0.0 0.0 0.0 0.0 0.0 0.0 0.0 
637 2.2039435217608805 0.03111949577914857 0.0 0.0 0.03111949577914857 0.0 0.0 0.0 0.0 0.0 0.0 0.0 0.0 0.0 0.0 0.0 0.0 0.0 0.0 0.0 0.0 0.0 
638 2.2074034017008506 0.031227522053635052 0.0 0.0 0.031227522053635052 0.0 0.0 0.0 0.0 0.0 0.0 0.0 0.0 0.0 0.0 0.0 0.0 0.0 0.0 0.0 0.0 0.0 
639 2.2108632816408202 0.03133583873831264 0.0 0.0 0.03133583873831264 0.0 0.0 0.0 0.0 0.0 0.0 0.0 0.0 0.0 0.0 0.0 0.0 0.0 0.0 0.0 0.0 0.0 
640 2.2143231615807903 0.031444446129863836 0.0 0.0 0.031444446129863836 0.0 0.0 0.0 0.0 0.0 0.0 0.0 0.0 0.0 0.0 0.0 0.0 0.0 0.0 0.0 0.0 0.0 
641 2.2177830415207604 0.031553344522066894 0.0 0.0 0.031553344522066894 0.0 0.0 0.0 0.0 0.0 0.0 0.0 0.0 0.0 0.0 0.0 0.0 0.0 0.0 0.0 0.0 0.0 
642 2.2212429214607305 0.03166253420577138 0.0 0.0 0.03166253420577138 0.0 0.0 0.0 0.0 0.0 0.0 0.0 0.0 0.0 0.0 0.0 0.0 0.0 0.0 0.0 0.0 0.0 
643 2.2247028014007 0.03177201546887278 0.0 0.0 0.03177201546887278 0.0 0.0 0.0 0.0 0.0 0.0 0.0 0.0 0.0 0.0 0.0 0.0 0.0 0.0 0.0 0.0 0.0 
644 2.2281626813406703 0.031881788596287916 0.0 0.0 0.031881788596287916 0.0 0.0 0.0 0.0 0.0 0.0 0.0 0.0 0.0 0.0 0.0 0.0 0.0 0.0 0.0 0.0 0.0 
645 2.2316225612806404 0.031991853869929476 0.0 0.0 0.031991853869929476 0.0 0.0 0.0 0.0 0.0 0.0 0.0 0.0 0.0 0.0 0.0 0.0 0.0 0.0 0.0 0.0 0.0 
646 2.2350824412206105 0.03210221156868087 0.0 0.0 0.03210221156868087 0.0 0.0 0.0 0.0 0.0 0.0 0.0 0.0 0.0 0.0 0.0 0.0 0.0 0.0 0.0 0.0 0.0 
647 2.23854232116058 0.03221286196837089 0.0 0.0 0.03221286196837089 0.0 0.0 0.0 0.0 0.0 0.0 0.0 0.0 0.0 0.0 0.0 0.0 0.0 0.0 0.0 0.0 0.0 
648 2.2420022011005503 0.03232380534174834 0.0 0.0 0.03232380534174834 0.0 0.0 0.0 0.0 0.0 0.0 0.0 0.0 0.0 0.0 0.0 0.0 0.0 0.0 0.0 0.0 0.0 
649 2.2454620810405204 0.03243504195845644 0.0 0.0 0.03243504195845644 0.0 0.0 0.0 0.0 0.0 0.0 0.0 0.0 0.0 0.0 0.0 0.0 0.0 0.0 0.0 0.0 0.0 
650 2.2489219609804905 0.0325465720850069 0.0 0.0 0.0325465720850069 0.0 0.0 0.0 0.0 0.0 0.0 0.0 0.0 0.0 0.0 0.0 0.0 0.0 0.0 0.0 0.0 0.0 
651 2.25238184092046 0.03265839598475479 0.0 0.0 0.03265839598475479 0.0 0.0 0.0 0.0 0.0 0.0 0.0 0.0 0.0 0.0 0.0 0.0 0.0 0.0 0.0 0.0 0.0 
652 2.25584172086043 0.03277051391787206 0.0 0.0 0.03277051391787206 0.0 0.0 0.0 0.0 0.0 0.0 0.0 0.0 0.0 0.0 0.0 0.0 0.0 0.0 0.0 0.0 0.0 
653 2.2593016008004003 0.03288292614132193 0.0 0.0 0.03288292614132193 0.0 0.0 0.0 0.0 0.0 0.0 0.0 0.0 0.0 0.0 0.0 0.0 0.0 0.0 0.0 0.0 0.0 
654 2.26276148074037 0.032995632908832756 0.0 0.0 0.032995632908832756 0.0 0.0 0.0 0.0 0.0 0.0 0.0 0.0 0.0 0.0 0.0 0.0 0.0 0.0 0.0 0.0 0.0 
655 2.26622136068034 0.03310863447087198 0.0 0.0 0.03310863447087198 0.0 0.0 0.0 0.0 0.0 0.0 0.0 0.0 0.0 0.0 0.0 0.0 0.0 0.0 0.0 0.0 0.0 
656 2.26968124062031 0.033221931074619765 0.0 0.0 0.033221931074619765 0.0 0.0 0.0 0.0 0.0 0.0 0.0 0.0 0.0 0.0 0.0 0.0 0.0 0.0 0.0 0.0 0.0 
657 2.2731411205602803 0.03333552296394247 0.0 0.0 0.03333552296394247 0.0 0.0 0.0 0.0 0.0 0.0 0.0 0.0 0.0 0.0 0.0 0.0 0.0 0.0 0.0 0.0 0.0 
658 2.27660100050025 0.033449410379366745 0.0 0.0 0.033449410379366745 0.0 0.0 0.0 0.0 0.0 0.0 0.0 0.0 0.0 0.0 0.0 0.0 0.0 0.0 0.0 0.0 0.0 
659 2.28006088044022 0.03356359355805232 0.0 0.0 0.03356359355805232 0.0 0.0 0.0 0.0 0.0 0.0 0.0 0.0 0.0 0.0 0.0 0.0 0.0 0.0 0.0 0.0 0.0 
660 2.28352076038019 0.03367807273376581 0.0 0.0 0.03367807273376581 0.0 0.0 0.0 0.0 0.0 0.0 0.0 0.0 0.0 0.0 0.0 0.0 0.0 0.0 0.0 0.0 0.0 
661 2.2869806403201602 0.03379284813685374 0.0 0.0 0.03379284813685374 0.0 0.0 0.0 0.0 0.0 0.0 0.0 0.0 0.0 0.0 0.0 0.0 0.0 0.0 0.0 0.0 0.0 
662 2.29044052026013 0.03390791999421583 0.0 0.0 0.03390791999421583 0.0 0.0 0.0 0.0 0.0 0.0 0.0 0.0 0.0 0.0 0.0 0.0 0.0 0.0 0.0 0.0 0.0 
663 2.2939004002001 0.03402328852927805 0.0 0.0 0.03402328852927805 0.0 0.0 0.0 0.0 0.0 0.0 0.0 0.0 0.0 0.0 0.0 0.0 0.0 0.0 0.0 0.0 0.0 
664 2.29736028014007 0.03413895396196522 0.0 0.0 0.03413895396196522 0.0 0.0 0.0 0.0 0.0 0.0 0.0 0.0 0.0 0.0 0.0 0.0 0.0 0.0 0.0 0.0 0.0 
665 2.30082016008004 0.03425491650867451 0.0 0.0 0.03425491650867451 0.0 0.0 0.0 0.0 0.0 0.0 0.0 0.0 0.0 0.0 0.0 0.0 0.0 0.0 0.0 0.0 0.0 
666 2.30428004002001 0.03437117638224745 0.0 0.0 0.03437117638224745 0.0 0.0 0.0 0.0 0.0 0.0 0.0 0.0 0.0 0.0 0.0 0.0 0.0 0.0 0.0 0.0 0.0 
667 2.30773991995998 0.03448773379194313 0.0 0.0 0.03448773379194313 0.0 0.0 0.0 0.0 0.0 0.0 0.0 0.0 0.0 0.0 0.0 0.0 0.0 0.0 0.0 0.0 0.0 
668 2.31119979989995 0.03460458894341048 0.0 0.0 0.03460458894341048 0.0 0.0 0.0 0.0 0.0 0.0 0.0 0.0 0.0 0.0 0.0 0.0 0.0 0.0 0.0 0.0 0.0 
669 2.31465967983992 0.03472174203866082 0.0 0.0 0.03472174203866082 0.0 0.0 0.0 0.0 0.0 0.0 0.0 0.0 0.0 0.0 0.0 0.0 0.0 0.0 0.0 0.0 0.0 
670 2.31811955977989 0.034839193276040153 0.0 0.0 0.034839193276040153 0.0 0.0 0.0 0.0 0.0 0.0 0.0 0.0 0.0 0.0 0.0 0.0 0.0 0.0 0.0 0.0 0.0 
671 2.32157943971986 0.03495694285020142 0.0 0.0 0.03495694285020142 0.0 0.0 0.0 0.0 0.0 0.0 0.0 0.0 0.0 0.0 0.0 0.0 0.0 0.0 0.0 0.0 0.0 
672 2.32503931965983 0.03507499095207678 0.0 0.0 0.03507499095207678 0.0 0.0 0.0 0.0 0.0 0.0 0.0 0.0 0.0 0.0 0.0 0.0 0.0 0.0 0.0 0.0 0.0 
673 2.3284991995998 0.035193337768849316 0.0 0.0 0.035193337768849316 0.0 0.0 0.0 0.0 0.0 0.0 0.0 0.0 0.0 0.0 0.0 0.0 0.0 0.0 0.0 0.0 0.0 
674 2.3319590795397698 0.03531198348392546 0.0 0.0 0.03531198348392546 0.0 0.0 0.0 0.0 0.0 0.0 0.0 0.0 0.0 0.0 0.0 0.0 0.0 0.0 0.0 0.0 0.0 
675 2.33541895947974 0.035430928276906345 0.0 0.0 0.035430928276906345 0.0 0.0 0.0 0.0 0.0 0.0 0.0 0.0 0.0 0.0 0.0 0.0 0.0 0.0 0.0 0.0 0.0 
676 2.33887883941971 0.03555017232356002 0.0 0.0 0.03555017232356002 0.0 0.0 0.0 0.0 0.0 0.0 0.0 0.0 0.0 0.0 0.0 0.0 0.0 0.0 0.0 0.0 0.0 
677 2.3423387193596796 0.03566971579579274 0.0 0.0 0.03566971579579274 0.0 0.0 0.0 0.0 0.0 0.0 0.0 0.0 0.0 0.0 0.0 0.0 0.0 0.0 0.0 0.0 0.0 
678 2.3457985992996497 0.03578955886162079 0.0 0.0 0.03578955886162079 0.0 0.0 0.0 0.0 0.0 0.0 0.0 0.0 0.0 0.0 0.0 0.0 0.0 0.0 0.0 0.0 0.0 
679 2.34925847923962 0.03590970168514179 0.0 0.0 0.03590970168514179 0.0 0.0 0.0 0.0 0.0 0.0 0.0 0.0 0.0 0.0 0.0 0.0 0.0 0.0 0.0 0.0 0.0 
680 2.35271835917959 0.03603014442650603 0.0 0.0 0.03603014442650603 0.0 0.0 0.0 0.0 0.0 0.0 0.0 0.0 0.0 0.0 0.0 0.0 0.0 0.0 0.0 0.0 0.0 
681 2.3561782391195596 0.036150887241887926 0.0 0.0 0.036150887241887926 0.0 0.0 0.0 0.0 0.0 0.0 0.0 0.0 0.0 0.0 0.0 0.0 0.0 0.0 0.0 0.0 0.0 
682 2.3596381190595297 0.0362719302834568 0.0 0.0 0.0362719302834568 0.0 0.0 0.0 0.0 0.0 0.0 0.0 0.0 0.0 0.0 0.0 0.0 0.0 0.0 0.0 0.0 0.0 
683 2.3630979989995 0.03639327369934847 0.0 0.0 0.03639327369934847 0.0 0.0 0.0 0.0 0.0 0.0 0.0 0.0 0.0 0.0 0.0 0.0 0.0 0.0 0.0 0.0 0.0 
684 2.36655787893947 0.03651491763363575 0.0 0.0 0.03651491763363575 0.0 0.0 0.0 0.0 0.0 0.0 0.0 0.0 0.0 0.0 0.0 0.0 0.0 0.0 0.0 0.0 0.0 
685 2.3700177588794396 0.036636862226299506 0.0 0.0 0.036636862226299506 0.0 0.0 0.0 0.0 0.0 0.0 0.0 0.0 0.0 0.0 0.0 0.0 0.0 0.0 0.0 0.0 0.0 
686 2.3734776388194097 0.03675910761319962 0.0 0.0 0.03675910761319962 0.0 0.0 0.0 0.0 0.0 0.0 0.0 0.0 0.0 0.0 0.0 0.0 0.0 0.0 0.0 0.0 0.0 
687 2.3769375187593798 0.03688165392604524 0.0 0.0 0.03688165392604524 0.0 0.0 0.0 0.0 0.0 0.0 0.0 0.0 0.0 0.0 0.0 0.0 0.0 0.0 0.0 0.0 0.0 
688 2.38039739869935 0.03700450129236581 0.0 0.0 0.03700450129236581 0.0 0.0 0.0 0.0 0.0 0.0 0.0 0.0 0.0 0.0 0.0 0.0 0.0 0.0 0.0 0.0 0.0 
689 2.3838572786393195 0.03712764983548105 0.0 0.0 0.03712764983548105 0.0 0.0 0.0 0.0 0.0 0.0 0.0 0.0 0.0 0.0 0.0 0.0 0.0 0.0 0.0 0.0 0.0 
690 2.3873171585792896 0.0372510996744719 0.0 0.0 0.0372510996744719 0.0 0.0 0.0 0.0 0.0 0.0 0.0 0.0 0.0 0.0 0.0 0.0 0.0 0.0 0.0 0.0 0.0 
691 2.3907770385192597 0.0373748509241504 0.0 0.0 0.0373748509241504 0.0 0.0 0.0 0.0 0.0 0.0 0.0 0.0 0.0 0.0 0.0 0.0 0.0 0.0 0.0 0.0 0.0 
692 2.39423691845923 0.037498903695030006 0.0 0.0 0.037498903695030006 0.0 0.0 0.0 0.0 0.0 0.0 0.0 0.0 0.0 0.0 0.0 0.0 0.0 0.0 0.0 0.0 0.0 
693 2.3976967983991995 0.03762325809329568 0.0 0.0 0.03762325809329568 0.0 0.0 0.0 0.0 0.0 0.0 0.0 0.0 0.0 0.0 0.0 0.0 0.0 0.0 0.0 0.0 0.0 
694 2.4011566783391696 0.03774791422077403 0.0 0.0 0.03774791422077403 0.0 0.0 0.0 0.0 0.0 0.0 0.0 0.0 0.0 0.0 0.0 0.0 0.0 0.0 0.0 0.0 0.0 
695 2.4046165582791397 0.03787287217490307 0.0 0.0 0.03787287217490307 0.0 0.0 0.0 0.0 0.0 0.0 0.0 0.0 0.0 0.0 0.0 0.0 0.0 0.0 0.0 0.0 0.0 
696 2.4080764382191098 0.037998132048701797 0.0 0.0 0.037998132048701797 0.0 0.0 0.0 0.0 0.0 0.0 0.0 0.0 0.0 0.0 0.0 0.0 0.0 0.0 0.0 0.0 0.0 
697 2.4115363181590794 0.038123693930740575 0.0 0.0 0.038123693930740575 0.0 0.0 0.0 0.0 0.0 0.0 0.0 0.0 0.0 0.0 0.0 0.0 0.0 0.0 0.0 0.0 0.0 
698 2.4149961980990495 0.03824955790510998 0.0 0.0 0.03824955790510998 0.0 0.0 0.0 0.0 0.0 0.0 0.0 0.0 0.0 0.0 0.0 0.0 0.0 0.0 0.0 0.0 0.0 
699 2.4184560780390196 0.038375724051390836 0.0 0.0 0.038375724051390836 0.0 0.0 0.0 0.0 0.0 0.0 0.0 0.0 0.0 0.0 0.0 0.0 0.0 0.0 0.0 0.0 0.0 
700 2.4219159579789893 0.03850219244462345 0.0 0.0 0.03850219244462345 0.0 0.0 0.0 0.0 0.0 0.0 0.0 0.0 0.0 0.0 0.0 0.0 0.0 0.0 0.0 0.0 0.0 
701 2.4253758379189594 0.038628963155277106 0.0 0.0 0.038628963155277106 0.0 0.0 0.0 0.0 0.0 0.0 0.0 0.0 0.0 0.0 0.0 0.0 0.0 0.0 0.0 0.0 0.0 
702 2.4288357178589295 0.038756036249219195 0.0 0.0 0.038756036249219195 0.0 0.0 0.0 0.0 0.0 0.0 0.0 0.0 0.0 0.0 0.0 0.0 0.0 0.0 0.0 0.0 0.0 
703 2.4322955977988996 0.038883411787684105 0.0 0.0 0.038883411787684105 0.0 0.0 0.0 0.0 0.0 0.0 0.0 0.0 0.0 0.0 0.0 0.0 0.0 0.0 0.0 0.0 0.0 
704 2.4357554777388692 0.03901108982724296 0.0 0.0 0.03901108982724296 0.0 0.0 0.0 0.0 0.0 0.0 0.0 0.0 0.0 0.0 0.0 0.0 0.0 0.0 0.0 0.0 0.0 
705 2.4392153576788393 0.039139070419771806 0.0 0.0 0.039139070419771806 0.0 0.0 0.0 0.0 0.0 0.0 0.0 0.0 0.0 0.0 0.0 0.0 0.0 0.0 0.0 0.0 0.0 
706 2.4426752376188094 0.039267353612421035 0.0 0.0 0.039267353612421035 0.0 0.0 0.0 0.0 0.0 0.0 0.0 0.0 0.0 0.0 0.0 0.0 0.0 0.0 0.0 0.0 0.0 
707 2.4461351175587795 0.03939593944758387 0.0 0.0 0.03939593944758387 0.0 0.0 0.0 0.0 0.0 0.0 0.0 0.0 0.0 0.0 0.0 0.0 0.0 0.0 0.0 0.0 0.0 
708 2.449594997498749 0.03952482796286523 0.0 0.0 0.03952482796286523 0.0 0.0 0.0 0.0 0.0 0.0 0.0 0.0 0.0 0.0 0.0 0.0 0.0 0.0 0.0 0.0 0.0 
709 2.4530548774387193 0.03965401919105038 0.0 0.0 0.03965401919105038 0.0 0.0 0.0 0.0 0.0 0.0 0.0 0.0 0.0 0.0 0.0 0.0 0.0 0.0 0.0 0.0 0.0 
710 2.4565147573786894 0.03978351316007298 0.0 0.0 0.03978351316007298 0.0 0.0 0.0 0.0 0.0 0.0 0.0 0.0 0.0 0.0 0.0 0.0 0.0 0.0 0.0 0.0 0.0 
711 2.4599746373186595 0.039913309892984195 0.0 0.0 0.039913309892984195 0.0 0.0 0.0 0.0 0.0 0.0 0.0 0.0 0.0 0.0 0.0 0.0 0.0 0.0 0.0 0.0 0.0 
712 2.463434517258629 0.04004340940792033 0.0 0.0 0.04004340940792033 0.0 0.0 0.0 0.0 0.0 0.0 0.0 0.0 0.0 0.0 0.0 0.0 0.0 0.0 0.0 0.0 0.0 
713 2.4668943971985993 0.040173811718071585 0.0 0.0 0.040173811718071585 0.0 0.0 0.0 0.0 0.0 0.0 0.0 0.0 0.0 0.0 0.0 0.0 0.0 0.0 0.0 0.0 0.0 
714 2.4703542771385694 0.04030451683164989 0.0 0.0 0.04030451683164989 0.0 0.0 0.0 0.0 0.0 0.0 0.0 0.0 0.0 0.0 0.0 0.0 0.0 0.0 0.0 0.0 0.0 
715 2.4738141570785395 0.04043552475185719 0.0 0.0 0.04043552475185719 0.0 0.0 0.0 0.0 0.0 0.0 0.0 0.0 0.0 0.0 0.0 0.0 0.0 0.0 0.0 0.0 0.0 
716 2.477274037018509 0.04056683547685313 0.0 0.0 0.04056683547685313 0.0 0.0 0.0 0.0 0.0 0.0 0.0 0.0 0.0 0.0 0.0 0.0 0.0 0.0 0.0 0.0 0.0 
717 2.4807339169584792 0.040698448999723205 0.0 0.0 0.040698448999723205 0.0 0.0 0.0 0.0 0.0 0.0 0.0 0.0 0.0 0.0 0.0 0.0 0.0 0.0 0.0 0.0 0.0 
718 2.4841937968984493 0.04083036530844639 0.0 0.0 0.04083036530844639 0.0 0.0 0.0 0.0 0.0 0.0 0.0 0.0 0.0 0.0 0.0 0.0 0.0 0.0 0.0 0.0 0.0 
719 2.4876536768384194 0.0409625843858628 0.0 0.0 0.0409625843858628 0.0 0.0 0.0 0.0 0.0 0.0 0.0 0.0 0.0 0.0 0.0 0.0 0.0 0.0 0.0 0.0 0.0 
720 2.491113556778389 0.041095106209641546 0.0 0.0 0.041095106209641546 0.0 0.0 0.0 0.0 0.0 0.0 0.0 0.0 0.0 0.0 0.0 0.0 0.0 0.0 0.0 0.0 0.0 
721 2.494573436718359 0.04122793075224782 0.0 0.0 0.04122793075224782 0.0 0.0 0.0 0.0 0.0 0.0 0.0 0.0 0.0 0.0 0.0 0.0 0.0 0.0 0.0 0.0 0.0 
722 2.4980333166583293 0.04136105798091086 0.0 0.0 0.04136105798091086 0.0 0.0 0.0 0.0 0.0 0.0 0.0 0.0 0.0 0.0 0.0 0.0 0.0 0.0 0.0 0.0 0.0 
723 2.501493196598299 0.04149448785759081 0.0 0.0 0.04149448785759081 0.0 0.0 0.0 0.0 0.0 0.0 0.0 0.0 0.0 0.0 0.0 0.0 0.0 0.0 0.0 0.0 0.0 
724 2.504953076538269 0.04162822033894638 0.0 0.0 0.04162822033894638 0.0 0.0 0.0 0.0 0.0 0.0 0.0 0.0 0.0 0.0 0.0 0.0 0.0 0.0 0.0 0.0 0.0 
725 2.508412956478239 0.04176225537630182 0.0 0.0 0.04176225537630182 0.0 0.0 0.0 0.0 0.0 0.0 0.0 0.0 0.0 0.0 0.0 0.0 0.0 0.0 0.0 0.0 0.0 
726 2.5118728364182092 0.04189659291561391 0.0 0.0 0.04189659291561391 0.0 0.0 0.0 0.0 0.0 0.0 0.0 0.0 0.0 0.0 0.0 0.0 0.0 0.0 0.0 0.0 0.0 
727 2.515332716358179 0.042031232897439305 0.0 0.0 0.042031232897439305 0.0 0.0 0.0 0.0 0.0 0.0 0.0 0.0 0.0 0.0 0.0 0.0 0.0 0.0 0.0 0.0 0.0 
728 2.518792596298149 0.04216617525690098 0.0 0.0 0.04216617525690098 0.0 0.0 0.0 0.0 0.0 0.0 0.0 0.0 0.0 0.0 0.0 0.0 0.0 0.0 0.0 0.0 0.0 
729 2.522252476238119 0.042301419923655624 0.0 0.0 0.042301419923655624 0.0 0.0 0.0 0.0 0.0 0.0 0.0 0.0 0.0 0.0 0.0 0.0 0.0 0.0 0.0 0.0 0.0 
730 2.525712356178089 0.04243696682185992 0.0 0.0 0.04243696682185992 0.0 0.0 0.0 0.0 0.0 0.0 0.0 0.0 0.0 0.0 0.0 0.0 0.0 0.0 0.0 0.0 0.0 
731 2.529172236118059 0.04257281587013738 0.0 0.0 0.04257281587013738 0.0 0.0 0.0 0.0 0.0 0.0 0.0 0.0 0.0 0.0 0.0 0.0 0.0 0.0 0.0 0.0 0.0 
732 2.532632116058029 0.0427089669815452 0.0 0.0 0.0427089669815452 0.0 0.0 0.0 0.0 0.0 0.0 0.0 0.0 0.0 0.0 0.0 0.0 0.0 0.0 0.0 0.0 0.0 
733 2.536091995997999 0.042845420063540224 0.0 0.0 0.042845420063540224 0.0 0.0 0.0 0.0 0.0 0.0 0.0 0.0 0.0 0.0 0.0 0.0 0.0 0.0 0.0 0.0 0.0 
734 2.539551875937969 0.04298217501794595 0.0 0.0 0.04298217501794595 0.0 0.0 0.0 0.0 0.0 0.0 0.0 0.0 0.0 0.0 0.0 0.0 0.0 0.0 0.0 0.0 0.0 
735 2.543011755877939 0.04311923174091827 0.0 0.0 0.04311923174091827 0.0 0.0 0.0 0.0 0.0 0.0 0.0 0.0 0.0 0.0 0.0 0.0 0.0 0.0 0.0 0.0 0.0 
736 2.546471635817909 0.043256590122912365 0.0 0.0 0.043256590122912365 0.0 0.0 0.0 0.0 0.0 0.0 0.0 0.0 0.0 0.0 0.0 0.0 0.0 0.0 0.0 0.0 0.0 
737 2.549931515757879 0.043394250048648386 0.0 0.0 0.043394250048648386 0.0 0.0 0.0 0.0 0.0 0.0 0.0 0.0 0.0 0.0 0.0 0.0 0.0 0.0 0.0 0.0 0.0 
738 2.553391395697849 0.0435322113970778 0.0 0.0 0.0435322113970778 0.0 0.0 0.0 0.0 0.0 0.0 0.0 0.0 0.0 0.0 0.0 0.0 0.0 0.0 0.0 0.0 0.0 
739 2.5568512756378188 0.043670474041349314 0.0 0.0 0.043670474041349314 0.0 0.0 0.0 0.0 0.0 0.0 0.0 0.0 0.0 0.0 0.0 0.0 0.0 0.0 0.0 0.0 0.0 
740 2.560311155577789 0.043809037848775045 0.0 0.0 0.043809037848775045 0.0 0.0 0.0 0.0 0.0 0.0 0.0 0.0 0.0 0.0 0.0 0.0 0.0 0.0 0.0 0.0 0.0 
741 2.563771035517759 0.043947902680796014 0.0 0.0 0.043947902680796014 0.0 0.0 0.0 0.0 0.0 0.0 0.0 0.0 0.0 0.0 0.0 0.0 0.0 0.0 0.0 0.0 0.0 
742 2.567230915457729 0.044087068392948105 0.0 0.0 0.044087068392948105 0.0 0.0 0.0 0.0 0.0 0.0 0.0 0.0 0.0 0.0 0.0 0.0 0.0 0.0 0.0 0.0 0.0 
743 2.5706907953976987 0.04422653483482815 0.0 0.0 0.04422653483482815 0.0 0.0 0.0 0.0 0.0 0.0 0.0 0.0 0.0 0.0 0.0 0.0 0.0 0.0 0.0 0.0 0.0 
744 2.574150675337669 0.04436630185005865 0.0 0.0 0.04436630185005865 0.0 0.0 0.0 0.0 0.0 0.0 0.0 0.0 0.0 0.0 0.0 0.0 0.0 0.0 0.0 0.0 0.0 
745 2.577610555277639 0.04450636927625434 0.0 0.0 0.04450636927625434 0.0 0.0 0.0 0.0 0.0 0.0 0.0 0.0 0.0 0.0 0.0 0.0 0.0 0.0 0.0 0.0 0.0 
746 2.5810704352176086 0.04464673694498712 0.0 0.0 0.04464673694498712 0.0 0.0 0.0 0.0 0.0 0.0 0.0 0.0 0.0 0.0 0.0 0.0 0.0 0.0 0.0 0.0 0.0 
747 2.5845303151575787 0.044787404681751436 0.0 0.0 0.044787404681751436 0.0 0.0 0.0 0.0 0.0 0.0 0.0 0.0 0.0 0.0 0.0 0.0 0.0 0.0 0.0 0.0 0.0 
748 2.587990195097549 0.04492837230593004 0.0 0.0 0.04492837230593004 0.0 0.0 0.0 0.0 0.0 0.0 0.0 0.0 0.0 0.0 0.0 0.0 0.0 0.0 0.0 0.0 0.0 
749 2.591450075037519 0.0450696396307587 0.0 0.0 0.0450696396307587 0.0 0.0 0.0 0.0 0.0 0.0 0.0 0.0 0.0 0.0 0.0 0.0 0.0 0.0 0.0 0.0 0.0 
750 2.5949099549774886 0.04521120646329176 0.0 0.0 0.04521120646329176 0.0 0.0 0.0 0.0 0.0 0.0 0.0 0.0 0.0 0.0 0.0 0.0 0.0 0.0 0.0 0.0 0.0 
751 2.5983698349174587 0.04535307260436709 0.0 0.0 0.04535307260436709 0.0 0.0 0.0 0.0 0.0 0.0 0.0 0.0 0.0 0.0 0.0 0.0 0.0 0.0 0.0 0.0 0.0 
752 2.6018297148574288 0.04549523784857139 0.0 0.0 0.04549523784857139 0.0 0.0 0.0 0.0 0.0 0.0 0.0 0.0 0.0 0.0 0.0 0.0 0.0 0.0 0.0 0.0 0.0 
753 2.605289594797399 0.04563770198420464 0.0 0.0 0.04563770198420464 0.0 0.0 0.0 0.0 0.0 0.0 0.0 0.0 0.0 0.0 0.0 0.0 0.0 0.0 0.0 0.0 0.0 
754 2.6087494747373685 0.04578046479324555 0.0 0.0 0.04578046479324555 0.0 0.0 0.0 0.0 0.0 0.0 0.0 0.0 0.0 0.0 0.0 0.0 0.0 0.0 0.0 0.0 0.0 
755 2.6122093546773386 0.04592352605131622 0.0 0.0 0.04592352605131622 0.0 0.0 0.0 0.0 0.0 0.0 0.0 0.0 0.0 0.0 0.0 0.0 0.0 0.0 0.0 0.0 0.0 
756 2.6156692346173087 0.04606688552764658 0.0 0.0 0.04606688552764658 0.0 0.0 0.0 0.0 0.0 0.0 0.0 0.0 0.0 0.0 0.0 0.0 0.0 0.0 0.0 0.0 0.0 
757 2.619129114557279 0.04621054298503981 0.0 0.0 0.04621054298503981 0.0 0.0 0.0 0.0 0.0 0.0 0.0 0.0 0.0 0.0 0.0 0.0 0.0 0.0 0.0 0.0 0.0 
758 2.6225889944972485 0.04635449817983593 0.0 0.0 0.04635449817983593 0.0 0.0 0.0 0.0 0.0 0.0 0.0 0.0 0.0 0.0 0.0 0.0 0.0 0.0 0.0 0.0 0.0 
759 2.6260488744372186 0.0464987508618774 0.0 0.0 0.0464987508618774 0.0 0.0 0.0 0.0 0.0 0.0 0.0 0.0 0.0 0.0 0.0 0.0 0.0 0.0 0.0 0.0 0.0 
760 2.6295087543771887 0.046643300774473054 0.0 0.0 0.046643300774473054 0.0 0.0 0.0 0.0 0.0 0.0 0.0 0.0 0.0 0.0 0.0 0.0 0.0 0.0 0.0 0.0 0.0 
761 2.6329686343171588 0.04678814765436243 0.0 0.0 0.04678814765436243 0.0 0.0 0.0 0.0 0.0 0.0 0.0 0.0 0.0 0.0 0.0 0.0 0.0 0.0 0.0 0.0 0.0 
762 2.6364285142571284 0.04693329123168056 0.0 0.0 0.04693329123168056 0.0 0.0 0.0 0.0 0.0 0.0 0.0 0.0 0.0 0.0 0.0 0.0 0.0 0.0 0.0 0.0 0.0 
763 2.6398883941970985 0.047078731229922066 0.0 0.0 0.047078731229922066 0.0 0.0 0.0 0.0 0.0 0.0 0.0 0.0 0.0 0.0 0.0 0.0 0.0 0.0 0.0 0.0 0.0 
764 2.6433482741370686 0.047224467365905215 0.0 0.0 0.047224467365905215 0.0 0.0 0.0 0.0 0.0 0.0 0.0 0.0 0.0 0.0 0.0 0.0 0.0 0.0 0.0 0.0 0.0 
765 2.6468081540770387 0.04737049934973619 0.0 0.0 0.04737049934973619 0.0 0.0 0.0 0.0 0.0 0.0 0.0 0.0 0.0 0.0 0.0 0.0 0.0 0.0 0.0 0.0 0.0 
766 2.6502680340170084 0.0475168268847737 0.0 0.0 0.0475168268847737 0.0 0.0 0.0 0.0 0.0 0.0 0.0 0.0 0.0 0.0 0.0 0.0 0.0 0.0 0.0 0.0 0.0 
767 2.6537279139569785 0.04766344966759191 0.0 0.0 0.04766344966759191 0.0 0.0 0.0 0.0 0.0 0.0 0.0 0.0 0.0 0.0 0.0 0.0 0.0 0.0 0.0 0.0 0.0 
768 2.6571877938969486 0.04781036738794567 0.0 0.0 0.04781036738794567 0.0 0.0 0.0 0.0 0.0 0.0 0.0 0.0 0.0 0.0 0.0 0.0 0.0 0.0 0.0 0.0 0.0 
769 2.6606476738369182 0.04795757972873347 0.0 0.0 0.04795757972873347 0.0 0.0 0.0 0.0 0.0 0.0 0.0 0.0 0.0 0.0 0.0 0.0 0.0 0.0 0.0 0.0 0.0 
770 2.6641075537768883 0.048105086365962016 0.0 0.0 0.048105086365962016 0.0 0.0 0.0 0.0 0.0 0.0 0.0 0.0 0.0 0.0 0.0 0.0 0.0 0.0 0.0 0.0 0.0 
771 2.6675674337168584 0.04825288696870983 0.0 0.0 0.04825288696870983 0.0 0.0 0.0 0.0 0.0 0.0 0.0 0.0 0.0 0.0 0.0 0.0 0.0 0.0 0.0 0.0 0.0 
772 2.6710273136568286 0.04840098119909035 0.0 0.0 0.04840098119909035 0.0 0.0 0.0 0.0 0.0 0.0 0.0 0.0 0.0 0.0 0.0 0.0 0.0 0.0 0.0 0.0 0.0 
773 2.674487193596798 0.0485493687122168 0.0 0.0 0.0485493687122168 0.0 0.0 0.0 0.0 0.0 0.0 0.0 0.0 0.0 0.0 0.0 0.0 0.0 0.0 0.0 0.0 0.0 
774 2.6779470735367683 0.048698049156164935 0.0 0.0 0.048698049156164935 0.0 0.0 0.0 0.0 0.0 0.0 0.0 0.0 0.0 0.0 0.0 0.0 0.0 0.0 0.0 0.0 0.0 
775 2.6814069534767384 0.04884702217193682 0.0 0.0 0.04884702217193682 0.0 0.0 0.0 0.0 0.0 0.0 0.0 0.0 0.0 0.0 0.0 0.0 0.0 0.0 0.0 0.0 0.0 
776 2.6848668334167085 0.04899628739342464 0.0 0.0 0.04899628739342464 0.0 0.0 0.0 0.0 0.0 0.0 0.0 0.0 0.0 0.0 0.0 0.0 0.0 0.0 0.0 0.0 0.0 
777 2.688326713356678 0.049145844447373944 0.0 0.0 0.049145844447373944 0.0 0.0 0.0 0.0 0.0 0.0 0.0 0.0 0.0 0.0 0.0 0.0 0.0 0.0 0.0 0.0 0.0 
778 2.6917865932966483 0.04929569295334714 0.0 0.0 0.04929569295334714 0.0 0.0 0.0 0.0 0.0 0.0 0.0 0.0 0.0 0.0 0.0 0.0 0.0 0.0 0.0 0.0 0.0 
779 2.6952464732366184 0.04944583252368673 0.0 0.0 0.04944583252368673 0.0 0.0 0.0 0.0 0.0 0.0 0.0 0.0 0.0 0.0 0.0 0.0 0.0 0.0 0.0 0.0 0.0 
780 2.6987063531765885 0.04959626276347884 0.0 0.0 0.04959626276347884 0.0 0.0 0.0 0.0 0.0 0.0 0.0 0.0 0.0 0.0 0.0 0.0 0.0 0.0 0.0 0.0 0.0 
781 2.702166233116558 0.04974698327051631 0.0 0.0 0.04974698327051631 0.0 0.0 0.0 0.0 0.0 0.0 0.0 0.0 0.0 0.0 0.0 0.0 0.0 0.0 0.0 0.0 0.0 
782 2.7056261130565282 0.04989799363526219 0.0 0.0 0.04989799363526219 0.0 0.0 0.0 0.0 0.0 0.0 0.0 0.0 0.0 0.0 0.0 0.0 0.0 0.0 0.0 0.0 0.0 
783 2.7090859929964983 0.050049293440812485 0.0 0.0 0.050049293440812485 0.0 0.0 0.0 0.0 0.0 0.0 0.0 0.0 0.0 0.0 0.0 0.0 0.0 0.0 0.0 0.0 0.0 
784 2.7125458729364684 0.05020088226285966 0.0 0.0 0.05020088226285966 0.0 0.0 0.0 0.0 0.0 0.0 0.0 0.0 0.0 0.0 0.0 0.0 0.0 0.0 0.0 0.0 0.0 
785 2.716005752876438 0.05035275966965575 0.0 0.0 0.05035275966965575 0.0 0.0 0.0 0.0 0.0 0.0 0.0 0.0 0.0 0.0 0.0 0.0 0.0 0.0 0.0 0.0 0.0 
786 2.719465632816408 0.05050492522197486 0.0 0.0 0.05050492522197486 0.0 0.0 0.0 0.0 0.0 0.0 0.0 0.0 0.0 0.0 0.0 0.0 0.0 0.0 0.0 0.0 0.0 
787 2.7229255127563783 0.05065737847307699 0.0 0.0 0.05065737847307699 0.0 0.0 0.0 0.0 0.0 0.0 0.0 0.0 0.0 0.0 0.0 0.0 0.0 0.0 0.0 0.0 0.0 
788 2.7263853926963484 0.050810118968670194 0.0 0.0 0.050810118968670194 0.0 0.0 0.0 0.0 0.0 0.0 0.0 0.0 0.0 0.0 0.0 0.0 0.0 0.0 0.0 0.0 0.0 
789 2.729845272636318 0.05096314624687395 0.0 0.0 0.05096314624687395 0.0 0.0 0.0 0.0 0.0 0.0 0.0 0.0 0.0 0.0 0.0 0.0 0.0 0.0 0.0 0.0 0.0 
790 2.733305152576288 0.05111645983818186 0.0 0.0 0.05111645983818186 0.0 0.0 0.0 0.0 0.0 0.0 0.0 0.0 0.0 0.0 0.0 0.0 0.0 0.0 0.0 0.0 0.0 
791 2.7367650325162582 0.05127005926542467 0.0 0.0 0.05127005926542467 0.0 0.0 0.0 0.0 0.0 0.0 0.0 0.0 0.0 0.0 0.0 0.0 0.0 0.0 0.0 0.0 0.0 
792 2.740224912456228 0.05142394404373258 0.0 0.0 0.05142394404373258 0.0 0.0 0.0 0.0 0.0 0.0 0.0 0.0 0.0 0.0 0.0 0.0 0.0 0.0 0.0 0.0 0.0 
793 2.743684792396198 0.0515781136804987 0.0 0.0 0.0515781136804987 0.0 0.0 0.0 0.0 0.0 0.0 0.0 0.0 0.0 0.0 0.0 0.0 0.0 0.0 0.0 0.0 0.0 
794 2.747144672336168 0.05173256767534116 0.0 0.0 0.05173256767534116 0.0 0.0 0.0 0.0 0.0 0.0 0.0 0.0 0.0 0.0 0.0 0.0 0.0 0.0 0.0 0.0 0.0 
795 2.750604552276138 0.0518873055200659 0.0 0.0 0.0518873055200659 0.0 0.0 0.0 0.0 0.0 0.0 0.0 0.0 0.0 0.0 0.0 0.0 0.0 0.0 0.0 0.0 0.0 
796 2.754064432216108 0.05204232669862983 0.0 0.0 0.05204232669862983 0.0 0.0 0.0 0.0 0.0 0.0 0.0 0.0 0.0 0.0 0.0 0.0 0.0 0.0 0.0 0.0 0.0 
797 2.757524312156078 0.05219763068710241 0.0 0.0 0.05219763068710241 0.0 0.0 0.0 0.0 0.0 0.0 0.0 0.0 0.0 0.0 0.0 0.0 0.0 0.0 0.0 0.0 0.0 
798 2.760984192096048 0.05235321695362924 0.0 0.0 0.05235321695362924 0.0 0.0 0.0 0.0 0.0 0.0 0.0 0.0 0.0 0.0 0.0 0.0 0.0 0.0 0.0 0.0 0.0 
799 2.764444072036018 0.05250908495839416 0.0 0.0 0.05250908495839416 0.0 0.0 0.0 0.0 0.0 0.0 0.0 0.0 0.0 0.0 0.0 0.0 0.0 0.0 0.0 0.0 0.0 
800 2.767903951975988 0.05266523415358138 0.0 0.0 0.05266523415358138 0.0 0.0 0.0 0.0 0.0 0.0 0.0 0.0 0.0 0.0 0.0 0.0 0.0 0.0 0.0 0.0 0.0 
801 2.771363831915958 0.05282166398333905 0.0 0.0 0.05282166398333905 0.0 0.0 0.0 0.0 0.0 0.0 0.0 0.0 0.0 0.0 0.0 0.0 0.0 0.0 0.0 0.0 0.0 
802 2.774823711855928 0.05297837388374038 0.0 0.0 0.05297837388374038 0.0 0.0 0.0 0.0 0.0 0.0 0.0 0.0 0.0 0.0 0.0 0.0 0.0 0.0 0.0 0.0 0.0 
803 2.778283591795898 0.053135363282747025 0.0 0.0 0.053135363282747025 0.0 0.0 0.0 0.0 0.0 0.0 0.0 0.0 0.0 0.0 0.0 0.0 0.0 0.0 0.0 0.0 0.0 
804 2.781743471735868 0.053292631600170906 0.0 0.0 0.053292631600170906 0.0 0.0 0.0 0.0 0.0 0.0 0.0 0.0 0.0 0.0 0.0 0.0 0.0 0.0 0.0 0.0 0.0 
805 2.785203351675838 0.05345017824763714 0.0 0.0 0.05345017824763714 0.0 0.0 0.0 0.0 0.0 0.0 0.0 0.0 0.0 0.0 0.0 0.0 0.0 0.0 0.0 0.0 0.0 
806 2.788663231615808 0.05360800262854569 0.0 0.0 0.05360800262854569 0.0 0.0 0.0 0.0 0.0 0.0 0.0 0.0 0.0 0.0 0.0 0.0 0.0 0.0 0.0 0.0 0.0 
807 2.792123111555778 0.053766104138034405 0.0 0.0 0.053766104138034405 0.0 0.0 0.0 0.0 0.0 0.0 0.0 0.0 0.0 0.0 0.0 0.0 0.0 0.0 0.0 0.0 0.0 
808 2.7955829914957477 0.0539244821629406 0.0 0.0 0.0539244821629406 0.0 0.0 0.0 0.0 0.0 0.0 0.0 0.0 0.0 0.0 0.0 0.0 0.0 0.0 0.0 0.0 0.0 
809 2.799042871435718 0.05408313608176401 0.0 0.0 0.05408313608176401 0.0 0.0 0.0 0.0 0.0 0.0 0.0 0.0 0.0 0.0 0.0 0.0 0.0 0.0 0.0 0.0 0.0 
810 2.802502751375688 0.05424206526462887 0.0 0.0 0.05424206526462887 0.0 0.0 0.0 0.0 0.0 0.0 0.0 0.0 0.0 0.0 0.0 0.0 0.0 0.0 0.0 0.0 0.0 
811 2.805962631315658 0.0544012690732454 0.0 0.0 0.0544012690732454 0.0 0.0 0.0 0.0 0.0 0.0 0.0 0.0 0.0 0.0 0.0 0.0 0.0 0.0 0.0 0.0 0.0 
812 2.8094225112556277 0.05456074686087333 0.0 0.0 0.05456074686087333 0.0 0.0 0.0 0.0 0.0 0.0 0.0 0.0 0.0 0.0 0.0 0.0 0.0 0.0 0.0 0.0 0.0 
813 2.812882391195598 0.05472049797228311 0.0 0.0 0.05472049797228311 0.0 0.0 0.0 0.0 0.0 0.0 0.0 0.0 0.0 0.0 0.0 0.0 0.0 0.0 0.0 0.0 0.0 
814 2.816342271135568 0.05488052174371829 0.0 0.0 0.05488052174371829 0.0 0.0 0.0 0.0 0.0 0.0 0.0 0.0 0.0 0.0 0.0 0.0 0.0 0.0 0.0 0.0 0.0 
815 2.8198021510755376 0.055040817502858067 0.0 0.0 0.055040817502858067 0.0 0.0 0.0 0.0 0.0 0.0 0.0 0.0 0.0 0.0 0.0 0.0 0.0 0.0 0.0 0.0 0.0 
816 2.8232620310155077 0.05520138456877927 0.0 0.0 0.05520138456877927 0.0 0.0 0.0 0.0 0.0 0.0 0.0 0.0 0.0 0.0 0.0 0.0 0.0 0.0 0.0 0.0 0.0 
817 2.8267219109554778 0.05536222225191826 0.0 0.0 0.05536222225191826 0.0 0.0 0.0 0.0 0.0 0.0 0.0 0.0 0.0 0.0 0.0 0.0 0.0 0.0 0.0 0.0 0.0 
818 2.830181790895448 0.05552332985403328 0.0 0.0 0.05552332985403328 0.0 0.0 0.0 0.0 0.0 0.0 0.0 0.0 0.0 0.0 0.0 0.0 0.0 0.0 0.0 0.0 0.0 
819 2.8336416708354175 0.055684706668166696 0.0 0.0 0.055684706668166696 0.0 0.0 0.0 0.0 0.0 0.0 0.0 0.0 0.0 0.0 0.0 0.0 0.0 0.0 0.0 0.0 0.0 
820 2.8371015507753876 0.05584635197860687 0.0 0.0 0.05584635197860687 0.0 0.0 0.0 0.0 0.0 0.0 0.0 0.0 0.0 0.0 0.0 0.0 0.0 0.0 0.0 0.0 0.0 
821 2.8405614307153577 0.05600826506085068 0.0 0.0 0.05600826506085068 0.0 0.0 0.0 0.0 0.0 0.0 0.0 0.0 0.0 0.0 0.0 0.0 0.0 0.0 0.0 0.0 0.0 
822 2.844021310655328 0.05617044518156499 0.0 0.0 0.05617044518156499 0.0 0.0 0.0 0.0 0.0 0.0 0.0 0.0 0.0 0.0 0.0 0.0 0.0 0.0 0.0 0.0 0.0 
823 2.8474811905952975 0.056332891598549414 0.0 0.0 0.056332891598549414 0.0 0.0 0.0 0.0 0.0 0.0 0.0 0.0 0.0 0.0 0.0 0.0 0.0 0.0 0.0 0.0 0.0 
824 2.8509410705352676 0.05649560356069851 0.0 0.0 0.05649560356069851 0.0 0.0 0.0 0.0 0.0 0.0 0.0 0.0 0.0 0.0 0.0 0.0 0.0 0.0 0.0 0.0 0.0 
825 2.8544009504752377 0.056658580307962676 0.0 0.0 0.056658580307962676 0.0 0.0 0.0 0.0 0.0 0.0 0.0 0.0 0.0 0.0 0.0 0.0 0.0 0.0 0.0 0.0 0.0 
826 2.8578608304152078 0.056821821071312076 0.0 0.0 0.056821821071312076 0.0 0.0 0.0 0.0 0.0 0.0 0.0 0.0 0.0 0.0 0.0 0.0 0.0 0.0 0.0 0.0 0.0 
827 2.8613207103551774 0.05698532507269731 0.0 0.0 0.05698532507269731 0.0 0.0 0.0 0.0 0.0 0.0 0.0 0.0 0.0 0.0 0.0 0.0 0.0 0.0 0.0 0.0 0.0 
828 2.8647805902951475 0.05714909152501204 0.0 0.0 0.05714909152501204 0.0 0.0 0.0 0.0 0.0 0.0 0.0 0.0 0.0 0.0 0.0 0.0 0.0 0.0 0.0 0.0 0.0 
829 2.8682404702351176 0.05731311963205534 0.0 0.0 0.05731311963205534 0.0 0.0 0.0 0.0 0.0 0.0 0.0 0.0 0.0 0.0 0.0 0.0 0.0 0.0 0.0 0.0 0.0 
830 2.8717003501750877 0.057477408588493664 0.0 0.0 0.057477408588493664 0.0 0.0 0.0 0.0 0.0 0.0 0.0 0.0 0.0 0.0 0.0 0.0 0.0 0.0 0.0 0.0 0.0 
831 2.8751602301150574 0.05764195757982259 0.0 0.0 0.05764195757982259 0.0 0.0 0.0 0.0 0.0 0.0 0.0 0.0 0.0 0.0 0.0 0.0 0.0 0.0 0.0 0.0 0.0 
832 2.8786201100550275 0.05780676578232975 0.0 0.0 0.05780676578232975 0.0 0.0 0.0 0.0 0.0 0.0 0.0 0.0 0.0 0.0 0.0 0.0 0.0 0.0 0.0 0.0 0.0 
833 2.8820799899949976 0.05797183236305632 0.0 0.0 0.05797183236305632 0.0 0.0 0.0 0.0 0.0 0.0 0.0 0.0 0.0 0.0 0.0 0.0 0.0 0.0 0.0 0.0 0.0 
834 2.8855398699349677 0.05813715647975932 0.0 0.0 0.05813715647975932 0.0 0.0 0.0 0.0 0.0 0.0 0.0 0.0 0.0 0.0 0.0 0.0 0.0 0.0 0.0 0.0 0.0 
835 2.8889997498749374 0.05830273728087448 0.0 0.0 0.05830273728087448 0.0 0.0 0.0 0.0 0.0 0.0 0.0 0.0 0.0 0.0 0.0 0.0 0.0 0.0 0.0 0.0 0.0 
836 2.8924596298149075 0.058468573905477036 0.0 0.0 0.058468573905477036 0.0 0.0 0.0 0.0 0.0 0.0 0.0 0.0 0.0 0.0 0.0 0.0 0.0 0.0 0.0 0.0 0.0 
837 2.8959195097548776 0.05863466548324546 0.0 0.0 0.05863466548324546 0.0 0.0 0.0 0.0 0.0 0.0 0.0 0.0 0.0 0.0 0.0 0.0 0.0 0.0 0.0 0.0 0.0 
838 2.899379389694847 0.058801011134422834 0.0 0.0 0.058801011134422834 0.0 0.0 0.0 0.0 0.0 0.0 0.0 0.0 0.0 0.0 0.0 0.0 0.0 0.0 0.0 0.0 0.0 
839 2.9028392696348173 0.058967609969779164 0.0 0.0 0.058967609969779164 0.0 0.0 0.0 0.0 0.0 0.0 0.0 0.0 0.0 0.0 0.0 0.0 0.0 0.0 0.0 0.0 0.0 
840 2.9062991495747874 0.059134461090574165 0.0 0.0 0.059134461090574165 0.0 0.0 0.0 0.0 0.0 0.0 0.0 0.0 0.0 0.0 0.0 0.0 0.0 0.0 0.0 0.0 0.0 
841 2.9097590295147575 0.059301563588518826 0.0 0.0 0.059301563588518826 0.0 0.0 0.0 0.0 0.0 0.0 0.0 0.0 0.0 0.0 0.0 0.0 0.0 0.0 0.0 0.0 0.0 
842 2.913218909454727 0.059468916545738396 0.0 0.0 0.059468916545738396 0.0 0.0 0.0 0.0 0.0 0.0 0.0 0.0 0.0 0.0 0.0 0.0 0.0 0.0 0.0 0.0 0.0 
843 2.9166787893946973 0.05963651903473414 0.0 0.0 0.05963651903473414 0.0 0.0 0.0 0.0 0.0 0.0 0.0 0.0 0.0 0.0 0.0 0.0 0.0 0.0 0.0 0.0 0.0 
844 2.9201386693346674 0.05980437011834648 0.0 0.0 0.05980437011834648 0.0 0.0 0.0 0.0 0.0 0.0 0.0 0.0 0.0 0.0 0.0 0.0 0.0 0.0 0.0 0.0 0.0 
845 2.9235985492746375 0.05997246884971651 0.0 0.0 0.05997246884971651 0.0 0.0 0.0 0.0 0.0 0.0 0.0 0.0 0.0 0.0 0.0 0.0 0.0 0.0 0.0 0.0 0.0 
846 2.927058429214607 0.0601408142722493 0.0 0.0 0.0601408142722493 0.0 0.0 0.0 0.0 0.0 0.0 0.0 0.0 0.0 0.0 0.0 0.0 0.0 0.0 0.0 0.0 0.0 
847 2.9305183091545772 0.060309405419575704 0.0 0.0 0.060309405419575704 0.0 0.0 0.0 0.0 0.0 0.0 0.0 0.0 0.0 0.0 0.0 0.0 0.0 0.0 0.0 0.0 0.0 
848 2.9339781890945473 0.06047824131551527 0.0 0.0 0.06047824131551527 0.0 0.0 0.0 0.0 0.0 0.0 0.0 0.0 0.0 0.0 0.0 0.0 0.0 0.0 0.0 0.0 0.0 
849 2.9374380690345174 0.06064732097403874 0.0 0.0 0.06064732097403874 0.0 0.0 0.0 0.0 0.0 0.0 0.0 0.0 0.0 0.0 0.0 0.0 0.0 0.0 0.0 0.0 0.0 
850 2.940897948974487 0.060816643399230264 0.0 0.0 0.060816643399230264 0.0 0.0 0.0 0.0 0.0 0.0 0.0 0.0 0.0 0.0 0.0 0.0 0.0 0.0 0.0 0.0 0.0 
851 2.944357828914457 0.06098620758525052 0.0 0.0 0.06098620758525052 0.0 0.0 0.0 0.0 0.0 0.0 0.0 0.0 0.0 0.0 0.0 0.0 0.0 0.0 0.0 0.0 0.0 
852 2.9478177088544273 0.0611560125162993 0.0 0.0 0.0611560125162993 0.0 0.0 0.0 0.0 0.0 0.0 0.0 0.0 0.0 0.0 0.0 0.0 0.0 0.0 0.0 0.0 0.0 
853 2.9512775887943974 0.06132605716657773 0.0 0.0 0.06132605716657773 0.0 0.0 0.0 0.0 0.0 0.0 0.0 0.0 0.0 0.0 0.0 0.0 0.0 0.0 0.0 0.0 0.0 
854 2.954737468734367 0.06149634050025159 0.0 0.0 0.06149634050025159 0.0 0.0 0.0 0.0 0.0 0.0 0.0 0.0 0.0 0.0 0.0 0.0 0.0 0.0 0.0 0.0 0.0 
855 2.958197348674337 0.06166686147141419 0.0 0.0 0.06166686147141419 0.0 0.0 0.0 0.0 0.0 0.0 0.0 0.0 0.0 0.0 0.0 0.0 0.0 0.0 0.0 0.0 0.0 
856 2.9616572286143072 0.06183761902404842 0.0 0.0 0.06183761902404842 0.0 0.0 0.0 0.0 0.0 0.0 0.0 0.0 0.0 0.0 0.0 0.0 0.0 0.0 0.0 0.0 0.0 
857 2.9651171085542773 0.0620086120919906 0.0 0.0 0.0620086120919906 0.0 0.0 0.0 0.0 0.0 0.0 0.0 0.0 0.0 0.0 0.0 0.0 0.0 0.0 0.0 0.0 0.0 
858 2.968576988494247 0.062179839598892644 0.0 0.0 0.062179839598892644 0.0 0.0 0.0 0.0 0.0 0.0 0.0 0.0 0.0 0.0 0.0 0.0 0.0 0.0 0.0 0.0 0.0 
859 2.972036868434217 0.062351300458185675 0.0 0.0 0.062351300458185675 0.0 0.0 0.0 0.0 0.0 0.0 0.0 0.0 0.0 0.0 0.0 0.0 0.0 0.0 0.0 0.0 0.0 
860 2.975496748374187 0.06252299357304286 0.0 0.0 0.06252299357304286 0.0 0.0 0.0 0.0 0.0 0.0 0.0 0.0 0.0 0.0 0.0 0.0 0.0 0.0 0.0 0.0 0.0 
861 2.9789566283141573 0.06269491783634222 0.0 0.0 0.06269491783634222 0.0 0.0 0.0 0.0 0.0 0.0 0.0 0.0 0.0 0.0 0.0 0.0 0.0 0.0 0.0 0.0 0.0 
862 2.982416508254127 0.0628670721306303 0.0 0.0 0.0628670721306303 0.0 0.0 0.0 0.0 0.0 0.0 0.0 0.0 0.0 0.0 0.0 0.0 0.0 0.0 0.0 0.0 0.0 
863 2.985876388194097 0.06303945532808541 0.0 0.0 0.06303945532808541 0.0 0.0 0.0 0.0 0.0 0.0 0.0 0.0 0.0 0.0 0.0 0.0 0.0 0.0 0.0 0.0 0.0 
864 2.989336268134067 0.06321206629048018 0.0 0.0 0.06321206629048018 0.0 0.0 0.0 0.0 0.0 0.0 0.0 0.0 0.0 0.0 0.0 0.0 0.0 0.0 0.0 0.0 0.0 
865 2.992796148074037 0.06338490386914593 0.0 0.0 0.06338490386914593 0.0 0.0 0.0 0.0 0.0 0.0 0.0 0.0 0.0 0.0 0.0 0.0 0.0 0.0 0.0 0.0 0.0 
866 2.996256028014007 0.06355796690493544 0.0 0.0 0.06355796690493544 0.0 0.0 0.0 0.0 0.0 0.0 0.0 0.0 0.0 0.0 0.0 0.0 0.0 0.0 0.0 0.0 0.0 
867 2.999715907953977 0.0637312542281865 0.0 0.0 0.0637312542281865 0.0 0.0 0.0 0.0 0.0 0.0 0.0 0.0 0.0 0.0 0.0 0.0 0.0 0.0 0.0 0.0 0.0 
868 3.003175787893947 0.06390476465868584 0.0 0.0 0.06390476465868584 0.0 0.0 0.0 0.0 0.0 0.0 0.0 0.0 0.0 0.0 0.0 0.0 0.0 0.0 0.0 0.0 0.0 
869 3.006635667833917 0.06407849700563256 0.0 0.0 0.06407849700563256 0.0 0.0 0.0 0.0 0.0 0.0 0.0 0.0 0.0 0.0 0.0 0.0 0.0 0.0 0.0 0.0 0.0 
870 3.010095547773887 0.06425245006760168 0.0 0.0 0.06425245006760168 0.0 0.0 0.0 0.0 0.0 0.0 0.0 0.0 0.0 0.0 0.0 0.0 0.0 0.0 0.0 0.0 0.0 
871 3.013555427713857 0.06442662263250841 0.0 0.0 0.06442662263250841 0.0 0.0 0.0 0.0 0.0 0.0 0.0 0.0 0.0 0.0 0.0 0.0 0.0 0.0 0.0 0.0 0.0 
872 3.017015307653827 0.06460101347757126 0.0 0.0 0.06460101347757126 0.0 0.0 0.0 0.0 0.0 0.0 0.0 0.0 0.0 0.0 0.0 0.0 0.0 0.0 0.0 0.0 0.0 
873 3.0204751875937967 0.06477562136927682 0.0 0.0 0.06477562136927682 0.0 0.0 0.0 0.0 0.0 0.0 0.0 0.0 0.0 0.0 0.0 0.0 0.0 0.0 0.0 0.0 0.0 
874 3.023935067533767 0.06495044506334341 0.0 0.0 0.06495044506334341 0.0 0.0 0.0 0.0 0.0 0.0 0.0 0.0 0.0 0.0 0.0 0.0 0.0 0.0 0.0 0.0 0.0 
875 3.027394947473737 0.06512548330468494 0.0 0.0 0.06512548330468494 0.0 0.0 0.0 0.0 0.0 0.0 0.0 0.0 0.0 0.0 0.0 0.0 0.0 0.0 0.0 0.0 0.0 
876 3.030854827413707 0.06530073482737568 0.0 0.0 0.06530073482737568 0.0 0.0 0.0 0.0 0.0 0.0 0.0 0.0 0.0 0.0 0.0 0.0 0.0 0.0 0.0 0.0 0.0 
877 3.0343147073536767 0.06547619835461424 0.0 0.0 0.06547619835461424 0.0 0.0 0.0 0.0 0.0 0.0 0.0 0.0 0.0 0.0 0.0 0.0 0.0 0.0 0.0 0.0 0.0 
878 3.037774587293647 0.06565187259868789 0.0 0.0 0.06565187259868789 0.0 0.0 0.0 0.0 0.0 0.0 0.0 0.0 0.0 0.0 0.0 0.0 0.0 0.0 0.0 0.0 0.0 
879 3.041234467233617 0.06582775626093723 0.0 0.0 0.06582775626093723 0.0 0.0 0.0 0.0 0.0 0.0 0.0 0.0 0.0 0.0 0.0 0.0 0.0 0.0 0.0 0.0 0.0 
880 3.044694347173587 0.06600384803172081 0.0 0.0 0.06600384803172081 0.0 0.0 0.0 0.0 0.0 0.0 0.0 0.0 0.0 0.0 0.0 0.0 0.0 0.0 0.0 0.0 0.0 
881 3.0481542271135567 0.06618014659037937 0.0 0.0 0.06618014659037937 0.0 0.0 0.0 0.0 0.0 0.0 0.0 0.0 0.0 0.0 0.0 0.0 0.0 0.0 0.0 0.0 0.0 
882 3.0516141070535268 0.06635665060520106 0.0 0.0 0.06635665060520106 0.0 0.0 0.0 0.0 0.0 0.0 0.0 0.0 0.0 0.0 0.0 0.0 0.0 0.0 0.0 0.0 0.0 
883 3.055073986993497 0.06653335873338642 0.0 0.0 0.06653335873338642 0.0 0.0 0.0 0.0 0.0 0.0 0.0 0.0 0.0 0.0 0.0 0.0 0.0 0.0 0.0 0.0 0.0 
884 3.058533866933467 0.06671026962101263 0.0 0.0 0.06671026962101263 0.0 0.0 0.0 0.0 0.0 0.0 0.0 0.0 0.0 0.0 0.0 0.0 0.0 0.0 0.0 0.0 0.0 
885 3.0619937468734366 0.06688738190299952 0.0 0.0 0.06688738190299952 0.0 0.0 0.0 0.0 0.0 0.0 0.0 0.0 0.0 0.0 0.0 0.0 0.0 0.0 0.0 0.0 0.0 
886 3.0654536268134067 0.06706469420307408 0.0 0.0 0.06706469420307408 0.0 0.0 0.0 0.0 0.0 0.0 0.0 0.0 0.0 0.0 0.0 0.0 0.0 0.0 0.0 0.0 0.0 
887 3.068913506753377 0.0672422051337361 0.0 0.0 0.0672422051337361 0.0 0.0 0.0 0.0 0.0 0.0 0.0 0.0 0.0 0.0 0.0 0.0 0.0 0.0 0.0 0.0 0.0 
888 3.0723733866933465 0.0674199132962236 0.0 0.0 0.0674199132962236 0.0 0.0 0.0 0.0 0.0 0.0 0.0 0.0 0.0 0.0 0.0 0.0 0.0 0.0 0.0 0.0 0.0 
889 3.0758332666333166 0.06759781728047777 0.0 0.0 0.06759781728047777 0.0 0.0 0.0 0.0 0.0 0.0 0.0 0.0 0.0 0.0 0.0 0.0 0.0 0.0 0.0 0.0 0.0 
890 3.0792931465732867 0.0677759156651096 0.0 0.0 0.0677759156651096 0.0 0.0 0.0 0.0 0.0 0.0 0.0 0.0 0.0 0.0 0.0 0.0 0.0 0.0 0.0 0.0 0.0 
891 3.0827530265132568 0.06795420701736504 0.0 0.0 0.06795420701736504 0.0 0.0 0.0 0.0 0.0 0.0 0.0 0.0 0.0 0.0 0.0 0.0 0.0 0.0 0.0 0.0 0.0 
892 3.0862129064532264 0.06813268989309061 0.0 0.0 0.06813268989309061 0.0 0.0 0.0 0.0 0.0 0.0 0.0 0.0 0.0 0.0 0.0 0.0 0.0 0.0 0.0 0.0 0.0 
893 3.0896727863931965 0.0683113628367003 0.0 0.0 0.0683113628367003 0.0 0.0 0.0 0.0 0.0 0.0 0.0 0.0 0.0 0.0 0.0 0.0 0.0 0.0 0.0 0.0 0.0 
894 3.0931326663331666 0.068490224381141 0.0 0.0 0.068490224381141 0.0 0.0 0.0 0.0 0.0 0.0 0.0 0.0 0.0 0.0 0.0 0.0 0.0 0.0 0.0 0.0 0.0 
895 3.0965925462731367 0.06866927304785868 0.0 0.0 0.06866927304785868 0.0 0.0 0.0 0.0 0.0 0.0 0.0 0.0 0.0 0.0 0.0 0.0 0.0 0.0 0.0 0.0 0.0 
896 3.1000524262131064 0.0688485073467655 0.0 0.0 0.0688485073467655 0.0 0.0 0.0 0.0 0.0 0.0 0.0 0.0 0.0 0.0 0.0 0.0 0.0 0.0 0.0 0.0 0.0 
897 3.1035123061530765 0.06902792577620537 0.0 0.0 0.06902792577620537 0.0 0.0 0.0 0.0 0.0 0.0 0.0 0.0 0.0 0.0 0.0 0.0 0.0 0.0 0.0 0.0 0.0 
898 3.1069721860930466 0.06920752682292163 0.0 0.0 0.06920752682292163 0.0 0.0 0.0 0.0 0.0 0.0 0.0 0.0 0.0 0.0 0.0 0.0 0.0 0.0 0.0 0.0 0.0 
899 3.1104320660330167 0.06938730896202328 0.0 0.0 0.06938730896202328 0.0 0.0 0.0 0.0 0.0 0.0 0.0 0.0 0.0 0.0 0.0 0.0 0.0 0.0 0.0 0.0 0.0 
900 3.1138919459729864 0.0695672706569515 0.0 0.0 0.0695672706569515 0.0 0.0 0.0 0.0 0.0 0.0 0.0 0.0 0.0 0.0 0.0 0.0 0.0 0.0 0.0 0.0 0.0 
901 3.1173518259129565 0.069747410359448 0.0 0.0 0.069747410359448 0.0 0.0 0.0 0.0 0.0 0.0 0.0 0.0 0.0 0.0 0.0 0.0 0.0 0.0 0.0 0.0 0.0 
902 3.1208117058529266 0.06992772650952107 0.0 0.0 0.06992772650952107 0.0 0.0 0.0 0.0 0.0 0.0 0.0 0.0 0.0 0.0 0.0 0.0 0.0 0.0 0.0 0.0 0.0 
903 3.1242715857928967 0.07010821753541331 0.0 0.0 0.07010821753541331 0.0 0.0 0.0 0.0 0.0 0.0 0.0 0.0 0.0 0.0 0.0 0.0 0.0 0.0 0.0 0.0 0.0 
904 3.1277314657328663 0.07028888185356941 0.0 0.0 0.07028888185356941 0.0 0.0 0.0 0.0 0.0 0.0 0.0 0.0 0.0 0.0 0.0 0.0 0.0 0.0 0.0 0.0 0.0 
905 3.1311913456728364 0.0704697178686036 0.0 0.0 0.0704697178686036 0.0 0.0 0.0 0.0 0.0 0.0 0.0 0.0 0.0 0.0 0.0 0.0 0.0 0.0 0.0 0.0 0.0 
906 3.1346512256128065 0.07065072397326738 0.0 0.0 0.07065072397326738 0.0 0.0 0.0 0.0 0.0 0.0 0.0 0.0 0.0 0.0 0.0 0.0 0.0 0.0 0.0 0.0 0.0 
907 3.1381111055527766 0.07083189854841786 0.0 0.0 0.07083189854841786 0.0 0.0 0.0 0.0 0.0 0.0 0.0 0.0 0.0 0.0 0.0 0.0 0.0 0.0 0.0 0.0 0.0 
908 3.1415709854927463 0.07101323996298566 0.0 0.0 0.07101323996298566 0.0 0.0 0.0 0.0 0.0 0.0 0.0 0.0 0.0 0.0 0.0 0.0 0.0 0.0 0.0 0.0 0.0 
909 3.1450308654327164 0.07119474657394326 0.0 0.0 0.07119474657394326 0.0 0.0 0.0 0.0 0.0 0.0 0.0 0.0 0.0 0.0 0.0 0.0 0.0 0.0 0.0 0.0 0.0 
910 3.1484907453726865 0.07137641672627364 0.0 0.0 0.07137641672627364 0.0 0.0 0.0 0.0 0.0 0.0 0.0 0.0 0.0 0.0 0.0 0.0 0.0 0.0 0.0 0.0 0.0 
911 3.151950625312656 0.07155824875293845 0.0 0.0 0.07155824875293845 0.0 0.0 0.0 0.0 0.0 0.0 0.0 0.0 0.0 0.0 0.0 0.0 0.0 0.0 0.0 0.0 0.0 
912 3.1554105052526262 0.07174024097484748 0.0 0.0 0.07174024097484748 0.0 0.0 0.0 0.0 0.0 0.0 0.0 0.0 0.0 0.0 0.0 0.0 0.0 0.0 0.0 0.0 0.0 
913 3.1588703851925963 0.07192239170082738 0.0 0.0 0.07192239170082738 0.0 0.0 0.0 0.0 0.0 0.0 0.0 0.0 0.0 0.0 0.0 0.0 0.0 0.0 0.0 0.0 0.0 
914 3.1623302651325664 0.07210469922759044 0.0 0.0 0.07210469922759044 0.0 0.0 0.0 0.0 0.0 0.0 0.0 0.0 0.0 0.0 0.0 0.0 0.0 0.0 0.0 0.0 0.0 
915 3.165790145072536 0.07228716183970459 0.0 0.0 0.07228716183970459 0.0 0.0 0.0 0.0 0.0 0.0 0.0 0.0 0.0 0.0 0.0 0.0 0.0 0.0 0.0 0.0 0.0 
916 3.169250025012506 0.07246977780956282 0.0 0.0 0.07246977780956282 0.0 0.0 0.0 0.0 0.0 0.0 0.0 0.0 0.0 0.0 0.0 0.0 0.0 0.0 0.0 0.0 0.0 
917 3.1727099049524763 0.07265254539735212 0.0 0.0 0.07265254539735212 0.0 0.0 0.0 0.0 0.0 0.0 0.0 0.0 0.0 0.0 0.0 0.0 0.0 0.0 0.0 0.0 0.0 
918 3.1761697848924464 0.07283546285102441 0.0 0.0 0.07283546285102441 0.0 0.0 0.0 0.0 0.0 0.0 0.0 0.0 0.0 0.0 0.0 0.0 0.0 0.0 0.0 0.0 0.0 
919 3.179629664832416 0.07301852840626624 0.0 0.0 0.07301852840626624 0.0 0.0 0.0 0.0 0.0 0.0 0.0 0.0 0.0 0.0 0.0 0.0 0.0 0.0 0.0 0.0 0.0 
920 3.183089544772386 0.07320174028646843 0.0 0.0 0.07320174028646843 0.0 0.0 0.0 0.0 0.0 0.0 0.0 0.0 0.0 0.0 0.0 0.0 0.0 0.0 0.0 0.0 0.0 
921 3.1865494247123562 0.07338509670269767 0.0 0.0 0.07338509670269767 0.0 0.0 0.0 0.0 0.0 0.0 0.0 0.0 0.0 0.0 0.0 0.0 0.0 0.0 0.0 0.0 0.0 
922 3.1900093046523263 0.07356859585366662 0.0 0.0 0.07356859585366662 0.0 0.0 0.0 0.0 0.0 0.0 0.0 0.0 0.0 0.0 0.0 0.0 0.0 0.0 0.0 0.0 0.0 
923 3.193469184592296 0.07375223592570423 0.0 0.0 0.07375223592570423 0.0 0.0 0.0 0.0 0.0 0.0 0.0 0.0 0.0 0.0 0.0 0.0 0.0 0.0 0.0 0.0 0.0 
924 3.196929064532266 0.07393601509272825 0.0 0.0 0.07393601509272825 0.0 0.0 0.0 0.0 0.0 0.0 0.0 0.0 0.0 0.0 0.0 0.0 0.0 0.0 0.0 0.0 0.0 
925 3.200388944472236 0.07411993151621481 0.0 0.0 0.07411993151621481 0.0 0.0 0.0 0.0 0.0 0.0 0.0 0.0 0.0 0.0 0.0 0.0 0.0 0.0 0.0 0.0 0.0 
926 3.2038488244122063 0.07430398334517123 0.0 0.0 0.07430398334517123 0.0 0.0 0.0 0.0 0.0 0.0 0.0 0.0 0.0 0.0 0.0 0.0 0.0 0.0 0.0 0.0 0.0 
927 3.207308704352176 0.07448816871610721 0.0 0.0 0.07448816871610721 0.0 0.0 0.0 0.0 0.0 0.0 0.0 0.0 0.0 0.0 0.0 0.0 0.0 0.0 0.0 0.0 0.0 
928 3.210768584292146 0.07467248575300629 0.0 0.0 0.07467248575300629 0.0 0.0 0.0 0.0 0.0 0.0 0.0 0.0 0.0 0.0 0.0 0.0 0.0 0.0 0.0 0.0 0.0 
929 3.214228464232116 0.07485693256729896 0.0 0.0 0.07485693256729896 0.0 0.0 0.0 0.0 0.0 0.0 0.0 0.0 0.0 0.0 0.0 0.0 0.0 0.0 0.0 0.0 0.0 
930 3.2176883441720863 0.07504150725783441 0.0 0.0 0.07504150725783441 0.0 0.0 0.0 0.0 0.0 0.0 0.0 0.0 0.0 0.0 0.0 0.0 0.0 0.0 0.0 0.0 0.0 
931 3.221148224112056 0.07522620791085274 0.0 0.0 0.07522620791085274 0.0 0.0 0.0 0.0 0.0 0.0 0.0 0.0 0.0 0.0 0.0 0.0 0.0 0.0 0.0 0.0 0.0 
932 3.224608104052026 0.0754110325999588 0.0 0.0 0.0754110325999588 0.0 0.0 0.0 0.0 0.0 0.0 0.0 0.0 0.0 0.0 0.0 0.0 0.0 0.0 0.0 0.0 0.0 
933 3.228067983991996 0.07559597938609437 0.0 0.0 0.07559597938609437 0.0 0.0 0.0 0.0 0.0 0.0 0.0 0.0 0.0 0.0 0.0 0.0 0.0 0.0 0.0 0.0 0.0 
934 3.231527863931966 0.07578104631751145 0.0 0.0 0.07578104631751145 0.0 0.0 0.0 0.0 0.0 0.0 0.0 0.0 0.0 0.0 0.0 0.0 0.0 0.0 0.0 0.0 0.0 
935 3.234987743871936 0.07596623142974626 0.0 0.0 0.07596623142974626 0.0 0.0 0.0 0.0 0.0 0.0 0.0 0.0 0.0 0.0 0.0 0.0 0.0 0.0 0.0 0.0 0.0 
936 3.238447623811906 0.07615153274559237 0.0 0.0 0.07615153274559237 0.0 0.0 0.0 0.0 0.0 0.0 0.0 0.0 0.0 0.0 0.0 0.0 0.0 0.0 0.0 0.0 0.0 
937 3.241907503751876 0.07633694827507524 0.0 0.0 0.07633694827507524 0.0 0.0 0.0 0.0 0.0 0.0 0.0 0.0 0.0 0.0 0.0 0.0 0.0 0.0 0.0 0.0 0.0 
938 3.2453673836918457 0.07652247601542611 0.0 0.0 0.07652247601542611 0.0 0.0 0.0 0.0 0.0 0.0 0.0 0.0 0.0 0.0 0.0 0.0 0.0 0.0 0.0 0.0 0.0 
939 3.248827263631816 0.07670811395105634 0.0 0.0 0.07670811395105634 0.0 0.0 0.0 0.0 0.0 0.0 0.0 0.0 0.0 0.0 0.0 0.0 0.0 0.0 0.0 0.0 0.0 
940 3.252287143571786 0.07689386005353249 0.0 0.0 0.07689386005353249 0.0 0.0 0.0 0.0 0.0 0.0 0.0 0.0 0.0 0.0 0.0 0.0 0.0 0.0 0.0 0.0 0.0 
941 3.255747023511756 0.0770797122815511 0.0 0.0 0.0770797122815511 0.0 0.0 0.0 0.0 0.0 0.0 0.0 0.0 0.0 0.0 0.0 0.0 0.0 0.0 0.0 0.0 0.0 
942 3.2592069034517257 0.0772656685809135 0.0 0.0 0.0772656685809135 0.0 0.0 0.0 0.0 0.0 0.0 0.0 0.0 0.0 0.0 0.0 0.0 0.0 0.0 0.0 0.0 0.0 
943 3.262666783391696 0.07745172688450203 0.0 0.0 0.07745172688450203 0.0 0.0 0.0 0.0 0.0 0.0 0.0 0.0 0.0 0.0 0.0 0.0 0.0 0.0 0.0 0.0 0.0 
944 3.266126663331666 0.07763788511225546 0.0 0.0 0.07763788511225546 0.0 0.0 0.0 0.0 0.0 0.0 0.0 0.0 0.0 0.0 0.0 0.0 0.0 0.0 0.0 0.0 0.0 
945 3.269586543271636 0.07782414117114454 0.0 0.0 0.07782414117114454 0.0 0.0 0.0 0.0 0.0 0.0 0.0 0.0 0.0 0.0 0.0 0.0 0.0 0.0 0.0 0.0 0.0 
946 3.2730464232116057 0.07801049295514897 0.0 0.0 0.07801049295514897 0.0 0.0 0.0 0.0 0.0 0.0 0.0 0.0 0.0 0.0 0.0 0.0 0.0 0.0 0.0 0.0 0.0 
947 3.2765063031515758 0.0781969383452339 0.0 0.0 0.0781969383452339 0.0 0.0 0.0 0.0 0.0 0.0 0.0 0.0 0.0 0.0 0.0 0.0 0.0 0.0 0.0 0.0 0.0 
948 3.279966183091546 0.07838347520932583 0.0 0.0 0.07838347520932583 0.0 0.0 0.0 0.0 0.0 0.0 0.0 0.0 0.0 0.0 0.0 0.0 0.0 0.0 0.0 0.0 0.0 
949 3.283426063031516 0.07857010140229098 0.0 0.0 0.07857010140229098 0.0 0.0 0.0 0.0 0.0 0.0 0.0 0.0 0.0 0.0 0.0 0.0 0.0 0.0 0.0 0.0 0.0 
950 3.2868859429714856 0.0787568147659115 0.0 0.0 0.0787568147659115 0.0 0.0 0.0 0.0 0.0 0.0 0.0 0.0 0.0 0.0 0.0 0.0 0.0 0.0 0.0 0.0 0.0 
951 3.2903458229114557 0.07894361312886401 0.0 0.0 0.07894361312886401 0.0 0.0 0.0 0.0 0.0 0.0 0.0 0.0 0.0 0.0 0.0 0.0 0.0 0.0 0.0 0.0 0.0 
952 3.293805702851426 0.07913049430669729 0.0 0.0 0.07913049430669729 0.0 0.0 0.0 0.0 0.0 0.0 0.0 0.0 0.0 0.0 0.0 0.0 0.0 0.0 0.0 0.0 0.0 
953 3.297265582791396 0.07931745610180993 0.0 0.0 0.07931745610180993 0.0 0.0 0.0 0.0 0.0 0.0 0.0 0.0 0.0 0.0 0.0 0.0 0.0 0.0 0.0 0.0 0.0 
954 3.3007254627313656 0.07950449630342975 0.0 0.0 0.07950449630342975 0.0 0.0 0.0 0.0 0.0 0.0 0.0 0.0 0.0 0.0 0.0 0.0 0.0 0.0 0.0 0.0 0.0 
955 3.3041853426713357 0.07969161268759241 0.0 0.0 0.07969161268759241 0.0 0.0 0.0 0.0 0.0 0.0 0.0 0.0 0.0 0.0 0.0 0.0 0.0 0.0 0.0 0.0 0.0 
956 3.307645222611306 0.07987880301711972 0.0 0.0 0.07987880301711972 0.0 0.0 0.0 0.0 0.0 0.0 0.0 0.0 0.0 0.0 0.0 0.0 0.0 0.0 0.0 0.0 0.0 
957 3.3111051025512754 0.08006606504160017 0.0 0.0 0.08006606504160017 0.0 0.0 0.0 0.0 0.0 0.0 0.0 0.0 0.0 0.0 0.0 0.0 0.0 0.0 0.0 0.0 0.0 
958 3.3145649824912455 0.08025339649736808 0.0 0.0 0.08025339649736808 0.0 0.0 0.0 0.0 0.0 0.0 0.0 0.0 0.0 0.0 0.0 0.0 0.0 0.0 0.0 0.0 0.0 
959 3.3180248624312156 0.0804407951074835 0.0 0.0 0.0804407951074835 0.0 0.0 0.0 0.0 0.0 0.0 0.0 0.0 0.0 0.0 0.0 0.0 0.0 0.0 0.0 0.0 0.0 
960 3.3214847423711857 0.08062825858171317 0.0 0.0 0.08062825858171317 0.0 0.0 0.0 0.0 0.0 0.0 0.0 0.0 0.0 0.0 0.0 0.0 0.0 0.0 0.0 0.0 0.0 
961 3.3249446223111554 0.08081578461651065 0.0 0.0 0.08081578461651065 0.0 0.0 0.0 0.0 0.0 0.0 0.0 0.0 0.0 0.0 0.0 0.0 0.0 0.0 0.0 0.0 0.0 
962 3.3284045022511255 0.08100337089499747 0.0 0.0 0.08100337089499747 0.0 0.0 0.0 0.0 0.0 0.0 0.0 0.0 0.0 0.0 0.0 0.0 0.0 0.0 0.0 0.0 0.0 
963 3.3318643821910956 0.08119101508694469 0.0 0.0 0.08119101508694469 0.0 0.0 0.0 0.0 0.0 0.0 0.0 0.0 0.0 0.0 0.0 0.0 0.0 0.0 0.0 0.0 0.0 
964 3.3353242621310657 0.08137871484875388 0.0 0.0 0.08137871484875388 0.0 0.0 0.0 0.0 0.0 0.0 0.0 0.0 0.0 0.0 0.0 0.0 0.0 0.0 0.0 0.0 0.0 
965 3.3387841420710354 0.08156646782344001 0.0 0.0 0.08156646782344001 0.0 0.0 0.0 0.0 0.0 0.0 0.0 0.0 0.0 0.0 0.0 0.0 0.0 0.0 0.0 0.0 0.0 
966 3.3422440220110055 0.08175427164061319 0.0 0.0 0.08175427164061319 0.0 0.0 0.0 0.0 0.0 0.0 0.0 0.0 0.0 0.0 0.0 0.0 0.0 0.0 0.0 0.0 0.0 
967 3.3457039019509756 0.08194212391646098 0.0 0.0 0.08194212391646098 0.0 0.0 0.0 0.0 0.0 0.0 0.0 0.0 0.0 0.0 0.0 0.0 0.0 0.0 0.0 0.0 0.0 
968 3.3491637818909457 0.08213002225373237 0.0 0.0 0.08213002225373237 0.0 0.0 0.0 0.0 0.0 0.0 0.0 0.0 0.0 0.0 0.0 0.0 0.0 0.0 0.0 0.0 0.0 
969 3.3526236618309153 0.08231796424172032 0.0 0.0 0.08231796424172032 0.0 0.0 0.0 0.0 0.0 0.0 0.0 0.0 0.0 0.0 0.0 0.0 0.0 0.0 0.0 0.0 0.0 
970 3.3560835417708854 0.08250594745624559 0.0 0.0 0.08250594745624559 0.0 0.0 0.0 0.0 0.0 0.0 0.0 0.0 0.0 0.0 0.0 0.0 0.0 0.0 0.0 0.0 0.0 
971 3.3595434217108555 0.08269396945964096 0.0 0.0 0.08269396945964096 0.0 0.0 0.0 0.0 0.0 0.0 0.0 0.0 0.0 0.0 0.0 0.0 0.0 0.0 0.0 0.0 0.0 
972 3.3630033016508256 0.08288202780073557 0.0 0.0 0.08288202780073557 0.0 0.0 0.0 0.0 0.0 0.0 0.0 0.0 0.0 0.0 0.0 0.0 0.0 0.0 0.0 0.0 0.0 
973 3.3664631815907953 0.08307012001483924 0.0 0.0 0.08307012001483924 0.0 0.0 0.0 0.0 0.0 0.0 0.0 0.0 0.0 0.0 0.0 0.0 0.0 0.0 0.0 0.0 0.0 
974 3.3699230615307654 0.08325824362372831 0.0 0.0 0.08325824362372831 0.0 0.0 0.0 0.0 0.0 0.0 0.0 0.0 0.0 0.0 0.0 0.0 0.0 0.0 0.0 0.0 0.0 
975 3.3733829414707355 0.08344639613563029 0.0 0.0 0.08344639613563029 0.0 0.0 0.0 0.0 0.0 0.0 0.0 0.0 0.0 0.0 0.0 0.0 0.0 0.0 0.0 0.0 0.0 
976 3.3768428214107056 0.08363457504521053 0.0 0.0 0.08363457504521053 0.0 0.0 0.0 0.0 0.0 0.0 0.0 0.0 0.0 0.0 0.0 0.0 0.0 0.0 0.0 0.0 0.0 
977 3.3803027013506752 0.08382277783355789 0.0 0.0 0.08382277783355789 0.0 0.0 0.0 0.0 0.0 0.0 0.0 0.0 0.0 0.0 0.0 0.0 0.0 0.0 0.0 0.0 0.0 
978 3.3837625812906453 0.08401100196817131 0.0 0.0 0.08401100196817131 0.0 0.0 0.0 0.0 0.0 0.0 0.0 0.0 0.0 0.0 0.0 0.0 0.0 0.0 0.0 0.0 0.0 
979 3.3872224612306154 0.08419924490294708 0.0 0.0 0.08419924490294708 0.0 0.0 0.0 0.0 0.0 0.0 0.0 0.0 0.0 0.0 0.0 0.0 0.0 0.0 0.0 0.0 0.0 
980 3.390682341170585 0.08438750407816616 0.0 0.0 0.08438750407816616 0.0 0.0 0.0 0.0 0.0 0.0 0.0 0.0 0.0 0.0 0.0 0.0 0.0 0.0 0.0 0.0 0.0 
981 3.394142221110555 0.08457577692048122 0.0 0.0 0.08457577692048122 0.0 0.0 0.0 0.0 0.0 0.0 0.0 0.0 0.0 0.0 0.0 0.0 0.0 0.0 0.0 0.0 0.0 
982 3.3976021010505253 0.0847640608429058 0.0 0.0 0.0847640608429058 0.0 0.0 0.0 0.0 0.0 0.0 0.0 0.0 0.0 0.0 0.0 0.0 0.0 0.0 0.0 0.0 0.0 
983 3.4010619809904954 0.08495235324480253 0.0 0.0 0.08495235324480253 0.0 0.0 0.0 0.0 0.0 0.0 0.0 0.0 0.0 0.0 0.0 0.0 0.0 0.0 0.0 0.0 0.0 
984 3.404521860930465 0.08514065151187107 0.0 0.0 0.08514065151187107 0.0 0.0 0.0 0.0 0.0 0.0 0.0 0.0 0.0 0.0 0.0 0.0 0.0 0.0 0.0 0.0 0.0 
985 3.407981740870435 0.08532895301613919 0.0 0.0 0.08532895301613919 0.0 0.0 0.0 0.0 0.0 0.0 0.0 0.0 0.0 0.0 0.0 0.0 0.0 0.0 0.0 0.0 0.0 
986 3.4114416208104053 0.08551725511595111 0.0 0.0 0.08551725511595111 0.0 0.0 0.0 0.0 0.0 0.0 0.0 0.0 0.0 0.0 0.0 0.0 0.0 0.0 0.0 0.0 0.0 
987 3.4149015007503754 0.08570555515595778 0.0 0.0 0.08570555515595778 0.0 0.0 0.0 0.0 0.0 0.0 0.0 0.0 0.0 0.0 0.0 0.0 0.0 0.0 0.0 0.0 0.0 
988 3.418361380690345 0.0858938504671083 0.0 0.0 0.0858938504671083 0.0 0.0 0.0 0.0 0.0 0.0 0.0 0.0 0.0 0.0 0.0 0.0 0.0 0.0 0.0 0.0 0.0 
989 3.421821260630315 0.08608213836663962 0.0 0.0 0.08608213836663962 0.0 0.0 0.0 0.0 0.0 0.0 0.0 0.0 0.0 0.0 0.0 0.0 0.0 0.0 0.0 0.0 0.0 
990 3.425281140570285 0.08627041615806914 0.0 0.0 0.08627041615806914 0.0 0.0 0.0 0.0 0.0 0.0 0.0 0.0 0.0 0.0 0.0 0.0 0.0 0.0 0.0 0.0 0.0 
991 3.4287410205102553 0.08645868113118599 0.0 0.0 0.08645868113118599 0.0 0.0 0.0 0.0 0.0 0.0 0.0 0.0 0.0 0.0 0.0 0.0 0.0 0.0 0.0 0.0 0.0 
992 3.432200900450225 0.08664693056204258 0.0 0.0 0.08664693056204258 0.0 0.0 0.0 0.0 0.0 0.0 0.0 0.0 0.0 0.0 0.0 0.0 0.0 0.0 0.0 0.0 0.0 
993 3.435660780390195 0.08683516171294883 0.0 0.0 0.08683516171294883 0.0 0.0 0.0 0.0 0.0 0.0 0.0 0.0 0.0 0.0 0.0 0.0 0.0 0.0 0.0 0.0 0.0 
994 3.439120660330165 0.08702337183246402 0.0 0.0 0.08702337183246402 0.0 0.0 0.0 0.0 0.0 0.0 0.0 0.0 0.0 0.0 0.0 0.0 0.0 0.0 0.0 0.0 0.0 
995 3.4425805402701353 0.08721155815539042 0.0 0.0 0.08721155815539042 0.0 0.0 0.0 0.0 0.0 0.0 0.0 0.0 0.0 0.0 0.0 0.0 0.0 0.0 0.0 0.0 0.0 
996 3.446040420210105 0.08739971790276797 0.0 0.0 0.08739971790276797 0.0 0.0 0.0 0.0 0.0 0.0 0.0 0.0 0.0 0.0 0.0 0.0 0.0 0.0 0.0 0.0 0.0 
997 3.449500300150075 0.08758784828186818 0.0 0.0 0.08758784828186818 0.0 0.0 0.0 0.0 0.0 0.0 0.0 0.0 0.0 0.0 0.0 0.0 0.0 0.0 0.0 0.0 0.0 
998 3.452960180090045 0.08777594648618896 0.0 0.0 0.08777594648618896 0.0 0.0 0.0 0.0 0.0 0.0 0.0 0.0 0.0 0.0 0.0 0.0 0.0 0.0 0.0 0.0 0.0 
999 3.4564200600300152 0.08796400969545037 0.0 0.0 0.08796400969545037 0.0 0.0 0.0 0.0 0.0 0.0 0.0 0.0 0.0 0.0 0.0 0.0 0.0 0.0 0.0 0.0 0.0 
1000 3.459879939969985 0.08815203507559022 0.0 0.0 0.08815203507559022 0.0 0.0 0.0 0.0 0.0 0.0 0.0 0.0 0.0 0.0 0.0 0.0 0.0 0.0 0.0 0.0 0.0 
1001 3.463339819909955 0.0883400197787601 0.0 0.0 0.0883400197787601 0.0 0.0 0.0 0.0 0.0 0.0 0.0 0.0 0.0 0.0 0.0 0.0 0.0 0.0 0.0 0.0 0.0 
1002 3.466799699849925 0.08852796094332276 0.0 0.0 0.08852796094332276 0.0 0.0 0.0 0.0 0.0 0.0 0.0 0.0 0.0 0.0 0.0 0.0 0.0 0.0 0.0 0.0 0.0 
1003 3.4702595797898947 0.0887158556938482 0.0 0.0 0.0887158556938482 0.0 0.0 0.0 0.0 0.0 0.0 0.0 0.0 0.0 0.0 0.0 0.0 0.0 0.0 0.0 0.0 0.0 
1004 3.473719459729865 0.08890370114111247 0.0 0.0 0.08890370114111247 0.0 0.0 0.0 0.0 0.0 0.0 0.0 0.0 0.0 0.0 0.0 0.0 0.0 0.0 0.0 0.0 0.0 
1005 3.477179339669835 0.08909149438209554 0.0 0.0 0.08909149438209554 0.0 0.0 0.0 0.0 0.0 0.0 0.0 0.0 0.0 0.0 0.0 0.0 0.0 0.0 0.0 0.0 0.0 
1006 3.480639219609805 0.08927923249997925 0.0 0.0 0.08927923249997925 0.0 0.0 0.0 0.0 0.0 0.0 0.0 0.0 0.0 0.0 0.0 0.0 0.0 0.0 0.0 0.0 0.0 
1007 3.4840990995497747 0.08946691256414725 0.0 0.0 0.08946691256414725 0.0 0.0 0.0 0.0 0.0 0.0 0.0 0.0 0.0 0.0 0.0 0.0 0.0 0.0 0.0 0.0 0.0 
1008 3.487558979489745 0.08965453163018478 0.0 0.0 0.08965453163018478 0.0 0.0 0.0 0.0 0.0 0.0 0.0 0.0 0.0 0.0 0.0 0.0 0.0 0.0 0.0 0.0 0.0 
1009 3.491018859429715 0.08984208673987742 0.0 0.0 0.08984208673987742 0.0 0.0 0.0 0.0 0.0 0.0 0.0 0.0 0.0 0.0 0.0 0.0 0.0 0.0 0.0 0.0 0.0 
1010 3.494478739369685 0.09002957492121326 0.0 0.0 0.09002957492121326 0.0 0.0 0.0 0.0 0.0 0.0 0.0 0.0 0.0 0.0 0.0 0.0 0.0 0.0 0.0 0.0 0.0 
1011 3.4979386193096547 0.09021699318838346 0.0 0.0 0.09021699318838346 0.0 0.0 0.0 0.0 0.0 0.0 0.0 0.0 0.0 0.0 0.0 0.0 0.0 0.0 0.0 0.0 0.0 
1012 3.5013984992496248 0.09040433854178306 0.0 0.0 0.09040433854178306 0.0 0.0 0.0 0.0 0.0 0.0 0.0 0.0 0.0 0.0 0.0 0.0 0.0 0.0 0.0 0.0 0.0 
1013 3.504858379189595 0.09059160796801469 0.0 0.0 0.09059160796801469 0.0 0.0 0.0 0.0 0.0 0.0 0.0 0.0 0.0 0.0 0.0 0.0 0.0 0.0 0.0 0.0 0.0 
1014 3.508318259129565 0.09077879843988959 0.0 0.0 0.09077879843988959 0.0 0.0 0.0 0.0 0.0 0.0 0.0 0.0 0.0 0.0 0.0 0.0 0.0 0.0 0.0 0.0 0.0 
1015 3.5117781390695346 0.09096590691643205 0.0 0.0 0.09096590691643205 0.0 0.0 0.0 0.0 0.0 0.0 0.0 0.0 0.0 0.0 0.0 0.0 0.0 0.0 0.0 0.0 0.0 
1016 3.5152380190095047 0.09115293034288281 0.0 0.0 0.09115293034288281 0.0 0.0 0.0 0.0 0.0 0.0 0.0 0.0 0.0 0.0 0.0 0.0 0.0 0.0 0.0 0.0 0.0 
1017 3.518697898949475 0.09133986565070229 0.0 0.0 0.09133986565070229 0.0 0.0 0.0 0.0 0.0 0.0 0.0 0.0 0.0 0.0 0.0 0.0 0.0 0.0 0.0 0.0 0.0 
1018 3.522157778889445 0.09152670975757672 0.0 0.0 0.09152670975757672 0.0 0.0 0.0 0.0 0.0 0.0 0.0 0.0 0.0 0.0 0.0 0.0 0.0 0.0 0.0 0.0 0.0 
1019 3.5256176588294146 0.0917134595674229 0.0 0.0 0.0917134595674229 0.0 0.0 0.0 0.0 0.0 0.0 0.0 0.0 0.0 0.0 0.0 0.0 0.0 0.0 0.0 0.0 0.0 
1020 3.5290775387693847 0.09190011197039319 0.0 0.0 0.09190011197039319 0.0 0.0 0.0 0.0 0.0 0.0 0.0 0.0 0.0 0.0 0.0 0.0 0.0 0.0 0.0 0.0 0.0 
1021 3.532537418709355 0.09208666384288347 0.0 0.0 0.09208666384288347 0.0 0.0 0.0 0.0 0.0 0.0 0.0 0.0 0.0 0.0 0.0 0.0 0.0 0.0 0.0 0.0 0.0 
1022 3.535997298649325 0.09227311204753899 0.0 0.0 0.09227311204753899 0.0 0.0 0.0 0.0 0.0 0.0 0.0 0.0 0.0 0.0 0.0 0.0 0.0 0.0 0.0 0.0 0.0 
1023 3.5394571785892945 0.09245945343326159 0.0 0.0 0.09245945343326159 0.0 0.0 0.0 0.0 0.0 0.0 0.0 0.0 0.0 0.0 0.0 0.0 0.0 0.0 0.0 0.0 0.0 
1024 3.5429170585292646 0.092645684835219 0.0 0.0 0.092645684835219 0.0 0.0 0.0 0.0 0.0 0.0 0.0 0.0 0.0 0.0 0.0 0.0 0.0 0.0 0.0 0.0 0.0 
1025 3.5463769384692347 0.0928318030748523 0.0 0.0 0.0928318030748523 0.0 0.0 0.0 0.0 0.0 0.0 0.0 0.0 0.0 0.0 0.0 0.0 0.0 0.0 0.0 0.0 0.0 
1026 3.5498368184092044 0.09301780495988514 0.0 0.0 0.09301780495988514 0.0 0.0 0.0 0.0 0.0 0.0 0.0 0.0 0.0 0.0 0.0 0.0 0.0 0.0 0.0 0.0 0.0 
1027 3.5532966983491745 0.09320368728433417 0.0 0.0 0.09320368728433417 0.0 0.0 0.0 0.0 0.0 0.0 0.0 0.0 0.0 0.0 0.0 0.0 0.0 0.0 0.0 0.0 0.0 
1028 3.5567565782891446 0.09338944682851848 0.0 0.0 0.09338944682851848 0.0 0.0 0.0 0.0 0.0 0.0 0.0 0.0 0.0 0.0 0.0 0.0 0.0 0.0 0.0 0.0 0.0 
1029 3.5602164582291147 0.09357508035907129 0.0 0.0 0.09357508035907129 0.0 0.0 0.0 0.0 0.0 0.0 0.0 0.0 0.0 0.0 0.0 0.0 0.0 0.0 0.0 0.0 0.0 
1030 3.5636763381690844 0.09376058462895095 0.0 0.0 0.09376058462895095 0.0 0.0 0.0 0.0 0.0 0.0 0.0 0.0 0.0 0.0 0.0 0.0 0.0 0.0 0.0 0.0 0.0 
1031 3.5671362181090545 0.0939459563774529 0.0 0.0 0.0939459563774529 0.0 0.0 0.0 0.0 0.0 0.0 0.0 0.0 0.0 0.0 0.0 0.0 0.0 0.0 0.0 0.0 0.0 
1032 3.5705960980490246 0.09413119233022259 0.0 0.0 0.09413119233022259 0.0 0.0 0.0 0.0 0.0 0.0 0.0 0.0 0.0 0.0 0.0 0.0 0.0 0.0 0.0 0.0 0.0 
1033 3.5740559779889947 0.09431628919926868 0.0 0.0 0.09431628919926868 0.0 0.0 0.0 0.0 0.0 0.0 0.0 0.0 0.0 0.0 0.0 0.0 0.0 0.0 0.0 0.0 0.0 
1034 3.5775158579289643 0.09450124368297641 0.0 0.0 0.09450124368297641 0.0 0.0 0.0 0.0 0.0 0.0 0.0 0.0 0.0 0.0 0.0 0.0 0.0 0.0 0.0 0.0 0.0 
1035 3.5809757378689344 0.09468605246612266 0.0 0.0 0.09468605246612266 0.0 0.0 0.0 0.0 0.0 0.0 0.0 0.0 0.0 0.0 0.0 0.0 0.0 0.0 0.0 0.0 0.0 
1036 3.5844356178089045 0.09487071221989091 0.0 0.0 0.09487071221989091 0.0 0.0 0.0 0.0 0.0 0.0 0.0 0.0 0.0 0.0 0.0 0.0 0.0 0.0 0.0 0.0 0.0 
1037 3.5878954977488746 0.09505521960188612 0.0 0.0 0.09505521960188612 0.0 0.0 0.0 0.0 0.0 0.0 0.0 0.0 0.0 0.0 0.0 0.0 0.0 0.0 0.0 0.0 0.0 
1038 3.5913553776888443 0.09523957125615203 0.0 0.0 0.09523957125615203 0.0 0.0 0.0 0.0 0.0 0.0 0.0 0.0 0.0 0.0 0.0 0.0 0.0 0.0 0.0 0.0 0.0 
1039 3.5948152576288144 0.09542376381318793 0.0 0.0 0.09542376381318793 0.0 0.0 0.0 0.0 0.0 0.0 0.0 0.0 0.0 0.0 0.0 0.0 0.0 0.0 0.0 0.0 0.0 
1040 3.5982751375687845 0.09560779388996499 0.0 0.0 0.09560779388996499 0.0 0.0 0.0 0.0 0.0 0.0 0.0 0.0 0.0 0.0 0.0 0.0 0.0 0.0 0.0 0.0 0.0 
1041 3.6017350175087546 0.09579165808994608 0.0 0.0 0.09579165808994608 0.0 0.0 0.0 0.0 0.0 0.0 0.0 0.0 0.0 0.0 0.0 0.0 0.0 0.0 0.0 0.0 0.0 
1042 3.6051948974487242 0.09597535300310313 0.0 0.0 0.09597535300310313 0.0 0.0 0.0 0.0 0.0 0.0 0.0 0.0 0.0 0.0 0.0 0.0 0.0 0.0 0.0 0.0 0.0 
1043 3.6086547773886943 0.0961588752059374 0.0 0.0 0.0961588752059374 0.0 0.0 0.0 0.0 0.0 0.0 0.0 0.0 0.0 0.0 0.0 0.0 0.0 0.0 0.0 0.0 0.0 
1044 3.6121146573286644 0.09634222126149963 0.0 0.0 0.09634222126149963 0.0 0.0 0.0 0.0 0.0 0.0 0.0 0.0 0.0 0.0 0.0 0.0 0.0 0.0 0.0 0.0 0.0 
1045 3.6155745372686345 0.09652538771940972 0.0 0.0 0.09652538771940972 0.0 0.0 0.0 0.0 0.0 0.0 0.0 0.0 0.0 0.0 0.0 0.0 0.0 0.0 0.0 0.0 0.0 
1046 3.619034417208604 0.09670837111587925 0.0 0.0 0.09670837111587925 0.0 0.0 0.0 0.0 0.0 0.0 0.0 0.0 0.0 0.0 0.0 0.0 0.0 0.0 0.0 0.0 0.0 
1047 3.6224942971485743 0.09689116797373332 0.0 0.0 0.09689116797373332 0.0 0.0 0.0 0.0 0.0 0.0 0.0 0.0 0.0 0.0 0.0 0.0 0.0 0.0 0.0 0.0 0.0 
1048 3.6259541770885444 0.09707377480243212 0.0 0.0 0.09707377480243212 0.0 0.0 0.0 0.0 0.0 0.0 0.0 0.0 0.0 0.0 0.0 0.0 0.0 0.0 0.0 0.0 0.0 
1049 3.629414057028514 0.09725618809809579 0.0 0.0 0.09725618809809579 0.0 0.0 0.0 0.0 0.0 0.0 0.0 0.0 0.0 0.0 0.0 0.0 0.0 0.0 0.0 0.0 0.0 
1050 3.632873936968484 0.09743840434352745 0.0 0.0 0.09743840434352745 0.0 0.0 0.0 0.0 0.0 0.0 0.0 0.0 0.0 0.0 0.0 0.0 0.0 0.0 0.0 0.0 0.0 
1051 3.6363338169084543 0.09762042000823795 0.0 0.0 0.09762042000823795 0.0 0.0 0.0 0.0 0.0 0.0 0.0 0.0 0.0 0.0 0.0 0.0 0.0 0.0 0.0 0.0 0.0 
1052 3.6397936968484244 0.09780223154847198 0.0 0.0 0.09780223154847198 0.0 0.0 0.0 0.0 0.0 0.0 0.0 0.0 0.0 0.0 0.0 0.0 0.0 0.0 0.0 0.0 0.0 
1053 3.643253576788394 0.0979838354072328 0.0 0.0 0.0979838354072328 0.0 0.0 0.0 0.0 0.0 0.0 0.0 0.0 0.0 0.0 0.0 0.0 0.0 0.0 0.0 0.0 0.0 
1054 3.646713456728364 0.09816522801431055 0.0 0.0 0.09816522801431055 0.0 0.0 0.0 0.0 0.0 0.0 0.0 0.0 0.0 0.0 0.0 0.0 0.0 0.0 0.0 0.0 0.0 
1055 3.650173336668334 0.09834640578630861 0.0 0.0 0.09834640578630861 0.0 0.0 0.0 0.0 0.0 0.0 0.0 0.0 0.0 0.0 0.0 0.0 0.0 0.0 0.0 0.0 0.0 
1056 3.6536332166083043 0.09852736512667153 0.0 0.0 0.09852736512667153 0.0 0.0 0.0 0.0 0.0 0.0 0.0 0.0 0.0 0.0 0.0 0.0 0.0 0.0 0.0 0.0 0.0 
1057 3.657093096548274 0.0987081024257148 0.0 0.0 0.0987081024257148 0.0 0.0 0.0 0.0 0.0 0.0 0.0 0.0 0.0 0.0 0.0 0.0 0.0 0.0 0.0 0.0 0.0 
1058 3.660552976488244 0.09888861406065373 0.0 0.0 0.09888861406065373 0.0 0.0 0.0 0.0 0.0 0.0 0.0 0.0 0.0 0.0 0.0 0.0 0.0 0.0 0.0 0.0 0.0 
1059 3.664012856428214 0.09906889639563349 0.0 0.0 0.09906889639563349 0.0 0.0 0.0 0.0 0.0 0.0 0.0 0.0 0.0 0.0 0.0 0.0 0.0 0.0 0.0 0.0 0.0 
1060 3.6674727363681843 0.09924894578176077 0.0 0.0 0.09924894578176077 0.0 0.0 0.0 0.0 0.0 0.0 0.0 0.0 0.0 0.0 0.0 0.0 0.0 0.0 0.0 0.0 0.0 
1061 3.670932616308154 0.09942875855713502 0.0 0.0 0.09942875855713502 0.0 0.0 0.0 0.0 0.0 0.0 0.0 0.0 0.0 0.0 0.0 0.0 0.0 0.0 0.0 0.0 0.0 
1062 3.674392496248124 0.09960833104688056 0.0 0.0 0.09960833104688056 0.0 0.0 0.0 0.0 0.0 0.0 0.0 0.0 0.0 0.0 0.0 0.0 0.0 0.0 0.0 0.0 0.0 
1063 3.677852376188094 0.09978765956318028 0.0 0.0 0.09978765956318028 0.0 0.0 0.0 0.0 0.0 0.0 0.0 0.0 0.0 0.0 0.0 0.0 0.0 0.0 0.0 0.0 0.0 
1064 3.6813122561280642 0.0999667404053092 0.0 0.0 0.0999667404053092 0.0 0.0 0.0 0.0 0.0 0.0 0.0 0.0 0.0 0.0 0.0 0.0 0.0 0.0 0.0 0.0 0.0 
1065 3.684772136068034 0.1001455698596687 0.0 0.0 0.1001455698596687 0.0 0.0 0.0 0.0 0.0 0.0 0.0 0.0 0.0 0.0 0.0 0.0 0.0 0.0 0.0 0.0 0.0 
1066 3.688232016008004 0.10032414419982258 0.0 0.0 0.10032414419982258 0.0 0.0 0.0 0.0 0.0 0.0 0.0 0.0 0.0 0.0 0.0 0.0 0.0 0.0 0.0 0.0 0.0 
1067 3.691691895947974 0.10050245968653221 0.0 0.0 0.10050245968653221 0.0 0.0 0.0 0.0 0.0 0.0 0.0 0.0 0.0 0.0 0.0 0.0 0.0 0.0 0.0 0.0 0.0 
1068 3.695151775887944 0.10068051256779444 0.0 0.0 0.10068051256779444 0.0 0.0 0.0 0.0 0.0 0.0 0.0 0.0 0.0 0.0 0.0 0.0 0.0 0.0 0.0 0.0 0.0 
1069 3.698611655827914 0.1008582990788783 0.0 0.0 0.1008582990788783 0.0 0.0 0.0 0.0 0.0 0.0 0.0 0.0 0.0 0.0 0.0 0.0 0.0 0.0 0.0 0.0 0.0 
1070 3.702071535767884 0.10103581544236358 0.0 0.0 0.10103581544236358 0.0 0.0 0.0 0.0 0.0 0.0 0.0 0.0 0.0 0.0 0.0 0.0 0.0 0.0 0.0 0.0 0.0 
1071 3.705531415707854 0.10121305786817997 0.0 0.0 0.10121305786817997 0.0 0.0 0.0 0.0 0.0 0.0 0.0 0.0 0.0 0.0 0.0 0.0 0.0 0.0 0.0 0.0 0.0 
1072 3.7089912956478237 0.10139002255364722 0.0 0.0 0.10139002255364722 0.0 0.0 0.0 0.0 0.0 0.0 0.0 0.0 0.0 0.0 0.0 0.0 0.0 0.0 0.0 0.0 0.0 
1073 3.712451175587794 0.10156670568351452 0.0 0.0 0.10156670568351452 0.0 0.0 0.0 0.0 0.0 0.0 0.0 0.0 0.0 0.0 0.0 0.0 0.0 0.0 0.0 0.0 0.0 
1074 3.715911055527764 0.10174310343000377 0.0 0.0 0.10174310343000377 0.0 0.0 0.0 0.0 0.0 0.0 0.0 0.0 0.0 0.0 0.0 0.0 0.0 0.0 0.0 0.0 0.0 
1075 3.719370935467734 0.1019192119528506 0.0 0.0 0.1019192119528506 0.0 0.0 0.0 0.0 0.0 0.0 0.0 0.0 0.0 0.0 0.0 0.0 0.0 0.0 0.0 0.0 0.0 
1076 3.7228308154077037 0.10209502739934684 0.0 0.0 0.10209502739934684 0.0 0.0 0.0 0.0 0.0 0.0 0.0 0.0 0.0 0.0 0.0 0.0 0.0 0.0 0.0 0.0 0.0 
1077 3.7262906953476738 0.10227054590438603 0.0 0.0 0.10227054590438603 0.0 0.0 0.0 0.0 0.0 0.0 0.0 0.0 0.0 0.0 0.0 0.0 0.0 0.0 0.0 0.0 0.0 
1078 3.729750575287644 0.10244576359050644 0.0 0.0 0.10244576359050644 0.0 0.0 0.0 0.0 0.0 0.0 0.0 0.0 0.0 0.0 0.0 0.0 0.0 0.0 0.0 0.0 0.0 
1079 3.733210455227614 0.10262067656793654 0.0 0.0 0.10262067656793654 0.0 0.0 0.0 0.0 0.0 0.0 0.0 0.0 0.0 0.0 0.0 0.0 0.0 0.0 0.0 0.0 0.0 
1080 3.7366703351675836 0.1027952809346423 0.0 0.0 0.1027952809346423 0.0 0.0 0.0 0.0 0.0 0.0 0.0 0.0 0.0 0.0 0.0 0.0 0.0 0.0 0.0 0.0 0.0 
1081 3.7401302151075537 0.10296957277637245 0.0 0.0 0.10296957277637245 0.0 0.0 0.0 0.0 0.0 0.0 0.0 0.0 0.0 0.0 0.0 0.0 0.0 0.0 0.0 0.0 0.0 
1082 3.743590095047524 0.10314354816670791 0.0 0.0 0.10314354816670791 0.0 0.0 0.0 0.0 0.0 0.0 0.0 0.0 0.0 0.0 0.0 0.0 0.0 0.0 0.0 0.0 0.0 
1083 3.747049974987494 0.10331720316710952 0.0 0.0 0.10331720316710952 0.0 0.0 0.0 0.0 0.0 0.0 0.0 0.0 0.0 0.0 0.0 0.0 0.0 0.0 0.0 0.0 0.0 
1084 3.7505098549274636 0.10349053382696706 0.0 0.0 0.10349053382696706 0.0 0.0 0.0 0.0 0.0 0.0 0.0 0.0 0.0 0.0 0.0 0.0 0.0 0.0 0.0 0.0 0.0 
1085 3.7539697348674337 0.10366353618365069 0.0 0.0 0.10366353618365069 0.0 0.0 0.0 0.0 0.0 0.0 0.0 0.0 0.0 0.0 0.0 0.0 0.0 0.0 0.0 0.0 0.0 
1086 3.757429614807404 0.1038362062625611 0.0 0.0 0.1038362062625611 0.0 0.0 0.0 0.0 0.0 0.0 0.0 0.0 0.0 0.0 0.0 0.0 0.0 0.0 0.0 0.0 0.0 
1087 3.760889494747374 0.10400854007718119 0.0 0.0 0.10400854007718119 0.0 0.0 0.0 0.0 0.0 0.0 0.0 0.0 0.0 0.0 0.0 0.0 0.0 0.0 0.0 0.0 0.0 
1088 3.7643493746873435 0.1041805336291298 0.0 0.0 0.1041805336291298 0.0 0.0 0.0 0.0 0.0 0.0 0.0 0.0 0.0 0.0 0.0 0.0 0.0 0.0 0.0 0.0 0.0 
1089 3.7678092546273136 0.10435218290821464 0.0 0.0 0.10435218290821464 0.0 0.0 0.0 0.0 0.0 0.0 0.0 0.0 0.0 0.0 0.0 0.0 0.0 0.0 0.0 0.0 0.0 
1090 3.7712691345672837 0.10452348389248638 0.0 0.0 0.10452348389248638 0.0 0.0 0.0 0.0 0.0 0.0 0.0 0.0 0.0 0.0 0.0 0.0 0.0 0.0 0.0 0.0 0.0 
1091 3.774729014507254 0.10469443254829511 0.0 0.0 0.10469443254829511 0.0 0.0 0.0 0.0 0.0 0.0 0.0 0.0 0.0 0.0 0.0 0.0 0.0 0.0 0.0 0.0 0.0 
1092 3.7781888944472235 0.10486502483034478 0.0 0.0 0.10486502483034478 0.0 0.0 0.0 0.0 0.0 0.0 0.0 0.0 0.0 0.0 0.0 0.0 0.0 0.0 0.0 0.0 0.0 
1093 3.7816487743871936 0.10503525668175218 0.0 0.0 0.10503525668175218 0.0 0.0 0.0 0.0 0.0 0.0 0.0 0.0 0.0 0.0 0.0 0.0 0.0 0.0 0.0 0.0 0.0 
1094 3.7851086543271637 0.1052051240341034 0.0 0.0 0.1052051240341034 0.0 0.0 0.0 0.0 0.0 0.0 0.0 0.0 0.0 0.0 0.0 0.0 0.0 0.0 0.0 0.0 0.0 
1095 3.7885685342671334 0.10537462280751253 0.0 0.0 0.10537462280751253 0.0 0.0 0.0 0.0 0.0 0.0 0.0 0.0 0.0 0.0 0.0 0.0 0.0 0.0 0.0 0.0 0.0 
1096 3.7920284142071035 0.10554374891068204 0.0 0.0 0.10554374891068204 0.0 0.0 0.0 0.0 0.0 0.0 0.0 0.0 0.0 0.0 0.0 0.0 0.0 0.0 0.0 0.0 0.0 
1097 3.7954882941470736 0.10571249824096317 0.0 0.0 0.10571249824096317 0.0 0.0 0.0 0.0 0.0 0.0 0.0 0.0 0.0 0.0 0.0 0.0 0.0 0.0 0.0 0.0 0.0 
1098 3.7989481740870437 0.10588086668441639 0.0 0.0 0.10588086668441639 0.0 0.0 0.0 0.0 0.0 0.0 0.0 0.0 0.0 0.0 0.0 0.0 0.0 0.0 0.0 0.0 0.0 
1099 3.8024080540270133 0.10604885011587471 0.0 0.0 0.10604885011587471 0.0 0.0 0.0 0.0 0.0 0.0 0.0 0.0 0.0 0.0 0.0 0.0 0.0 0.0 0.0 0.0 0.0 
1100 3.8058679339669834 0.10621644439900689 0.0 0.0 0.10621644439900689 0.0 0.0 0.0 0.0 0.0 0.0 0.0 0.0 0.0 0.0 0.0 0.0 0.0 0.0 0.0 0.0 0.0 
1101 3.8093278139069535 0.10638364538637995 0.0 0.0 0.10638364538637995 0.0 0.0 0.0 0.0 0.0 0.0 0.0 0.0 0.0 0.0 0.0 0.0 0.0 0.0 0.0 0.0 0.0 
1102 3.8127876938469236 0.10655044891952606 0.0 0.0 0.10655044891952606 0.0 0.0 0.0 0.0 0.0 0.0 0.0 0.0 0.0 0.0 0.0 0.0 0.0 0.0 0.0 0.0 0.0 
1103 3.8162475737868933 0.10671685082900739 0.0 0.0 0.10671685082900739 0.0 0.0 0.0 0.0 0.0 0.0 0.0 0.0 0.0 0.0 0.0 0.0 0.0 0.0 0.0 0.0 0.0 
1104 3.8197074537268634 0.10688284693448234 0.0 0.0 0.10688284693448234 0.0 0.0 0.0 0.0 0.0 0.0 0.0 0.0 0.0 0.0 0.0 0.0 0.0 0.0 0.0 0.0 0.0 
1105 3.8231673336668335 0.10704843304477486 0.0 0.0 0.10704843304477486 0.0 0.0 0.0 0.0 0.0 0.0 0.0 0.0 0.0 0.0 0.0 0.0 0.0 0.0 0.0 0.0 0.0 
1106 3.8266272136068036 0.10721360495794117 0.0 0.0 0.10721360495794117 0.0 0.0 0.0 0.0 0.0 0.0 0.0 0.0 0.0 0.0 0.0 0.0 0.0 0.0 0.0 0.0 0.0 
1107 3.8300870935467732 0.10737835846134064 0.0 0.0 0.10737835846134064 0.0 0.0 0.0 0.0 0.0 0.0 0.0 0.0 0.0 0.0 0.0 0.0 0.0 0.0 0.0 0.0 0.0 
1108 3.8335469734867433 0.10754268933170605 0.0 0.0 0.10754268933170605 0.0 0.0 0.0 0.0 0.0 0.0 0.0 0.0 0.0 0.0 0.0 0.0 0.0 0.0 0.0 0.0 0.0 
1109 3.8370068534267134 0.10770659333521385 0.0 0.0 0.10770659333521385 0.0 0.0 0.0 0.0 0.0 0.0 0.0 0.0 0.0 0.0 0.0 0.0 0.0 0.0 0.0 0.0 0.0 
1110 3.8404667333666835 0.1078700662275578 0.0 0.0 0.1078700662275578 0.0 0.0 0.0 0.0 0.0 0.0 0.0 0.0 0.0 0.0 0.0 0.0 0.0 0.0 0.0 0.0 0.0 
1111 3.843926613306653 0.10803310375402195 0.0 0.0 0.10803310375402195 0.0 0.0 0.0 0.0 0.0 0.0 0.0 0.0 0.0 0.0 0.0 0.0 0.0 0.0 0.0 0.0 0.0 
1112 3.8473864932466233 0.10819570164955364 0.0 0.0 0.10819570164955364 0.0 0.0 0.0 0.0 0.0 0.0 0.0 0.0 0.0 0.0 0.0 0.0 0.0 0.0 0.0 0.0 0.0 
1113 3.8508463731865934 0.1083578556388404 0.0 0.0 0.1083578556388404 0.0 0.0 0.0 0.0 0.0 0.0 0.0 0.0 0.0 0.0 0.0 0.0 0.0 0.0 0.0 0.0 0.0 
1114 3.8543062531265635 0.10851956143638516 0.0 0.0 0.10851956143638516 0.0 0.0 0.0 0.0 0.0 0.0 0.0 0.0 0.0 0.0 0.0 0.0 0.0 0.0 0.0 0.0 0.0 
1115 3.857766133066533 0.10868081474658263 0.0 0.0 0.10868081474658263 0.0 0.0 0.0 0.0 0.0 0.0 0.0 0.0 0.0 0.0 0.0 0.0 0.0 0.0 0.0 0.0 0.0 
1116 3.8612260130065033 0.10884161126379895 0.0 0.0 0.10884161126379895 0.0 0.0 0.0 0.0 0.0 0.0 0.0 0.0 0.0 0.0 0.0 0.0 0.0 0.0 0.0 0.0 0.0 
1117 3.8646858929464734 0.10900194667244935 0.0 0.0 0.10900194667244935 0.0 0.0 0.0 0.0 0.0 0.0 0.0 0.0 0.0 0.0 0.0 0.0 0.0 0.0 0.0 0.0 0.0 
1118 3.868145772886443 0.10916181664707814 0.0 0.0 0.10916181664707814 0.0 0.0 0.0 0.0 0.0 0.0 0.0 0.0 0.0 0.0 0.0 0.0 0.0 0.0 0.0 0.0 0.0 
1119 3.871605652826413 0.10932121685244044 0.0 0.0 0.10932121685244044 0.0 0.0 0.0 0.0 0.0 0.0 0.0 0.0 0.0 0.0 0.0 0.0 0.0 0.0 0.0 0.0 0.0 
1120 3.875065532766383 0.10948014294358305 0.0 0.0 0.10948014294358305 0.0 0.0 0.0 0.0 0.0 0.0 0.0 0.0 0.0 0.0 0.0 0.0 0.0 0.0 0.0 0.0 0.0 
1121 3.8785254127063533 0.10963859056592828 0.0 0.0 0.10963859056592828 0.0 0.0 0.0 0.0 0.0 0.0 0.0 0.0 0.0 0.0 0.0 0.0 0.0 0.0 0.0 0.0 0.0 
1122 3.881985292646323 0.1097965553553575 0.0 0.0 0.1097965553553575 0.0 0.0 0.0 0.0 0.0 0.0 0.0 0.0 0.0 0.0 0.0 0.0 0.0 0.0 0.0 0.0 0.0 
1123 3.885445172586293 0.10995403293829534 0.0 0.0 0.10995403293829534 0.0 0.0 0.0 0.0 0.0 0.0 0.0 0.0 0.0 0.0 0.0 0.0 0.0 0.0 0.0 0.0 0.0 
1124 3.888905052526263 0.11011101893179648 0.0 0.0 0.11011101893179648 0.0 0.0 0.0 0.0 0.0 0.0 0.0 0.0 0.0 0.0 0.0 0.0 0.0 0.0 0.0 0.0 0.0 
1125 3.8923649324662333 0.110267508943632 0.0 0.0 0.110267508943632 0.0 0.0 0.0 0.0 0.0 0.0 0.0 0.0 0.0 0.0 0.0 0.0 0.0 0.0 0.0 0.0 0.0 
1126 3.895824812406203 0.11042349857237702 0.0 0.0 0.11042349857237702 0.0 0.0 0.0 0.0 0.0 0.0 0.0 0.0 0.0 0.0 0.0 0.0 0.0 0.0 0.0 0.0 0.0 
1127 3.899284692346173 0.11057898340749987 0.0 0.0 0.11057898340749987 0.0 0.0 0.0 0.0 0.0 0.0 0.0 0.0 0.0 0.0 0.0 0.0 0.0 0.0 0.0 0.0 0.0 
1128 3.902744572286143 0.11073395902945228 0.0 0.0 0.11073395902945228 0.0 0.0 0.0 0.0 0.0 0.0 0.0 0.0 0.0 0.0 0.0 0.0 0.0 0.0 0.0 0.0 0.0 
1129 3.9062044522261132 0.11088842100975912 0.0 0.0 0.11088842100975912 0.0 0.0 0.0 0.0 0.0 0.0 0.0 0.0 0.0 0.0 0.0 0.0 0.0 0.0 0.0 0.0 0.0 
1130 3.909664332166083 0.11104236491111148 0.0 0.0 0.11104236491111148 0.0 0.0 0.0 0.0 0.0 0.0 0.0 0.0 0.0 0.0 0.0 0.0 0.0 0.0 0.0 0.0 0.0 
1131 3.913124212106053 0.11119578628745949 0.0 0.0 0.11119578628745949 0.0 0.0 0.0 0.0 0.0 0.0 0.0 0.0 0.0 0.0 0.0 0.0 0.0 0.0 0.0 0.0 0.0 
1132 3.916584092046023 0.11134868068410485 0.0 0.0 0.11134868068410485 0.0 0.0 0.0 0.0 0.0 0.0 0.0 0.0 0.0 0.0 0.0 0.0 0.0 0.0 0.0 0.0 0.0 
1133 3.920043971985993 0.11150104363779774 0.0 0.0 0.11150104363779774 0.0 0.0 0.0 0.0 0.0 0.0 0.0 0.0 0.0 0.0 0.0 0.0 0.0 0.0 0.0 0.0 0.0 
1134 3.923503851925963 0.11165287067683118 0.0 0.0 0.11165287067683118 0.0 0.0 0.0 0.0 0.0 0.0 0.0 0.0 0.0 0.0 0.0 0.0 0.0 0.0 0.0 0.0 0.0 
1135 3.926963731865933 0.11180415732113905 0.0 0.0 0.11180415732113905 0.0 0.0 0.0 0.0 0.0 0.0 0.0 0.0 0.0 0.0 0.0 0.0 0.0 0.0 0.0 0.0 0.0 
1136 3.930423611805903 0.1119548990823942 0.0 0.0 0.1119548990823942 0.0 0.0 0.0 0.0 0.0 0.0 0.0 0.0 0.0 0.0 0.0 0.0 0.0 0.0 0.0 0.0 0.0 
1137 3.933883491745873 0.11210509146410647 0.0 0.0 0.11210509146410647 0.0 0.0 0.0 0.0 0.0 0.0 0.0 0.0 0.0 0.0 0.0 0.0 0.0 0.0 0.0 0.0 0.0 
1138 3.937343371685843 0.11225472996172414 0.0 0.0 0.11225472996172414 0.0 0.0 0.0 0.0 0.0 0.0 0.0 0.0 0.0 0.0 0.0 0.0 0.0 0.0 0.0 0.0 0.0 
1139 3.940803251625813 0.11240381006273502 0.0 0.0 0.11240381006273502 0.0 0.0 0.0 0.0 0.0 0.0 0.0 0.0 0.0 0.0 0.0 0.0 0.0 0.0 0.0 0.0 0.0 
1140 3.944263131565783 0.11255232724676728 0.0 0.0 0.11255232724676728 0.0 0.0 0.0 0.0 0.0 0.0 0.0 0.0 0.0 0.0 0.0 0.0 0.0 0.0 0.0 0.0 0.0 
1141 3.9477230115057527 0.11270027698569467 0.0 0.0 0.11270027698569467 0.0 0.0 0.0 0.0 0.0 0.0 0.0 0.0 0.0 0.0 0.0 0.0 0.0 0.0 0.0 0.0 0.0 
1142 3.9511828914457228 0.11284765474373981 0.0 0.0 0.11284765474373981 0.0 0.0 0.0 0.0 0.0 0.0 0.0 0.0 0.0 0.0 0.0 0.0 0.0 0.0 0.0 0.0 0.0 
1143 3.954642771385693 0.11299445597757964 0.0 0.0 0.11299445597757964 0.0 0.0 0.0 0.0 0.0 0.0 0.0 0.0 0.0 0.0 0.0 0.0 0.0 0.0 0.0 0.0 0.0 
1144 3.958102651325663 0.11314067613645284 0.0 0.0 0.11314067613645284 0.0 0.0 0.0 0.0 0.0 0.0 0.0 0.0 0.0 0.0 0.0 0.0 0.0 0.0 0.0 0.0 0.0 
1145 3.9615625312656326 0.11328631066226595 0.0 0.0 0.11328631066226595 0.0 0.0 0.0 0.0 0.0 0.0 0.0 0.0 0.0 0.0 0.0 0.0 0.0 0.0 0.0 0.0 0.0 
1146 3.9650224112056027 0.1134313549897039 0.0 0.0 0.1134313549897039 0.0 0.0 0.0 0.0 0.0 0.0 0.0 0.0 0.0 0.0 0.0 0.0 0.0 0.0 0.0 0.0 0.0 
1147 3.968482291145573 0.11357580454633844 0.0 0.0 0.11357580454633844 0.0 0.0 0.0 0.0 0.0 0.0 0.0 0.0 0.0 0.0 0.0 0.0 0.0 0.0 0.0 0.0 0.0 
1148 3.971942171085543 0.11371965475273883 0.0 0.0 0.11371965475273883 0.0 0.0 0.0 0.0 0.0 0.0 0.0 0.0 0.0 0.0 0.0 0.0 0.0 0.0 0.0 0.0 0.0 
1149 3.9754020510255126 0.11386290102258503 0.0 0.0 0.11386290102258503 0.0 0.0 0.0 0.0 0.0 0.0 0.0 0.0 0.0 0.0 0.0 0.0 0.0 0.0 0.0 0.0 0.0 
1150 3.9788619309654827 0.11400553876277972 0.0 0.0 0.11400553876277972 0.0 0.0 0.0 0.0 0.0 0.0 0.0 0.0 0.0 0.0 0.0 0.0 0.0 0.0 0.0 0.0 0.0 
1151 3.982321810905453 0.11414756337356237 0.0 0.0 0.11414756337356237 0.0 0.0 0.0 0.0 0.0 0.0 0.0 0.0 0.0 0.0 0.0 0.0 0.0 0.0 0.0 0.0 0.0 
1152 3.985781690845423 0.11428897024862525 0.0 0.0 0.11428897024862525 0.0 0.0 0.0 0.0 0.0 0.0 0.0 0.0 0.0 0.0 0.0 0.0 0.0 0.0 0.0 0.0 0.0 
1153 3.9892415707853925 0.11442975477522932 0.0 0.0 0.11442975477522932 0.0 0.0 0.0 0.0 0.0 0.0 0.0 0.0 0.0 0.0 0.0 0.0 0.0 0.0 0.0 0.0 0.0 
1154 3.9927014507253626 0.11456991233432129 0.0 0.0 0.11456991233432129 0.0 0.0 0.0 0.0 0.0 0.0 0.0 0.0 0.0 0.0 0.0 0.0 0.0 0.0 0.0 0.0 0.0 
1155 3.9961613306653327 0.11470943830065267 0.0 0.0 0.11470943830065267 0.0 0.0 0.0 0.0 0.0 0.0 0.0 0.0 0.0 0.0 0.0 0.0 0.0 0.0 0.0 0.0 0.0 
1156 3.999621210605303 0.11484832804289956 0.0 0.0 0.11484832804289956 0.0 0.0 0.0 0.0 0.0 0.0 0.0 0.0 0.0 0.0 0.0 0.0 0.0 0.0 0.0 0.0 0.0 
1157 4.0030810905452725 0.11498657692378242 0.0 0.0 0.11498657692378242 0.0 0.0 0.0 0.0 0.0 0.0 0.0 0.0 0.0 0.0 0.0 0.0 0.0 0.0 0.0 0.0 0.0 
1158 4.006540970485243 0.11512418030018927 0.0 0.0 0.11512418030018927 0.0 0.0 0.0 0.0 0.0 0.0 0.0 0.0 0.0 0.0 0.0 0.0 0.0 0.0 0.0 0.0 0.0 
1159 4.010000850425213 0.1152611335232975 0.0 0.0 0.1152611335232975 0.0 0.0 0.0 0.0 0.0 0.0 0.0 0.0 0.0 0.0 0.0 0.0 0.0 0.0 0.0 0.0 0.0 
1160 4.013460730365183 0.11539743193869907 0.0 0.0 0.11539743193869907 0.0 0.0 0.0 0.0 0.0 0.0 0.0 0.0 0.0 0.0 0.0 0.0 0.0 0.0 0.0 0.0 0.0 
1161 4.016920610305153 0.11553307088652519 0.0 0.0 0.11553307088652519 0.0 0.0 0.0 0.0 0.0 0.0 0.0 0.0 0.0 0.0 0.0 0.0 0.0 0.0 0.0 0.0 0.0 
1162 4.020380490245123 0.11566804570157224 0.0 0.0 0.11566804570157224 0.0 0.0 0.0 0.0 0.0 0.0 0.0 0.0 0.0 0.0 0.0 0.0 0.0 0.0 0.0 0.0 0.0 
1163 4.023840370185092 0.1158023517134303 0.0 0.0 0.1158023517134303 0.0 0.0 0.0 0.0 0.0 0.0 0.0 0.0 0.0 0.0 0.0 0.0 0.0 0.0 0.0 0.0 0.0 
1164 4.027300250125062 0.1159359842466114 0.0 0.0 0.1159359842466114 0.0 0.0 0.0 0.0 0.0 0.0 0.0 0.0 0.0 0.0 0.0 0.0 0.0 0.0 0.0 0.0 0.0 
1165 4.030760130065032 0.11606893862067859 0.0 0.0 0.11606893862067859 0.0 0.0 0.0 0.0 0.0 0.0 0.0 0.0 0.0 0.0 0.0 0.0 0.0 0.0 0.0 0.0 0.0 
1166 4.0342200100050025 0.11620121015037803 0.0 0.0 0.11620121015037803 0.0 0.0 0.0 0.0 0.0 0.0 0.0 0.0 0.0 0.0 0.0 0.0 0.0 0.0 0.0 0.0 0.0 
1167 4.037679889944973 0.11633279414577063 0.0 0.0 0.11633279414577063 0.0 0.0 0.0 0.0 0.0 0.0 0.0 0.0 0.0 0.0 0.0 0.0 0.0 0.0 0.0 0.0 0.0 
1168 4.041139769884943 0.11646368591236446 0.0 0.0 0.11646368591236446 0.0 0.0 0.0 0.0 0.0 0.0 0.0 0.0 0.0 0.0 0.0 0.0 0.0 0.0 0.0 0.0 0.0 
1169 4.044599649824913 0.11659388075125082 0.0 0.0 0.11659388075125082 0.0 0.0 0.0 0.0 0.0 0.0 0.0 0.0 0.0 0.0 0.0 0.0 0.0 0.0 0.0 0.0 0.0 
1170 4.048059529764882 0.11672337395923774 0.0 0.0 0.11672337395923774 0.0 0.0 0.0 0.0 0.0 0.0 0.0 0.0 0.0 0.0 0.0 0.0 0.0 0.0 0.0 0.0 0.0 
1171 4.051519409704852 0.11685216082898849 0.0 0.0 0.11685216082898849 0.0 0.0 0.0 0.0 0.0 0.0 0.0 0.0 0.0 0.0 0.0 0.0 0.0 0.0 0.0 0.0 0.0 
1172 4.054979289644822 0.11698023664915869 0.0 0.0 0.11698023664915869 0.0 0.0 0.0 0.0 0.0 0.0 0.0 0.0 0.0 0.0 0.0 0.0 0.0 0.0 0.0 0.0 0.0 
1173 4.058439169584792 0.11710759670453444 0.0 0.0 0.11710759670453444 0.0 0.0 0.0 0.0 0.0 0.0 0.0 0.0 0.0 0.0 0.0 0.0 0.0 0.0 0.0 0.0 0.0 
1174 4.061899049524762 0.1172342362761741 0.0 0.0 0.1172342362761741 0.0 0.0 0.0 0.0 0.0 0.0 0.0 0.0 0.0 0.0 0.0 0.0 0.0 0.0 0.0 0.0 0.0 
1175 4.0653589294647325 0.1173601506415487 0.0 0.0 0.1173601506415487 0.0 0.0 0.0 0.0 0.0 0.0 0.0 0.0 0.0 0.0 0.0 0.0 0.0 0.0 0.0 0.0 0.0 
1176 4.068818809404703 0.11748533507468395 0.0 0.0 0.11748533507468395 0.0 0.0 0.0 0.0 0.0 0.0 0.0 0.0 0.0 0.0 0.0 0.0 0.0 0.0 0.0 0.0 0.0 
1177 4.072278689344673 0.11760978484630534 0.0 0.0 0.11760978484630534 0.0 0.0 0.0 0.0 0.0 0.0 0.0 0.0 0.0 0.0 0.0 0.0 0.0 0.0 0.0 0.0 0.0 
1178 4.075738569284642 0.11773349522398177 0.0 0.0 0.11773349522398177 0.0 0.0 0.0 0.0 0.0 0.0 0.0 0.0 0.0 0.0 0.0 0.0 0.0 0.0 0.0 0.0 0.0 
1179 4.079198449224612 0.11785646147227176 0.0 0.0 0.11785646147227176 0.0 0.0 0.0 0.0 0.0 0.0 0.0 0.0 0.0 0.0 0.0 0.0 0.0 0.0 0.0 0.0 0.0 
1180 4.082658329164582 0.11797867885287114 0.0 0.0 0.11797867885287114 0.0 0.0 0.0 0.0 0.0 0.0 0.0 0.0 0.0 0.0 0.0 0.0 0.0 0.0 0.0 0.0 0.0 
1181 4.086118209104552 0.11810014262476129 0.0 0.0 0.11810014262476129 0.0 0.0 0.0 0.0 0.0 0.0 0.0 0.0 0.0 0.0 0.0 0.0 0.0 0.0 0.0 0.0 0.0 
1182 4.089578089044522 0.11822084804435776 0.0 0.0 0.11822084804435776 0.0 0.0 0.0 0.0 0.0 0.0 0.0 0.0 0.0 0.0 0.0 0.0 0.0 0.0 0.0 0.0 0.0 
1183 4.0930379689844925 0.1183407903656627 0.0 0.0 0.1183407903656627 0.0 0.0 0.0 0.0 0.0 0.0 0.0 0.0 0.0 0.0 0.0 0.0 0.0 0.0 0.0 0.0 0.0 
1184 4.096497848924463 0.11845996484041496 0.0 0.0 0.11845996484041496 0.0 0.0 0.0 0.0 0.0 0.0 0.0 0.0 0.0 0.0 0.0 0.0 0.0 0.0 0.0 0.0 0.0 
1185 4.099957728864433 0.1185783667182447 0.0 0.0 0.1185783667182447 0.0 0.0 0.0 0.0 0.0 0.0 0.0 0.0 0.0 0.0 0.0 0.0 0.0 0.0 0.0 0.0 0.0 
1186 4.103417608804402 0.11869599124682713 0.0 0.0 0.11869599124682713 0.0 0.0 0.0 0.0 0.0 0.0 0.0 0.0 0.0 0.0 0.0 0.0 0.0 0.0 0.0 0.0 0.0 
1187 4.106877488744372 0.11881283367203727 0.0 0.0 0.11881283367203727 0.0 0.0 0.0 0.0 0.0 0.0 0.0 0.0 0.0 0.0 0.0 0.0 0.0 0.0 0.0 0.0 0.0 
1188 4.110337368684342 0.11892888923810793 0.0 0.0 0.11892888923810793 0.0 0.0 0.0 0.0 0.0 0.0 0.0 0.0 0.0 0.0 0.0 0.0 0.0 0.0 0.0 0.0 0.0 
1189 4.113797248624312 0.11904415318778698 0.0 0.0 0.11904415318778698 0.0 0.0 0.0 0.0 0.0 0.0 0.0 0.0 0.0 0.0 0.0 0.0 0.0 0.0 0.0 0.0 0.0 
1190 4.117257128564282 0.11915862076249577 0.0 0.0 0.11915862076249577 0.0 0.0 0.0 0.0 0.0 0.0 0.0 0.0 0.0 0.0 0.0 0.0 0.0 0.0 0.0 0.0 0.0 
1191 4.120717008504252 0.11927228720249065 0.0 0.0 0.11927228720249065 0.0 0.0 0.0 0.0 0.0 0.0 0.0 0.0 0.0 0.0 0.0 0.0 0.0 0.0 0.0 0.0 0.0 
1192 4.1241768884442225 0.11938514774702386 0.0 0.0 0.11938514774702386 0.0 0.0 0.0 0.0 0.0 0.0 0.0 0.0 0.0 0.0 0.0 0.0 0.0 0.0 0.0 0.0 0.0 
1193 4.127636768384192 0.11949719763450548 0.0 0.0 0.11949719763450548 0.0 0.0 0.0 0.0 0.0 0.0 0.0 0.0 0.0 0.0 0.0 0.0 0.0 0.0 0.0 0.0 0.0 
1194 4.131096648324162 0.11960843210266867 0.0 0.0 0.11960843210266867 0.0 0.0 0.0 0.0 0.0 0.0 0.0 0.0 0.0 0.0 0.0 0.0 0.0 0.0 0.0 0.0 0.0 
1195 4.134556528264132 0.11971884638873412 0.0 0.0 0.11971884638873412 0.0 0.0 0.0 0.0 0.0 0.0 0.0 0.0 0.0 0.0 0.0 0.0 0.0 0.0 0.0 0.0 0.0 
1196 4.138016408204102 0.11982843572957548 0.0 0.0 0.11982843572957548 0.0 0.0 0.0 0.0 0.0 0.0 0.0 0.0 0.0 0.0 0.0 0.0 0.0 0.0 0.0 0.0 0.0 
1197 4.141476288144072 0.1199371953618888 0.0 0.0 0.1199371953618888 0.0 0.0 0.0 0.0 0.0 0.0 0.0 0.0 0.0 0.0 0.0 0.0 0.0 0.0 0.0 0.0 0.0 
1198 4.144936168084042 0.12004512052235894 0.0 0.0 0.12004512052235894 0.0 0.0 0.0 0.0 0.0 0.0 0.0 0.0 0.0 0.0 0.0 0.0 0.0 0.0 0.0 0.0 0.0 
1199 4.148396048024012 0.1201522064478314 0.0 0.0 0.1201522064478314 0.0 0.0 0.0 0.0 0.0 0.0 0.0 0.0 0.0 0.0 0.0 0.0 0.0 0.0 0.0 0.0 0.0 
1200 4.151855927963982 0.1202584483754827 0.0 0.0 0.1202584483754827 0.0 0.0 0.0 0.0 0.0 0.0 0.0 0.0 0.0 0.0 0.0 0.0 0.0 0.0 0.0 0.0 0.0 
1201 4.155315807903952 0.12036384154299189 0.0 0.0 0.12036384154299189 0.0 0.0 0.0 0.0 0.0 0.0 0.0 0.0 0.0 0.0 0.0 0.0 0.0 0.0 0.0 0.0 0.0 
1202 4.158775687843922 0.12046838118871563 0.0 0.0 0.12046838118871563 0.0 0.0 0.0 0.0 0.0 0.0 0.0 0.0 0.0 0.0 0.0 0.0 0.0 0.0 0.0 0.0 0.0 
1203 4.162235567783892 0.12057206255186226 0.0 0.0 0.12057206255186226 0.0 0.0 0.0 0.0 0.0 0.0 0.0 0.0 0.0 0.0 0.0 0.0 0.0 0.0 0.0 0.0 0.0 
1204 4.165695447723862 0.1206748808726668 0.0 0.0 0.1206748808726668 0.0 0.0 0.0 0.0 0.0 0.0 0.0 0.0 0.0 0.0 0.0 0.0 0.0 0.0 0.0 0.0 0.0 
1205 4.169155327663832 0.12077683139256981 0.0 0.0 0.12077683139256981 0.0 0.0 0.0 0.0 0.0 0.0 0.0 0.0 0.0 0.0 0.0 0.0 0.0 0.0 0.0 0.0 0.0 
1206 4.172615207603802 0.12087790935439509 0.0 0.0 0.12087790935439509 0.0 0.0 0.0 0.0 0.0 0.0 0.0 0.0 0.0 0.0 0.0 0.0 0.0 0.0 0.0 0.0 0.0 
1207 4.176075087543772 0.12097811000252837 0.0 0.0 0.12097811000252837 0.0 0.0 0.0 0.0 0.0 0.0 0.0 0.0 0.0 0.0 0.0 0.0 0.0 0.0 0.0 0.0 0.0 
1208 4.179534967483742 0.12107742858309987 0.0 0.0 0.12107742858309987 0.0 0.0 0.0 0.0 0.0 0.0 0.0 0.0 0.0 0.0 0.0 0.0 0.0 0.0 0.0 0.0 0.0 
1209 4.1829948474237115 0.12117586034416468 0.0 0.0 0.12117586034416468 0.0 0.0 0.0 0.0 0.0 0.0 0.0 0.0 0.0 0.0 0.0 0.0 0.0 0.0 0.0 0.0 0.0 
1210 4.186454727363682 0.12127340053588734 0.0 0.0 0.12127340053588734 0.0 0.0 0.0 0.0 0.0 0.0 0.0 0.0 0.0 0.0 0.0 0.0 0.0 0.0 0.0 0.0 0.0 
1211 4.189914607303652 0.12137004441072576 0.0 0.0 0.12137004441072576 0.0 0.0 0.0 0.0 0.0 0.0 0.0 0.0 0.0 0.0 0.0 0.0 0.0 0.0 0.0 0.0 0.0 
1212 4.193374487243622 0.12146578722361631 0.0 0.0 0.12146578722361631 0.0 0.0 0.0 0.0 0.0 0.0 0.0 0.0 0.0 0.0 0.0 0.0 0.0 0.0 0.0 0.0 0.0 
1213 4.196834367183592 0.1215606242321619 0.0 0.0 0.1215606242321619 0.0 0.0 0.0 0.0 0.0 0.0 0.0 0.0 0.0 0.0 0.0 0.0 0.0 0.0 0.0 0.0 0.0 
1214 4.200294247123562 0.12165455069681967 0.0 0.0 0.12165455069681967 0.0 0.0 0.0 0.0 0.0 0.0 0.0 0.0 0.0 0.0 0.0 0.0 0.0 0.0 0.0 0.0 0.0 
1215 4.203754127063532 0.12174756188108947 0.0 0.0 0.12174756188108947 0.0 0.0 0.0 0.0 0.0 0.0 0.0 0.0 0.0 0.0 0.0 0.0 0.0 0.0 0.0 0.0 0.0 
1216 4.207214007003501 0.12183965305170583 0.0 0.0 0.12183965305170583 0.0 0.0 0.0 0.0 0.0 0.0 0.0 0.0 0.0 0.0 0.0 0.0 0.0 0.0 0.0 0.0 0.0 
1217 4.2106738869434714 0.12193081947882915 0.0 0.0 0.12193081947882915 0.0 0.0 0.0 0.0 0.0 0.0 0.0 0.0 0.0 0.0 0.0 0.0 0.0 0.0 0.0 0.0 0.0 
1218 4.2141337668834415 0.12202105643623795 0.0 0.0 0.12202105643623795 0.0 0.0 0.0 0.0 0.0 0.0 0.0 0.0 0.0 0.0 0.0 0.0 0.0 0.0 0.0 0.0 0.0 
1219 4.217593646823412 0.12211035920152438 0.0 0.0 0.12211035920152438 0.0 0.0 0.0 0.0 0.0 0.0 0.0 0.0 0.0 0.0 0.0 0.0 0.0 0.0 0.0 0.0 0.0 
1220 4.221053526763382 0.12219872305628918 0.0 0.0 0.12219872305628918 0.0 0.0 0.0 0.0 0.0 0.0 0.0 0.0 0.0 0.0 0.0 0.0 0.0 0.0 0.0 0.0 0.0 
1221 4.224513406703352 0.12228614328633738 0.0 0.0 0.12228614328633738 0.0 0.0 0.0 0.0 0.0 0.0 0.0 0.0 0.0 0.0 0.0 0.0 0.0 0.0 0.0 0.0 0.0 
1222 4.227973286643322 0.12237261518187799 0.0 0.0 0.12237261518187799 0.0 0.0 0.0 0.0 0.0 0.0 0.0 0.0 0.0 0.0 0.0 0.0 0.0 0.0 0.0 0.0 0.0 
1223 4.231433166583292 0.12245813403772121 0.0 0.0 0.12245813403772121 0.0 0.0 0.0 0.0 0.0 0.0 0.0 0.0 0.0 0.0 0.0 0.0 0.0 0.0 0.0 0.0 0.0 
1224 4.234893046523261 0.12254269515348014 0.0 0.0 0.12254269515348014 0.0 0.0 0.0 0.0 0.0 0.0 0.0 0.0 0.0 0.0 0.0 0.0 0.0 0.0 0.0 0.0 0.0 
1225 4.238352926463231 0.12262629383377184 0.0 0.0 0.12262629383377184 0.0 0.0 0.0 0.0 0.0 0.0 0.0 0.0 0.0 0.0 0.0 0.0 0.0 0.0 0.0 0.0 0.0 
1226 4.2418128064032015 0.12270892538841932 0.0 0.0 0.12270892538841932 0.0 0.0 0.0 0.0 0.0 0.0 0.0 0.0 0.0 0.0 0.0 0.0 0.0 0.0 0.0 0.0 0.0 
1227 4.245272686343172 0.12279058513265668 0.0 0.0 0.12279058513265668 0.0 0.0 0.0 0.0 0.0 0.0 0.0 0.0 0.0 0.0 0.0 0.0 0.0 0.0 0.0 0.0 0.0 
1228 4.248732566283142 0.12287126838733378 0.0 0.0 0.12287126838733378 0.0 0.0 0.0 0.0 0.0 0.0 0.0 0.0 0.0 0.0 0.0 0.0 0.0 0.0 0.0 0.0 0.0 
1229 4.252192446223112 0.12295097047912168 0.0 0.0 0.12295097047912168 0.0 0.0 0.0 0.0 0.0 0.0 0.0 0.0 0.0 0.0 0.0 0.0 0.0 0.0 0.0 0.0 0.0 
1230 4.255652326163082 0.12302968674072193 0.0 0.0 0.12302968674072193 0.0 0.0 0.0 0.0 0.0 0.0 0.0 0.0 0.0 0.0 0.0 0.0 0.0 0.0 0.0 0.0 0.0 
1231 4.259112206103052 0.12310741251107415 0.0 0.0 0.12310741251107415 0.0 0.0 0.0 0.0 0.0 0.0 0.0 0.0 0.0 0.0 0.0 0.0 0.0 0.0 0.0 0.0 0.0 
1232 4.262572086043021 0.12318414313556585 0.0 0.0 0.12318414313556585 0.0 0.0 0.0 0.0 0.0 0.0 0.0 0.0 0.0 0.0 0.0 0.0 0.0 0.0 0.0 0.0 0.0 
1233 4.266031965982991 0.12325987396624455 0.0 0.0 0.12325987396624455 0.0 0.0 0.0 0.0 0.0 0.0 0.0 0.0 0.0 0.0 0.0 0.0 0.0 0.0 0.0 0.0 0.0 
1234 4.269491845922961 0.1233346003620297 0.0 0.0 0.1233346003620297 0.0 0.0 0.0 0.0 0.0 0.0 0.0 0.0 0.0 0.0 0.0 0.0 0.0 0.0 0.0 0.0 0.0 
1235 4.2729517258629315 0.12340831768892556 0.0 0.0 0.12340831768892556 0.0 0.0 0.0 0.0 0.0 0.0 0.0 0.0 0.0 0.0 0.0 0.0 0.0 0.0 0.0 0.0 0.0 
1236 4.276411605802902 0.1234810213202374 0.0 0.0 0.1234810213202374 0.0 0.0 0.0 0.0 0.0 0.0 0.0 0.0 0.0 0.0 0.0 0.0 0.0 0.0 0.0 0.0 0.0 
1237 4.279871485742872 0.12355270663678597 0.0 0.0 0.12355270663678597 0.0 0.0 0.0 0.0 0.0 0.0 0.0 0.0 0.0 0.0 0.0 0.0 0.0 0.0 0.0 0.0 0.0 
1238 4.283331365682842 0.12362336902712598 0.0 0.0 0.12362336902712598 0.0 0.0 0.0 0.0 0.0 0.0 0.0 0.0 0.0 0.0 0.0 0.0 0.0 0.0 0.0 0.0 0.0 
1239 4.286791245622811 0.12369300388776379 0.0 0.0 0.12369300388776379 0.0 0.0 0.0 0.0 0.0 0.0 0.0 0.0 0.0 0.0 0.0 0.0 0.0 0.0 0.0 0.0 0.0 
1240 4.290251125562781 0.12376160662337658 0.0 0.0 0.12376160662337658 0.0 0.0 0.0 0.0 0.0 0.0 0.0 0.0 0.0 0.0 0.0 0.0 0.0 0.0 0.0 0.0 0.0 
1241 4.293711005502751 0.12382917264703405 0.0 0.0 0.12382917264703405 0.0 0.0 0.0 0.0 0.0 0.0 0.0 0.0 0.0 0.0 0.0 0.0 0.0 0.0 0.0 0.0 0.0 
1242 4.297170885442721 0.12389569738041999 0.0 0.0 0.12389569738041999 0.0 0.0 0.0 0.0 0.0 0.0 0.0 0.0 0.0 0.0 0.0 0.0 0.0 0.0 0.0 0.0 0.0 
1243 4.300630765382691 0.12396117625405446 0.0 0.0 0.12396117625405446 0.0 0.0 0.0 0.0 0.0 0.0 0.0 0.0 0.0 0.0 0.0 0.0 0.0 0.0 0.0 0.0 0.0 
1244 4.3040906453226615 0.12402560470751962 0.0 0.0 0.12402560470751962 0.0 0.0 0.0 0.0 0.0 0.0 0.0 0.0 0.0 0.0 0.0 0.0 0.0 0.0 0.0 0.0 0.0 
1245 4.307550525262632 0.12408897818968444 0.0 0.0 0.12408897818968444 0.0 0.0 0.0 0.0 0.0 0.0 0.0 0.0 0.0 0.0 0.0 0.0 0.0 0.0 0.0 0.0 0.0 
1246 4.311010405202602 0.12415129215893074 0.0 0.0 0.12415129215893074 0.0 0.0 0.0 0.0 0.0 0.0 0.0 0.0 0.0 0.0 0.0 0.0 0.0 0.0 0.0 0.0 0.0 
1247 4.314470285142571 0.12421254208338221 0.0 0.0 0.12421254208338221 0.0 0.0 0.0 0.0 0.0 0.0 0.0 0.0 0.0 0.0 0.0 0.0 0.0 0.0 0.0 0.0 0.0 
1248 4.317930165082541 0.12427272344113288 0.0 0.0 0.12427272344113288 0.0 0.0 0.0 0.0 0.0 0.0 0.0 0.0 0.0 0.0 0.0 0.0 0.0 0.0 0.0 0.0 0.0 
1249 4.321390045022511 0.12433183172047642 0.0 0.0 0.12433183172047642 0.0 0.0 0.0 0.0 0.0 0.0 0.0 0.0 0.0 0.0 0.0 0.0 0.0 0.0 0.0 0.0 0.0 
1250 4.324849924962481 0.12438986242013926 0.0 0.0 0.12438986242013926 0.0 0.0 0.0 0.0 0.0 0.0 0.0 0.0 0.0 0.0 0.0 0.0 0.0 0.0 0.0 0.0 0.0 
1251 4.328309804902451 0.12444681104951104 0.0 0.0 0.12444681104951104 0.0 0.0 0.0 0.0 0.0 0.0 0.0 0.0 0.0 0.0 0.0 0.0 0.0 0.0 0.0 0.0 0.0 
1252 4.331769684842421 0.12450267312887993 0.0 0.0 0.12450267312887993 0.0 0.0 0.0 0.0 0.0 0.0 0.0 0.0 0.0 0.0 0.0 0.0 0.0 0.0 0.0 0.0 0.0 
1253 4.3352295647823915 0.12455744418966679 0.0 0.0 0.12455744418966679 0.0 0.0 0.0 0.0 0.0 0.0 0.0 0.0 0.0 0.0 0.0 0.0 0.0 0.0 0.0 0.0 0.0 
1254 4.338689444722362 0.12461111977466023 0.0 0.0 0.12461111977466023 0.0 0.0 0.0 0.0 0.0 0.0 0.0 0.0 0.0 0.0 0.0 0.0 0.0 0.0 0.0 0.0 0.0 
1255 4.342149324662331 0.12466369543825521 0.0 0.0 0.12466369543825521 0.0 0.0 0.0 0.0 0.0 0.0 0.0 0.0 0.0 0.0 0.0 0.0 0.0 0.0 0.0 0.0 0.0 
1256 4.345609204602301 0.12471516674669053 0.0 0.0 0.12471516674669053 0.0 0.0 0.0 0.0 0.0 0.0 0.0 0.0 0.0 0.0 0.0 0.0 0.0 0.0 0.0 0.0 0.0 
1257 4.349069084542271 0.12476552927828757 0.0 0.0 0.12476552927828757 0.0 0.0 0.0 0.0 0.0 0.0 0.0 0.0 0.0 0.0 0.0 0.0 0.0 0.0 0.0 0.0 0.0 
1258 4.352528964482241 0.12481477862369192 0.0 0.0 0.12481477862369192 0.0 0.0 0.0 0.0 0.0 0.0 0.0 0.0 0.0 0.0 0.0 0.0 0.0 0.0 0.0 0.0 0.0 
1259 4.355988844422211 0.12486291038611447 0.0 0.0 0.12486291038611447 0.0 0.0 0.0 0.0 0.0 0.0 0.0 0.0 0.0 0.0 0.0 0.0 0.0 0.0 0.0 0.0 0.0 
1260 4.359448724362181 0.12490992018157362 0.0 0.0 0.12490992018157362 0.0 0.0 0.0 0.0 0.0 0.0 0.0 0.0 0.0 0.0 0.0 0.0 0.0 0.0 0.0 0.0 0.0 
1261 4.362908604302151 0.1249558036391404 0.0 0.0 0.1249558036391404 0.0 0.0 0.0 0.0 0.0 0.0 0.0 0.0 0.0 0.0 0.0 0.0 0.0 0.0 0.0 0.0 0.0 
1262 4.366368484242121 0.12500055640118193 0.0 0.0 0.12500055640118193 0.0 0.0 0.0 0.0 0.0 0.0 0.0 0.0 0.0 0.0 0.0 0.0 0.0 0.0 0.0 0.0 0.0 
1263 4.369828364182091 0.12504417412360874 0.0 0.0 0.12504417412360874 0.0 0.0 0.0 0.0 0.0 0.0 0.0 0.0 0.0 0.0 0.0 0.0 0.0 0.0 0.0 0.0 0.0 
1264 4.373288244122061 0.1250866524761217 0.0 0.0 0.1250866524761217 0.0 0.0 0.0 0.0 0.0 0.0 0.0 0.0 0.0 0.0 0.0 0.0 0.0 0.0 0.0 0.0 0.0 
1265 4.376748124062031 0.12512798714245935 0.0 0.0 0.12512798714245935 0.0 0.0 0.0 0.0 0.0 0.0 0.0 0.0 0.0 0.0 0.0 0.0 0.0 0.0 0.0 0.0 0.0 
1266 4.380208004002001 0.12516817382064868 0.0 0.0 0.12516817382064868 0.0 0.0 0.0 0.0 0.0 0.0 0.0 0.0 0.0 0.0 0.0 0.0 0.0 0.0 0.0 0.0 0.0 
1267 4.383667883941971 0.125207208223255 0.0 0.0 0.125207208223255 0.0 0.0 0.0 0.0 0.0 0.0 0.0 0.0 0.0 0.0 0.0 0.0 0.0 0.0 0.0 0.0 0.0 
1268 4.387127763881941 0.12524508607763285 0.0 0.0 0.12524508607763285 0.0 0.0 0.0 0.0 0.0 0.0 0.0 0.0 0.0 0.0 0.0 0.0 0.0 0.0 0.0 0.0 0.0 
1269 4.390587643821911 0.12528180312617976 0.0 0.0 0.12528180312617976 0.0 0.0 0.0 0.0 0.0 0.0 0.0 0.0 0.0 0.0 0.0 0.0 0.0 0.0 0.0 0.0 0.0 
1270 4.394047523761881 0.12531735512658956 0.0 0.0 0.12531735512658956 0.0 0.0 0.0 0.0 0.0 0.0 0.0 0.0 0.0 0.0 0.0 0.0 0.0 0.0 0.0 0.0 0.0 
1271 4.397507403701851 0.12535173785210643 0.0 0.0 0.12535173785210643 0.0 0.0 0.0 0.0 0.0 0.0 0.0 0.0 0.0 0.0 0.0 0.0 0.0 0.0 0.0 0.0 0.0 
1272 4.400967283641821 0.12538494709178194 0.0 0.0 0.12538494709178194 0.0 0.0 0.0 0.0 0.0 0.0 0.0 0.0 0.0 0.0 0.0 0.0 0.0 0.0 0.0 0.0 0.0 
1273 4.404427163581791 0.12541697865073148 0.0 0.0 0.12541697865073148 0.0 0.0 0.0 0.0 0.0 0.0 0.0 0.0 0.0 0.0 0.0 0.0 0.0 0.0 0.0 0.0 0.0 
1274 4.407887043521761 0.1254478283503913 0.0 0.0 0.1254478283503913 0.0 0.0 0.0 0.0 0.0 0.0 0.0 0.0 0.0 0.0 0.0 0.0 0.0 0.0 0.0 0.0 0.0 
1275 4.411346923461731 0.12547749202877936 0.0 0.0 0.12547749202877936 0.0 0.0 0.0 0.0 0.0 0.0 0.0 0.0 0.0 0.0 0.0 0.0 0.0 0.0 0.0 0.0 0.0 
1276 4.414806803401701 0.12550596554075333 0.0 0.0 0.12550596554075333 0.0 0.0 0.0 0.0 0.0 0.0 0.0 0.0 0.0 0.0 0.0 0.0 0.0 0.0 0.0 0.0 0.0 
1277 4.418266683341671 0.1255332447582733 0.0 0.0 0.1255332447582733 0.0 0.0 0.0 0.0 0.0 0.0 0.0 0.0 0.0 0.0 0.0 0.0 0.0 0.0 0.0 0.0 0.0 
1278 4.4217265632816405 0.1255593255706632 0.0 0.0 0.1255593255706632 0.0 0.0 0.0 0.0 0.0 0.0 0.0 0.0 0.0 0.0 0.0 0.0 0.0 0.0 0.0 0.0 0.0 
1279 4.425186443221611 0.12558420388487332 0.0 0.0 0.12558420388487332 0.0 0.0 0.0 0.0 0.0 0.0 0.0 0.0 0.0 0.0 0.0 0.0 0.0 0.0 0.0 0.0 0.0 
1280 4.428646323161581 0.1256078756257455 0.0 0.0 0.1256078756257455 0.0 0.0 0.0 0.0 0.0 0.0 0.0 0.0 0.0 0.0 0.0 0.0 0.0 0.0 0.0 0.0 0.0 
1281 4.432106203101551 0.12563033673627788 0.0 0.0 0.12563033673627788 0.0 0.0 0.0 0.0 0.0 0.0 0.0 0.0 0.0 0.0 0.0 0.0 0.0 0.0 0.0 0.0 0.0 
1282 4.435566083041521 0.12565158317789019 0.0 0.0 0.12565158317789019 0.0 0.0 0.0 0.0 0.0 0.0 0.0 0.0 0.0 0.0 0.0 0.0 0.0 0.0 0.0 0.0 0.0 
1283 4.439025962981491 0.12567161093069212 0.0 0.0 0.12567161093069212 0.0 0.0 0.0 0.0 0.0 0.0 0.0 0.0 0.0 0.0 0.0 0.0 0.0 0.0 0.0 0.0 0.0 
1284 4.442485842921461 0.125690415993751 0.0 0.0 0.125690415993751 0.0 0.0 0.0 0.0 0.0 0.0 0.0 0.0 0.0 0.0 0.0 0.0 0.0 0.0 0.0 0.0 0.0 
1285 4.44594572286143 0.1257079943853598 0.0 0.0 0.1257079943853598 0.0 0.0 0.0 0.0 0.0 0.0 0.0 0.0 0.0 0.0 0.0 0.0 0.0 0.0 0.0 0.0 0.0 
1286 4.4494056028014 0.1257243421433088 0.0 0.0 0.1257243421433088 0.0 0.0 0.0 0.0 0.0 0.0 0.0 0.0 0.0 0.0 0.0 0.0 0.0 0.0 0.0 0.0 0.0 
1287 4.4528654827413705 0.1257394553251558 0.0 0.0 0.1257394553251558 0.0 0.0 0.0 0.0 0.0 0.0 0.0 0.0 0.0 0.0 0.0 0.0 0.0 0.0 0.0 0.0 0.0 
1288 4.456325362681341 0.12575333000849725 0.0 0.0 0.12575333000849725 0.0 0.0 0.0 0.0 0.0 0.0 0.0 0.0 0.0 0.0 0.0 0.0 0.0 0.0 0.0 0.0 0.0 
1289 4.459785242621311 0.125765962291243 0.0 0.0 0.125765962291243 0.0 0.0 0.0 0.0 0.0 0.0 0.0 0.0 0.0 0.0 0.0 0.0 0.0 0.0 0.0 0.0 0.0 
1290 4.463245122561281 0.12577734829188802 0.0 0.0 0.12577734829188802 0.0 0.0 0.0 0.0 0.0 0.0 0.0 0.0 0.0 0.0 0.0 0.0 0.0 0.0 0.0 0.0 0.0 
1291 4.466705002501251 0.1257874841497886 0.0 0.0 0.1257874841497886 0.0 0.0 0.0 0.0 0.0 0.0 0.0 0.0 0.0 0.0 0.0 0.0 0.0 0.0 0.0 0.0 0.0 
1292 4.470164882441221 0.12579636602543784 0.0 0.0 0.12579636602543784 0.0 0.0 0.0 0.0 0.0 0.0 0.0 0.0 0.0 0.0 0.0 0.0 0.0 0.0 0.0 0.0 0.0 
1293 4.47362476238119 0.12580399010074092 0.0 0.0 0.12580399010074092 0.0 0.0 0.0 0.0 0.0 0.0 0.0 0.0 0.0 0.0 0.0 0.0 0.0 0.0 0.0 0.0 0.0 
1294 4.47708464232116 0.12581035257929424 0.0 0.0 0.12581035257929424 0.0 0.0 0.0 0.0 0.0 0.0 0.0 0.0 0.0 0.0 0.0 0.0 0.0 0.0 0.0 0.0 0.0 
1295 4.48054452226113 0.12581544968666306 0.0 0.0 0.12581544968666306 0.0 0.0 0.0 0.0 0.0 0.0 0.0 0.0 0.0 0.0 0.0 0.0 0.0 0.0 0.0 0.0 0.0 
1296 4.4840044022011005 0.12581927767065992 0.0 0.0 0.12581927767065992 0.0 0.0 0.0 0.0 0.0 0.0 0.0 0.0 0.0 0.0 0.0 0.0 0.0 0.0 0.0 0.0 0.0 
1297 4.487464282141071 0.1258218328016261 0.0 0.0 0.1258218328016261 0.0 0.0 0.0 0.0 0.0 0.0 0.0 0.0 0.0 0.0 0.0 0.0 0.0 0.0 0.0 0.0 0.0 
1298 4.490924162081041 0.12582311137271204 0.0 0.0 0.12582311137271204 0.0 0.0 0.0 0.0 0.0 0.0 0.0 0.0 0.0 0.0 0.0 0.0 0.0 0.0 0.0 0.0 0.0 
1299 4.494384042021011 0.12582310970015817 0.0 0.0 0.12582310970015817 0.0 0.0 0.0 0.0 0.0 0.0 0.0 0.0 0.0 0.0 0.0 0.0 0.0 0.0 0.0 0.0 0.0 
1300 4.497843921960981 0.12582182412357934 0.0 0.0 0.12582182412357934 0.0 0.0 0.0 0.0 0.0 0.0 0.0 0.0 0.0 0.0 0.0 0.0 0.0 0.0 0.0 0.0 0.0 
1301 4.50130380190095 0.12581925100624655 0.0 0.0 0.12581925100624655 0.0 0.0 0.0 0.0 0.0 0.0 0.0 0.0 0.0 0.0 0.0 0.0 0.0 0.0 0.0 0.0 0.0 
1302 4.50476368184092 0.12581538673537257 0.0 0.0 0.12581538673537257 0.0 0.0 0.0 0.0 0.0 0.0 0.0 0.0 0.0 0.0 0.0 0.0 0.0 0.0 0.0 0.0 0.0 
1303 4.50822356178089 0.1258102277223965 0.0 0.0 0.1258102277223965 0.0 0.0 0.0 0.0 0.0 0.0 0.0 0.0 0.0 0.0 0.0 0.0 0.0 0.0 0.0 0.0 0.0 
1304 4.51168344172086 0.12580377040326896 0.0 0.0 0.12580377040326896 0.0 0.0 0.0 0.0 0.0 0.0 0.0 0.0 0.0 0.0 0.0 0.0 0.0 0.0 0.0 0.0 0.0 
1305 4.5151433216608305 0.12579601123874018 0.0 0.0 0.12579601123874018 0.0 0.0 0.0 0.0 0.0 0.0 0.0 0.0 0.0 0.0 0.0 0.0 0.0 0.0 0.0 0.0 0.0 
1306 4.518603201600801 0.12578694671464666 0.0 0.0 0.12578694671464666 0.0 0.0 0.0 0.0 0.0 0.0 0.0 0.0 0.0 0.0 0.0 0.0 0.0 0.0 0.0 0.0 0.0 
1307 4.522063081540771 0.12577657334219883 0.0 0.0 0.12577657334219883 0.0 0.0 0.0 0.0 0.0 0.0 0.0 0.0 0.0 0.0 0.0 0.0 0.0 0.0 0.0 0.0 0.0 
1308 4.52552296148074 0.12576488765827132 0.0 0.0 0.12576488765827132 0.0 0.0 0.0 0.0 0.0 0.0 0.0 0.0 0.0 0.0 0.0 0.0 0.0 0.0 0.0 0.0 0.0 
1309 4.52898284142071 0.1257518862256921 0.0 0.0 0.1257518862256921 0.0 0.0 0.0 0.0 0.0 0.0 0.0 0.0 0.0 0.0 0.0 0.0 0.0 0.0 0.0 0.0 0.0 
1310 4.53244272136068 0.1257375656335321 0.0 0.0 0.1257375656335321 0.0 0.0 0.0 0.0 0.0 0.0 0.0 0.0 0.0 0.0 0.0 0.0 0.0 0.0 0.0 0.0 0.0 
1311 4.53590260130065 0.12572192249739791 0.0 0.0 0.12572192249739791 0.0 0.0 0.0 0.0 0.0 0.0 0.0 0.0 0.0 0.0 0.0 0.0 0.0 0.0 0.0 0.0 0.0 
1312 4.53936248124062 0.12570495345972282 0.0 0.0 0.12570495345972282 0.0 0.0 0.0 0.0 0.0 0.0 0.0 0.0 0.0 0.0 0.0 0.0 0.0 0.0 0.0 0.0 0.0 
1313 4.5428223611805905 0.12568665519005895 0.0 0.0 0.12568665519005895 0.0 0.0 0.0 0.0 0.0 0.0 0.0 0.0 0.0 0.0 0.0 0.0 0.0 0.0 0.0 0.0 0.0 
1314 4.546282241120561 0.1256670243853718 0.0 0.0 0.1256670243853718 0.0 0.0 0.0 0.0 0.0 0.0 0.0 0.0 0.0 0.0 0.0 0.0 0.0 0.0 0.0 0.0 0.0 
1315 4.549742121060531 0.12564605777033264 0.0 0.0 0.12564605777033264 0.0 0.0 0.0 0.0 0.0 0.0 0.0 0.0 0.0 0.0 0.0 0.0 0.0 0.0 0.0 0.0 0.0 
1316 4.5532020010005 0.1256237520976146 0.0 0.0 0.1256237520976146 0.0 0.0 0.0 0.0 0.0 0.0 0.0 0.0 0.0 0.0 0.0 0.0 0.0 0.0 0.0 0.0 0.0 
1317 4.55666188094047 0.12560010414818706 0.0 0.0 0.12560010414818706 0.0 0.0 0.0 0.0 0.0 0.0 0.0 0.0 0.0 0.0 0.0 0.0 0.0 0.0 0.0 0.0 0.0 
1318 4.56012176088044 0.12557511073161123 0.0 0.0 0.12557511073161123 0.0 0.0 0.0 0.0 0.0 0.0 0.0 0.0 0.0 0.0 0.0 0.0 0.0 0.0 0.0 0.0 0.0 
1319 4.56358164082041 0.1255487686863377 0.0 0.0 0.1255487686863377 0.0 0.0 0.0 0.0 0.0 0.0 0.0 0.0 0.0 0.0 0.0 0.0 0.0 0.0 0.0 0.0 0.0 
1320 4.56704152076038 0.1255210748800028 0.0 0.0 0.1255210748800028 0.0 0.0 0.0 0.0 0.0 0.0 0.0 0.0 0.0 0.0 0.0 0.0 0.0 0.0 0.0 0.0 0.0 
1321 4.57050140070035 0.12549202620972597 0.0 0.0 0.12549202620972597 0.0 0.0 0.0 0.0 0.0 0.0 0.0 0.0 0.0 0.0 0.0 0.0 0.0 0.0 0.0 0.0 0.0 
1322 4.5739612806403205 0.125461619602409 0.0 0.0 0.125461619602409 0.0 0.0 0.0 0.0 0.0 0.0 0.0 0.0 0.0 0.0 0.0 0.0 0.0 0.0 0.0 0.0 0.0 
1323 4.577421160580291 0.12542985201503457 0.0 0.0 0.12542985201503457 0.0 0.0 0.0 0.0 0.0 0.0 0.0 0.0 0.0 0.0 0.0 0.0 0.0 0.0 0.0 0.0 0.0 
1324 4.58088104052026 0.12539672043496455 0.0 0.0 0.12539672043496455 0.0 0.0 0.0 0.0 0.0 0.0 0.0 0.0 0.0 0.0 0.0 0.0 0.0 0.0 0.0 0.0 0.0 
1325 4.58434092046023 0.12536222188024168 0.0 0.0 0.12536222188024168 0.0 0.0 0.0 0.0 0.0 0.0 0.0 0.0 0.0 0.0 0.0 0.0 0.0 0.0 0.0 0.0 0.0 
1326 4.5878008004002 0.12532635339988904 0.0 0.0 0.12532635339988904 0.0 0.0 0.0 0.0 0.0 0.0 0.0 0.0 0.0 0.0 0.0 0.0 0.0 0.0 0.0 0.0 0.0 
1327 4.59126068034017 0.12528911207421053 0.0 0.0 0.12528911207421053 0.0 0.0 0.0 0.0 0.0 0.0 0.0 0.0 0.0 0.0 0.0 0.0 0.0 0.0 0.0 0.0 0.0 
1328 4.59472056028014 0.12525049501509378 0.0 0.0 0.12525049501509378 0.0 0.0 0.0 0.0 0.0 0.0 0.0 0.0 0.0 0.0 0.0 0.0 0.0 0.0 0.0 0.0 0.0 
1329 4.59818044022011 0.12521049936631043 0.0 0.0 0.12521049936631043 0.0 0.0 0.0 0.0 0.0 0.0 0.0 0.0 0.0 0.0 0.0 0.0 0.0 0.0 0.0 0.0 0.0 
1330 4.60164032016008 0.12516912230381985 0.0 0.0 0.12516912230381985 0.0 0.0 0.0 0.0 0.0 0.0 0.0 0.0 0.0 0.0 0.0 0.0 0.0 0.0 0.0 0.0 0.0 
1331 4.60510020010005 0.12512636103607164 0.0 0.0 0.12512636103607164 0.0 0.0 0.0 0.0 0.0 0.0 0.0 0.0 0.0 0.0 0.0 0.0 0.0 0.0 0.0 0.0 0.0 
1332 4.60856008004002 0.12508221280430792 0.0 0.0 0.12508221280430792 0.0 0.0 0.0 0.0 0.0 0.0 0.0 0.0 0.0 0.0 0.0 0.0 0.0 0.0 0.0 0.0 0.0 
1333 4.61201995997999 0.12503667488286857 0.0 0.0 0.12503667488286857 0.0 0.0 0.0 0.0 0.0 0.0 0.0 0.0 0.0 0.0 0.0 0.0 0.0 0.0 0.0 0.0 0.0 
1334 4.61547983991996 0.12498974457949452 0.0 0.0 0.12498974457949452 0.0 0.0 0.0 0.0 0.0 0.0 0.0 0.0 0.0 0.0 0.0 0.0 0.0 0.0 0.0 0.0 0.0 
1335 4.61893971985993 0.12494141923563173 0.0 0.0 0.12494141923563173 0.0 0.0 0.0 0.0 0.0 0.0 0.0 0.0 0.0 0.0 0.0 0.0 0.0 0.0 0.0 0.0 0.0 
1336 4.6223995997999 0.1248916962267373 0.0 0.0 0.1248916962267373 0.0 0.0 0.0 0.0 0.0 0.0 0.0 0.0 0.0 0.0 0.0 0.0 0.0 0.0 0.0 0.0 0.0 
1337 4.62585947973987 0.12484057296258377 0.0 0.0 0.12484057296258377 0.0 0.0 0.0 0.0 0.0 0.0 0.0 0.0 0.0 0.0 0.0 0.0 0.0 0.0 0.0 0.0 0.0 
1338 4.62931935967984 0.12478804688756441 0.0 0.0 0.12478804688756441 0.0 0.0 0.0 0.0 0.0 0.0 0.0 0.0 0.0 0.0 0.0 0.0 0.0 0.0 0.0 0.0 0.0 
1339 4.6327792396198095 0.12473411548100026 0.0 0.0 0.12473411548100026 0.0 0.0 0.0 0.0 0.0 0.0 0.0 0.0 0.0 0.0 0.0 0.0 0.0 0.0 0.0 0.0 0.0 
1340 4.63623911955978 0.12467877625744479 0.0 0.0 0.12467877625744479 0.0 0.0 0.0 0.0 0.0 0.0 0.0 0.0 0.0 0.0 0.0 0.0 0.0 0.0 0.0 0.0 0.0 
1341 4.63969899949975 0.12462202676699159 0.0 0.0 0.12462202676699159 0.0 0.0 0.0 0.0 0.0 0.0 0.0 0.0 0.0 0.0 0.0 0.0 0.0 0.0 0.0 0.0 0.0 
1342 4.64315887943972 0.1245638645955808 0.0 0.0 0.1245638645955808 0.0 0.0 0.0 0.0 0.0 0.0 0.0 0.0 0.0 0.0 0.0 0.0 0.0 0.0 0.0 0.0 0.0 
1343 4.64661875937969 0.12450428736530501 0.0 0.0 0.12450428736530501 0.0 0.0 0.0 0.0 0.0 0.0 0.0 0.0 0.0 0.0 0.0 0.0 0.0 0.0 0.0 0.0 0.0 
1344 4.65007863931966 0.12444329273471796 0.0 0.0 0.12444329273471796 0.0 0.0 0.0 0.0 0.0 0.0 0.0 0.0 0.0 0.0 0.0 0.0 0.0 0.0 0.0 0.0 0.0 
1345 4.65353851925963 0.1243808783991414 0.0 0.0 0.1243808783991414 0.0 0.0 0.0 0.0 0.0 0.0 0.0 0.0 0.0 0.0 0.0 0.0 0.0 0.0 0.0 0.0 0.0 
1346 4.6569983991996 0.12431704209097164 0.0 0.0 0.12431704209097164 0.0 0.0 0.0 0.0 0.0 0.0 0.0 0.0 0.0 0.0 0.0 0.0 0.0 0.0 0.0 0.0 0.0 
1347 4.6604582791395694 0.1242517815799891 0.0 0.0 0.1242517815799891 0.0 0.0 0.0 0.0 0.0 0.0 0.0 0.0 0.0 0.0 0.0 0.0 0.0 0.0 0.0 0.0 0.0 
1348 4.6639181590795395 0.12418509467366516 0.0 0.0 0.12418509467366516 0.0 0.0 0.0 0.0 0.0 0.0 0.0 0.0 0.0 0.0 0.0 0.0 0.0 0.0 0.0 0.0 0.0 
1349 4.66737803901951 0.12411697921746988 0.0 0.0 0.12411697921746988 0.0 0.0 0.0 0.0 0.0 0.0 0.0 0.0 0.0 0.0 0.0 0.0 0.0 0.0 0.0 0.0 0.0 
1350 4.67083791895948 0.12404743309518138 0.0 0.0 0.12404743309518138 0.0 0.0 0.0 0.0 0.0 0.0 0.0 0.0 0.0 0.0 0.0 0.0 0.0 0.0 0.0 0.0 0.0 
1351 4.67429779889945 0.12397645422919336 0.0 0.0 0.12397645422919336 0.0 0.0 0.0 0.0 0.0 0.0 0.0 0.0 0.0 0.0 0.0 0.0 0.0 0.0 0.0 0.0 0.0 
1352 4.67775767883942 0.12390404058082298 0.0 0.0 0.12390404058082298 0.0 0.0 0.0 0.0 0.0 0.0 0.0 0.0 0.0 0.0 0.0 0.0 0.0 0.0 0.0 0.0 0.0 
1353 4.68121755877939 0.12383019015062072 0.0 0.0 0.12383019015062072 0.0 0.0 0.0 0.0 0.0 0.0 0.0 0.0 0.0 0.0 0.0 0.0 0.0 0.0 0.0 0.0 0.0 
1354 4.684677438719359 0.12375490097867715 0.0 0.0 0.12375490097867715 0.0 0.0 0.0 0.0 0.0 0.0 0.0 0.0 0.0 0.0 0.0 0.0 0.0 0.0 0.0 0.0 0.0 
1355 4.688137318659329 0.12367817114493285 0.0 0.0 0.12367817114493285 0.0 0.0 0.0 0.0 0.0 0.0 0.0 0.0 0.0 0.0 0.0 0.0 0.0 0.0 0.0 0.0 0.0 
1356 4.6915971985992995 0.12359999876948632 0.0 0.0 0.12359999876948632 0.0 0.0 0.0 0.0 0.0 0.0 0.0 0.0 0.0 0.0 0.0 0.0 0.0 0.0 0.0 0.0 0.0 
1357 4.69505707853927 0.12352038201290183 0.0 0.0 0.12352038201290183 0.0 0.0 0.0 0.0 0.0 0.0 0.0 0.0 0.0 0.0 0.0 0.0 0.0 0.0 0.0 0.0 0.0 
1358 4.69851695847924 0.12343931907651903 0.0 0.0 0.12343931907651903 0.0 0.0 0.0 0.0 0.0 0.0 0.0 0.0 0.0 0.0 0.0 0.0 0.0 0.0 0.0 0.0 0.0 
1359 4.70197683841921 0.12335680820276078 0.0 0.0 0.12335680820276078 0.0 0.0 0.0 0.0 0.0 0.0 0.0 0.0 0.0 0.0 0.0 0.0 0.0 0.0 0.0 0.0 0.0 
1360 4.70543671835918 0.12327284767544068 0.0 0.0 0.12327284767544068 0.0 0.0 0.0 0.0 0.0 0.0 0.0 0.0 0.0 0.0 0.0 0.0 0.0 0.0 0.0 0.0 0.0 
1361 4.70889659829915 0.12318743582007258 0.0 0.0 0.12318743582007258 0.0 0.0 0.0 0.0 0.0 0.0 0.0 0.0 0.0 0.0 0.0 0.0 0.0 0.0 0.0 0.0 0.0 
1362 4.712356478239119 0.12310057100417811 0.0 0.0 0.12310057100417811 0.0 0.0 0.0 0.0 0.0 0.0 0.0 0.0 0.0 0.0 0.0 0.0 0.0 0.0 0.0 0.0 0.0 
1363 4.715816358179089 0.12301225163759365 0.0 0.0 0.12301225163759365 0.0 0.0 0.0 0.0 0.0 0.0 0.0 0.0 0.0 0.0 0.0 0.0 0.0 0.0 0.0 0.0 0.0 
1364 4.719276238119059 0.12292247617277964 0.0 0.0 0.12292247617277964 0.0 0.0 0.0 0.0 0.0 0.0 0.0 0.0 0.0 0.0 0.0 0.0 0.0 0.0 0.0 0.0 0.0 
1365 4.7227361180590295 0.12283124310512729 0.0 0.0 0.12283124310512729 0.0 0.0 0.0 0.0 0.0 0.0 0.0 0.0 0.0 0.0 0.0 0.0 0.0 0.0 0.0 0.0 0.0 
1366 4.726195997999 0.12273855097326536 0.0 0.0 0.12273855097326536 0.0 0.0 0.0 0.0 0.0 0.0 0.0 0.0 0.0 0.0 0.0 0.0 0.0 0.0 0.0 0.0 0.0 
1367 4.72965587793897 0.12264439835936868 0.0 0.0 0.12264439835936868 0.0 0.0 0.0 0.0 0.0 0.0 0.0 0.0 0.0 0.0 0.0 0.0 0.0 0.0 0.0 0.0 0.0 
1368 4.73311575787894 0.12254878388946336 0.0 0.0 0.12254878388946336 0.0 0.0 0.0 0.0 0.0 0.0 0.0 0.0 0.0 0.0 0.0 0.0 0.0 0.0 0.0 0.0 0.0 
1369 4.73657563781891 0.12245170623373473 0.0 0.0 0.12245170623373473 0.0 0.0 0.0 0.0 0.0 0.0 0.0 0.0 0.0 0.0 0.0 0.0 0.0 0.0 0.0 0.0 0.0 
1370 4.740035517758879 0.12235316410683295 0.0 0.0 0.12235316410683295 0.0 0.0 0.0 0.0 0.0 0.0 0.0 0.0 0.0 0.0 0.0 0.0 0.0 0.0 0.0 0.0 0.0 
1371 4.743495397698849 0.12225315626817833 0.0 0.0 0.12225315626817833 0.0 0.0 0.0 0.0 0.0 0.0 0.0 0.0 0.0 0.0 0.0 0.0 0.0 0.0 0.0 0.0 0.0 
1372 4.746955277638819 0.12215168152226812 0.0 0.0 0.12215168152226812 0.0 0.0 0.0 0.0 0.0 0.0 0.0 0.0 0.0 0.0 0.0 0.0 0.0 0.0 0.0 0.0 0.0 
1373 4.750415157578789 0.12204873871898105 0.0 0.0 0.12204873871898105 0.0 0.0 0.0 0.0 0.0 0.0 0.0 0.0 0.0 0.0 0.0 0.0 0.0 0.0 0.0 0.0 0.0 
1374 4.7538750375187595 0.12194432675388149 0.0 0.0 0.12194432675388149 0.0 0.0 0.0 0.0 0.0 0.0 0.0 0.0 0.0 0.0 0.0 0.0 0.0 0.0 0.0 0.0 0.0 
1375 4.75733491745873 0.12183844456852505 0.0 0.0 0.12183844456852505 0.0 0.0 0.0 0.0 0.0 0.0 0.0 0.0 0.0 0.0 0.0 0.0 0.0 0.0 0.0 0.0 0.0 
1376 4.7607947973987 0.12173109115076186 0.0 0.0 0.12173109115076186 0.0 0.0 0.0 0.0 0.0 0.0 0.0 0.0 0.0 0.0 0.0 0.0 0.0 0.0 0.0 0.0 0.0 
1377 4.764254677338669 0.12162226553503933 0.0 0.0 0.12162226553503933 0.0 0.0 0.0 0.0 0.0 0.0 0.0 0.0 0.0 0.0 0.0 0.0 0.0 0.0 0.0 0.0 0.0 
1378 4.767714557278639 0.12151196680270651 0.0 0.0 0.12151196680270651 0.0 0.0 0.0 0.0 0.0 0.0 0.0 0.0 0.0 0.0 0.0 0.0 0.0 0.0 0.0 0.0 0.0 
1379 4.771174437218609 0.12140019408231487 0.0 0.0 0.12140019408231487 0.0 0.0 0.0 0.0 0.0 0.0 0.0 0.0 0.0 0.0 0.0 0.0 0.0 0.0 0.0 0.0 0.0 
1380 4.774634317158579 0.12128694654992156 0.0 0.0 0.12128694654992156 0.0 0.0 0.0 0.0 0.0 0.0 0.0 0.0 0.0 0.0 0.0 0.0 0.0 0.0 0.0 0.0 0.0 
1381 4.778094197098549 0.12117222342939013 0.0 0.0 0.12117222342939013 0.0 0.0 0.0 0.0 0.0 0.0 0.0 0.0 0.0 0.0 0.0 0.0 0.0 0.0 0.0 0.0 0.0 
1382 4.781554077038519 0.12105602399269044 0.0 0.0 0.12105602399269044 0.0 0.0 0.0 0.0 0.0 0.0 0.0 0.0 0.0 0.0 0.0 0.0 0.0 0.0 0.0 0.0 0.0 
1383 4.7850139569784895 0.12093834756019989 0.0 0.0 0.12093834756019989 0.0 0.0 0.0 0.0 0.0 0.0 0.0 0.0 0.0 0.0 0.0 0.0 0.0 0.0 0.0 0.0 0.0 
1384 4.78847383691846 0.12081919350100248 0.0 0.0 0.12081919350100248 0.0 0.0 0.0 0.0 0.0 0.0 0.0 0.0 0.0 0.0 0.0 0.0 0.0 0.0 0.0 0.0 0.0 
1385 4.791933716858429 0.12069856123318654 0.0 0.0 0.12069856123318654 0.0 0.0 0.0 0.0 0.0 0.0 0.0 0.0 0.0 0.0 0.0 0.0 0.0 0.0 0.0 0.0 0.0 
1386 4.795393596798399 0.12057645022414398 0.0 0.0 0.12057645022414398 0.0 0.0 0.0 0.0 0.0 0.0 0.0 0.0 0.0 0.0 0.0 0.0 0.0 0.0 0.0 0.0 0.0 
1387 4.798853476738369 0.12045285999086724 0.0 0.0 0.12045285999086724 0.0 0.0 0.0 0.0 0.0 0.0 0.0 0.0 0.0 0.0 0.0 0.0 0.0 0.0 0.0 0.0 0.0 
1388 4.802313356678339 0.12032779010024469 0.0 0.0 0.12032779010024469 0.0 0.0 0.0 0.0 0.0 0.0 0.0 0.0 0.0 0.0 0.0 0.0 0.0 0.0 0.0 0.0 0.0 
1389 4.805773236618309 0.12020124016935797 0.0 0.0 0.12020124016935797 0.0 0.0 0.0 0.0 0.0 0.0 0.0 0.0 0.0 0.0 0.0 0.0 0.0 0.0 0.0 0.0 0.0 
1390 4.809233116558279 0.12007320986577594 0.0 0.0 0.12007320986577594 0.0 0.0 0.0 0.0 0.0 0.0 0.0 0.0 0.0 0.0 0.0 0.0 0.0 0.0 0.0 0.0 0.0 
1391 4.812692996498249 0.11994369890784817 0.0 0.0 0.11994369890784817 0.0 0.0 0.0 0.0 0.0 0.0 0.0 0.0 0.0 0.0 0.0 0.0 0.0 0.0 0.0 0.0 0.0 
1392 4.8161528764382195 0.11981270706499965 0.0 0.0 0.11981270706499965 0.0 0.0 0.0 0.0 0.0 0.0 0.0 0.0 0.0 0.0 0.0 0.0 0.0 0.0 0.0 0.0 0.0 
1393 4.819612756378189 0.1196802341580212 0.0 0.0 0.1196802341580212 0.0 0.0 0.0 0.0 0.0 0.0 0.0 0.0 0.0 0.0 0.0 0.0 0.0 0.0 0.0 0.0 0.0 
1394 4.823072636318159 0.11954628005936233 0.0 0.0 0.11954628005936233 0.0 0.0 0.0 0.0 0.0 0.0 0.0 0.0 0.0 0.0 0.0 0.0 0.0 0.0 0.0 0.0 0.0 
1395 4.826532516258129 0.11941084469342085 0.0 0.0 0.11941084469342085 0.0 0.0 0.0 0.0 0.0 0.0 0.0 0.0 0.0 0.0 0.0 0.0 0.0 0.0 0.0 0.0 0.0 
1396 4.829992396198099 0.11927392803683186 0.0 0.0 0.11927392803683186 0.0 0.0 0.0 0.0 0.0 0.0 0.0 0.0 0.0 0.0 0.0 0.0 0.0 0.0 0.0 0.0 0.0 
1397 4.833452276138069 0.11913553011875706 0.0 0.0 0.11913553011875706 0.0 0.0 0.0 0.0 0.0 0.0 0.0 0.0 0.0 0.0 0.0 0.0 0.0 0.0 0.0 0.0 0.0 
1398 4.836912156078039 0.11899565102117152 0.0 0.0 0.11899565102117152 0.0 0.0 0.0 0.0 0.0 0.0 0.0 0.0 0.0 0.0 0.0 0.0 0.0 0.0 0.0 0.0 0.0 
1399 4.840372036018009 0.11885429087914931 0.0 0.0 0.11885429087914931 0.0 0.0 0.0 0.0 0.0 0.0 0.0 0.0 0.0 0.0 0.0 0.0 0.0 0.0 0.0 0.0 0.0 
1400 4.843831915957979 0.11871144988114982 0.0 0.0 0.11871144988114982 0.0 0.0 0.0 0.0 0.0 0.0 0.0 0.0 0.0 0.0 0.0 0.0 0.0 0.0 0.0 0.0 0.0 
1401 4.847291795897949 0.11856712826930087 0.0 0.0 0.11856712826930087 0.0 0.0 0.0 0.0 0.0 0.0 0.0 0.0 0.0 0.0 0.0 0.0 0.0 0.0 0.0 0.0 0.0 
1402 4.850751675837919 0.1184213263396813 0.0 0.0 0.1184213263396813 0.0 0.0 0.0 0.0 0.0 0.0 0.0 0.0 0.0 0.0 0.0 0.0 0.0 0.0 0.0 0.0 0.0 
1403 4.854211555777889 0.11827404444260357 0.0 0.0 0.11827404444260357 0.0 0.0 0.0 0.0 0.0 0.0 0.0 0.0 0.0 0.0 0.0 0.0 0.0 0.0 0.0 0.0 0.0 
1404 4.857671435717859 0.11812528298289342 0.0 0.0 0.11812528298289342 0.0 0.0 0.0 0.0 0.0 0.0 0.0 0.0 0.0 0.0 0.0 0.0 0.0 0.0 0.0 0.0 0.0 
1405 4.861131315657829 0.11797504242016842 0.0 0.0 0.11797504242016842 0.0 0.0 0.0 0.0 0.0 0.0 0.0 0.0 0.0 0.0 0.0 0.0 0.0 0.0 0.0 0.0 0.0 
1406 4.864591195597799 0.11782332326911743 0.0 0.0 0.11782332326911743 0.0 0.0 0.0 0.0 0.0 0.0 0.0 0.0 0.0 0.0 0.0 0.0 0.0 0.0 0.0 0.0 0.0 
1407 4.868051075537769 0.117670126099775 0.0 0.0 0.117670126099775 0.0 0.0 0.0 0.0 0.0 0.0 0.0 0.0 0.0 0.0 0.0 0.0 0.0 0.0 0.0 0.0 0.0 
1408 4.8715109554777385 0.11751545153779837 0.0 0.0 0.11751545153779837 0.0 0.0 0.0 0.0 0.0 0.0 0.0 0.0 0.0 0.0 0.0 0.0 0.0 0.0 0.0 0.0 0.0 
1409 4.874970835417709 0.11735930026474022 0.0 0.0 0.11735930026474022 0.0 0.0 0.0 0.0 0.0 0.0 0.0 0.0 0.0 0.0 0.0 0.0 0.0 0.0 0.0 0.0 0.0 
1410 4.878430715357679 0.11720167301832059 0.0 0.0 0.11720167301832059 0.0 0.0 0.0 0.0 0.0 0.0 0.0 0.0 0.0 0.0 0.0 0.0 0.0 0.0 0.0 0.0 0.0 
1411 4.881890595297649 0.11704257059269894 0.0 0.0 0.11704257059269894 0.0 0.0 0.0 0.0 0.0 0.0 0.0 0.0 0.0 0.0 0.0 0.0 0.0 0.0 0.0 0.0 0.0 
1412 4.885350475237619 0.1168819938387429 0.0 0.0 0.1168819938387429 0.0 0.0 0.0 0.0 0.0 0.0 0.0 0.0 0.0 0.0 0.0 0.0 0.0 0.0 0.0 0.0 0.0 
1413 4.888810355177589 0.1167199436642954 0.0 0.0 0.1167199436642954 0.0 0.0 0.0 0.0 0.0 0.0 0.0 0.0 0.0 0.0 0.0 0.0 0.0 0.0 0.0 0.0 0.0 
1414 4.892270235117559 0.11655642103444237 0.0 0.0 0.11655642103444237 0.0 0.0 0.0 0.0 0.0 0.0 0.0 0.0 0.0 0.0 0.0 0.0 0.0 0.0 0.0 0.0 0.0 
1415 4.895730115057529 0.11639142697177668 0.0 0.0 0.11639142697177668 0.0 0.0 0.0 0.0 0.0 0.0 0.0 0.0 0.0 0.0 0.0 0.0 0.0 0.0 0.0 0.0 0.0 
1416 4.899189994997498 0.11622496255666087 0.0 0.0 0.11622496255666087 0.0 0.0 0.0 0.0 0.0 0.0 0.0 0.0 0.0 0.0 0.0 0.0 0.0 0.0 0.0 0.0 0.0 
1417 4.9026498749374685 0.11605702892748958 0.0 0.0 0.11605702892748958 0.0 0.0 0.0 0.0 0.0 0.0 0.0 0.0 0.0 0.0 0.0 0.0 0.0 0.0 0.0 0.0 0.0 
1418 4.906109754877439 0.11588762728094817 0.0 0.0 0.11588762728094817 0.0 0.0 0.0 0.0 0.0 0.0 0.0 0.0 0.0 0.0 0.0 0.0 0.0 0.0 0.0 0.0 0.0 
1419 4.909569634817409 0.11571675887227194 0.0 0.0 0.11571675887227194 0.0 0.0 0.0 0.0 0.0 0.0 0.0 0.0 0.0 0.0 0.0 0.0 0.0 0.0 0.0 0.0 0.0 
1420 4.913029514757379 0.11554442501550183 0.0 0.0 0.11554442501550183 0.0 0.0 0.0 0.0 0.0 0.0 0.0 0.0 0.0 0.0 0.0 0.0 0.0 0.0 0.0 0.0 0.0 
1421 4.916489394697349 0.11537062708373831 0.0 0.0 0.11537062708373831 0.0 0.0 0.0 0.0 0.0 0.0 0.0 0.0 0.0 0.0 0.0 0.0 0.0 0.0 0.0 0.0 0.0 
1422 4.919949274637319 0.11519536650939521 0.0 0.0 0.11519536650939521 0.0 0.0 0.0 0.0 0.0 0.0 0.0 0.0 0.0 0.0 0.0 0.0 0.0 0.0 0.0 0.0 0.0 
1423 4.923409154577288 0.11501864478445016 0.0 0.0 0.11501864478445016 0.0 0.0 0.0 0.0 0.0 0.0 0.0 0.0 0.0 0.0 0.0 0.0 0.0 0.0 0.0 0.0 0.0 
1424 4.926869034517258 0.11484046346069247 0.0 0.0 0.11484046346069247 0.0 0.0 0.0 0.0 0.0 0.0 0.0 0.0 0.0 0.0 0.0 0.0 0.0 0.0 0.0 0.0 0.0 
1425 4.930328914457228 0.11466082414997184 0.0 0.0 0.11466082414997184 0.0 0.0 0.0 0.0 0.0 0.0 0.0 0.0 0.0 0.0 0.0 0.0 0.0 0.0 0.0 0.0 0.0 
1426 4.9337887943971985 0.1144797285244423 0.0 0.0 0.1144797285244423 0.0 0.0 0.0 0.0 0.0 0.0 0.0 0.0 0.0 0.0 0.0 0.0 0.0 0.0 0.0 0.0 0.0 
1427 4.937248674337169 0.11429717831680508 0.0 0.0 0.11429717831680508 0.0 0.0 0.0 0.0 0.0 0.0 0.0 0.0 0.0 0.0 0.0 0.0 0.0 0.0 0.0 0.0 0.0 
1428 4.940708554277139 0.11411317532055042 0.0 0.0 0.11411317532055042 0.0 0.0 0.0 0.0 0.0 0.0 0.0 0.0 0.0 0.0 0.0 0.0 0.0 0.0 0.0 0.0 0.0 
1429 4.944168434217109 0.11392772139019601 0.0 0.0 0.11392772139019601 0.0 0.0 0.0 0.0 0.0 0.0 0.0 0.0 0.0 0.0 0.0 0.0 0.0 0.0 0.0 0.0 0.0 
1430 4.947628314157079 0.11374081844152337 0.0 0.0 0.11374081844152337 0.0 0.0 0.0 0.0 0.0 0.0 0.0 0.0 0.0 0.0 0.0 0.0 0.0 0.0 0.0 0.0 0.0 
1431 4.951088194097048 0.11355246845181366 0.0 0.0 0.11355246845181366 0.0 0.0 0.0 0.0 0.0 0.0 0.0 0.0 0.0 0.0 0.0 0.0 0.0 0.0 0.0 0.0 0.0 
1432 4.954548074037018 0.11336267346007856 0.0 0.0 0.11336267346007856 0.0 0.0 0.0 0.0 0.0 0.0 0.0 0.0 0.0 0.0 0.0 0.0 0.0 0.0 0.0 0.0 0.0 
1433 4.958007953976988 0.11317143556729209 0.0 0.0 0.11317143556729209 0.0 0.0 0.0 0.0 0.0 0.0 0.0 0.0 0.0 0.0 0.0 0.0 0.0 0.0 0.0 0.0 0.0 
1434 4.9614678339169584 0.1129787569366179 0.0 0.0 0.1129787569366179 0.0 0.0 0.0 0.0 0.0 0.0 0.0 0.0 0.0 0.0 0.0 0.0 0.0 0.0 0.0 0.0 0.0 
1435 4.9649277138569285 0.11278463979363437 0.0 0.0 0.11278463979363437 0.0 0.0 0.0 0.0 0.0 0.0 0.0 0.0 0.0 0.0 0.0 0.0 0.0 0.0 0.0 0.0 0.0 
1436 4.968387593796899 0.11258908642655921 0.0 0.0 0.11258908642655921 0.0 0.0 0.0 0.0 0.0 0.0 0.0 0.0 0.0 0.0 0.0 0.0 0.0 0.0 0.0 0.0 0.0 
1437 4.971847473736869 0.11239209918646978 0.0 0.0 0.11239209918646978 0.0 0.0 0.0 0.0 0.0 0.0 0.0 0.0 0.0 0.0 0.0 0.0 0.0 0.0 0.0 0.0 0.0 
1438 4.975307353676839 0.11219368048752118 0.0 0.0 0.11219368048752118 0.0 0.0 0.0 0.0 0.0 0.0 0.0 0.0 0.0 0.0 0.0 0.0 0.0 0.0 0.0 0.0 0.0 
1439 4.978767233616808 0.11199383280716355 0.0 0.0 0.11199383280716355 0.0 0.0 0.0 0.0 0.0 0.0 0.0 0.0 0.0 0.0 0.0 0.0 0.0 0.0 0.0 0.0 0.0 
1440 4.982227113556778 0.11179255868635493 0.0 0.0 0.11179255868635493 0.0 0.0 0.0 0.0 0.0 0.0 0.0 0.0 0.0 0.0 0.0 0.0 0.0 0.0 0.0 0.0 0.0 
1441 4.985686993496748 0.1115898607297722 0.0 0.0 0.1115898607297722 0.0 0.0 0.0 0.0 0.0 0.0 0.0 0.0 0.0 0.0 0.0 0.0 0.0 0.0 0.0 0.0 0.0 
1442 4.989146873436718 0.11138574160602041 0.0 0.0 0.11138574160602041 0.0 0.0 0.0 0.0 0.0 0.0 0.0 0.0 0.0 0.0 0.0 0.0 0.0 0.0 0.0 0.0 0.0 
1443 4.9926067533766885 0.1111802040478385 0.0 0.0 0.1111802040478385 0.0 0.0 0.0 0.0 0.0 0.0 0.0 0.0 0.0 0.0 0.0 0.0 0.0 0.0 0.0 0.0 0.0 
1444 4.996066633316659 0.11097325085230172 0.0 0.0 0.11097325085230172 0.0 0.0 0.0 0.0 0.0 0.0 0.0 0.0 0.0 0.0 0.0 0.0 0.0 0.0 0.0 0.0 0.0 
1445 4.999526513256629 0.11076488488102398 0.0 0.0 0.11076488488102398 0.0 0.0 0.0 0.0 0.0 0.0 0.0 0.0 0.0 0.0 0.0 0.0 0.0 0.0 0.0 0.0 0.0 
1446 5.002986393196598 0.11055510906035394 0.0 0.0 0.11055510906035394 0.0 0.0 0.0 0.0 0.0 0.0 0.0 0.0 0.0 0.0 0.0 0.0 0.0 0.0 0.0 0.0 0.0 
1447 5.006446273136568 0.11034392638157148 0.0 0.0 0.11034392638157148 0.0 0.0 0.0 0.0 0.0 0.0 0.0 0.0 0.0 0.0 0.0 0.0 0.0 0.0 0.0 0.0 0.0 
1448 5.009906153076538 0.11013133990107982 0.0 0.0 0.11013133990107982 0.0 0.0 0.0 0.0 0.0 0.0 0.0 0.0 0.0 0.0 0.0 0.0 0.0 0.0 0.0 0.0 0.0 
1449 5.013366033016508 0.10991735274059418 0.0 0.0 0.10991735274059418 0.0 0.0 0.0 0.0 0.0 0.0 0.0 0.0 0.0 0.0 0.0 0.0 0.0 0.0 0.0 0.0 0.0 
1450 5.016825912956478 0.10970196808732968 0.0 0.0 0.10970196808732968 0.0 0.0 0.0 0.0 0.0 0.0 0.0 0.0 0.0 0.0 0.0 0.0 0.0 0.0 0.0 0.0 0.0 
1451 5.020285792896448 0.10948518919418448 0.0 0.0 0.10948518919418448 0.0 0.0 0.0 0.0 0.0 0.0 0.0 0.0 0.0 0.0 0.0 0.0 0.0 0.0 0.0 0.0 0.0 
1452 5.0237456728364185 0.10926701937991991 0.0 0.0 0.10926701937991991 0.0 0.0 0.0 0.0 0.0 0.0 0.0 0.0 0.0 0.0 0.0 0.0 0.0 0.0 0.0 0.0 0.0 
1453 5.027205552776389 0.10904746202933945 0.0 0.0 0.10904746202933945 0.0 0.0 0.0 0.0 0.0 0.0 0.0 0.0 0.0 0.0 0.0 0.0 0.0 0.0 0.0 0.0 0.0 
1454 5.030665432716358 0.10882652059346291 0.0 0.0 0.10882652059346291 0.0 0.0 0.0 0.0 0.0 0.0 0.0 0.0 0.0 0.0 0.0 0.0 0.0 0.0 0.0 0.0 0.0 
1455 5.034125312656328 0.10860419858969722 0.0 0.0 0.10860419858969722 0.0 0.0 0.0 0.0 0.0 0.0 0.0 0.0 0.0 0.0 0.0 0.0 0.0 0.0 0.0 0.0 0.0 
1456 5.037585192596298 0.10838049960200657 0.0 0.0 0.10838049960200657 0.0 0.0 0.0 0.0 0.0 0.0 0.0 0.0 0.0 0.0 0.0 0.0 0.0 0.0 0.0 0.0 0.0 
1457 5.041045072536268 0.1081554272810762 0.0 0.0 0.1081554272810762 0.0 0.0 0.0 0.0 0.0 0.0 0.0 0.0 0.0 0.0 0.0 0.0 0.0 0.0 0.0 0.0 0.0 
1458 5.044504952476238 0.10792898534447573 0.0 0.0 0.10792898534447573 0.0 0.0 0.0 0.0 0.0 0.0 0.0 0.0 0.0 0.0 0.0 0.0 0.0 0.0 0.0 0.0 0.0 
1459 5.047964832416208 0.10770117757681746 0.0 0.0 0.10770117757681746 0.0 0.0 0.0 0.0 0.0 0.0 0.0 0.0 0.0 0.0 0.0 0.0 0.0 0.0 0.0 0.0 0.0 
1460 5.051424712356178 0.10747200782991152 0.0 0.0 0.10747200782991152 0.0 0.0 0.0 0.0 0.0 0.0 0.0 0.0 0.0 0.0 0.0 0.0 0.0 0.0 0.0 0.0 0.0 
1461 5.0548845922961485 0.10724148002291918 0.0 0.0 0.10724148002291918 0.0 0.0 0.0 0.0 0.0 0.0 0.0 0.0 0.0 0.0 0.0 0.0 0.0 0.0 0.0 0.0 0.0 
1462 5.058344472236118 0.1070095981425012 0.0 0.0 0.1070095981425012 0.0 0.0 0.0 0.0 0.0 0.0 0.0 0.0 0.0 0.0 0.0 0.0 0.0 0.0 0.0 0.0 0.0 
1463 5.061804352176088 0.10677636624296255 0.0 0.0 0.10677636624296255 0.0 0.0 0.0 0.0 0.0 0.0 0.0 0.0 0.0 0.0 0.0 0.0 0.0 0.0 0.0 0.0 0.0 
1464 5.065264232116058 0.10654178844639582 0.0 0.0 0.10654178844639582 0.0 0.0 0.0 0.0 0.0 0.0 0.0 0.0 0.0 0.0 0.0 0.0 0.0 0.0 0.0 0.0 0.0 
1465 5.068724112056028 0.10630586894281899 0.0 0.0 0.10630586894281899 0.0 0.0 0.0 0.0 0.0 0.0 0.0 0.0 0.0 0.0 0.0 0.0 0.0 0.0 0.0 0.0 0.0 
1466 5.072183991995998 0.1060686119903098 0.0 0.0 0.1060686119903098 0.0 0.0 0.0 0.0 0.0 0.0 0.0 0.0 0.0 0.0 0.0 0.0 0.0 0.0 0.0 0.0 0.0 
1467 5.075643871935968 0.1058300219151382 0.0 0.0 0.1058300219151382 0.0 0.0 0.0 0.0 0.0 0.0 0.0 0.0 0.0 0.0 0.0 0.0 0.0 0.0 0.0 0.0 0.0 
1468 5.079103751875938 0.10559010311189372 0.0 0.0 0.10559010311189372 0.0 0.0 0.0 0.0 0.0 0.0 0.0 0.0 0.0 0.0 0.0 0.0 0.0 0.0 0.0 0.0 0.0 
1469 5.0825636318159075 0.10534886004360869 0.0 0.0 0.10534886004360869 0.0 0.0 0.0 0.0 0.0 0.0 0.0 0.0 0.0 0.0 0.0 0.0 0.0 0.0 0.0 0.0 0.0 
1470 5.086023511755878 0.10510629724187998 0.0 0.0 0.10510629724187998 0.0 0.0 0.0 0.0 0.0 0.0 0.0 0.0 0.0 0.0 0.0 0.0 0.0 0.0 0.0 0.0 0.0 
1471 5.089483391695848 0.10486241930698406 0.0 0.0 0.10486241930698406 0.0 0.0 0.0 0.0 0.0 0.0 0.0 0.0 0.0 0.0 0.0 0.0 0.0 0.0 0.0 0.0 0.0 
1472 5.092943271635818 0.10461723090799127 0.0 0.0 0.10461723090799127 0.0 0.0 0.0 0.0 0.0 0.0 0.0 0.0 0.0 0.0 0.0 0.0 0.0 0.0 0.0 0.0 0.0 
1473 5.096403151575788 0.10437073678287379 0.0 0.0 0.10437073678287379 0.0 0.0 0.0 0.0 0.0 0.0 0.0 0.0 0.0 0.0 0.0 0.0 0.0 0.0 0.0 0.0 0.0 
1474 5.099863031515758 0.10412294173861036 0.0 0.0 0.10412294173861036 0.0 0.0 0.0 0.0 0.0 0.0 0.0 0.0 0.0 0.0 0.0 0.0 0.0 0.0 0.0 0.0 0.0 
1475 5.103322911455728 0.10387385065128843 0.0 0.0 0.10387385065128843 0.0 0.0 0.0 0.0 0.0 0.0 0.0 0.0 0.0 0.0 0.0 0.0 0.0 0.0 0.0 0.0 0.0 
1476 5.106782791395698 0.10362346846620069 0.0 0.0 0.10362346846620069 0.0 0.0 0.0 0.0 0.0 0.0 0.0 0.0 0.0 0.0 0.0 0.0 0.0 0.0 0.0 0.0 0.0 
1477 5.1102426713356675 0.10337180019793756 0.0 0.0 0.10337180019793756 0.0 0.0 0.0 0.0 0.0 0.0 0.0 0.0 0.0 0.0 0.0 0.0 0.0 0.0 0.0 0.0 0.0 
1478 5.1137025512756376 0.10311885093047712 0.0 0.0 0.10311885093047712 0.0 0.0 0.0 0.0 0.0 0.0 0.0 0.0 0.0 0.0 0.0 0.0 0.0 0.0 0.0 0.0 0.0 
1479 5.117162431215608 0.10286462581726989 0.0 0.0 0.10286462581726989 0.0 0.0 0.0 0.0 0.0 0.0 0.0 0.0 0.0 0.0 0.0 0.0 0.0 0.0 0.0 0.0 0.0 
1480 5.120622311155578 0.1026091300813187 0.0 0.0 0.1026091300813187 0.0 0.0 0.0 0.0 0.0 0.0 0.0 0.0 0.0 0.0 0.0 0.0 0.0 0.0 0.0 0.0 0.0 
1481 5.124082191095548 0.10235236901525616 0.0 0.0 0.10235236901525616 0.0 0.0 0.0 0.0 0.0 0.0 0.0 0.0 0.0 0.0 0.0 0.0 0.0 0.0 0.0 0.0 0.0 
1482 5.127542071035518 0.10209434798141687 0.0 0.0 0.10209434798141687 0.0 0.0 0.0 0.0 0.0 0.0 0.0 0.0 0.0 0.0 0.0 0.0 0.0 0.0 0.0 0.0 0.0 
1483 5.131001950975488 0.10183507241190434 0.0 0.0 0.10183507241190434 0.0 0.0 0.0 0.0 0.0 0.0 0.0 0.0 0.0 0.0 0.0 0.0 0.0 0.0 0.0 0.0 0.0 
1484 5.134461830915458 0.10157454780865631 0.0 0.0 0.10157454780865631 0.0 0.0 0.0 0.0 0.0 0.0 0.0 0.0 0.0 0.0 0.0 0.0 0.0 0.0 0.0 0.0 0.0 
1485 5.137921710855427 0.10131277974350236 0.0 0.0 0.10131277974350236 0.0 0.0 0.0 0.0 0.0 0.0 0.0 0.0 0.0 0.0 0.0 0.0 0.0 0.0 0.0 0.0 0.0 
1486 5.1413815907953975 0.10104977385821991 0.0 0.0 0.10104977385821991 0.0 0.0 0.0 0.0 0.0 0.0 0.0 0.0 0.0 0.0 0.0 0.0 0.0 0.0 0.0 0.0 0.0 
1487 5.144841470735368 0.10078553586458426 0.0 0.0 0.10078553586458426 0.0 0.0 0.0 0.0 0.0 0.0 0.0 0.0 0.0 0.0 0.0 0.0 0.0 0.0 0.0 0.0 0.0 
1488 5.148301350675338 0.10052007154441392 0.0 0.0 0.10052007154441392 0.0 0.0 0.0 0.0 0.0 0.0 0.0 0.0 0.0 0.0 0.0 0.0 0.0 0.0 0.0 0.0 0.0 
1489 5.151761230615308 0.10025338674961284 0.0 0.0 0.10025338674961284 0.0 0.0 0.0 0.0 0.0 0.0 0.0 0.0 0.0 0.0 0.0 0.0 0.0 0.0 0.0 0.0 0.0 
1490 5.155221110555278 0.09998548740220653 0.0 0.0 0.09998548740220653 0.0 0.0 0.0 0.0 0.0 0.0 0.0 0.0 0.0 0.0 0.0 0.0 0.0 0.0 0.0 0.0 0.0 
1491 5.158680990495248 0.0997163794943737 0.0 0.0 0.0997163794943737 0.0 0.0 0.0 0.0 0.0 0.0 0.0 0.0 0.0 0.0 0.0 0.0 0.0 0.0 0.0 0.0 0.0 
1492 5.162140870435217 0.0994460690884745 0.0 0.0 0.0994460690884745 0.0 0.0 0.0 0.0 0.0 0.0 0.0 0.0 0.0 0.0 0.0 0.0 0.0 0.0 0.0 0.0 0.0 
1493 5.165600750375187 0.0991745623170726 0.0 0.0 0.0991745623170726 0.0 0.0 0.0 0.0 0.0 0.0 0.0 0.0 0.0 0.0 0.0 0.0 0.0 0.0 0.0 0.0 0.0 
1494 5.169060630315157 0.09890186538295268 0.0 0.0 0.09890186538295268 0.0 0.0 0.0 0.0 0.0 0.0 0.0 0.0 0.0 0.0 0.0 0.0 0.0 0.0 0.0 0.0 0.0 
1495 5.1725205102551275 0.09862798455913431 0.0 0.0 0.09862798455913431 0.0 0.0 0.0 0.0 0.0 0.0 0.0 0.0 0.0 0.0 0.0 0.0 0.0 0.0 0.0 0.0 0.0 
1496 5.175980390195098 0.0983529261888789 0.0 0.0 0.0983529261888789 0.0 0.0 0.0 0.0 0.0 0.0 0.0 0.0 0.0 0.0 0.0 0.0 0.0 0.0 0.0 0.0 0.0 
1497 5.179440270135068 0.09807669668569388 0.0 0.0 0.09807669668569388 0.0 0.0 0.0 0.0 0.0 0.0 0.0 0.0 0.0 0.0 0.0 0.0 0.0 0.0 0.0 0.0 0.0 
1498 5.182900150075038 0.09779930253333055 0.0 0.0 0.09779930253333055 0.0 0.0 0.0 0.0 0.0 0.0 0.0 0.0 0.0 0.0 0.0 0.0 0.0 0.0 0.0 0.0 0.0 
1499 5.186360030015008 0.09752075028577657 0.0 0.0 0.09752075028577657 0.0 0.0 0.0 0.0 0.0 0.0 0.0 0.0 0.0 0.0 0.0 0.0 0.0 0.0 0.0 0.0 0.0 
1500 5.189819909954977 0.09724104656724539 0.0 0.0 0.09724104656724539 0.0 0.0 0.0 0.0 0.0 0.0 0.0 0.0 0.0 0.0 0.0 0.0 0.0 0.0 0.0 0.0 0.0 
1501 5.193279789894947 0.09696019807215825 0.0 0.0 0.09696019807215825 0.0 0.0 0.0 0.0 0.0 0.0 0.0 0.0 0.0 0.0 0.0 0.0 0.0 0.0 0.0 0.0 0.0 
1502 5.196739669834917 0.0966782115651221 0.0 0.0 0.0966782115651221 0.0 0.0 0.0 0.0 0.0 0.0 0.0 0.0 0.0 0.0 0.0 0.0 0.0 0.0 0.0 0.0 0.0 
1503 5.200199549774887 0.09639509388090303 0.0 0.0 0.09639509388090303 0.0 0.0 0.0 0.0 0.0 0.0 0.0 0.0 0.0 0.0 0.0 0.0 0.0 0.0 0.0 0.0 0.0 
1504 5.2036594297148575 0.09611085192439309 0.0 0.0 0.09611085192439309 0.0 0.0 0.0 0.0 0.0 0.0 0.0 0.0 0.0 0.0 0.0 0.0 0.0 0.0 0.0 0.0 0.0 
1505 5.207119309654828 0.0958254926705721 0.0 0.0 0.0958254926705721 0.0 0.0 0.0 0.0 0.0 0.0 0.0 0.0 0.0 0.0 0.0 0.0 0.0 0.0 0.0 0.0 0.0 
1506 5.210579189594798 0.09553902316446539 0.0 0.0 0.09553902316446539 0.0 0.0 0.0 0.0 0.0 0.0 0.0 0.0 0.0 0.0 0.0 0.0 0.0 0.0 0.0 0.0 0.0 
1507 5.214039069534768 0.09525145052109471 0.0 0.0 0.09525145052109471 0.0 0.0 0.0 0.0 0.0 0.0 0.0 0.0 0.0 0.0 0.0 0.0 0.0 0.0 0.0 0.0 0.0 
1508 5.217498949474737 0.09496278192542386 0.0 0.0 0.09496278192542386 0.0 0.0 0.0 0.0 0.0 0.0 0.0 0.0 0.0 0.0 0.0 0.0 0.0 0.0 0.0 0.0 0.0 
1509 5.220958829414707 0.09467302463230008 0.0 0.0 0.09467302463230008 0.0 0.0 0.0 0.0 0.0 0.0 0.0 0.0 0.0 0.0 0.0 0.0 0.0 0.0 0.0 0.0 0.0 
1510 5.224418709354677 0.09438218596638816 0.0 0.0 0.09438218596638816 0.0 0.0 0.0 0.0 0.0 0.0 0.0 0.0 0.0 0.0 0.0 0.0 0.0 0.0 0.0 0.0 0.0 
1511 5.227878589294647 0.09409027332210082 0.0 0.0 0.09409027332210082 0.0 0.0 0.0 0.0 0.0 0.0 0.0 0.0 0.0 0.0 0.0 0.0 0.0 0.0 0.0 0.0 0.0 
1512 5.231338469234617 0.09379729416352213 0.0 0.0 0.09379729416352213 0.0 0.0 0.0 0.0 0.0 0.0 0.0 0.0 0.0 0.0 0.0 0.0 0.0 0.0 0.0 0.0 0.0 
1513 5.2347983491745875 0.0935032560243252 0.0 0.0 0.0935032560243252 0.0 0.0 0.0 0.0 0.0 0.0 0.0 0.0 0.0 0.0 0.0 0.0 0.0 0.0 0.0 0.0 0.0 
1514 5.238258229114558 0.0932081665076858 0.0 0.0 0.0932081665076858 0.0 0.0 0.0 0.0 0.0 0.0 0.0 0.0 0.0 0.0 0.0 0.0 0.0 0.0 0.0 0.0 0.0 
1515 5.241718109054527 0.09291203328618859 0.0 0.0 0.09291203328618859 0.0 0.0 0.0 0.0 0.0 0.0 0.0 0.0 0.0 0.0 0.0 0.0 0.0 0.0 0.0 0.0 0.0 
1516 5.245177988994497 0.0926148641017274 0.0 0.0 0.0926148641017274 0.0 0.0 0.0 0.0 0.0 0.0 0.0 0.0 0.0 0.0 0.0 0.0 0.0 0.0 0.0 0.0 0.0 
1517 5.248637868934467 0.09231666676540178 0.0 0.0 0.09231666676540178 0.0 0.0 0.0 0.0 0.0 0.0 0.0 0.0 0.0 0.0 0.0 0.0 0.0 0.0 0.0 0.0 0.0 
1518 5.252097748874437 0.09201744915740563 0.0 0.0 0.09201744915740563 0.0 0.0 0.0 0.0 0.0 0.0 0.0 0.0 0.0 0.0 0.0 0.0 0.0 0.0 0.0 0.0 0.0 
1519 5.255557628814407 0.0917172192269101 0.0 0.0 0.0917172192269101 0.0 0.0 0.0 0.0 0.0 0.0 0.0 0.0 0.0 0.0 0.0 0.0 0.0 0.0 0.0 0.0 0.0 
1520 5.259017508754377 0.09141598499194195 0.0 0.0 0.09141598499194195 0.0 0.0 0.0 0.0 0.0 0.0 0.0 0.0 0.0 0.0 0.0 0.0 0.0 0.0 0.0 0.0 0.0 
1521 5.2624773886943474 0.09111375453925452 0.0 0.0 0.09111375453925452 0.0 0.0 0.0 0.0 0.0 0.0 0.0 0.0 0.0 0.0 0.0 0.0 0.0 0.0 0.0 0.0 0.0 
1522 5.2659372686343175 0.09081053602419262 0.0 0.0 0.09081053602419262 0.0 0.0 0.0 0.0 0.0 0.0 0.0 0.0 0.0 0.0 0.0 0.0 0.0 0.0 0.0 0.0 0.0 
1523 5.269397148574287 0.0905063376705531 0.0 0.0 0.0905063376705531 0.0 0.0 0.0 0.0 0.0 0.0 0.0 0.0 0.0 0.0 0.0 0.0 0.0 0.0 0.0 0.0 0.0 
1524 5.272857028514257 0.09020116777043617 0.0 0.0 0.09020116777043617 0.0 0.0 0.0 0.0 0.0 0.0 0.0 0.0 0.0 0.0 0.0 0.0 0.0 0.0 0.0 0.0 0.0 
1525 5.276316908454227 0.08989503468409417 0.0 0.0 0.08989503468409417 0.0 0.0 0.0 0.0 0.0 0.0 0.0 0.0 0.0 0.0 0.0 0.0 0.0 0.0 0.0 0.0 0.0 
1526 5.279776788394197 0.08958794683977138 0.0 0.0 0.08958794683977138 0.0 0.0 0.0 0.0 0.0 0.0 0.0 0.0 0.0 0.0 0.0 0.0 0.0 0.0 0.0 0.0 0.0 
1527 5.283236668334167 0.08927991273353818 0.0 0.0 0.08927991273353818 0.0 0.0 0.0 0.0 0.0 0.0 0.0 0.0 0.0 0.0 0.0 0.0 0.0 0.0 0.0 0.0 0.0 
1528 5.286696548274137 0.08897094092912008 0.0 0.0 0.08897094092912008 0.0 0.0 0.0 0.0 0.0 0.0 0.0 0.0 0.0 0.0 0.0 0.0 0.0 0.0 0.0 0.0 0.0 
1529 5.290156428214107 0.08866104005771912 0.0 0.0 0.08866104005771912 0.0 0.0 0.0 0.0 0.0 0.0 0.0 0.0 0.0 0.0 0.0 0.0 0.0 0.0 0.0 0.0 0.0 
1530 5.2936163081540775 0.0883502188178287 0.0 0.0 0.0883502188178287 0.0 0.0 0.0 0.0 0.0 0.0 0.0 0.0 0.0 0.0 0.0 0.0 0.0 0.0 0.0 0.0 0.0 
1531 5.297076188094047 0.08803848597504375 0.0 0.0 0.08803848597504375 0.0 0.0 0.0 0.0 0.0 0.0 0.0 0.0 0.0 0.0 0.0 0.0 0.0 0.0 0.0 0.0 0.0 
1532 5.300536068034017 0.08772585036186217 0.0 0.0 0.08772585036186217 0.0 0.0 0.0 0.0 0.0 0.0 0.0 0.0 0.0 0.0 0.0 0.0 0.0 0.0 0.0 0.0 0.0 
1533 5.303995947973987 0.08741232087748105 0.0 0.0 0.08741232087748105 0.0 0.0 0.0 0.0 0.0 0.0 0.0 0.0 0.0 0.0 0.0 0.0 0.0 0.0 0.0 0.0 0.0 
1534 5.307455827913957 0.08709790648758668 0.0 0.0 0.08709790648758668 0.0 0.0 0.0 0.0 0.0 0.0 0.0 0.0 0.0 0.0 0.0 0.0 0.0 0.0 0.0 0.0 0.0 
1535 5.310915707853927 0.08678261622413623 0.0 0.0 0.08678261622413623 0.0 0.0 0.0 0.0 0.0 0.0 0.0 0.0 0.0 0.0 0.0 0.0 0.0 0.0 0.0 0.0 0.0 
1536 5.314375587793897 0.08646645918513499 0.0 0.0 0.08646645918513499 0.0 0.0 0.0 0.0 0.0 0.0 0.0 0.0 0.0 0.0 0.0 0.0 0.0 0.0 0.0 0.0 0.0 
1537 5.317835467733867 0.08614944453440528 0.0 0.0 0.08614944453440528 0.0 0.0 0.0 0.0 0.0 0.0 0.0 0.0 0.0 0.0 0.0 0.0 0.0 0.0 0.0 0.0 0.0 
1538 5.3212953476738365 0.0858315815013489 0.0 0.0 0.0858315815013489 0.0 0.0 0.0 0.0 0.0 0.0 0.0 0.0 0.0 0.0 0.0 0.0 0.0 0.0 0.0 0.0 0.0 
1539 5.324755227613807 0.08551287938070351 0.0 0.0 0.08551287938070351 0.0 0.0 0.0 0.0 0.0 0.0 0.0 0.0 0.0 0.0 0.0 0.0 0.0 0.0 0.0 0.0 0.0 
1540 5.328215107553777 0.08519334753229198 0.0 0.0 0.08519334753229198 0.0 0.0 0.0 0.0 0.0 0.0 0.0 0.0 0.0 0.0 0.0 0.0 0.0 0.0 0.0 0.0 0.0 
1541 5.331674987493747 0.08487299538076369 0.0 0.0 0.08487299538076369 0.0 0.0 0.0 0.0 0.0 0.0 0.0 0.0 0.0 0.0 0.0 0.0 0.0 0.0 0.0 0.0 0.0 
1542 5.335134867433717 0.08455183241533105 0.0 0.0 0.08455183241533105 0.0 0.0 0.0 0.0 0.0 0.0 0.0 0.0 0.0 0.0 0.0 0.0 0.0 0.0 0.0 0.0 0.0 
1543 5.338594747373687 0.0842298681894974 0.0 0.0 0.0842298681894974 0.0 0.0 0.0 0.0 0.0 0.0 0.0 0.0 0.0 0.0 0.0 0.0 0.0 0.0 0.0 0.0 0.0 
1544 5.342054627313657 0.0839071123207781 0.0 0.0 0.0839071123207781 0.0 0.0 0.0 0.0 0.0 0.0 0.0 0.0 0.0 0.0 0.0 0.0 0.0 0.0 0.0 0.0 0.0 
1545 5.345514507253627 0.08358357449041587 0.0 0.0 0.08358357449041587 0.0 0.0 0.0 0.0 0.0 0.0 0.0 0.0 0.0 0.0 0.0 0.0 0.0 0.0 0.0 0.0 0.0 
1546 5.348974387193596 0.0832592644430878 0.0 0.0 0.0832592644430878 0.0 0.0 0.0 0.0 0.0 0.0 0.0 0.0 0.0 0.0 0.0 0.0 0.0 0.0 0.0 0.0 0.0 
1547 5.3524342671335665 0.08293419198660494 0.0 0.0 0.08293419198660494 0.0 0.0 0.0 0.0 0.0 0.0 0.0 0.0 0.0 0.0 0.0 0.0 0.0 0.0 0.0 0.0 0.0 
1548 5.355894147073537 0.08260836699160704 0.0 0.0 0.08260836699160704 0.0 0.0 0.0 0.0 0.0 0.0 0.0 0.0 0.0 0.0 0.0 0.0 0.0 0.0 0.0 0.0 0.0 
1549 5.359354027013507 0.082281799391247 0.0 0.0 0.082281799391247 0.0 0.0 0.0 0.0 0.0 0.0 0.0 0.0 0.0 0.0 0.0 0.0 0.0 0.0 0.0 0.0 0.0 
1550 5.362813906953477 0.08195449918087092 0.0 0.0 0.08195449918087092 0.0 0.0 0.0 0.0 0.0 0.0 0.0 0.0 0.0 0.0 0.0 0.0 0.0 0.0 0.0 0.0 0.0 
1551 5.366273786893447 0.08162647641768908 0.0 0.0 0.08162647641768908 0.0 0.0 0.0 0.0 0.0 0.0 0.0 0.0 0.0 0.0 0.0 0.0 0.0 0.0 0.0 0.0 0.0 
1552 5.369733666833417 0.08129774122044008 0.0 0.0 0.08129774122044008 0.0 0.0 0.0 0.0 0.0 0.0 0.0 0.0 0.0 0.0 0.0 0.0 0.0 0.0 0.0 0.0 0.0 
1553 5.373193546773387 0.08096830376904834 0.0 0.0 0.08096830376904834 0.0 0.0 0.0 0.0 0.0 0.0 0.0 0.0 0.0 0.0 0.0 0.0 0.0 0.0 0.0 0.0 0.0 
1554 5.376653426713356 0.08063817430427382 0.0 0.0 0.08063817430427382 0.0 0.0 0.0 0.0 0.0 0.0 0.0 0.0 0.0 0.0 0.0 0.0 0.0 0.0 0.0 0.0 0.0 
1555 5.380113306653326 0.0803073631273532 0.0 0.0 0.0803073631273532 0.0 0.0 0.0 0.0 0.0 0.0 0.0 0.0 0.0 0.0 0.0 0.0 0.0 0.0 0.0 0.0 0.0 
1556 5.3835731865932965 0.07997588059963619 0.0 0.0 0.07997588059963619 0.0 0.0 0.0 0.0 0.0 0.0 0.0 0.0 0.0 0.0 0.0 0.0 0.0 0.0 0.0 0.0 0.0 
1557 5.387033066533267 0.07964373714221226 0.0 0.0 0.07964373714221226 0.0 0.0 0.0 0.0 0.0 0.0 0.0 0.0 0.0 0.0 0.0 0.0 0.0 0.0 0.0 0.0 0.0 
1558 5.390492946473237 0.07931094323553001 0.0 0.0 0.07931094323553001 0.0 0.0 0.0 0.0 0.0 0.0 0.0 0.0 0.0 0.0 0.0 0.0 0.0 0.0 0.0 0.0 0.0 
1559 5.393952826413207 0.07897750941901056 0.0 0.0 0.07897750941901056 0.0 0.0 0.0 0.0 0.0 0.0 0.0 0.0 0.0 0.0 0.0 0.0 0.0 0.0 0.0 0.0 0.0 
1560 5.397412706353177 0.0786434462906519 0.0 0.0 0.0786434462906519 0.0 0.0 0.0 0.0 0.0 0.0 0.0 0.0 0.0 0.0 0.0 0.0 0.0 0.0 0.0 0.0 0.0 
1561 5.400872586293146 0.07830876450662583 0.0 0.0 0.07830876450662583 0.0 0.0 0.0 0.0 0.0 0.0 0.0 0.0 0.0 0.0 0.0 0.0 0.0 0.0 0.0 0.0 0.0 
1562 5.404332466233116 0.07797347478086808 0.0 0.0 0.07797347478086808 0.0 0.0 0.0 0.0 0.0 0.0 0.0 0.0 0.0 0.0 0.0 0.0 0.0 0.0 0.0 0.0 0.0 
1563 5.407792346173086 0.07763758788465996 0.0 0.0 0.07763758788465996 0.0 0.0 0.0 0.0 0.0 0.0 0.0 0.0 0.0 0.0 0.0 0.0 0.0 0.0 0.0 0.0 0.0 
1564 5.4112522261130565 0.07730111464620289 0.0 0.0 0.07730111464620289 0.0 0.0 0.0 0.0 0.0 0.0 0.0 0.0 0.0 0.0 0.0 0.0 0.0 0.0 0.0 0.0 0.0 
1565 5.4147121060530266 0.07696406595018504 0.0 0.0 0.07696406595018504 0.0 0.0 0.0 0.0 0.0 0.0 0.0 0.0 0.0 0.0 0.0 0.0 0.0 0.0 0.0 0.0 0.0 
1566 5.418171985992997 0.07662645273733938 0.0 0.0 0.07662645273733938 0.0 0.0 0.0 0.0 0.0 0.0 0.0 0.0 0.0 0.0 0.0 0.0 0.0 0.0 0.0 0.0 0.0 
1567 5.421631865932967 0.0762882860039958 0.0 0.0 0.0762882860039958 0.0 0.0 0.0 0.0 0.0 0.0 0.0 0.0 0.0 0.0 0.0 0.0 0.0 0.0 0.0 0.0 0.0 
1568 5.425091745872937 0.07594957680162391 0.0 0.0 0.07594957680162391 0.0 0.0 0.0 0.0 0.0 0.0 0.0 0.0 0.0 0.0 0.0 0.0 0.0 0.0 0.0 0.0 0.0 
1569 5.428551625812906 0.075610336236368 0.0 0.0 0.075610336236368 0.0 0.0 0.0 0.0 0.0 0.0 0.0 0.0 0.0 0.0 0.0 0.0 0.0 0.0 0.0 0.0 0.0 
1570 5.432011505752876 0.07527057546857516 0.0 0.0 0.07527057546857516 0.0 0.0 0.0 0.0 0.0 0.0 0.0 0.0 0.0 0.0 0.0 0.0 0.0 0.0 0.0 0.0 0.0 
1571 5.435471385692846 0.07493030571231513 0.0 0.0 0.07493030571231513 0.0 0.0 0.0 0.0 0.0 0.0 0.0 0.0 0.0 0.0 0.0 0.0 0.0 0.0 0.0 0.0 0.0 
1572 5.438931265632816 0.0745895382348911 0.0 0.0 0.0745895382348911 0.0 0.0 0.0 0.0 0.0 0.0 0.0 0.0 0.0 0.0 0.0 0.0 0.0 0.0 0.0 0.0 0.0 
1573 5.4423911455727865 0.07424828435634469 0.0 0.0 0.07424828435634469 0.0 0.0 0.0 0.0 0.0 0.0 0.0 0.0 0.0 0.0 0.0 0.0 0.0 0.0 0.0 0.0 0.0 
1574 5.445851025512757 0.07390655544895072 0.0 0.0 0.07390655544895072 0.0 0.0 0.0 0.0 0.0 0.0 0.0 0.0 0.0 0.0 0.0 0.0 0.0 0.0 0.0 0.0 0.0 
1575 5.449310905452727 0.07356436293670592 0.0 0.0 0.07356436293670592 0.0 0.0 0.0 0.0 0.0 0.0 0.0 0.0 0.0 0.0 0.0 0.0 0.0 0.0 0.0 0.0 0.0 
1576 5.452770785392697 0.07322171829480842 0.0 0.0 0.07322171829480842 0.0 0.0 0.0 0.0 0.0 0.0 0.0 0.0 0.0 0.0 0.0 0.0 0.0 0.0 0.0 0.0 0.0 
1577 5.456230665332666 0.07287863304912912 0.0 0.0 0.07287863304912912 0.0 0.0 0.0 0.0 0.0 0.0 0.0 0.0 0.0 0.0 0.0 0.0 0.0 0.0 0.0 0.0 0.0 
1578 5.459690545272636 0.072535118775676 0.0 0.0 0.072535118775676 0.0 0.0 0.0 0.0 0.0 0.0 0.0 0.0 0.0 0.0 0.0 0.0 0.0 0.0 0.0 0.0 0.0 
1579 5.463150425212606 0.07219118710004983 0.0 0.0 0.07219118710004983 0.0 0.0 0.0 0.0 0.0 0.0 0.0 0.0 0.0 0.0 0.0 0.0 0.0 0.0 0.0 0.0 0.0 
1580 5.466610305152576 0.07184684969689097 0.0 0.0 0.07184684969689097 0.0 0.0 0.0 0.0 0.0 0.0 0.0 0.0 0.0 0.0 0.0 0.0 0.0 0.0 0.0 0.0 0.0 
1581 5.470070185092546 0.07150211828931949 0.0 0.0 0.07150211828931949 0.0 0.0 0.0 0.0 0.0 0.0 0.0 0.0 0.0 0.0 0.0 0.0 0.0 0.0 0.0 0.0 0.0 
1582 5.4735300650325165 0.07115700464836629 0.0 0.0 0.07115700464836629 0.0 0.0 0.0 0.0 0.0 0.0 0.0 0.0 0.0 0.0 0.0 0.0 0.0 0.0 0.0 0.0 0.0 
1583 5.476989944972487 0.07081152059239562 0.0 0.0 0.07081152059239562 0.0 0.0 0.0 0.0 0.0 0.0 0.0 0.0 0.0 0.0 0.0 0.0 0.0 0.0 0.0 0.0 0.0 
1584 5.480449824912456 0.07046567798652083 0.0 0.0 0.07046567798652083 0.0 0.0 0.0 0.0 0.0 0.0 0.0 0.0 0.0 0.0 0.0 0.0 0.0 0.0 0.0 0.0 0.0 
1585 5.483909704852426 0.07011948874201042 0.0 0.0 0.07011948874201042 0.0 0.0 0.0 0.0 0.0 0.0 0.0 0.0 0.0 0.0 0.0 0.0 0.0 0.0 0.0 0.0 0.0 
1586 5.487369584792396 0.06977296481568655 0.0 0.0 0.06977296481568655 0.0 0.0 0.0 0.0 0.0 0.0 0.0 0.0 0.0 0.0 0.0 0.0 0.0 0.0 0.0 0.0 0.0 
1587 5.490829464732366 0.06942611820931584 0.0 0.0 0.06942611820931584 0.0 0.0 0.0 0.0 0.0 0.0 0.0 0.0 0.0 0.0 0.0 0.0 0.0 0.0 0.0 0.0 0.0 
1588 5.494289344672336 0.06907896096899038 0.0 0.0 0.06907896096899038 0.0 0.0 0.0 0.0 0.0 0.0 0.0 0.0 0.0 0.0 0.0 0.0 0.0 0.0 0.0 0.0 0.0 
1589 5.497749224612306 0.06873150518450241 0.0 0.0 0.06873150518450241 0.0 0.0 0.0 0.0 0.0 0.0 0.0 0.0 0.0 0.0 0.0 0.0 0.0 0.0 0.0 0.0 0.0 
1590 5.501209104552276 0.06838376298870913 0.0 0.0 0.06838376298870913 0.0 0.0 0.0 0.0 0.0 0.0 0.0 0.0 0.0 0.0 0.0 0.0 0.0 0.0 0.0 0.0 0.0 
1591 5.5046689844922465 0.06803574655688971 0.0 0.0 0.06803574655688971 0.0 0.0 0.0 0.0 0.0 0.0 0.0 0.0 0.0 0.0 0.0 0.0 0.0 0.0 0.0 0.0 0.0 
1592 5.508128864432216 0.06768746810609473 0.0 0.0 0.06768746810609473 0.0 0.0 0.0 0.0 0.0 0.0 0.0 0.0 0.0 0.0 0.0 0.0 0.0 0.0 0.0 0.0 0.0 
1593 5.511588744372186 0.06733893989448597 0.0 0.0 0.06733893989448597 0.0 0.0 0.0 0.0 0.0 0.0 0.0 0.0 0.0 0.0 0.0 0.0 0.0 0.0 0.0 0.0 0.0 
1594 5.515048624312156 0.06699017422066879 0.0 0.0 0.06699017422066879 0.0 0.0 0.0 0.0 0.0 0.0 0.0 0.0 0.0 0.0 0.0 0.0 0.0 0.0 0.0 0.0 0.0 
1595 5.518508504252126 0.06664118342301618 0.0 0.0 0.06664118342301618 0.0 0.0 0.0 0.0 0.0 0.0 0.0 0.0 0.0 0.0 0.0 0.0 0.0 0.0 0.0 0.0 0.0 
1596 5.521968384192096 0.06629197987898407 0.0 0.0 0.06629197987898407 0.0 0.0 0.0 0.0 0.0 0.0 0.0 0.0 0.0 0.0 0.0 0.0 0.0 0.0 0.0 0.0 0.0 
1597 5.525428264132066 0.06594257600441798 0.0 0.0 0.06594257600441798 0.0 0.0 0.0 0.0 0.0 0.0 0.0 0.0 0.0 0.0 0.0 0.0 0.0 0.0 0.0 0.0 0.0 
1598 5.528888144072036 0.06559298425285243 0.0 0.0 0.06559298425285243 0.0 0.0 0.0 0.0 0.0 0.0 0.0 0.0 0.0 0.0 0.0 0.0 0.0 0.0 0.0 0.0 0.0 
1599 5.532348024012006 0.06524321711480098 0.0 0.0 0.06524321711480098 0.0 0.0 0.0 0.0 0.0 0.0 0.0 0.0 0.0 0.0 0.0 0.0 0.0 0.0 0.0 0.0 0.0 
1600 5.535807903951976 0.064893287117038 0.0 0.0 0.064893287117038 0.0 0.0 0.0 0.0 0.0 0.0 0.0 0.0 0.0 0.0 0.0 0.0 0.0 0.0 0.0 0.0 0.0 
1601 5.539267783891946 0.06454320682187253 0.0 0.0 0.06454320682187253 0.0 0.0 0.0 0.0 0.0 0.0 0.0 0.0 0.0 0.0 0.0 0.0 0.0 0.0 0.0 0.0 0.0 
1602 5.542727663831916 0.0641929888264133 0.0 0.0 0.0641929888264133 0.0 0.0 0.0 0.0 0.0 0.0 0.0 0.0 0.0 0.0 0.0 0.0 0.0 0.0 0.0 0.0 0.0 
1603 5.546187543771886 0.06384264576182591 0.0 0.0 0.06384264576182591 0.0 0.0 0.0 0.0 0.0 0.0 0.0 0.0 0.0 0.0 0.0 0.0 0.0 0.0 0.0 0.0 0.0 
1604 5.549647423711856 0.06349219029258091 0.0 0.0 0.06349219029258091 0.0 0.0 0.0 0.0 0.0 0.0 0.0 0.0 0.0 0.0 0.0 0.0 0.0 0.0 0.0 0.0 0.0 
1605 5.553107303651826 0.06314163511569362 0.0 0.0 0.06314163511569362 0.0 0.0 0.0 0.0 0.0 0.0 0.0 0.0 0.0 0.0 0.0 0.0 0.0 0.0 0.0 0.0 0.0 
1606 5.556567183591796 0.06279099295995645 0.0 0.0 0.06279099295995645 0.0 0.0 0.0 0.0 0.0 0.0 0.0 0.0 0.0 0.0 0.0 0.0 0.0 0.0 0.0 0.0 0.0 
1607 5.5600270635317655 0.06244027658516186 0.0 0.0 0.06244027658516186 0.0 0.0 0.0 0.0 0.0 0.0 0.0 0.0 0.0 0.0 0.0 0.0 0.0 0.0 0.0 0.0 0.0 
1608 5.563486943471736 0.0620894987813166 0.0 0.0 0.0620894987813166 0.0 0.0 0.0 0.0 0.0 0.0 0.0 0.0 0.0 0.0 0.0 0.0 0.0 0.0 0.0 0.0 0.0 
1609 5.566946823411706 0.061738672367849426 0.0 0.0 0.061738672367849426 0.0 0.0 0.0 0.0 0.0 0.0 0.0 0.0 0.0 0.0 0.0 0.0 0.0 0.0 0.0 0.0 0.0 
1610 5.570406703351676 0.061387810192808465 0.0 0.0 0.061387810192808465 0.0 0.0 0.0 0.0 0.0 0.0 0.0 0.0 0.0 0.0 0.0 0.0 0.0 0.0 0.0 0.0 0.0 
1611 5.573866583291646 0.06103692513205085 0.0 0.0 0.06103692513205085 0.0 0.0 0.0 0.0 0.0 0.0 0.0 0.0 0.0 0.0 0.0 0.0 0.0 0.0 0.0 0.0 0.0 
1612 5.577326463231616 0.060686030088424804 0.0 0.0 0.060686030088424804 0.0 0.0 0.0 0.0 0.0 0.0 0.0 0.0 0.0 0.0 0.0 0.0 0.0 0.0 0.0 0.0 0.0 
1613 5.580786343171586 0.06033513799094195 0.0 0.0 0.06033513799094195 0.0 0.0 0.0 0.0 0.0 0.0 0.0 0.0 0.0 0.0 0.0 0.0 0.0 0.0 0.0 0.0 0.0 
1614 5.584246223111556 0.059984261793942645 0.0 0.0 0.059984261793942645 0.0 0.0 0.0 0.0 0.0 0.0 0.0 0.0 0.0 0.0 0.0 0.0 0.0 0.0 0.0 0.0 0.0 
1615 5.587706103051525 0.0596334144762523 0.0 0.0 0.0596334144762523 0.0 0.0 0.0 0.0 0.0 0.0 0.0 0.0 0.0 0.0 0.0 0.0 0.0 0.0 0.0 0.0 0.0 
1616 5.5911659829914955 0.05928260904032859 0.0 0.0 0.05928260904032859 0.0 0.0 0.0 0.0 0.0 0.0 0.0 0.0 0.0 0.0 0.0 0.0 0.0 0.0 0.0 0.0 0.0 
1617 5.594625862931466 0.058931858511402625 0.0 0.0 0.058931858511402625 0.0 0.0 0.0 0.0 0.0 0.0 0.0 0.0 0.0 0.0 0.0 0.0 0.0 0.0 0.0 0.0 0.0 
1618 5.598085742871436 0.058581175936609615 0.0 0.0 0.058581175936609615 0.0 0.0 0.0 0.0 0.0 0.0 0.0 0.0 0.0 0.0 0.0 0.0 0.0 0.0 0.0 0.0 0.0 
1619 5.601545622811406 0.058230574384111965 0.0 0.0 0.058230574384111965 0.0 0.0 0.0 0.0 0.0 0.0 0.0 0.0 0.0 0.0 0.0 0.0 0.0 0.0 0.0 0.0 0.0 
1620 5.605005502751376 0.0578800669422148 0.0 0.0 0.0578800669422148 0.0 0.0 0.0 0.0 0.0 0.0 0.0 0.0 0.0 0.0 0.0 0.0 0.0 0.0 0.0 0.0 0.0 
1621 5.608465382691346 0.0575296667184724 0.0 0.0 0.0575296667184724 0.0 0.0 0.0 0.0 0.0 0.0 0.0 0.0 0.0 0.0 0.0 0.0 0.0 0.0 0.0 0.0 0.0 
1622 5.611925262631316 0.05717938683878653 0.0 0.0 0.05717938683878653 0.0 0.0 0.0 0.0 0.0 0.0 0.0 0.0 0.0 0.0 0.0 0.0 0.0 0.0 0.0 0.0 0.0 
1623 5.615385142571285 0.05682924044649732 0.0 0.0 0.05682924044649732 0.0 0.0 0.0 0.0 0.0 0.0 0.0 0.0 0.0 0.0 0.0 0.0 0.0 0.0 0.0 0.0 0.0 
1624 5.618845022511255 0.0564792407014649 0.0 0.0 0.0564792407014649 0.0 0.0 0.0 0.0 0.0 0.0 0.0 0.0 0.0 0.0 0.0 0.0 0.0 0.0 0.0 0.0 0.0 
1625 5.6223049024512255 0.05612940077914355 0.0 0.0 0.05612940077914355 0.0 0.0 0.0 0.0 0.0 0.0 0.0 0.0 0.0 0.0 0.0 0.0 0.0 0.0 0.0 0.0 0.0 
1626 5.625764782391196 0.05577973386964805 0.0 0.0 0.05577973386964805 0.0 0.0 0.0 0.0 0.0 0.0 0.0 0.0 0.0 0.0 0.0 0.0 0.0 0.0 0.0 0.0 0.0 
1627 5.629224662331166 0.05543025317681072 0.0 0.0 0.05543025317681072 0.0 0.0 0.0 0.0 0.0 0.0 0.0 0.0 0.0 0.0 0.0 0.0 0.0 0.0 0.0 0.0 0.0 
1628 5.632684542271136 0.0550809719172319 0.0 0.0 0.0550809719172319 0.0 0.0 0.0 0.0 0.0 0.0 0.0 0.0 0.0 0.0 0.0 0.0 0.0 0.0 0.0 0.0 0.0 
1629 5.636144422211106 0.054731903319321346 0.0 0.0 0.054731903319321346 0.0 0.0 0.0 0.0 0.0 0.0 0.0 0.0 0.0 0.0 0.0 0.0 0.0 0.0 0.0 0.0 0.0 
1630 5.639604302151075 0.05438306062233178 0.0 0.0 0.05438306062233178 0.0 0.0 0.0 0.0 0.0 0.0 0.0 0.0 0.0 0.0 0.0 0.0 0.0 0.0 0.0 0.0 0.0 
1631 5.643064182091045 0.054034457075384804 0.0 0.0 0.054034457075384804 0.0 0.0 0.0 0.0 0.0 0.0 0.0 0.0 0.0 0.0 0.0 0.0 0.0 0.0 0.0 0.0 0.0 
1632 5.646524062031015 0.05368610593648905 0.0 0.0 0.05368610593648905 0.0 0.0 0.0 0.0 0.0 0.0 0.0 0.0 0.0 0.0 0.0 0.0 0.0 0.0 0.0 0.0 0.0 
1633 5.649983941970985 0.053338020471549334 0.0 0.0 0.053338020471549334 0.0 0.0 0.0 0.0 0.0 0.0 0.0 0.0 0.0 0.0 0.0 0.0 0.0 0.0 0.0 0.0 0.0 
1634 5.6534438219109555 0.052990213953369524 0.0 0.0 0.052990213953369524 0.0 0.0 0.0 0.0 0.0 0.0 0.0 0.0 0.0 0.0 0.0 0.0 0.0 0.0 0.0 0.0 0.0 
1635 5.656903701850926 0.05264269966064636 0.0 0.0 0.05264269966064636 0.0 0.0 0.0 0.0 0.0 0.0 0.0 0.0 0.0 0.0 0.0 0.0 0.0 0.0 0.0 0.0 0.0 
1636 5.660363581790896 0.05229549087695566 0.0 0.0 0.05229549087695566 0.0 0.0 0.0 0.0 0.0 0.0 0.0 0.0 0.0 0.0 0.0 0.0 0.0 0.0 0.0 0.0 0.0 
1637 5.663823461730866 0.05194860088973165 0.0 0.0 0.05194860088973165 0.0 0.0 0.0 0.0 0.0 0.0 0.0 0.0 0.0 0.0 0.0 0.0 0.0 0.0 0.0 0.0 0.0 
1638 5.667283341670835 0.05160204298923774 0.0 0.0 0.05160204298923774 0.0 0.0 0.0 0.0 0.0 0.0 0.0 0.0 0.0 0.0 0.0 0.0 0.0 0.0 0.0 0.0 0.0 
1639 5.670743221610805 0.05125583046752928 0.0 0.0 0.05125583046752928 0.0 0.0 0.0 0.0 0.0 0.0 0.0 0.0 0.0 0.0 0.0 0.0 0.0 0.0 0.0 0.0 0.0 
1640 5.674203101550775 0.05090997661741046 0.0 0.0 0.05090997661741046 0.0 0.0 0.0 0.0 0.0 0.0 0.0 0.0 0.0 0.0 0.0 0.0 0.0 0.0 0.0 0.0 0.0 
1641 5.677662981490745 0.05056449473138151 0.0 0.0 0.05056449473138151 0.0 0.0 0.0 0.0 0.0 0.0 0.0 0.0 0.0 0.0 0.0 0.0 0.0 0.0 0.0 0.0 0.0 
1642 5.681122861430715 0.050219398100580105 0.0 0.0 0.050219398100580105 0.0 0.0 0.0 0.0 0.0 0.0 0.0 0.0 0.0 0.0 0.0 0.0 0.0 0.0 0.0 0.0 0.0 
1643 5.6845827413706855 0.049874700013714315 0.0 0.0 0.049874700013714315 0.0 0.0 0.0 0.0 0.0 0.0 0.0 0.0 0.0 0.0 0.0 0.0 0.0 0.0 0.0 0.0 0.0 
1644 5.688042621310656 0.04953041375598823 0.0 0.0 0.04953041375598823 0.0 0.0 0.0 0.0 0.0 0.0 0.0 0.0 0.0 0.0 0.0 0.0 0.0 0.0 0.0 0.0 0.0 
1645 5.691502501250626 0.04918655260802101 0.0 0.0 0.04918655260802101 0.0 0.0 0.0 0.0 0.0 0.0 0.0 0.0 0.0 0.0 0.0 0.0 0.0 0.0 0.0 0.0 0.0 
1646 5.694962381190595 0.04884312984475793 0.0 0.0 0.04884312984475793 0.0 0.0 0.0 0.0 0.0 0.0 0.0 0.0 0.0 0.0 0.0 0.0 0.0 0.0 0.0 0.0 0.0 
1647 5.698422261130565 0.04850015873437376 0.0 0.0 0.04850015873437376 0.0 0.0 0.0 0.0 0.0 0.0 0.0 0.0 0.0 0.0 0.0 0.0 0.0 0.0 0.0 0.0 0.0 
1648 5.701882141070535 0.04815765253717066 0.0 0.0 0.04815765253717066 0.0 0.0 0.0 0.0 0.0 0.0 0.0 0.0 0.0 0.0 0.0 0.0 0.0 0.0 0.0 0.0 0.0 
1649 5.705342021010505 0.04781562450446732 0.0 0.0 0.04781562450446732 0.0 0.0 0.0 0.0 0.0 0.0 0.0 0.0 0.0 0.0 0.0 0.0 0.0 0.0 0.0 0.0 0.0 
1650 5.708801900950475 0.047474087877481475 0.0 0.0 0.047474087877481475 0.0 0.0 0.0 0.0 0.0 0.0 0.0 0.0 0.0 0.0 0.0 0.0 0.0 0.0 0.0 0.0 0.0 
1651 5.7122617808904455 0.047133055886206206 0.0 0.0 0.047133055886206206 0.0 0.0 0.0 0.0 0.0 0.0 0.0 0.0 0.0 0.0 0.0 0.0 0.0 0.0 0.0 0.0 0.0 
1652 5.7157216608304156 0.04679254174827811 0.0 0.0 0.04679254174827811 0.0 0.0 0.0 0.0 0.0 0.0 0.0 0.0 0.0 0.0 0.0 0.0 0.0 0.0 0.0 0.0 0.0 
1653 5.719181540770385 0.04645255866783992 0.0 0.0 0.04645255866783992 0.0 0.0 0.0 0.0 0.0 0.0 0.0 0.0 0.0 0.0 0.0 0.0 0.0 0.0 0.0 0.0 0.0 
1654 5.722641420710355 0.04611311983439519 0.0 0.0 0.04611311983439519 0.0 0.0 0.0 0.0 0.0 0.0 0.0 0.0 0.0 0.0 0.0 0.0 0.0 0.0 0.0 0.0 0.0 
1655 5.726101300650325 0.04577423842165703 0.0 0.0 0.04577423842165703 0.0 0.0 0.0 0.0 0.0 0.0 0.0 0.0 0.0 0.0 0.0 0.0 0.0 0.0 0.0 0.0 0.0 
1656 5.729561180590295 0.045435927586390236 0.0 0.0 0.045435927586390236 0.0 0.0 0.0 0.0 0.0 0.0 0.0 0.0 0.0 0.0 0.0 0.0 0.0 0.0 0.0 0.0 0.0 
1657 5.733021060530265 0.045098200467246455 0.0 0.0 0.045098200467246455 0.0 0.0 0.0 0.0 0.0 0.0 0.0 0.0 0.0 0.0 0.0 0.0 0.0 0.0 0.0 0.0 0.0 
1658 5.736480940470235 0.0447610701835929 0.0 0.0 0.0447610701835929 0.0 0.0 0.0 0.0 0.0 0.0 0.0 0.0 0.0 0.0 0.0 0.0 0.0 0.0 0.0 0.0 0.0 
1659 5.739940820410205 0.04442454983433535 0.0 0.0 0.04442454983433535 0.0 0.0 0.0 0.0 0.0 0.0 0.0 0.0 0.0 0.0 0.0 0.0 0.0 0.0 0.0 0.0 0.0 
1660 5.7434007003501755 0.044088652496734264 0.0 0.0 0.044088652496734264 0.0 0.0 0.0 0.0 0.0 0.0 0.0 0.0 0.0 0.0 0.0 0.0 0.0 0.0 0.0 0.0 0.0 
1661 5.746860580290145 0.04375339122521456 0.0 0.0 0.04375339122521456 0.0 0.0 0.0 0.0 0.0 0.0 0.0 0.0 0.0 0.0 0.0 0.0 0.0 0.0 0.0 0.0 0.0 
1662 5.750320460230115 0.04341877905016973 0.0 0.0 0.04341877905016973 0.0 0.0 0.0 0.0 0.0 0.0 0.0 0.0 0.0 0.0 0.0 0.0 0.0 0.0 0.0 0.0 0.0 
1663 5.753780340170085 0.04308482897676003 0.0 0.0 0.04308482897676003 0.0 0.0 0.0 0.0 0.0 0.0 0.0 0.0 0.0 0.0 0.0 0.0 0.0 0.0 0.0 0.0 0.0 
1664 5.757240220110055 0.042751553983703935 0.0 0.0 0.042751553983703935 0.0 0.0 0.0 0.0 0.0 0.0 0.0 0.0 0.0 0.0 0.0 0.0 0.0 0.0 0.0 0.0 0.0 
1665 5.760700100050025 0.04241896702206473 0.0 0.0 0.04241896702206473 0.0 0.0 0.0 0.0 0.0 0.0 0.0 0.0 0.0 0.0 0.0 0.0 0.0 0.0 0.0 0.0 0.0 
1666 5.764159979989995 0.04208708101403046 0.0 0.0 0.04208708101403046 0.0 0.0 0.0 0.0 0.0 0.0 0.0 0.0 0.0 0.0 0.0 0.0 0.0 0.0 0.0 0.0 0.0 
1667 5.767619859929965 0.04175590885168907 0.0 0.0 0.04175590885168907 0.0 0.0 0.0 0.0 0.0 0.0 0.0 0.0 0.0 0.0 0.0 0.0 0.0 0.0 0.0 0.0 0.0 
1668 5.771079739869935 0.0414254633957974 0.0 0.0 0.0414254633957974 0.0 0.0 0.0 0.0 0.0 0.0 0.0 0.0 0.0 0.0 0.0 0.0 0.0 0.0 0.0 0.0 0.0 
1669 5.774539619809905 0.041095757474544796 0.0 0.0 0.041095757474544796 0.0 0.0 0.0 0.0 0.0 0.0 0.0 0.0 0.0 0.0 0.0 0.0 0.0 0.0 0.0 0.0 0.0 
1670 5.777999499749875 0.04076680388231159 0.0 0.0 0.04076680388231159 0.0 0.0 0.0 0.0 0.0 0.0 0.0 0.0 0.0 0.0 0.0 0.0 0.0 0.0 0.0 0.0 0.0 
1671 5.781459379689845 0.0404386153784225 0.0 0.0 0.0404386153784225 0.0 0.0 0.0 0.0 0.0 0.0 0.0 0.0 0.0 0.0 0.0 0.0 0.0 0.0 0.0 0.0 0.0 
1672 5.784919259629815 0.04011120468589423 0.0 0.0 0.04011120468589423 0.0 0.0 0.0 0.0 0.0 0.0 0.0 0.0 0.0 0.0 0.0 0.0 0.0 0.0 0.0 0.0 0.0 
1673 5.788379139569785 0.03978458449017886 0.0 0.0 0.03978458449017886 0.0 0.0 0.0 0.0 0.0 0.0 0.0 0.0 0.0 0.0 0.0 0.0 0.0 0.0 0.0 0.0 0.0 
1674 5.791839019509755 0.03945876743790181 0.0 0.0 0.03945876743790181 0.0 0.0 0.0 0.0 0.0 0.0 0.0 0.0 0.0 0.0 0.0 0.0 0.0 0.0 0.0 0.0 0.0 
1675 5.795298899449725 0.03913376613559501 0.0 0.0 0.03913376613559501 0.0 0.0 0.0 0.0 0.0 0.0 0.0 0.0 0.0 0.0 0.0 0.0 0.0 0.0 0.0 0.0 0.0 
1676 5.798758779389694 0.03880959314842593 0.0 0.0 0.03880959314842593 0.0 0.0 0.0 0.0 0.0 0.0 0.0 0.0 0.0 0.0 0.0 0.0 0.0 0.0 0.0 0.0 0.0 
1677 5.8022186593296645 0.03848626099892127 0.0 0.0 0.03848626099892127 0.0 0.0 0.0 0.0 0.0 0.0 0.0 0.0 0.0 0.0 0.0 0.0 0.0 0.0 0.0 0.0 0.0 
1678 5.805678539269635 0.038163782165686874 0.0 0.0 0.038163782165686874 0.0 0.0 0.0 0.0 0.0 0.0 0.0 0.0 0.0 0.0 0.0 0.0 0.0 0.0 0.0 0.0 0.0 
1679 5.809138419209605 0.03784216908212327 0.0 0.0 0.03784216908212327 0.0 0.0 0.0 0.0 0.0 0.0 0.0 0.0 0.0 0.0 0.0 0.0 0.0 0.0 0.0 0.0 0.0 
1680 5.812598299149575 0.03752143413513642 0.0 0.0 0.03752143413513642 0.0 0.0 0.0 0.0 0.0 0.0 0.0 0.0 0.0 0.0 0.0 0.0 0.0 0.0 0.0 0.0 0.0 
1681 5.816058179089545 0.037201589663845396 0.0 0.0 0.037201589663845396 0.0 0.0 0.0 0.0 0.0 0.0 0.0 0.0 0.0 0.0 0.0 0.0 0.0 0.0 0.0 0.0 0.0 
1682 5.819518059029515 0.036882647958285365 0.0 0.0 0.036882647958285365 0.0 0.0 0.0 0.0 0.0 0.0 0.0 0.0 0.0 0.0 0.0 0.0 0.0 0.0 0.0 0.0 0.0 
1683 5.822977938969485 0.03656462125810691 0.0 0.0 0.03656462125810691 0.0 0.0 0.0 0.0 0.0 0.0 0.0 0.0 0.0 0.0 0.0 0.0 0.0 0.0 0.0 0.0 0.0 
1684 5.826437818909454 0.03624752175127233 0.0 0.0 0.03624752175127233 0.0 0.0 0.0 0.0 0.0 0.0 0.0 0.0 0.0 0.0 0.0 0.0 0.0 0.0 0.0 0.0 0.0 
1685 5.829897698849424 0.03593136157274749 0.0 0.0 0.03593136157274749 0.0 0.0 0.0 0.0 0.0 0.0 0.0 0.0 0.0 0.0 0.0 0.0 0.0 0.0 0.0 0.0 0.0 
1686 5.8333575787893945 0.035616152803190984 0.0 0.0 0.035616152803190984 0.0 0.0 0.0 0.0 0.0 0.0 0.0 0.0 0.0 0.0 0.0 0.0 0.0 0.0 0.0 0.0 0.0 
1687 5.836817458729365 0.035301907467640066 0.0 0.0 0.035301907467640066 0.0 0.0 0.0 0.0 0.0 0.0 0.0 0.0 0.0 0.0 0.0 0.0 0.0 0.0 0.0 0.0 0.0 
1688 5.840277338669335 0.03498863753419317 0.0 0.0 0.03498863753419317 0.0 0.0 0.0 0.0 0.0 0.0 0.0 0.0 0.0 0.0 0.0 0.0 0.0 0.0 0.0 0.0 0.0 
1689 5.843737218609305 0.03467635491268953 0.0 0.0 0.03467635491268953 0.0 0.0 0.0 0.0 0.0 0.0 0.0 0.0 0.0 0.0 0.0 0.0 0.0 0.0 0.0 0.0 0.0 
1690 5.847197098549275 0.03436507145338649 0.0 0.0 0.03436507145338649 0.0 0.0 0.0 0.0 0.0 0.0 0.0 0.0 0.0 0.0 0.0 0.0 0.0 0.0 0.0 0.0 0.0 
1691 5.850656978489245 0.0340547989456336 0.0 0.0 0.0340547989456336 0.0 0.0 0.0 0.0 0.0 0.0 0.0 0.0 0.0 0.0 0.0 0.0 0.0 0.0 0.0 0.0 0.0 
1692 5.854116858429214 0.033745549116544864 0.0 0.0 0.033745549116544864 0.0 0.0 0.0 0.0 0.0 0.0 0.0 0.0 0.0 0.0 0.0 0.0 0.0 0.0 0.0 0.0 0.0 
1693 5.857576738369184 0.03343733362966795 0.0 0.0 0.03343733362966795 0.0 0.0 0.0 0.0 0.0 0.0 0.0 0.0 0.0 0.0 0.0 0.0 0.0 0.0 0.0 0.0 0.0 
1694 5.8610366183091545 0.033130164083651936 0.0 0.0 0.033130164083651936 0.0 0.0 0.0 0.0 0.0 0.0 0.0 0.0 0.0 0.0 0.0 0.0 0.0 0.0 0.0 0.0 0.0 
1695 5.864496498249125 0.032824052010912916 0.0 0.0 0.032824052010912916 0.0 0.0 0.0 0.0 0.0 0.0 0.0 0.0 0.0 0.0 0.0 0.0 0.0 0.0 0.0 0.0 0.0 
1696 5.867956378189095 0.03251900887629756 0.0 0.0 0.03251900887629756 0.0 0.0 0.0 0.0 0.0 0.0 0.0 0.0 0.0 0.0 0.0 0.0 0.0 0.0 0.0 0.0 0.0 
1697 5.871416258129065 0.03221504607574503 0.0 0.0 0.03221504607574503 0.0 0.0 0.0 0.0 0.0 0.0 0.0 0.0 0.0 0.0 0.0 0.0 0.0 0.0 0.0 0.0 0.0 
1698 5.874876138069035 0.0319121749349479 0.0 0.0 0.0319121749349479 0.0 0.0 0.0 0.0 0.0 0.0 0.0 0.0 0.0 0.0 0.0 0.0 0.0 0.0 0.0 0.0 0.0 
1699 5.878336018009004 0.031610406708011456 0.0 0.0 0.031610406708011456 0.0 0.0 0.0 0.0 0.0 0.0 0.0 0.0 0.0 0.0 0.0 0.0 0.0 0.0 0.0 0.0 0.0 
1700 5.881795897948974 0.03130975257611131 0.0 0.0 0.03130975257611131 0.0 0.0 0.0 0.0 0.0 0.0 0.0 0.0 0.0 0.0 0.0 0.0 0.0 0.0 0.0 0.0 0.0 
1701 5.885255777888944 0.031010223646151518 0.0 0.0 0.031010223646151518 0.0 0.0 0.0 0.0 0.0 0.0 0.0 0.0 0.0 0.0 0.0 0.0 0.0 0.0 0.0 0.0 0.0 
1702 5.888715657828914 0.030711830949420642 0.0 0.0 0.030711830949420642 0.0 0.0 0.0 0.0 0.0 0.0 0.0 0.0 0.0 0.0 0.0 0.0 0.0 0.0 0.0 0.0 0.0 
1703 5.8921755377688845 0.030414585440247582 0.0 0.0 0.030414585440247582 0.0 0.0 0.0 0.0 0.0 0.0 0.0 0.0 0.0 0.0 0.0 0.0 0.0 0.0 0.0 0.0 0.0 
1704 5.895635417708855 0.030118497994657545 0.0 0.0 0.030118497994657545 0.0 0.0 0.0 0.0 0.0 0.0 0.0 0.0 0.0 0.0 0.0 0.0 0.0 0.0 0.0 0.0 0.0 
1705 5.899095297648825 0.029823579409026954 0.0 0.0 0.029823579409026954 0.0 0.0 0.0 0.0 0.0 0.0 0.0 0.0 0.0 0.0 0.0 0.0 0.0 0.0 0.0 0.0 0.0 
1706 5.902555177588795 0.029529840398739286 0.0 0.0 0.029529840398739286 0.0 0.0 0.0 0.0 0.0 0.0 0.0 0.0 0.0 0.0 0.0 0.0 0.0 0.0 0.0 0.0 0.0 
1707 5.906015057528764 0.029237291596840524 0.0 0.0 0.029237291596840524 0.0 0.0 0.0 0.0 0.0 0.0 0.0 0.0 0.0 0.0 0.0 0.0 0.0 0.0 0.0 0.0 0.0 
1708 5.909474937468734 0.0289459435526947 0.0 0.0 0.0289459435526947 0.0 0.0 0.0 0.0 0.0 0.0 0.0 0.0 0.0 0.0 0.0 0.0 0.0 0.0 0.0 0.0 0.0 
1709 5.912934817408704 0.028655806730641276 0.0 0.0 0.028655806730641276 0.0 0.0 0.0 0.0 0.0 0.0 0.0 0.0 0.0 0.0 0.0 0.0 0.0 0.0 0.0 0.0 0.0 
1710 5.916394697348674 0.028366891508652056 0.0 0.0 0.028366891508652056 0.0 0.0 0.0 0.0 0.0 0.0 0.0 0.0 0.0 0.0 0.0 0.0 0.0 0.0 0.0 0.0 0.0 
1711 5.919854577288644 0.028079208176989574 0.0 0.0 0.028079208176989574 0.0 0.0 0.0 0.0 0.0 0.0 0.0 0.0 0.0 0.0 0.0 0.0 0.0 0.0 0.0 0.0 0.0 
1712 5.9233144572286145 0.027792766936866966 0.0 0.0 0.027792766936866966 0.0 0.0 0.0 0.0 0.0 0.0 0.0 0.0 0.0 0.0 0.0 0.0 0.0 0.0 0.0 0.0 0.0 
1713 5.926774337168585 0.027507577899108945 0.0 0.0 0.027507577899108945 0.0 0.0 0.0 0.0 0.0 0.0 0.0 0.0 0.0 0.0 0.0 0.0 0.0 0.0 0.0 0.0 0.0 
1714 5.930234217108555 0.027223651082814354 0.0 0.0 0.027223651082814354 0.0 0.0 0.0 0.0 0.0 0.0 0.0 0.0 0.0 0.0 0.0 0.0 0.0 0.0 0.0 0.0 0.0 
1715 5.933694097048524 0.02694099641402111 0.0 0.0 0.02694099641402111 0.0 0.0 0.0 0.0 0.0 0.0 0.0 0.0 0.0 0.0 0.0 0.0 0.0 0.0 0.0 0.0 0.0 
1716 5.937153976988494 0.02665962372437247 0.0 0.0 0.02665962372437247 0.0 0.0 0.0 0.0 0.0 0.0 0.0 0.0 0.0 0.0 0.0 0.0 0.0 0.0 0.0 0.0 0.0 
1717 5.940613856928464 0.026379542749786284 0.0 0.0 0.026379542749786284 0.0 0.0 0.0 0.0 0.0 0.0 0.0 0.0 0.0 0.0 0.0 0.0 0.0 0.0 0.0 0.0 0.0 
1718 5.944073736868434 0.0261007631291266 0.0 0.0 0.0261007631291266 0.0 0.0 0.0 0.0 0.0 0.0 0.0 0.0 0.0 0.0 0.0 0.0 0.0 0.0 0.0 0.0 0.0 
1719 5.947533616808404 0.02582329440287762 0.0 0.0 0.02582329440287762 0.0 0.0 0.0 0.0 0.0 0.0 0.0 0.0 0.0 0.0 0.0 0.0 0.0 0.0 0.0 0.0 0.0 
1720 5.950993496748374 0.025547146011821367 0.0 0.0 0.025547146011821367 0.0 0.0 0.0 0.0 0.0 0.0 0.0 0.0 0.0 0.0 0.0 0.0 0.0 0.0 0.0 0.0 0.0 
1721 5.9544533766883445 0.025272327295717996 0.0 0.0 0.025272327295717996 0.0 0.0 0.0 0.0 0.0 0.0 0.0 0.0 0.0 0.0 0.0 0.0 0.0 0.0 0.0 0.0 0.0 
1722 5.957913256628315 0.024998847491989735 0.0 0.0 0.024998847491989735 0.0 0.0 0.0 0.0 0.0 0.0 0.0 0.0 0.0 0.0 0.0 0.0 0.0 0.0 0.0 0.0 0.0 
1723 5.961373136568284 0.024726715734408895 0.0 0.0 0.024726715734408895 0.0 0.0 0.0 0.0 0.0 0.0 0.0 0.0 0.0 0.0 0.0 0.0 0.0 0.0 0.0 0.0 0.0 
1724 5.964833016508254 0.024455941051789117 0.0 0.0 0.024455941051789117 0.0 0.0 0.0 0.0 0.0 0.0 0.0 0.0 0.0 0.0 0.0 0.0 0.0 0.0 0.0 0.0 0.0 
1725 5.968292896448224 0.02418653236668154 0.0 0.0 0.02418653236668154 0.0 0.0 0.0 0.0 0.0 0.0 0.0 0.0 0.0 0.0 0.0 0.0 0.0 0.0 0.0 0.0 0.0 
1726 5.971752776388194 0.02391849849407508 0.0 0.0 0.02391849849407508 0.0 0.0 0.0 0.0 0.0 0.0 0.0 0.0 0.0 0.0 0.0 0.0 0.0 0.0 0.0 0.0 0.0 
1727 5.975212656328164 0.023651848140101392 0.0 0.0 0.023651848140101392 0.0 0.0 0.0 0.0 0.0 0.0 0.0 0.0 0.0 0.0 0.0 0.0 0.0 0.0 0.0 0.0 0.0 
1728 5.978672536268134 0.023386589900744676 0.0 0.0 0.023386589900744676 0.0 0.0 0.0 0.0 0.0 0.0 0.0 0.0 0.0 0.0 0.0 0.0 0.0 0.0 0.0 0.0 0.0 
1729 5.982132416208104 0.02312273226055717 0.0 0.0 0.02312273226055717 0.0 0.0 0.0 0.0 0.0 0.0 0.0 0.0 0.0 0.0 0.0 0.0 0.0 0.0 0.0 0.0 0.0 
1730 5.985592296148074 0.02286028359137954 0.0 0.0 0.02286028359137954 0.0 0.0 0.0 0.0 0.0 0.0 0.0 0.0 0.0 0.0 0.0 0.0 0.0 0.0 0.0 0.0 0.0 
1731 5.989052176088044 0.02259925215106723 0.0 0.0 0.02259925215106723 0.0 0.0 0.0 0.0 0.0 0.0 0.0 0.0 0.0 0.0 0.0 0.0 0.0 0.0 0.0 0.0 0.0 
1732 5.992512056028014 0.022339646082223153 0.0 0.0 0.022339646082223153 0.0 0.0 0.0 0.0 0.0 0.0 0.0 0.0 0.0 0.0 0.0 0.0 0.0 0.0 0.0 0.0 0.0 
1733 5.995971935967984 0.02208147341093593 0.0 0.0 0.02208147341093593 0.0 0.0 0.0 0.0 0.0 0.0 0.0 0.0 0.0 0.0 0.0 0.0 0.0 0.0 0.0 0.0 0.0 
1734 5.999431815907954 0.021824742045525345 0.0 0.0 0.021824742045525345 0.0 0.0 0.0 0.0 0.0 0.0 0.0 0.0 0.0 0.0 0.0 0.0 0.0 0.0 0.0 0.0 0.0 
1735 6.002891695847924 0.02156945977529427 0.0 0.0 0.02156945977529427 0.0 0.0 0.0 0.0 0.0 0.0 0.0 0.0 0.0 0.0 0.0 0.0 0.0 0.0 0.0 0.0 0.0 
1736 6.006351575787894 0.02131563426928753 0.0 0.0 0.02131563426928753 0.0 0.0 0.0 0.0 0.0 0.0 0.0 0.0 0.0 0.0 0.0 0.0 0.0 0.0 0.0 0.0 0.0 
1737 6.009811455727864 0.02106327307505865 0.0 0.0 0.02106327307505865 0.0 0.0 0.0 0.0 0.0 0.0 0.0 0.0 0.0 0.0 0.0 0.0 0.0 0.0 0.0 0.0 0.0 
1738 6.013271335667834 0.020812383617443843 0.0 0.0 0.020812383617443843 0.0 0.0 0.0 0.0 0.0 0.0 0.0 0.0 0.0 0.0 0.0 0.0 0.0 0.0 0.0 0.0 0.0 
1739 6.016731215607804 0.020562973197343633 0.0 0.0 0.020562973197343633 0.0 0.0 0.0 0.0 0.0 0.0 0.0 0.0 0.0 0.0 0.0 0.0 0.0 0.0 0.0 0.0 0.0 
1740 6.020191095547774 0.020315048990513764 0.0 0.0 0.020315048990513764 0.0 0.0 0.0 0.0 0.0 0.0 0.0 0.0 0.0 0.0 0.0 0.0 0.0 0.0 0.0 0.0 0.0 
1741 6.023650975487744 0.02006861804636348 0.0 0.0 0.02006861804636348 0.0 0.0 0.0 0.0 0.0 0.0 0.0 0.0 0.0 0.0 0.0 0.0 0.0 0.0 0.0 0.0 0.0 
1742 6.027110855427714 0.019823687286763075 0.0 0.0 0.019823687286763075 0.0 0.0 0.0 0.0 0.0 0.0 0.0 0.0 0.0 0.0 0.0 0.0 0.0 0.0 0.0 0.0 0.0 
1743 6.030570735367684 0.019580263504860758 0.0 0.0 0.019580263504860758 0.0 0.0 0.0 0.0 0.0 0.0 0.0 0.0 0.0 0.0 0.0 0.0 0.0 0.0 0.0 0.0 0.0 
1744 6.034030615307654 0.019338353363908392 0.0 0.0 0.019338353363908392 0.0 0.0 0.0 0.0 0.0 0.0 0.0 0.0 0.0 0.0 0.0 0.0 0.0 0.0 0.0 0.0 0.0 
1745 6.037490495247624 0.01909796339609746 0.0 0.0 0.01909796339609746 0.0 0.0 0.0 0.0 0.0 0.0 0.0 0.0 0.0 0.0 0.0 0.0 0.0 0.0 0.0 0.0 0.0 
1746 6.0409503751875935 0.018859100001404745 0.0 0.0 0.018859100001404745 0.0 0.0 0.0 0.0 0.0 0.0 0.0 0.0 0.0 0.0 0.0 0.0 0.0 0.0 0.0 0.0 0.0 
1747 6.044410255127564 0.01862176944644797 0.0 0.0 0.01862176944644797 0.0 0.0 0.0 0.0 0.0 0.0 0.0 0.0 0.0 0.0 0.0 0.0 0.0 0.0 0.0 0.0 0.0 
1748 6.047870135067534 0.018385977863353043 0.0 0.0 0.018385977863353043 0.0 0.0 0.0 0.0 0.0 0.0 0.0 0.0 0.0 0.0 0.0 0.0 0.0 0.0 0.0 0.0 0.0 
1749 6.051330015007504 0.018151731248631214 0.0 0.0 0.018151731248631214 0.0 0.0 0.0 0.0 0.0 0.0 0.0 0.0 0.0 0.0 0.0 0.0 0.0 0.0 0.0 0.0 0.0 
1750 6.054789894947474 0.017919035462067832 0.0 0.0 0.017919035462067832 0.0 0.0 0.0 0.0 0.0 0.0 0.0 0.0 0.0 0.0 0.0 0.0 0.0 0.0 0.0 0.0 0.0 
1751 6.058249774887444 0.017687896225622907 0.0 0.0 0.017687896225622907 0.0 0.0 0.0 0.0 0.0 0.0 0.0 0.0 0.0 0.0 0.0 0.0 0.0 0.0 0.0 0.0 0.0 
1752 6.061709654827414 0.017458319122343167 0.0 0.0 0.017458319122343167 0.0 0.0 0.0 0.0 0.0 0.0 0.0 0.0 0.0 0.0 0.0 0.0 0.0 0.0 0.0 0.0 0.0 
1753 6.065169534767383 0.017230309595286437 0.0 0.0 0.017230309595286437 0.0 0.0 0.0 0.0 0.0 0.0 0.0 0.0 0.0 0.0 0.0 0.0 0.0 0.0 0.0 0.0 0.0 
1754 6.068629414707353 0.01700387294645849 0.0 0.0 0.01700387294645849 0.0 0.0 0.0 0.0 0.0 0.0 0.0 0.0 0.0 0.0 0.0 0.0 0.0 0.0 0.0 0.0 0.0 
1755 6.0720892946473235 0.01677901433576306 0.0 0.0 0.01677901433576306 0.0 0.0 0.0 0.0 0.0 0.0 0.0 0.0 0.0 0.0 0.0 0.0 0.0 0.0 0.0 0.0 0.0 
1756 6.075549174587294 0.0165557387799644 0.0 0.0 0.0165557387799644 0.0 0.0 0.0 0.0 0.0 0.0 0.0 0.0 0.0 0.0 0.0 0.0 0.0 0.0 0.0 0.0 0.0 
1757 6.079009054527264 0.016334051151663982 0.0 0.0 0.016334051151663982 0.0 0.0 0.0 0.0 0.0 0.0 0.0 0.0 0.0 0.0 0.0 0.0 0.0 0.0 0.0 0.0 0.0 
1758 6.082468934467234 0.01611395617829048 0.0 0.0 0.01611395617829048 0.0 0.0 0.0 0.0 0.0 0.0 0.0 0.0 0.0 0.0 0.0 0.0 0.0 0.0 0.0 0.0 0.0 
1759 6.085928814407204 0.015895458441104363 0.0 0.0 0.015895458441104363 0.0 0.0 0.0 0.0 0.0 0.0 0.0 0.0 0.0 0.0 0.0 0.0 0.0 0.0 0.0 0.0 0.0 
1760 6.089388694347174 0.01567856237421673 0.0 0.0 0.01567856237421673 0.0 0.0 0.0 0.0 0.0 0.0 0.0 0.0 0.0 0.0 0.0 0.0 0.0 0.0 0.0 0.0 0.0 
1761 6.092848574287143 0.015463272263623021 0.0 0.0 0.015463272263623021 0.0 0.0 0.0 0.0 0.0 0.0 0.0 0.0 0.0 0.0 0.0 0.0 0.0 0.0 0.0 0.0 0.0 
1762 6.096308454227113 0.015249592246251858 0.0 0.0 0.015249592246251858 0.0 0.0 0.0 0.0 0.0 0.0 0.0 0.0 0.0 0.0 0.0 0.0 0.0 0.0 0.0 0.0 0.0 
1763 6.099768334167083 0.015037526309029768 0.0 0.0 0.015037526309029768 0.0 0.0 0.0 0.0 0.0 0.0 0.0 0.0 0.0 0.0 0.0 0.0 0.0 0.0 0.0 0.0 0.0 
1764 6.1032282141070535 0.014827078287961213 0.0 0.0 0.014827078287961213 0.0 0.0 0.0 0.0 0.0 0.0 0.0 0.0 0.0 0.0 0.0 0.0 0.0 0.0 0.0 0.0 0.0 
1765 6.106688094047024 0.014618251867225315 0.0 0.0 0.014618251867225315 0.0 0.0 0.0 0.0 0.0 0.0 0.0 0.0 0.0 0.0 0.0 0.0 0.0 0.0 0.0 0.0 0.0 
1766 6.110147973986994 0.014411050578288906 0.0 0.0 0.014411050578288906 0.0 0.0 0.0 0.0 0.0 0.0 0.0 0.0 0.0 0.0 0.0 0.0 0.0 0.0 0.0 0.0 0.0 
1767 6.113607853926964 0.014205477799036508 0.0 0.0 0.014205477799036508 0.0 0.0 0.0 0.0 0.0 0.0 0.0 0.0 0.0 0.0 0.0 0.0 0.0 0.0 0.0 0.0 0.0 
1768 6.117067733866934 0.014001536752917779 0.0 0.0 0.014001536752917779 0.0 0.0 0.0 0.0 0.0 0.0 0.0 0.0 0.0 0.0 0.0 0.0 0.0 0.0 0.0 0.0 0.0 
1769 6.120527613806903 0.013799230508112334 0.0 0.0 0.013799230508112334 0.0 0.0 0.0 0.0 0.0 0.0 0.0 0.0 0.0 0.0 0.0 0.0 0.0 0.0 0.0 0.0 0.0 
1770 6.123987493746873 0.01359856197671263 0.0 0.0 0.01359856197671263 0.0 0.0 0.0 0.0 0.0 0.0 0.0 0.0 0.0 0.0 0.0 0.0 0.0 0.0 0.0 0.0 0.0 
1771 6.127447373686843 0.0133995339139255 0.0 0.0 0.0133995339139255 0.0 0.0 0.0 0.0 0.0 0.0 0.0 0.0 0.0 0.0 0.0 0.0 0.0 0.0 0.0 0.0 0.0 
1772 6.130907253626813 0.013202148917291837 0.0 0.0 0.013202148917291837 0.0 0.0 0.0 0.0 0.0 0.0 0.0 0.0 0.0 0.0 0.0 0.0 0.0 0.0 0.0 0.0 0.0 
1773 6.1343671335667835 0.013006409425925873 0.0 0.0 0.013006409425925873 0.0 0.0 0.0 0.0 0.0 0.0 0.0 0.0 0.0 0.0 0.0 0.0 0.0 0.0 0.0 0.0 0.0 
1774 6.137827013506754 0.012812317719773593 0.0 0.0 0.012812317719773593 0.0 0.0 0.0 0.0 0.0 0.0 0.0 0.0 0.0 0.0 0.0 0.0 0.0 0.0 0.0 0.0 0.0 
1775 6.141286893446724 0.012619875918890962 0.0 0.0 0.012619875918890962 0.0 0.0 0.0 0.0 0.0 0.0 0.0 0.0 0.0 0.0 0.0 0.0 0.0 0.0 0.0 0.0 0.0 
1776 6.144746773386693 0.012429085982742597 0.0 0.0 0.012429085982742597 0.0 0.0 0.0 0.0 0.0 0.0 0.0 0.0 0.0 0.0 0.0 0.0 0.0 0.0 0.0 0.0 0.0 
1777 6.148206653326663 0.012239949709520493 0.0 0.0 0.012239949709520493 0.0 0.0 0.0 0.0 0.0 0.0 0.0 0.0 0.0 0.0 0.0 0.0 0.0 0.0 0.0 0.0 0.0 
1778 6.151666533266633 0.012052468735484179 0.0 0.0 0.012052468735484179 0.0 0.0 0.0 0.0 0.0 0.0 0.0 0.0 0.0 0.0 0.0 0.0 0.0 0.0 0.0 0.0 0.0 
1779 6.155126413206603 0.011866644534321857 0.0 0.0 0.011866644534321857 0.0 0.0 0.0 0.0 0.0 0.0 0.0 0.0 0.0 0.0 0.0 0.0 0.0 0.0 0.0 0.0 0.0 
1780 6.158586293146573 0.011682478416533202 0.0 0.0 0.011682478416533202 0.0 0.0 0.0 0.0 0.0 0.0 0.0 0.0 0.0 0.0 0.0 0.0 0.0 0.0 0.0 0.0 0.0 
1781 6.1620461730865435 0.011499971528834215 0.0 0.0 0.011499971528834215 0.0 0.0 0.0 0.0 0.0 0.0 0.0 0.0 0.0 0.0 0.0 0.0 0.0 0.0 0.0 0.0 0.0 
1782 6.1655060530265136 0.011319124853584626 0.0 0.0 0.011319124853584626 0.0 0.0 0.0 0.0 0.0 0.0 0.0 0.0 0.0 0.0 0.0 0.0 0.0 0.0 0.0 0.0 0.0 
1783 6.168965932966484 0.011139939208237776 0.0 0.0 0.011139939208237776 0.0 0.0 0.0 0.0 0.0 0.0 0.0 0.0 0.0 0.0 0.0 0.0 0.0 0.0 0.0 0.0 0.0 
1784 6.172425812906453 0.010962415244814026 0.0 0.0 0.010962415244814026 0.0 0.0 0.0 0.0 0.0 0.0 0.0 0.0 0.0 0.0 0.0 0.0 0.0 0.0 0.0 0.0 0.0 
1785 6.175885692846423 0.010786553449397258 0.0 0.0 0.010786553449397258 0.0 0.0 0.0 0.0 0.0 0.0 0.0 0.0 0.0 0.0 0.0 0.0 0.0 0.0 0.0 0.0 0.0 
1786 6.179345572786393 0.010612354141655714 0.0 0.0 0.010612354141655714 0.0 0.0 0.0 0.0 0.0 0.0 0.0 0.0 0.0 0.0 0.0 0.0 0.0 0.0 0.0 0.0 0.0 
1787 6.182805452726363 0.010439817474386902 0.0 0.0 0.010439817474386902 0.0 0.0 0.0 0.0 0.0 0.0 0.0 0.0 0.0 0.0 0.0 0.0 0.0 0.0 0.0 0.0 0.0 
1788 6.186265332666333 0.01026894343308717 0.0 0.0 0.01026894343308717 0.0 0.0 0.0 0.0 0.0 0.0 0.0 0.0 0.0 0.0 0.0 0.0 0.0 0.0 0.0 0.0 0.0 
1789 6.189725212606303 0.010099731835546312 0.0 0.0 0.010099731835546312 0.0 0.0 0.0 0.0 0.0 0.0 0.0 0.0 0.0 0.0 0.0 0.0 0.0 0.0 0.0 0.0 0.0 
1790 6.1931850925462735 0.009932182331467762 0.0 0.0 0.009932182331467762 0.0 0.0 0.0 0.0 0.0 0.0 0.0 0.0 0.0 0.0 0.0 0.0 0.0 0.0 0.0 0.0 0.0 
1791 6.196644972486244 0.00976629440211445 0.0 0.0 0.00976629440211445 0.0 0.0 0.0 0.0 0.0 0.0 0.0 0.0 0.0 0.0 0.0 0.0 0.0 0.0 0.0 0.0 0.0 
1792 6.200104852426213 0.009602067359980853 0.0 0.0 0.009602067359980853 0.0 0.0 0.0 0.0 0.0 0.0 0.0 0.0 0.0 0.0 0.0 0.0 0.0 0.0 0.0 0.0 0.0 
1793 6.203564732366183 0.009439500348491624 0.0 0.0 0.009439500348491624 0.0 0.0 0.0 0.0 0.0 0.0 0.0 0.0 0.0 0.0 0.0 0.0 0.0 0.0 0.0 0.0 0.0 
1794 6.207024612306153 0.00927859234172739 0.0 0.0 0.00927859234172739 0.0 0.0 0.0 0.0 0.0 0.0 0.0 0.0 0.0 0.0 0.0 0.0 0.0 0.0 0.0 0.0 0.0 
1795 6.210484492246123 0.009119342144177483 0.0 0.0 0.009119342144177483 0.0 0.0 0.0 0.0 0.0 0.0 0.0 0.0 0.0 0.0 0.0 0.0 0.0 0.0 0.0 0.0 0.0 
1796 6.213944372186093 0.008961748390520777 0.0 0.0 0.008961748390520777 0.0 0.0 0.0 0.0 0.0 0.0 0.0 0.0 0.0 0.0 0.0 0.0 0.0 0.0 0.0 0.0 0.0 
1797 6.217404252126063 0.008805809545434308 0.0 0.0 0.008805809545434308 0.0 0.0 0.0 0.0 0.0 0.0 0.0 0.0 0.0 0.0 0.0 0.0 0.0 0.0 0.0 0.0 0.0 
1798 6.220864132066033 0.008651523903430648 0.0 0.0 0.008651523903430648 0.0 0.0 0.0 0.0 0.0 0.0 0.0 0.0 0.0 0.0 0.0 0.0 0.0 0.0 0.0 0.0 0.0 
1799 6.224324012006003 0.008498889588723973 0.0 0.0 0.008498889588723973 0.0 0.0 0.0 0.0 0.0 0.0 0.0 0.0 0.0 0.0 0.0 0.0 0.0 0.0 0.0 0.0 0.0 
1800 6.227783891945973 0.008347904555125211 0.0 0.0 0.008347904555125211 0.0 0.0 0.0 0.0 0.0 0.0 0.0 0.0 0.0 0.0 0.0 0.0 0.0 0.0 0.0 0.0 0.0 
1801 6.231243771885943 0.008198566585967315 0.0 0.0 0.008198566585967315 0.0 0.0 0.0 0.0 0.0 0.0 0.0 0.0 0.0 0.0 0.0 0.0 0.0 0.0 0.0 0.0 0.0 
1802 6.234703651825913 0.00805087329406 0.0 0.0 0.00805087329406 0.0 0.0 0.0 0.0 0.0 0.0 0.0 0.0 0.0 0.0 0.0 0.0 0.0 0.0 0.0 0.0 0.0 
1803 6.238163531765883 0.007904822121675049 0.0 0.0 0.007904822121675049 0.0 0.0 0.0 0.0 0.0 0.0 0.0 0.0 0.0 0.0 0.0 0.0 0.0 0.0 0.0 0.0 0.0 
1804 6.241623411705853 0.007760410340562451 0.0 0.0 0.007760410340562451 0.0 0.0 0.0 0.0 0.0 0.0 0.0 0.0 0.0 0.0 0.0 0.0 0.0 0.0 0.0 0.0 0.0 
1805 6.245083291645823 0.007617635051997528 0.0 0.0 0.007617635051997528 0.0 0.0 0.0 0.0 0.0 0.0 0.0 0.0 0.0 0.0 0.0 0.0 0.0 0.0 0.0 0.0 0.0 
1806 6.248543171585793 0.007476493186859565 0.0 0.0 0.007476493186859565 0.0 0.0 0.0 0.0 0.0 0.0 0.0 0.0 0.0 0.0 0.0 0.0 0.0 0.0 0.0 0.0 0.0 
1807 6.2520030515257625 0.007336981505742435 0.0 0.0 0.007336981505742435 0.0 0.0 0.0 0.0 0.0 0.0 0.0 0.0 0.0 0.0 0.0 0.0 0.0 0.0 0.0 0.0 0.0 
1808 6.255462931465733 0.007199096599097163 0.0 0.0 0.007199096599097163 0.0 0.0 0.0 0.0 0.0 0.0 0.0 0.0 0.0 0.0 0.0 0.0 0.0 0.0 0.0 0.0 0.0 
1809 6.258922811405703 0.007062834887407462 0.0 0.0 0.007062834887407462 0.0 0.0 0.0 0.0 0.0 0.0 0.0 0.0 0.0 0.0 0.0 0.0 0.0 0.0 0.0 0.0 0.0 
1810 6.262382691345673 0.006928192621397984 0.0 0.0 0.006928192621397984 0.0 0.0 0.0 0.0 0.0 0.0 0.0 0.0 0.0 0.0 0.0 0.0 0.0 0.0 0.0 0.0 0.0 
1811 6.265842571285643 0.006795165882275882 0.0 0.0 0.006795165882275882 0.0 0.0 0.0 0.0 0.0 0.0 0.0 0.0 0.0 0.0 0.0 0.0 0.0 0.0 0.0 0.0 0.0 
1812 6.269302451225613 0.006663750582006232 0.0 0.0 0.006663750582006232 0.0 0.0 0.0 0.0 0.0 0.0 0.0 0.0 0.0 0.0 0.0 0.0 0.0 0.0 0.0 0.0 0.0 
1813 6.272762331165583 0.006533942463621344 0.0 0.0 0.006533942463621344 0.0 0.0 0.0 0.0 0.0 0.0 0.0 0.0 0.0 0.0 0.0 0.0 0.0 0.0 0.0 0.0 0.0 
1814 6.276222211105553 0.006405737101564501 0.0 0.0 0.006405737101564501 0.0 0.0 0.0 0.0 0.0 0.0 0.0 0.0 0.0 0.0 0.0 0.0 0.0 0.0 0.0 0.0 0.0 
1815 6.279682091045522 0.0062791299020685774 0.0 0.0 0.0062791299020685774 0.0 0.0 0.0 0.0 0.0 0.0 0.0 0.0 0.0 0.0 0.0 0.0 0.0 0.0 0.0 0.0 0.0 
1816 6.2831419709854925 0.006154116103569491 0.0 0.0 0.006154116103569491 0.0 0.0 0.0 0.0 0.0 0.0 0.0 0.0 0.0 0.0 0.0 0.0 0.0 0.0 0.0 0.0 0.0 
1817 6.286601850925463 0.006030690777155429 0.0 0.0 0.006030690777155429 0.0 0.0 0.0 0.0 0.0 0.0 0.0 0.0 0.0 0.0 0.0 0.0 0.0 0.0 0.0 0.0 0.0 
1818 6.290061730865433 0.005908848827051647 0.0 0.0 0.005908848827051647 0.0 0.0 0.0 0.0 0.0 0.0 0.0 0.0 0.0 0.0 0.0 0.0 0.0 0.0 0.0 0.0 0.0 
1819 6.293521610805403 0.005788584991141453 0.0 0.0 0.005788584991141453 0.0 0.0 0.0 0.0 0.0 0.0 0.0 0.0 0.0 0.0 0.0 0.0 0.0 0.0 0.0 0.0 0.0 
1820 6.296981490745373 0.005669893841523633 0.0 0.0 0.005669893841523633 0.0 0.0 0.0 0.0 0.0 0.0 0.0 0.0 0.0 0.0 0.0 0.0 0.0 0.0 0.0 0.0 0.0 
1821 6.300441370685343 0.005552769785106778 0.0 0.0 0.005552769785106778 0.0 0.0 0.0 0.0 0.0 0.0 0.0 0.0 0.0 0.0 0.0 0.0 0.0 0.0 0.0 0.0 0.0 
1822 6.303901250625312 0.0054372070642406106 0.0 0.0 0.0054372070642406106 0.0 0.0 0.0 0.0 0.0 0.0 0.0 0.0 0.0 0.0 0.0 0.0 0.0 0.0 0.0 0.0 0.0 
1823 6.307361130565282 0.005323199757384767 0.0 0.0 0.005323199757384767 0.0 0.0 0.0 0.0 0.0 0.0 0.0 0.0 0.0 0.0 0.0 0.0 0.0 0.0 0.0 0.0 0.0 
1824 6.3108210105052525 0.00521074177981554 0.0 0.0 0.00521074177981554 0.0 0.0 0.0 0.0 0.0 0.0 0.0 0.0 0.0 0.0 0.0 0.0 0.0 0.0 0.0 0.0 0.0 
1825 6.314280890445223 0.0050998268843704085 0.0 0.0 0.0050998268843704085 0.0 0.0 0.0 0.0 0.0 0.0 0.0 0.0 0.0 0.0 0.0 0.0 0.0 0.0 0.0 0.0 0.0 
1826 6.317740770385193 0.004990448662231195 0.0 0.0 0.004990448662231195 0.0 0.0 0.0 0.0 0.0 0.0 0.0 0.0 0.0 0.0 0.0 0.0 0.0 0.0 0.0 0.0 0.0 
1827 6.321200650325163 0.004882600543745798 0.0 0.0 0.004882600543745798 0.0 0.0 0.0 0.0 0.0 0.0 0.0 0.0 0.0 0.0 0.0 0.0 0.0 0.0 0.0 0.0 0.0 
1828 6.324660530265133 0.004776275799288923 0.0 0.0 0.004776275799288923 0.0 0.0 0.0 0.0 0.0 0.0 0.0 0.0 0.0 0.0 0.0 0.0 0.0 0.0 0.0 0.0 0.0 
1829 6.328120410205103 0.004671467540162169 0.0 0.0 0.004671467540162169 0.0 0.0 0.0 0.0 0.0 0.0 0.0 0.0 0.0 0.0 0.0 0.0 0.0 0.0 0.0 0.0 0.0 
1830 6.331580290145072 0.004568168719533642 0.0 0.0 0.004568168719533642 0.0 0.0 0.0 0.0 0.0 0.0 0.0 0.0 0.0 0.0 0.0 0.0 0.0 0.0 0.0 0.0 0.0 
1831 6.335040170085042 0.004466372133417288 0.0 0.0 0.004466372133417288 0.0 0.0 0.0 0.0 0.0 0.0 0.0 0.0 0.0 0.0 0.0 0.0 0.0 0.0 0.0 0.0 0.0 
1832 6.338500050025012 0.0043660704216926865 0.0 0.0 0.0043660704216926865 0.0 0.0 0.0 0.0 0.0 0.0 0.0 0.0 0.0 0.0 0.0 0.0 0.0 0.0 0.0 0.0 0.0 
1833 6.3419599299649825 0.004267256069164899 0.0 0.0 0.004267256069164899 0.0 0.0 0.0 0.0 0.0 0.0 0.0 0.0 0.0 0.0 0.0 0.0 0.0 0.0 0.0 0.0 0.0 
1834 6.345419809904953 0.004169921406665108 0.0 0.0 0.004169921406665108 0.0 0.0 0.0 0.0 0.0 0.0 0.0 0.0 0.0 0.0 0.0 0.0 0.0 0.0 0.0 0.0 0.0 
1835 6.348879689844923 0.004074058612192205 0.0 0.0 0.004074058612192205 0.0 0.0 0.0 0.0 0.0 0.0 0.0 0.0 0.0 0.0 0.0 0.0 0.0 0.0 0.0 0.0 0.0 
1836 6.352339569784893 0.003979659712095423 0.0 0.0 0.003979659712095423 0.0 0.0 0.0 0.0 0.0 0.0 0.0 0.0 0.0 0.0 0.0 0.0 0.0 0.0 0.0 0.0 0.0 
1837 6.355799449724863 0.0038867165822984704 0.0 0.0 0.0038867165822984704 0.0 0.0 0.0 0.0 0.0 0.0 0.0 0.0 0.0 0.0 0.0 0.0 0.0 0.0 0.0 0.0 0.0 
1838 6.359259329664832 0.003795220949565227 0.0 0.0 0.003795220949565227 0.0 0.0 0.0 0.0 0.0 0.0 0.0 0.0 0.0 0.0 0.0 0.0 0.0 0.0 0.0 0.0 0.0 
1839 6.362719209604802 0.003705164392807174 0.0 0.0 0.003705164392807174 0.0 0.0 0.0 0.0 0.0 0.0 0.0 0.0 0.0 0.0 0.0 0.0 0.0 0.0 0.0 0.0 0.0 
1840 6.366179089544772 0.003616538344433162 0.0 0.0 0.003616538344433162 0.0 0.0 0.0 0.0 0.0 0.0 0.0 0.0 0.0 0.0 0.0 0.0 0.0 0.0 0.0 0.0 0.0 
1841 6.369638969484742 0.003529334091741162 0.0 0.0 0.003529334091741162 0.0 0.0 0.0 0.0 0.0 0.0 0.0 0.0 0.0 0.0 0.0 0.0 0.0 0.0 0.0 0.0 0.0 
1842 6.3730988494247125 0.0034435427783525573 0.0 0.0 0.0034435427783525573 0.0 0.0 0.0 0.0 0.0 0.0 0.0 0.0 0.0 0.0 0.0 0.0 0.0 0.0 0.0 0.0 0.0 
1843 6.376558729364683 0.0033591554056891394 0.0 0.0 0.0033591554056891394 0.0 0.0 0.0 0.0 0.0 0.0 0.0 0.0 0.0 0.0 0.0 0.0 0.0 0.0 0.0 0.0 0.0 
1844 6.380018609304653 0.0032761628344928307 0.0 0.0 0.0032761628344928307 0.0 0.0 0.0 0.0 0.0 0.0 0.0 0.0 0.0 0.0 0.0 0.0 0.0 0.0 0.0 0.0 0.0 
1845 6.383478489244622 0.00319455578638843 0.0 0.0 0.00319455578638843 0.0 0.0 0.0 0.0 0.0 0.0 0.0 0.0 0.0 0.0 0.0 0.0 0.0 0.0 0.0 0.0 0.0 
1846 6.386938369184592 0.003114324845489431 0.0 0.0 0.003114324845489431 0.0 0.0 0.0 0.0 0.0 0.0 0.0 0.0 0.0 0.0 0.0 0.0 0.0 0.0 0.0 0.0 0.0 
1847 6.390398249124562 0.0030354604600472688 0.0 0.0 0.0030354604600472688 0.0 0.0 0.0 0.0 0.0 0.0 0.0 0.0 0.0 0.0 0.0 0.0 0.0 0.0 0.0 0.0 0.0 
1848 6.393858129064532 0.00295795294414378 0.0 0.0 0.00295795294414378 0.0 0.0 0.0 0.0 0.0 0.0 0.0 0.0 0.0 0.0 0.0 0.0 0.0 0.0 0.0 0.0 0.0 
1849 6.397318009004502 0.002881792479427344 0.0 0.0 0.002881792479427344 0.0 0.0 0.0 0.0 0.0 0.0 0.0 0.0 0.0 0.0 0.0 0.0 0.0 0.0 0.0 0.0 0.0 
1850 6.400777888944472 0.0028069691168925684 0.0 0.0 0.0028069691168925684 0.0 0.0 0.0 0.0 0.0 0.0 0.0 0.0 0.0 0.0 0.0 0.0 0.0 0.0 0.0 0.0 0.0 
1851 6.4042377688844425 0.0027334727787037875 0.0 0.0 0.0027334727787037875 0.0 0.0 0.0 0.0 0.0 0.0 0.0 0.0 0.0 0.0 0.0 0.0 0.0 0.0 0.0 0.0 0.0 
1852 6.407697648824413 0.002661293260062332 0.0 0.0 0.002661293260062332 0.0 0.0 0.0 0.0 0.0 0.0 0.0 0.0 0.0 0.0 0.0 0.0 0.0 0.0 0.0 0.0 0.0 
1853 6.411157528764382 0.002590420231117712 0.0 0.0 0.002590420231117712 0.0 0.0 0.0 0.0 0.0 0.0 0.0 0.0 0.0 0.0 0.0 0.0 0.0 0.0 0.0 0.0 0.0 
1854 6.414617408704352 0.002520843238922707 0.0 0.0 0.002520843238922707 0.0 0.0 0.0 0.0 0.0 0.0 0.0 0.0 0.0 0.0 0.0 0.0 0.0 0.0 0.0 0.0 0.0 
1855 6.418077288644322 0.002452551709432583 0.0 0.0 0.002452551709432583 0.0 0.0 0.0 0.0 0.0 0.0 0.0 0.0 0.0 0.0 0.0 0.0 0.0 0.0 0.0 0.0 0.0 
1856 6.421537168584292 0.0023855349495481614 0.0 0.0 0.0023855349495481614 0.0 0.0 0.0 0.0 0.0 0.0 0.0 0.0 0.0 0.0 0.0 0.0 0.0 0.0 0.0 0.0 0.0 
1857 6.424997048524262 0.0023197821492030543 0.0 0.0 0.0023197821492030543 0.0 0.0 0.0 0.0 0.0 0.0 0.0 0.0 0.0 0.0 0.0 0.0 0.0 0.0 0.0 0.0 0.0 
1858 6.428456928464232 0.0022552823834948955 0.0 0.0 0.0022552823834948955 0.0 0.0 0.0 0.0 0.0 0.0 0.0 0.0 0.0 0.0 0.0 0.0 0.0 0.0 0.0 0.0 0.0 
1859 6.431916808404202 0.0021920246148605803 0.0 0.0 0.0021920246148605803 0.0 0.0 0.0 0.0 0.0 0.0 0.0 0.0 0.0 0.0 0.0 0.0 0.0 0.0 0.0 0.0 0.0 
1860 6.4353766883441725 0.002129997695295561 0.0 0.0 0.002129997695295561 0.0 0.0 0.0 0.0 0.0 0.0 0.0 0.0 0.0 0.0 0.0 0.0 0.0 0.0 0.0 0.0 0.0 
1861 6.438836568284142 0.0020691903686170378 0.0 0.0 0.0020691903686170378 0.0 0.0 0.0 0.0 0.0 0.0 0.0 0.0 0.0 0.0 0.0 0.0 0.0 0.0 0.0 0.0 0.0 
1862 6.442296448224112 0.0020095912727710196 0.0 0.0 0.0020095912727710196 0.0 0.0 0.0 0.0 0.0 0.0 0.0 0.0 0.0 0.0 0.0 0.0 0.0 0.0 0.0 0.0 0.0 
1863 6.445756328164082 0.0019511889421832825 0.0 0.0 0.0019511889421832825 0.0 0.0 0.0 0.0 0.0 0.0 0.0 0.0 0.0 0.0 0.0 0.0 0.0 0.0 0.0 0.0 0.0 
1864 6.449216208104052 0.0018939718101539562 0.0 0.0 0.0018939718101539562 0.0 0.0 0.0 0.0 0.0 0.0 0.0 0.0 0.0 0.0 0.0 0.0 0.0 0.0 0.0 0.0 0.0 
1865 6.452676088044022 0.0018379282112956827 0.0 0.0 0.0018379282112956827 0.0 0.0 0.0 0.0 0.0 0.0 0.0 0.0 0.0 0.0 0.0 0.0 0.0 0.0 0.0 0.0 0.0 
1866 6.456135967983992 0.0017830463840152854 0.0 0.0 0.0017830463840152854 0.0 0.0 0.0 0.0 0.0 0.0 0.0 0.0 0.0 0.0 0.0 0.0 0.0 0.0 0.0 0.0 0.0 
1867 6.459595847923962 0.0017293144730387302 0.0 0.0 0.0017293144730387302 0.0 0.0 0.0 0.0 0.0 0.0 0.0 0.0 0.0 0.0 0.0 0.0 0.0 0.0 0.0 0.0 0.0 
1868 6.463055727863932 0.0016767205319791645 0.0 0.0 0.0016767205319791645 0.0 0.0 0.0 0.0 0.0 0.0 0.0 0.0 0.0 0.0 0.0 0.0 0.0 0.0 0.0 0.0 0.0 
1869 6.466515607803902 0.0016252525259478994 0.0 0.0 0.0016252525259478994 0.0 0.0 0.0 0.0 0.0 0.0 0.0 0.0 0.0 0.0 0.0 0.0 0.0 0.0 0.0 0.0 0.0 
1870 6.469975487743872 0.0015748983342081786 0.0 0.0 0.0015748983342081786 0.0 0.0 0.0 0.0 0.0 0.0 0.0 0.0 0.0 0.0 0.0 0.0 0.0 0.0 0.0 0.0 0.0 
1871 6.473435367683842 0.0015256457528713165 0.0 0.0 0.0015256457528713165 0.0 0.0 0.0 0.0 0.0 0.0 0.0 0.0 0.0 0.0 0.0 0.0 0.0 0.0 0.0 0.0 0.0 
1872 6.476895247623812 0.001477482497635143 0.0 0.0 0.001477482497635143 0.0 0.0 0.0 0.0 0.0 0.0 0.0 0.0 0.0 0.0 0.0 0.0 0.0 0.0 0.0 0.0 0.0 
1873 6.480355127563782 0.0014303962065643203 0.0 0.0 0.0014303962065643203 0.0 0.0 0.0 0.0 0.0 0.0 0.0 0.0 0.0 0.0 0.0 0.0 0.0 0.0 0.0 0.0 0.0 
1874 6.483815007503752 0.0013843744429123442 0.0 0.0 0.0013843744429123442 0.0 0.0 0.0 0.0 0.0 0.0 0.0 0.0 0.0 0.0 0.0 0.0 0.0 0.0 0.0 0.0 0.0 
1875 6.487274887443722 0.0013394046979848528 0.0 0.0 0.0013394046979848528 0.0 0.0 0.0 0.0 0.0 0.0 0.0 0.0 0.0 0.0 0.0 0.0 0.0 0.0 0.0 0.0 0.0 
1876 6.4907347673836915 0.0012954743940438618 0.0 0.0 0.0012954743940438618 0.0 0.0 0.0 0.0 0.0 0.0 0.0 0.0 0.0 0.0 0.0 0.0 0.0 0.0 0.0 0.0 0.0 
1877 6.494194647323662 0.0012525708872525847 0.0 0.0 0.0012525708872525847 0.0 0.0 0.0 0.0 0.0 0.0 0.0 0.0 0.0 0.0 0.0 0.0 0.0 0.0 0.0 0.0 0.0 
1878 6.497654527263632 0.0012106814706605027 0.0 0.0 0.0012106814706605027 0.0 0.0 0.0 0.0 0.0 0.0 0.0 0.0 0.0 0.0 0.0 0.0 0.0 0.0 0.0 0.0 0.0 
1879 6.501114407203602 0.0011697933772281213 0.0 0.0 0.0011697933772281213 0.0 0.0 0.0 0.0 0.0 0.0 0.0 0.0 0.0 0.0 0.0 0.0 0.0 0.0 0.0 0.0 0.0 
1880 6.504574287143572 0.001129893782891037 0.0 0.0 0.001129893782891037 0.0 0.0 0.0 0.0 0.0 0.0 0.0 0.0 0.0 0.0 0.0 0.0 0.0 0.0 0.0 0.0 0.0 
1881 6.508034167083542 0.0010909698096628635 0.0 0.0 0.0010909698096628635 0.0 0.0 0.0 0.0 0.0 0.0 0.0 0.0 0.0 0.0 0.0 0.0 0.0 0.0 0.0 0.0 0.0 
1882 6.511494047023512 0.0010530085287764508 0.0 0.0 0.0010530085287764508 0.0 0.0 0.0 0.0 0.0 0.0 0.0 0.0 0.0 0.0 0.0 0.0 0.0 0.0 0.0 0.0 0.0 
1883 6.514953926963482 0.0010159969638629037 0.0 0.0 0.0010159969638629037 0.0 0.0 0.0 0.0 0.0 0.0 0.0 0.0 0.0 0.0 0.0 0.0 0.0 0.0 0.0 0.0 0.0 
1884 6.518413806903451 0.0009799220941677919 0.0 0.0 0.0009799220941677919 0.0 0.0 0.0 0.0 0.0 0.0 0.0 0.0 0.0 0.0 0.0 0.0 0.0 0.0 0.0 0.0 0.0 
1885 6.5218736868434215 0.0009447708578039799 0.0 0.0 0.0009447708578039799 0.0 0.0 0.0 0.0 0.0 0.0 0.0 0.0 0.0 0.0 0.0 0.0 0.0 0.0 0.0 0.0 0.0 
1886 6.525333566783392 0.0009105301550405091 0.0 0.0 0.0009105301550405091 0.0 0.0 0.0 0.0 0.0 0.0 0.0 0.0 0.0 0.0 0.0 0.0 0.0 0.0 0.0 0.0 0.0 
1887 6.528793446723362 0.0008771868516267617 0.0 0.0 0.0008771868516267617 0.0 0.0 0.0 0.0 0.0 0.0 0.0 0.0 0.0 0.0 0.0 0.0 0.0 0.0 0.0 0.0 0.0 
1888 6.532253326663332 0.0008447277821512861 0.0 0.0 0.0008447277821512861 0.0 0.0 0.0 0.0 0.0 0.0 0.0 0.0 0.0 0.0 0.0 0.0 0.0 0.0 0.0 0.0 0.0 
1889 6.535713206603302 0.0008131397534345763 0.0 0.0 0.0008131397534345763 0.0 0.0 0.0 0.0 0.0 0.0 0.0 0.0 0.0 0.0 0.0 0.0 0.0 0.0 0.0 0.0 0.0 
1890 6.539173086543272 0.0007824095479550245 0.0 0.0 0.0007824095479550245 0.0 0.0 0.0 0.0 0.0 0.0 0.0 0.0 0.0 0.0 0.0 0.0 0.0 0.0 0.0 0.0 0.0 
1891 6.542632966483241 0.0007525239273072512 0.0 0.0 0.0007525239273072512 0.0 0.0 0.0 0.0 0.0 0.0 0.0 0.0 0.0 0.0 0.0 0.0 0.0 0.0 0.0 0.0 0.0 
1892 6.546092846423211 0.0007234696356919932 0.0 0.0 0.0007234696356919932 0.0 0.0 0.0 0.0 0.0 0.0 0.0 0.0 0.0 0.0 0.0 0.0 0.0 0.0 0.0 0.0 0.0 
1893 6.549552726363181 0.0006952334034367569 0.0 0.0 0.0006952334034367569 0.0 0.0 0.0 0.0 0.0 0.0 0.0 0.0 0.0 0.0 0.0 0.0 0.0 0.0 0.0 0.0 0.0 
1894 6.5530126063031515 0.0006678019505462172 0.0 0.0 0.0006678019505462172 0.0 0.0 0.0 0.0 0.0 0.0 0.0 0.0 0.0 0.0 0.0 0.0 0.0 0.0 0.0 0.0 0.0 
1895 6.556472486243122 0.0006411619902815471 0.0 0.0 0.0006411619902815471 0.0 0.0 0.0 0.0 0.0 0.0 0.0 0.0 0.0 0.0 0.0 0.0 0.0 0.0 0.0 0.0 0.0 
1896 6.559932366183092 0.0006153002327676265 0.0 0.0 0.0006153002327676265 0.0 0.0 0.0 0.0 0.0 0.0 0.0 0.0 0.0 0.0 0.0 0.0 0.0 0.0 0.0 0.0 0.0 
1897 6.563392246123062 0.0005902033886271777 0.0 0.0 0.0005902033886271777 0.0 0.0 0.0 0.0 0.0 0.0 0.0 0.0 0.0 0.0 0.0 0.0 0.0 0.0 0.0 0.0 0.0 
1898 6.566852126063032 0.000565858172640756 0.0 0.0 0.000565858172640756 0.0 0.0 0.0 0.0 0.0 0.0 0.0 0.0 0.0 0.0 0.0 0.0 0.0 0.0 0.0 0.0 0.0 
1899 6.570312006003001 0.0005422513074314871 0.0 0.0 0.0005422513074314871 0.0 0.0 0.0 0.0 0.0 0.0 0.0 0.0 0.0 0.0 0.0 0.0 0.0 0.0 0.0 0.0 0.0 
1900 6.573771885942971 0.0005193695271734407 0.0 0.0 0.0005193695271734407 0.0 0.0 0.0 0.0 0.0 0.0 0.0 0.0 0.0 0.0 0.0 0.0 0.0 0.0 0.0 0.0 0.0 
1901 6.577231765882941 0.0004971995813225024 0.0 0.0 0.0004971995813225024 0.0 0.0 0.0 0.0 0.0 0.0 0.0 0.0 0.0 0.0 0.0 0.0 0.0 0.0 0.0 0.0 0.0 
1902 6.580691645822911 0.00047572823836843997 0.0 0.0 0.00047572823836843997 0.0 0.0 0.0 0.0 0.0 0.0 0.0 0.0 0.0 0.0 0.0 0.0 0.0 0.0 0.0 0.0 0.0 
1903 6.5841515257628815 0.0004549422896069893 0.0 0.0 0.0004549422896069893 0.0 0.0 0.0 0.0 0.0 0.0 0.0 0.0 0.0 0.0 0.0 0.0 0.0 0.0 0.0 0.0 0.0 
1904 6.587611405702852 0.0004348285529305954 0.0 0.0 0.0004348285529305954 0.0 0.0 0.0 0.0 0.0 0.0 0.0 0.0 0.0 0.0 0.0 0.0 0.0 0.0 0.0 0.0 0.0 
1905 6.591071285642822 0.00041537387663649616 0.0 0.0 0.00041537387663649616 0.0 0.0 0.0 0.0 0.0 0.0 0.0 0.0 0.0 0.0 0.0 0.0 0.0 0.0 0.0 0.0 0.0 
1906 6.594531165582792 0.0003965651432507303 0.0 0.0 0.0003965651432507303 0.0 0.0 0.0 0.0 0.0 0.0 0.0 0.0 0.0 0.0 0.0 0.0 0.0 0.0 0.0 0.0 0.0 
1907 6.597991045522761 0.0003783892733666185 0.0 0.0 0.0003783892733666185 0.0 0.0 0.0 0.0 0.0 0.0 0.0 0.0 0.0 0.0 0.0 0.0 0.0 0.0 0.0 0.0 0.0 
1908 6.601450925462731 0.00036083322949622033 0.0 0.0 0.00036083322949622033 0.0 0.0 0.0 0.0 0.0 0.0 0.0 0.0 0.0 0.0 0.0 0.0 0.0 0.0 0.0 0.0 0.0 
1909 6.604910805402701 0.0003438840199332627 0.0 0.0 0.0003438840199332627 0.0 0.0 0.0 0.0 0.0 0.0 0.0 0.0 0.0 0.0 0.0 0.0 0.0 0.0 0.0 0.0 0.0 
1910 6.608370685342671 0.00032752870262586683 0.0 0.0 0.00032752870262586683 0.0 0.0 0.0 0.0 0.0 0.0 0.0 0.0 0.0 0.0 0.0 0.0 0.0 0.0 0.0 0.0 0.0 
1911 6.6118305652826415 0.00031175438905749095 0.0 0.0 0.00031175438905749095 0.0 0.0 0.0 0.0 0.0 0.0 0.0 0.0 0.0 0.0 0.0 0.0 0.0 0.0 0.0 0.0 0.0 
1912 6.615290445222612 0.00029654824813434325 0.0 0.0 0.00029654824813434325 0.0 0.0 0.0 0.0 0.0 0.0 0.0 0.0 0.0 0.0 0.0 0.0 0.0 0.0 0.0 0.0 0.0 
1913 6.618750325162582 0.0002818975100775345 0.0 0.0 0.0002818975100775345 0.0 0.0 0.0 0.0 0.0 0.0 0.0 0.0 0.0 0.0 0.0 0.0 0.0 0.0 0.0 0.0 0.0 
1914 6.622210205102551 0.0002677894703181483 0.0 0.0 0.0002677894703181483 0.0 0.0 0.0 0.0 0.0 0.0 0.0 0.0 0.0 0.0 0.0 0.0 0.0 0.0 0.0 0.0 0.0 
1915 6.625670085042521 0.0002542114933933325 0.0 0.0 0.0002542114933933325 0.0 0.0 0.0 0.0 0.0 0.0 0.0 0.0 0.0 0.0 0.0 0.0 0.0 0.0 0.0 0.0 0.0 
1916 6.629129964982491 0.00024115101684155015 0.0 0.0 0.00024115101684155015 0.0 0.0 0.0 0.0 0.0 0.0 0.0 0.0 0.0 0.0 0.0 0.0 0.0 0.0 0.0 0.0 0.0 
1917 6.632589844922461 0.00022859555509492521 0.0 0.0 0.00022859555509492521 0.0 0.0 0.0 0.0 0.0 0.0 0.0 0.0 0.0 0.0 0.0 0.0 0.0 0.0 0.0 0.0 0.0 
1918 6.636049724862431 0.00021653270336669303 0.0 0.0 0.00021653270336669303 0.0 0.0 0.0 0.0 0.0 0.0 0.0 0.0 0.0 0.0 0.0 0.0 0.0 0.0 0.0 0.0 0.0 
1919 6.639509604802401 0.00020495014153161742 0.0 0.0 0.00020495014153161742 0.0 0.0 0.0 0.0 0.0 0.0 0.0 0.0 0.0 0.0 0.0 0.0 0.0 0.0 0.0 0.0 0.0 
1920 6.6429694847423715 0.00019383563799722133 0.0 0.0 0.00019383563799722133 0.0 0.0 0.0 0.0 0.0 0.0 0.0 0.0 0.0 0.0 0.0 0.0 0.0 0.0 0.0 0.0 0.0 
1921 6.646429364682342 0.0001831770535635847 0.0 0.0 0.0001831770535635847 0.0 0.0 0.0 0.0 0.0 0.0 0.0 0.0 0.0 0.0 0.0 0.0 0.0 0.0 0.0 0.0 0.0 
1922 6.649889244622311 0.00017296234526942086 0.0 0.0 0.00017296234526942086 0.0 0.0 0.0 0.0 0.0 0.0 0.0 0.0 0.0 0.0 0.0 0.0 0.0 0.0 0.0 0.0 0.0 
1923 6.653349124562281 0.00016317957022204062 0.0 0.0 0.00016317957022204062 0.0 0.0 0.0 0.0 0.0 0.0 0.0 0.0 0.0 0.0 0.0 0.0 0.0 0.0 0.0 0.0 0.0 
1924 6.656809004502251 0.00015381688940881838 0.0 0.0 0.00015381688940881838 0.0 0.0 0.0 0.0 0.0 0.0 0.0 0.0 0.0 0.0 0.0 0.0 0.0 0.0 0.0 0.0 0.0 
1925 6.660268884442221 0.00014486257148760116 0.0 0.0 0.00014486257148760116 0.0 0.0 0.0 0.0 0.0 0.0 0.0 0.0 0.0 0.0 0.0 0.0 0.0 0.0 0.0 0.0 0.0 
1926 6.663728764382191 0.00013630499655352838 0.0 0.0 0.00013630499655352838 0.0 0.0 0.0 0.0 0.0 0.0 0.0 0.0 0.0 0.0 0.0 0.0 0.0 0.0 0.0 0.0 0.0 
1927 6.667188644322161 0.00012813265987959607 0.0 0.0 0.00012813265987959607 0.0 0.0 0.0 0.0 0.0 0.0 0.0 0.0 0.0 0.0 0.0 0.0 0.0 0.0 0.0 0.0 0.0 
1928 6.670648524262131 0.00012033417562825891 0.0 0.0 0.00012033417562825891 0.0 0.0 0.0 0.0 0.0 0.0 0.0 0.0 0.0 0.0 0.0 0.0 0.0 0.0 0.0 0.0 0.0 
1929 6.6741084042021015 0.00011289828053127294 0.0 0.0 0.00011289828053127294 0.0 0.0 0.0 0.0 0.0 0.0 0.0 0.0 0.0 0.0 0.0 0.0 0.0 0.0 0.0 0.0 0.0 
1930 6.677568284142071 0.00010581383753490788 0.0 0.0 0.00010581383753490788 0.0 0.0 0.0 0.0 0.0 0.0 0.0 0.0 0.0 0.0 0.0 0.0 0.0 0.0 0.0 0.0 0.0 
1931 6.681028164082041 9.906983940758203e-05 0.0 0.0 9.906983940758203e-05 0.0 0.0 0.0 0.0 0.0 0.0 0.0 0.0 0.0 0.0 0.0 0.0 0.0 0.0 0.0 0.0 0.0 
1932 6.684488044022011 9.265541230691168e-05 0.0 0.0 9.265541230691168e-05 0.0 0.0 0.0 0.0 0.0 0.0 0.0 0.0 0.0 0.0 0.0 0.0 0.0 0.0 0.0 0.0 0.0 
1933 6.687947923961981 8.655981930303994e-05 0.0 0.0 8.655981930303994e-05 0.0 0.0 0.0 0.0 0.0 0.0 0.0 0.0 0.0 0.0 0.0 0.0 0.0 0.0 0.0 0.0 0.0 
1934 6.691407803901951 8.077246385508262e-05 0.0 0.0 8.077246385508262e-05 0.0 0.0 0.0 0.0 0.0 0.0 0.0 0.0 0.0 0.0 0.0 0.0 0.0 0.0 0.0 0.0 0.0 
1935 6.694867683841921 7.528289323740565e-05 0.0 0.0 7.528289323740565e-05 0.0 0.0 0.0 0.0 0.0 0.0 0.0 0.0 0.0 0.0 0.0 0.0 0.0 0.0 0.0 0.0 0.0 
1936 6.698327563781891 7.008080191238713e-05 0.0 0.0 7.008080191238713e-05 0.0 0.0 0.0 0.0 0.0 0.0 0.0 0.0 0.0 0.0 0.0 0.0 0.0 0.0 0.0 0.0 0.0 
1937 6.7017874437218605 6.515603484621311e-05 0.0 0.0 6.515603484621311e-05 0.0 0.0 0.0 0.0 0.0 0.0 0.0 0.0 0.0 0.0 0.0 0.0 0.0 0.0 0.0 0.0 0.0 
1938 6.705247323661831 6.0498590764175097e-05 0.0 0.0 6.0498590764175097e-05 0.0 0.0 0.0 0.0 0.0 0.0 0.0 0.0 0.0 0.0 0.0 0.0 0.0 0.0 0.0 0.0 0.0 
1939 6.708707203601801 5.609862534186452e-05 0.0 0.0 5.609862534186452e-05 0.0 0.0 0.0 0.0 0.0 0.0 0.0 0.0 0.0 0.0 0.0 0.0 0.0 0.0 0.0 0.0 0.0 
1940 6.712167083541771 5.1946454328521724e-05 0.0 0.0 5.1946454328521724e-05 0.0 0.0 0.0 0.0 0.0 0.0 0.0 0.0 0.0 0.0 0.0 0.0 0.0 0.0 0.0 0.0 0.0 
1941 6.715626963481741 4.803255659875866e-05 0.0 0.0 4.803255659875866e-05 0.0 0.0 0.0 0.0 0.0 0.0 0.0 0.0 0.0 0.0 0.0 0.0 0.0 0.0 0.0 0.0 0.0 
1942 6.719086843421711 4.434757712873859e-05 0.0 0.0 4.434757712873859e-05 0.0 0.0 0.0 0.0 0.0 0.0 0.0 0.0 0.0 0.0 0.0 0.0 0.0 0.0 0.0 0.0 0.0 
1943 6.722546723361681 4.088232989282119e-05 0.0 0.0 4.088232989282119e-05 0.0 0.0 0.0 0.0 0.0 0.0 0.0 0.0 0.0 0.0 0.0 0.0 0.0 0.0 0.0 0.0 0.0 
1944 6.726006603301651 3.762780067656913e-05 0.0 0.0 3.762780067656913e-05 0.0 0.0 0.0 0.0 0.0 0.0 0.0 0.0 0.0 0.0 0.0 0.0 0.0 0.0 0.0 0.0 0.0 
1945 6.7294664832416204 3.4575149801925496e-05 0.0 0.0 3.4575149801925496e-05 0.0 0.0 0.0 0.0 0.0 0.0 0.0 0.0 0.0 0.0 0.0 0.0 0.0 0.0 0.0 0.0 0.0 
1946 6.7329263631815905 3.17157147602494e-05 0.0 0.0 3.17157147602494e-05 0.0 0.0 0.0 0.0 0.0 0.0 0.0 0.0 0.0 0.0 0.0 0.0 0.0 0.0 0.0 0.0 0.0 
1947 6.736386243121561 2.904101274882134e-05 0.0 0.0 2.904101274882134e-05 0.0 0.0 0.0 0.0 0.0 0.0 0.0 0.0 0.0 0.0 0.0 0.0 0.0 0.0 0.0 0.0 0.0 
1948 6.739846123061531 2.6542743106289926e-05 0.0 0.0 2.6542743106289926e-05 0.0 0.0 0.0 0.0 0.0 0.0 0.0 0.0 0.0 0.0 0.0 0.0 0.0 0.0 0.0 0.0 0.0 
1949 6.743306003001501 2.421278964244994e-05 0.0 0.0 2.421278964244994e-05 0.0 0.0 0.0 0.0 0.0 0.0 0.0 0.0 0.0 0.0 0.0 0.0 0.0 0.0 0.0 0.0 0.0 
1950 6.746765882941471 2.2043222857621868e-05 0.0 0.0 2.2043222857621868e-05 0.0 0.0 0.0 0.0 0.0 0.0 0.0 0.0 0.0 0.0 0.0 0.0 0.0 0.0 0.0 0.0 0.0 
1951 6.750225762881441 2.0026302046786275e-05 0.0 0.0 2.0026302046786275e-05 0.0 0.0 0.0 0.0 0.0 0.0 0.0 0.0 0.0 0.0 0.0 0.0 0.0 0.0 0.0 0.0 0.0 
1952 6.753685642821411 1.8154477283521898e-05 0.0 0.0 1.8154477283521898e-05 0.0 0.0 0.0 0.0 0.0 0.0 0.0 0.0 0.0 0.0 0.0 0.0 0.0 0.0 0.0 0.0 0.0 
1953 6.75714552276138 1.6420391278671822e-05 0.0 0.0 1.6420391278671822e-05 0.0 0.0 0.0 0.0 0.0 0.0 0.0 0.0 0.0 0.0 0.0 0.0 0.0 0.0 0.0 0.0 0.0 
1954 6.7606054027013505 1.4816881108547169e-05 0.0 0.0 1.4816881108547169e-05 0.0 0.0 0.0 0.0 0.0 0.0 0.0 0.0 0.0 0.0 0.0 0.0 0.0 0.0 0.0 0.0 0.0 
1955 6.764065282641321 1.333697980736188e-05 0.0 0.0 1.333697980736188e-05 0.0 0.0 0.0 0.0 0.0 0.0 0.0 0.0 0.0 0.0 0.0 0.0 0.0 0.0 0.0 0.0 0.0 
1956 6.767525162581291 1.1973917818457036e-05 0.0 0.0 1.1973917818457036e-05 0.0 0.0 0.0 0.0 0.0 0.0 0.0 0.0 0.0 0.0 0.0 0.0 0.0 0.0 0.0 0.0 0.0 
1957 6.770985042521261 1.0721124298762632e-05 0.0 0.0 1.0721124298762632e-05 0.0 0.0 0.0 0.0 0.0 0.0 0.0 0.0 0.0 0.0 0.0 0.0 0.0 0.0 0.0 0.0 0.0 
1958 6.774444922461231 9.572228270807935e-06 0.0 0.0 9.572228270807935e-06 0.0 0.0 0.0 0.0 0.0 0.0 0.0 0.0 0.0 0.0 0.0 0.0 0.0 0.0 0.0 0.0 0.0 
1959 6.777904802401201 8.521059616467062e-06 0.0 0.0 8.521059616467062e-06 0.0 0.0 0.0 0.0 0.0 0.0 0.0 0.0 0.0 0.0 0.0 0.0 0.0 0.0 0.0 0.0 0.0 
1960 6.78136468234117 7.5616499064921e-06 0.0 0.0 7.5616499064921e-06 0.0 0.0 0.0 0.0 0.0 0.0 0.0 0.0 0.0 0.0 0.0 0.0 0.0 0.0 0.0 0.0 0.0 
1961 6.78482456228114 6.6882330597534175e-06 0.0 0.0 6.6882330597534175e-06 0.0 0.0 0.0 0.0 0.0 0.0 0.0 0.0 0.0 0.0 0.0 0.0 0.0 0.0 0.0 0.0 0.0 
1962 6.78828444222111 5.89524582597282e-06 0.0 0.0 5.89524582597282e-06 0.0 0.0 0.0 0.0 0.0 0.0 0.0 0.0 0.0 0.0 0.0 0.0 0.0 0.0 0.0 0.0 0.0 
1963 6.7917443221610805 5.177328085589728e-06 0.0 0.0 5.177328085589728e-06 0.0 0.0 0.0 0.0 0.0 0.0 0.0 0.0 0.0 0.0 0.0 0.0 0.0 0.0 0.0 0.0 0.0 
1964 6.795204202101051 4.5293229602678024e-06 0.0 0.0 4.5293229602678024e-06 0.0 0.0 0.0 0.0 0.0 0.0 0.0 0.0 0.0 0.0 0.0 0.0 0.0 0.0 0.0 0.0 0.0 
1965 6.798664082041021 3.9462767273997925e-06 0.0 0.0 3.9462767273997925e-06 0.0 0.0 0.0 0.0 0.0 0.0 0.0 0.0 0.0 0.0 0.0 0.0 0.0 0.0 0.0 0.0 0.0 
1966 6.802123961980991 3.423438531825096e-06 0.0 0.0 3.423438531825096e-06 0.0 0.0 0.0 0.0 0.0 0.0 0.0 0.0 0.0 0.0 0.0 0.0 0.0 0.0 0.0 0.0 0.0 
1967 6.805583841920961 2.9562598878247897e-06 0.0 0.0 2.9562598878247897e-06 0.0 0.0 0.0 0.0 0.0 0.0 0.0 0.0 0.0 0.0 0.0 0.0 0.0 0.0 0.0 0.0 0.0 
1968 6.80904372186093 2.5403939643082425e-06 0.0 0.0 2.5403939643082425e-06 0.0 0.0 0.0 0.0 0.0 0.0 0.0 0.0 0.0 0.0 0.0 0.0 0.0 0.0 0.0 0.0 0.0 
1969 6.8125036018009 2.1716946459504525e-06 0.0 0.0 2.1716946459504525e-06 0.0 0.0 0.0 0.0 0.0 0.0 0.0 0.0 0.0 0.0 0.0 0.0 0.0 0.0 0.0 0.0 0.0 
1970 6.81596348174087 1.8462153628852507e-06 0.0 0.0 1.8462153628852507e-06 0.0 0.0 0.0 0.0 0.0 0.0 0.0 0.0 0.0 0.0 0.0 0.0 0.0 0.0 0.0 0.0 0.0 
1971 6.81942336168084 1.560207681396352e-06 0.0 0.0 1.560207681396352e-06 0.0 0.0 0.0 0.0 0.0 0.0 0.0 0.0 0.0 0.0 0.0 0.0 0.0 0.0 0.0 0.0 0.0 
1972 6.8228832416208105 1.3101196478898811e-06 0.0 0.0 1.3101196478898811e-06 0.0 0.0 0.0 0.0 0.0 0.0 0.0 0.0 0.0 0.0 0.0 0.0 0.0 0.0 0.0 0.0 0.0 
1973 6.826343121560781 1.0925938782653726e-06 0.0 0.0 1.0925938782653726e-06 0.0 0.0 0.0 0.0 0.0 0.0 0.0 0.0 0.0 0.0 0.0 0.0 0.0 0.0 0.0 0.0 0.0 
1974 6.829803001500751 9.04465384634793e-07 0.0 0.0 9.04465384634793e-07 0.0 0.0 0.0 0.0 0.0 0.0 0.0 0.0 0.0 0.0 0.0 0.0 0.0 0.0 0.0 0.0 0.0 
1975 6.833262881440721 7.427591311691148e-07 0.0 0.0 7.427591311691148e-07 0.0 0.0 0.0 0.0 0.0 0.0 0.0 0.0 0.0 0.0 0.0 0.0 0.0 0.0 0.0 0.0 0.0 
1976 6.83672276138069 6.046873106781806e-07 0.0 0.0 6.046873106781806e-07 0.0 0.0 0.0 0.0 0.0 0.0 0.0 0.0 0.0 0.0 0.0 0.0 0.0 0.0 0.0 0.0 0.0 
1977 6.84018264132066 4.876463333532613e-07 0.0 0.0 4.876463333532613e-07 0.0 0.0 0.0 0.0 0.0 0.0 0.0 0.0 0.0 0.0 0.0 0.0 0.0 0.0 0.0 0.0 0.0 
1978 6.84364252126063 3.8921351892295424e-07 0.0 0.0 3.8921351892295424e-07 0.0 0.0 0.0 0.0 0.0 0.0 0.0 0.0 0.0 0.0 0.0 0.0 0.0 0.0 0.0 0.0 0.0 
1979 6.8471024012006 3.0714348328943123e-07 0.0 0.0 3.0714348328943123e-07 0.0 0.0 0.0 0.0 0.0 0.0 0.0 0.0 0.0 0.0 0.0 0.0 0.0 0.0 0.0 0.0 0.0 
1980 6.85056228114057 2.393642105278899e-07 0.0 0.0 2.393642105278899e-07 0.0 0.0 0.0 0.0 0.0 0.0 0.0 0.0 0.0 0.0 0.0 0.0 0.0 0.0 0.0 0.0 0.0 
1981 6.8540221610805405 1.8397280094254747e-07 0.0 0.0 1.8397280094254747e-07 0.0 0.0 0.0 0.0 0.0 0.0 0.0 0.0 0.0 0.0 0.0 0.0 0.0 0.0 0.0 0.0 0.0 
1982 6.857482041020511 1.3923088568105493e-07 0.0 0.0 1.3923088568105493e-07 0.0 0.0 0.0 0.0 0.0 0.0 0.0 0.0 0.0 0.0 0.0 0.0 0.0 0.0 0.0 0.0 0.0 
1983 6.86094192096048 1.0355969821405176e-07 0.0 0.0 1.0355969821405176e-07 0.0 0.0 0.0 0.0 0.0 0.0 0.0 0.0 0.0 0.0 0.0 0.0 0.0 0.0 0.0 0.0 0.0 
1984 6.86440180090045 7.55347927882642e-08 0.0 0.0 7.55347927882642e-08 0.0 0.0 0.0 0.0 0.0 0.0 0.0 0.0 0.0 0.0 0.0 0.0 0.0 0.0 0.0 0.0 0.0 
1985 6.86786168084042 5.38803997600173e-08 0.0 0.0 5.38803997600173e-08 0.0 0.0 0.0 0.0 0.0 0.0 0.0 0.0 0.0 0.0 0.0 0.0 0.0 0.0 0.0 0.0 0.0 
1986 6.87132156078039 3.746340751072918e-08 0.0 0.0 3.746340751072918e-08 0.0 0.0 0.0 0.0 0.0 0.0 0.0 0.0 0.0 0.0 0.0 0.0 0.0 0.0 0.0 0.0 0.0 
1987 6.87478144072036 2.5286960437808253e-08 0.0 0.0 2.5286960437808253e-08 0.0 0.0 0.0 0.0 0.0 0.0 0.0 0.0 0.0 0.0 0.0 0.0 0.0 0.0 0.0 0.0 0.0 
1988 6.87824132066033 1.6483662302239546e-08 0.0 0.0 1.6483662302239546e-08 0.0 0.0 0.0 0.0 0.0 0.0 0.0 0.0 0.0 0.0 0.0 0.0 0.0 0.0 0.0 0.0 0.0 
1989 6.8817012006003 1.0308373998769351e-08 0.0 0.0 1.0308373998769351e-08 0.0 0.0 0.0 0.0 0.0 0.0 0.0 0.0 0.0 0.0 0.0 0.0 0.0 0.0 0.0 0.0 0.0 
1990 6.8851610805402705 6.130594595541076e-09 0.0 0.0 6.130594595541076e-09 0.0 0.0 0.0 0.0 0.0 0.0 0.0 0.0 0.0 0.0 0.0 0.0 0.0 0.0 0.0 0.0 0.0 
1991 6.88862096048024 3.4264142673799246e-09 0.0 0.0 3.4264142673799246e-09 0.0 0.0 0.0 0.0 0.0 0.0 0.0 0.0 0.0 0.0 0.0 0.0 0.0 0.0 0.0 0.0 0.0 
1992 6.89208084042021 1.7700275205656983e-09 0.0 0.0 1.7700275205656983e-09 0.0 0.0 0.0 0.0 0.0 0.0 0.0 0.0 0.0 0.0 0.0 0.0 0.0 0.0 0.0 0.0 0.0 
1993 6.89554072036018 8.247948768640462e-10 0.0 0.0 8.247948768640462e-10 0.0 0.0 0.0 0.0 0.0 0.0 0.0 0.0 0.0 0.0 0.0 0.0 0.0 0.0 0.0 0.0 0.0 
1994 6.89900060030015 3.3384095068614425e-10 0.0 0.0 3.3384095068614425e-10 0.0 0.0 0.0 0.0 0.0 0.0 0.0 0.0 0.0 0.0 0.0 0.0 0.0 0.0 0.0 0.0 0.0 
1995 6.90246048024012 1.101766155489637e-10 0.0 0.0 1.101766155489637e-10 0.0 0.0 0.0 0.0 0.0 0.0 0.0 0.0 0.0 0.0 0.0 0.0 0.0 0.0 0.0 0.0 0.0 
1996 6.90592036018009 2.6332714367869695e-11 0.0 0.0 2.6332714367869695e-11 0.0 0.0 0.0 0.0 0.0 0.0 0.0 0.0 0.0 0.0 0.0 0.0 0.0 0.0 0.0 0.0 0.0 
1997 6.90938024012006 3.49252253535236e-12 0.0 0.0 3.49252253535236e-12 0.0 0.0 0.0 0.0 0.0 0.0 0.0 0.0 0.0 0.0 0.0 0.0 0.0 0.0 0.0 0.0 0.0 
1998 6.9128401200600305 1.0992313924986621e-13 0.0 0.0 1.0992313924986621e-13 0.0 0.0 0.0 0.0 0.0 0.0 0.0 0.0 0.0 0.0 0.0 0.0 0.0 0.0 0.0 0.0 0.0 
1999 6.9163 0.0 0.0 0.0 0.0 0.0 0.0 0.0 0.0 0.0 0.0 0.0 0.0 0.0 0.0 0.0 0.0 0.0 0.0 0.0 0.0 0.0 
