
Processing C:\RAINIER\RAINIER.C...
Starting RAINIER
Opened level file at: C:\RAINIER/levels/z032.dat
Nucleus: 
 76Ge   76   32  112  116   44    6    9.427240   12.037280
****** Discrete ******
i 	 E 	 J 	 Pi(1=+) 	 T1/2
	 i_final 	 Br
 ---------------------- 
0:	 0   0+ N/A
Reading Population File
Constructing Lvl Scheme
****** Constructed ******
More levels exist at higher spins
Parity   - - - - - - - - - -  + + + + + + + + + + 
Spin Bin 9 8 7 6 5 4 3 2 1 0  0 1 2 3 4 5 6 7 8 9 
E(MeV)   
0.000    0|0|0|0|0|0|0|0|0|0| 0|0|0|0|0|0|0|0|0|0|
0.001    0|0|0|0|0|0|0|0|0|0| 0|0|0|0|0|0|0|0|0|0|
0.002    0|0|0|0|0|0|0|0|0|0| 0|0|0|0|0|0|0|0|0|0|
0.003    0|0|0|0|0|0|0|0|0|0| 0|0|0|0|0|0|0|0|0|0|
0.004    0|0|0|0|0|0|0|0|0|0| 0|0|0|0|0|0|0|0|0|0|
0.005    0|0|0|0|0|0|0|0|0|0| 0|0|0|0|0|0|0|0|0|0|
0.006    0|0|0|0|0|0|0|0|0|0| 0|0|0|0|0|0|0|0|0|0|
0.007    0|0|0|0|0|0|0|0|0|0| 0|0|0|0|0|0|0|0|0|0|
0.008    0|0|0|0|0|0|0|0|0|0| 0|0|0|0|0|0|0|0|0|0|
0.009    0|0|0|0|0|0|0|0|0|0| 0|0|0|0|0|0|0|0|0|0|
0.010    0|0|0|0|0|0|0|0|0|0| 0|0|0|0|0|0|0|0|0|0|
0.011    0|0|0|0|0|0|0|0|0|0| 0|0|0|0|0|0|0|0|0|0|
0.012    0|0|0|0|0|0|0|0|0|0| 0|0|0|0|0|0|0|0|0|0|
0.013    0|0|0|0|0|0|0|0|0|0| 0|0|0|0|0|0|0|0|0|0|
0.014    0|0|0|0|0|0|0|0|0|0| 0|0|0|0|0|0|0|0|0|0|
0.015    0|0|0|0|0|0|0|0|0|0| 0|0|0|0|0|0|0|0|0|0|
0.016    0|0|0|0|0|0|0|0|0|0| 0|0|0|0|0|0|0|0|0|0|
0.017    0|0|0|0|0|0|0|0|0|0| 0|0|0|0|0|0|0|0|0|0|
0.018    0|0|0|0|0|0|0|0|0|0| 0|0|0|0|0|0|0|0|0|0|
0.019    0|0|0|0|0|0|0|0|0|0| 0|0|0|0|0|0|0|0|0|0|
0.020    0|0|0|0|0|0|0|0|0|0| 0|0|0|0|0|0|0|0|0|0|
0.021    0|0|0|0|0|0|0|0|0|0| 0|0|0|0|0|0|0|0|0|0|
0.022    0|0|0|0|0|0|0|0|0|0| 0|0|0|0|0|0|0|0|0|0|
0.023    0|0|0|0|0|0|0|0|0|0| 0|0|0|0|0|0|0|0|0|0|
0.024    0|0|0|0|0|0|0|0|0|0| 0|0|0|0|0|0|0|0|0|0|
0.025    0|0|0|0|0|0|0|0|0|0| 0|0|0|0|0|0|0|0|0|0|
0.026    0|0|0|0|0|0|0|0|0|0| 0|0|0|0|0|0|0|0|0|0|
0.027    0|0|0|0|0|0|0|0|0|0| 0|0|0|0|0|0|0|0|0|0|
0.028    0|0|0|0|0|0|0|0|0|0| 0|0|0|0|0|0|0|0|0|0|
0.029    0|0|0|0|0|0|0|0|0|0| 0|0|0|0|0|0|0|0|0|0|
0.030    0|0|0|0|0|0|0|0|0|0| 0|0|0|0|0|0|0|0|0|0|
0.031    0|0|0|0|0|0|0|0|0|0| 0|0|0|0|0|0|0|0|0|0|
0.032    0|0|0|0|0|0|0|0|0|0| 0|0|0|0|0|0|0|0|0|0|
0.033    0|0|0|0|0|0|0|0|0|0| 0|0|0|0|0|0|0|0|0|0|
0.034    0|0|0|0|0|0|0|0|0|0| 0|0|0|0|0|0|0|0|0|0|
0.035    0|0|0|0|0|0|0|0|0|0| 0|0|0|0|0|0|0|0|0|0|
0.036    0|0|0|0|0|0|0|0|0|0| 0|0|0|0|0|0|0|0|0|0|
0.037    0|0|0|0|0|0|0|0|0|0| 0|0|0|0|0|0|0|0|0|0|
0.038    0|0|0|0|0|0|0|0|0|0| 0|0|0|0|0|0|0|0|0|0|
0.039    0|0|0|0|0|0|0|0|0|0| 0|0|0|0|0|0|0|0|0|0|
0.040    0|0|0|0|0|0|0|0|0|0| 0|0|0|0|0|0|0|0|0|0|
0.041    0|0|0|0|0|0|0|0|0|0| 0|0|0|0|0|0|0|0|0|0|
0.042    0|0|0|0|0|0|0|0|0|0| 0|0|0|0|0|0|0|0|0|0|
0.043    0|0|0|0|0|0|0|0|0|0| 0|0|0|0|0|0|0|0|0|0|
0.044    0|0|0|0|0|0|0|0|0|0| 0|0|0|0|0|0|0|0|0|0|
0.045    0|0|0|0|0|0|0|0|0|0| 0|0|0|0|0|0|0|0|0|0|
0.046    0|0|0|0|0|0|0|0|0|0| 0|0|0|0|0|0|0|0|0|0|
0.047    0|0|0|0|0|0|0|0|0|0| 0|0|0|0|0|0|0|0|0|0|
0.048    0|0|0|0|0|0|0|0|0|0| 0|0|0|0|0|0|0|0|0|0|
0.049    0|0|0|0|0|0|0|0|0|0| 0|0|0|0|0|0|0|0|0|0|
0.050    0|0|0|0|0|0|0|0|0|0| 0|0|0|0|0|0|0|0|0|0|
0.051    0|0|0|0|0|0|0|0|0|0| 0|0|0|0|0|0|0|0|0|0|
0.052    0|0|0|0|0|0|0|0|0|0| 0|0|0|0|0|0|0|0|0|0|
0.053    0|0|0|0|0|0|0|0|0|0| 0|0|0|0|0|0|0|0|0|0|
0.054    0|0|0|0|0|0|0|0|0|0| 0|0|0|0|0|0|0|0|0|0|
0.055    0|0|0|0|0|0|0|0|0|0| 0|0|0|0|0|0|0|0|0|0|
0.056    0|0|0|0|0|0|0|0|0|0| 0|0|0|0|0|0|0|0|0|0|
0.057    0|0|0|0|0|0|0|0|0|0| 0|0|0|0|0|0|0|0|0|0|
0.058    0|0|0|0|0|0|0|0|0|0| 0|0|0|0|0|0|0|0|0|0|
0.059    0|0|0|0|0|0|0|0|0|0| 0|0|0|0|0|0|0|0|0|0|
0.060    0|0|0|0|0|0|0|0|0|0| 0|0|0|0|0|0|0|0|0|0|
0.061    0|0|0|0|0|0|0|0|0|0| 0|0|0|0|0|0|0|0|0|0|
0.062    0|0|0|0|0|0|0|0|0|0| 0|0|0|0|0|0|0|0|0|0|
0.063    0|0|0|0|0|0|0|0|0|0| 0|0|0|0|0|0|0|0|0|0|
0.064    0|0|0|0|0|0|0|0|0|0| 0|0|0|0|0|0|0|0|0|0|
0.065    0|0|0|0|0|0|0|0|0|0| 0|0|0|0|0|0|0|0|0|0|
0.066    0|0|0|0|0|0|0|0|0|0| 0|0|0|0|0|0|0|0|0|0|
0.067    0|0|0|0|0|0|0|0|0|0| 0|0|0|0|0|0|0|0|0|0|
0.068    0|0|0|0|0|0|0|0|0|0| 0|0|0|0|0|0|0|0|0|0|
0.069    0|0|0|0|0|0|0|0|0|0| 0|0|0|0|0|0|0|0|0|0|
0.070    0|0|0|0|0|0|0|0|0|0| 0|0|0|0|0|0|0|0|0|0|
0.071    0|0|0|0|0|0|0|0|0|0| 0|0|0|0|0|0|0|0|0|0|
0.072    0|0|0|0|0|0|0|0|0|0| 0|0|0|0|0|0|0|0|0|0|
0.073    0|0|0|0|0|0|0|0|0|0| 0|0|0|0|0|0|0|0|0|0|
0.074    0|0|0|0|0|0|0|0|0|0| 0|0|0|0|0|0|0|0|0|0|
0.075    0|0|0|0|0|0|0|0|0|0| 0|0|0|0|0|0|0|0|0|0|
0.076    0|0|0|0|0|0|0|0|0|0| 0|0|0|0|0|0|0|0|0|0|
0.077    0|0|0|0|0|0|0|0|0|0| 0|0|0|0|0|0|0|0|0|0|
0.078    0|0|0|0|0|0|0|0|0|0| 0|0|0|0|0|0|0|0|0|0|
0.079    0|0|0|0|0|0|0|0|0|0| 0|0|0|0|0|0|0|0|0|0|
0.080    0|0|0|0|0|0|0|0|0|0| 0|0|0|0|0|0|0|0|0|0|
0.081    0|0|0|0|0|0|0|0|0|0| 0|0|0|0|0|0|0|0|0|0|
0.082    0|0|0|0|0|0|0|0|0|0| 0|0|0|0|0|0|0|0|0|0|
0.083    0|0|0|0|0|0|0|0|0|0| 1|0|0|0|0|0|0|0|0|0|
0.083    0|0|0|0|0|0|0|0|0|0| 0|0|0|0|0|0|0|0|0|0|
0.084    0|0|0|0|0|0|0|0|0|0| 0|0|0|0|0|0|0|0|0|0|
0.085    0|0|0|0|0|0|0|0|0|0| 0|0|0|0|0|0|0|0|0|0|
0.086    0|0|0|0|0|0|0|0|0|0| 0|0|0|0|0|0|0|0|0|0|
0.087    0|0|0|0|0|0|0|0|0|0| 0|0|0|0|0|0|0|0|0|0|
0.088    0|0|0|0|0|0|0|0|0|0| 0|0|0|0|0|0|0|0|0|0|
0.089    0|0|0|0|0|0|0|0|0|0| 0|0|0|0|0|0|0|0|0|0|
0.090    0|0|0|0|0|0|0|0|0|0| 0|0|0|0|0|0|0|0|0|0|
0.091    0|0|0|0|0|0|0|0|0|0| 0|0|0|0|0|0|0|0|0|0|
0.092    0|0|0|0|0|0|0|0|0|0| 0|0|0|0|0|0|0|0|0|0|
0.093    0|0|0|0|0|0|0|0|0|0| 0|0|0|0|0|0|0|0|0|0|
0.094    0|0|0|0|0|0|0|0|0|0| 0|0|0|0|0|0|0|0|0|0|
0.095    0|0|0|0|0|0|0|0|0|0| 0|0|0|0|0|0|0|0|0|0|
0.096    0|0|0|0|0|0|0|0|0|0| 0|0|0|0|0|0|0|0|0|0|
0.097    0|0|0|0|0|0|0|0|0|0| 0|0|0|0|0|0|0|0|0|0|
0.098    0|0|0|0|0|0|0|0|0|0| 0|0|0|0|0|0|0|0|0|0|
0.099    0|0|0|0|0|0|0|0|0|0| 0|0|0|0|0|0|0|0|0|0|
0.100    0|0|0|0|0|0|0|0|0|0| 0|0|0|0|0|0|0|0|0|0|
0.101    0|0|0|0|0|0|0|0|0|0| 0|0|0|0|0|0|0|0|0|0|
0.102    0|0|0|0|0|0|0|0|0|0| 0|0|0|0|0|0|0|0|0|0|
0.103    0|0|0|0|0|0|0|0|0|0| 0|0|0|0|0|0|0|0|0|0|
0.104    0|0|0|0|0|0|0|0|0|0| 0|0|0|0|0|0|0|0|0|0|
0.105    0|0|0|0|0|0|0|0|0|0| 0|0|0|0|0|0|0|0|0|0|
0.106    0|0|0|0|0|0|0|0|0|0| 0|0|0|0|0|0|0|0|0|0|
0.107    0|0|0|0|0|0|0|0|0|0| 0|0|0|0|0|0|0|0|0|0|
0.108    0|0|0|0|0|0|0|0|0|0| 0|0|0|0|0|0|0|0|0|0|
0.109    0|0|0|0|0|0|0|0|0|0| 0|0|0|0|0|0|0|0|0|0|
0.110    0|0|0|0|0|0|0|0|0|0| 0|0|0|0|0|0|0|0|0|0|
0.111    0|0|0|0|0|0|0|0|0|0| 0|0|0|0|0|0|0|0|0|0|
0.112    0|0|0|0|0|0|0|0|0|0| 0|0|0|0|0|0|0|0|0|0|
0.113    0|0|0|0|0|0|0|0|0|0| 0|0|0|0|0|0|0|0|0|0|
0.114    0|0|0|0|0|0|0|0|0|0| 0|0|0|0|0|0|0|0|0|0|
0.115    0|0|0|0|0|0|0|0|0|0| 0|0|0|0|0|0|0|0|0|0|
0.116    0|0|0|0|0|0|0|0|0|0| 0|0|0|0|0|0|0|0|0|0|
0.117    0|0|0|0|0|0|0|0|0|0| 0|0|0|0|0|0|0|0|0|0|
0.118    0|0|0|0|0|0|0|0|0|0| 0|0|0|0|0|0|0|0|0|0|
0.119    0|0|0|0|0|0|0|0|0|0| 0|0|0|0|0|0|0|0|0|0|
0.120    0|0|0|0|0|0|0|0|0|0| 0|0|0|0|0|0|0|0|0|0|
0.121    0|0|0|0|0|0|0|0|0|0| 0|0|0|0|0|0|0|0|0|0|
0.122    0|0|0|0|0|0|0|0|0|0| 0|0|0|0|0|0|0|0|0|0|
0.123    0|0|0|0|0|0|0|0|0|0| 0|0|0|0|0|0|0|0|0|0|
0.124    0|0|0|0|0|0|1|0|0|0| 0|0|0|0|0|0|0|0|0|0|
0.125    0|0|0|0|0|0|0|0|0|0| 0|0|0|0|0|0|0|0|0|0|
0.126    0|0|0|0|0|0|0|0|0|0| 0|0|0|0|0|0|0|0|0|0|
0.127    0|0|0|0|0|0|0|0|0|0| 0|0|0|0|0|0|0|0|0|0|
0.128    0|0|0|0|0|0|0|0|0|0| 0|0|0|0|0|0|0|0|0|0|
0.129    0|0|0|0|0|0|0|0|0|0| 0|0|0|0|0|0|0|0|0|0|
0.130    0|0|0|0|0|0|0|0|0|0| 0|0|0|0|0|0|0|0|0|0|
0.131    0|0|0|0|0|0|0|0|0|0| 0|0|0|0|0|0|0|0|0|0|
0.132    0|0|0|0|0|0|0|0|0|0| 0|0|0|0|0|0|0|0|0|0|
0.133    0|0|0|0|0|0|0|0|0|0| 0|0|0|0|0|0|0|0|0|0|
0.134    0|0|0|0|0|0|0|0|0|0| 0|0|0|0|0|0|0|0|0|0|
0.135    0|0|0|0|0|0|0|0|0|0| 0|0|0|0|0|0|0|0|0|0|
0.136    0|0|0|0|0|0|0|0|0|0| 0|0|0|0|0|0|0|0|0|0|
0.137    0|0|0|0|0|0|0|0|0|0| 0|0|0|0|0|0|0|0|0|0|
0.138    0|0|0|0|0|0|0|0|0|0| 0|0|0|0|0|0|0|0|0|0|
0.139    0|0|0|0|0|0|0|0|0|0| 0|0|0|0|0|0|0|0|0|0|
0.140    0|0|0|0|0|0|0|0|0|0| 0|0|0|0|0|0|0|0|0|0|
0.141    0|0|0|0|0|0|0|0|0|0| 0|0|0|0|0|0|0|0|0|0|
0.142    0|0|0|0|0|0|0|0|0|0| 0|0|0|0|0|0|0|0|0|0|
0.143    0|0|0|0|0|0|0|0|0|0| 0|0|0|0|0|0|0|0|0|0|
0.144    0|0|0|0|0|0|0|0|0|0| 0|0|0|0|0|0|0|0|0|0|
0.145    0|0|0|0|0|0|0|0|0|0| 0|0|0|0|0|0|0|0|0|0|
0.146    0|0|0|0|0|0|0|0|0|0| 0|0|0|0|0|0|0|0|0|0|
0.147    0|0|0|0|0|0|0|0|0|0| 0|0|0|0|0|0|0|0|0|0|
0.148    0|0|0|0|0|0|0|0|0|0| 0|0|0|0|0|0|0|0|0|0|
0.149    0|0|0|0|0|0|0|0|0|0| 0|0|0|0|0|0|0|0|0|0|
0.150    0|0|0|0|0|0|0|0|0|0| 0|0|0|0|0|0|0|0|0|0|
0.151    0|0|0|0|0|0|0|0|0|0| 0|0|0|0|0|0|0|0|0|0|
0.152    0|0|0|0|0|0|0|0|0|0| 0|0|0|0|0|0|0|0|0|0|
0.153    0|0|0|0|0|0|0|0|0|0| 0|0|0|0|0|0|0|0|0|0|
0.154    0|0|0|0|0|0|0|0|0|0| 0|0|0|0|0|0|0|0|0|0|
0.155    0|0|0|0|0|0|0|0|0|0| 0|0|0|0|0|0|0|0|0|0|
0.156    0|0|0|0|0|0|0|0|0|0| 0|0|0|0|0|0|0|0|0|0|
0.157    0|0|0|0|0|0|0|0|0|0| 0|0|0|0|0|0|0|0|0|0|
0.158    0|0|0|0|0|0|0|0|0|0| 0|0|0|0|0|0|0|0|0|0|
0.159    0|0|0|0|0|0|0|0|0|0| 0|0|0|0|0|0|0|0|0|0|
0.160    0|0|0|0|0|0|0|0|0|0| 0|0|0|0|0|0|0|0|0|0|
0.161    0|0|0|0|0|0|0|0|0|0| 0|0|0|0|0|0|0|0|0|0|
0.162    0|0|0|0|0|0|0|0|0|0| 0|0|0|0|0|0|0|0|0|0|
0.163    0|0|0|0|0|0|0|0|0|0| 0|0|0|0|0|0|0|0|0|0|
0.164    0|0|0|0|0|0|0|0|0|0| 0|0|0|0|0|0|0|0|0|0|
0.165    0|0|0|0|0|0|0|0|0|0| 0|0|0|0|0|0|0|0|0|0|
0.165    0|0|0|0|0|0|0|0|0|0| 0|0|0|0|0|0|0|0|0|0|
0.166    0|0|0|0|0|0|0|0|0|0| 0|0|0|0|0|0|0|0|0|0|
0.167    0|0|0|0|0|0|0|0|0|0| 0|0|0|0|0|0|0|0|0|0|
0.168    0|0|0|0|0|0|0|0|0|0| 0|0|0|0|0|0|0|0|0|0|
0.169    0|0|0|0|0|0|0|0|0|0| 0|0|0|0|0|0|0|0|0|0|
0.170    0|0|0|0|0|0|0|0|0|0| 0|0|0|0|0|0|0|0|0|0|
0.171    0|0|0|0|0|0|0|0|0|0| 0|0|0|0|0|0|0|0|0|0|
0.172    0|0|0|0|0|0|0|0|0|0| 0|0|0|0|0|0|0|0|0|0|
0.173    0|0|0|0|0|0|0|0|0|0| 0|0|0|0|0|0|0|0|0|0|
0.174    0|0|0|0|0|0|0|0|0|0| 0|0|0|0|0|0|0|0|0|0|
0.175    0|0|0|0|0|0|0|0|0|0| 0|0|0|0|0|0|0|0|0|0|
0.176    0|0|0|0|0|0|0|0|0|0| 0|0|0|0|0|0|0|0|0|0|
0.177    0|0|0|0|0|0|0|0|0|0| 0|0|0|0|0|0|0|0|0|0|
0.178    0|0|0|0|0|0|0|0|0|0| 0|0|0|0|0|0|0|0|0|0|
0.179    0|0|0|0|0|0|0|0|0|0| 0|0|0|0|0|0|0|0|0|0|
0.180    0|0|0|0|0|0|0|0|0|0| 0|0|0|0|0|0|0|0|0|0|
0.181    0|0|0|0|0|0|0|0|0|0| 0|0|0|0|0|0|0|0|0|0|
0.182    0|0|0|0|0|0|0|0|0|0| 0|0|0|0|0|0|0|0|0|0|
0.183    0|0|0|0|0|0|0|0|0|0| 0|0|0|0|0|0|0|0|0|0|
0.184    0|0|0|0|0|0|0|0|0|0| 0|0|0|0|0|0|0|0|0|0|
0.185    0|0|0|0|0|0|0|0|0|0| 0|0|0|0|0|0|0|0|0|0|
0.186    0|0|0|0|0|0|0|0|0|0| 0|0|0|0|0|0|0|0|0|0|
0.187    0|0|0|0|0|0|0|0|0|0| 0|0|0|0|0|0|0|0|0|0|
0.188    0|0|0|0|0|0|0|0|0|0| 0|0|0|0|0|0|0|0|0|0|
0.189    0|0|0|0|0|0|0|0|0|0| 0|0|0|0|0|0|0|0|0|0|
0.190    0|0|0|0|0|0|0|0|0|0| 0|0|0|0|0|0|0|0|0|0|
0.191    0|0|0|0|0|0|0|0|0|0| 0|0|0|0|0|0|0|0|0|0|
0.192    0|0|0|0|0|0|0|0|0|0| 0|0|0|0|0|0|0|0|0|0|
0.193    0|0|0|0|0|0|0|0|0|0| 0|0|0|0|0|0|0|0|0|0|
0.194    0|0|0|0|0|0|0|1|0|0| 0|0|0|0|0|0|0|0|0|0|
0.195    0|0|0|0|0|0|0|0|0|0| 0|0|0|0|0|0|0|0|0|0|
0.196    0|0|0|0|0|0|0|0|0|0| 0|0|0|0|0|0|0|0|0|0|
0.197    0|0|0|0|0|0|0|0|0|0| 0|0|0|0|0|0|0|0|0|0|
0.198    0|0|0|0|0|0|0|0|0|0| 0|0|0|0|0|0|0|0|0|0|
0.199    0|0|0|0|0|0|0|0|0|0| 0|0|0|0|0|0|0|0|0|0|
0.200    0|0|0|0|0|0|0|0|0|0| 0|0|0|0|0|0|0|0|0|0|
0.201    0|0|0|0|0|0|0|0|0|0| 0|0|0|0|0|0|0|0|0|0|
0.202    0|0|0|0|0|0|0|0|0|0| 0|0|0|0|0|0|0|0|0|0|
0.203    0|0|0|0|0|0|0|0|0|0| 0|0|0|0|0|0|0|0|0|0|
0.204    0|0|0|0|0|0|0|0|0|0| 0|0|0|0|0|0|0|0|0|0|
0.205    0|0|0|0|0|0|0|0|0|0| 0|0|0|0|0|0|0|0|0|0|
0.206    0|0|0|0|0|0|0|0|0|0| 0|0|0|0|0|0|0|0|0|0|
0.207    0|0|0|0|0|0|0|0|0|0| 0|0|0|0|0|0|0|0|0|0|
0.208    0|0|0|0|0|0|0|0|0|0| 0|0|0|0|0|0|0|0|0|0|
0.209    0|0|0|0|0|0|0|0|0|0| 0|1|0|0|0|0|0|0|0|0|
0.210    0|0|0|0|0|0|0|0|0|0| 0|0|0|0|0|0|0|0|0|0|
0.211    0|0|0|0|0|0|0|0|0|0| 0|0|0|0|0|0|0|0|0|0|
0.212    0|0|0|0|0|0|0|0|0|0| 0|0|0|0|0|0|0|0|0|0|
0.213    0|0|0|0|0|0|0|0|0|0| 0|0|0|0|0|0|0|0|0|0|
0.214    0|0|0|0|0|0|0|0|0|0| 0|0|0|0|0|0|0|0|0|0|
0.215    0|0|0|0|0|0|0|0|0|0| 0|0|0|0|0|0|0|0|0|0|
0.216    0|0|0|0|0|0|0|0|0|0| 0|0|0|0|0|0|0|0|0|0|
0.217    0|0|0|0|0|0|0|0|0|0| 0|0|0|0|0|0|0|0|0|0|
0.218    0|0|0|0|0|0|0|0|0|0| 0|0|0|0|0|0|0|0|0|0|
0.219    0|0|0|0|0|0|0|0|0|0| 0|0|0|0|0|0|0|0|0|0|
0.220    0|0|0|0|0|0|0|0|0|0| 0|0|0|0|0|0|0|0|0|0|
0.221    0|0|0|0|0|0|0|0|0|0| 0|0|0|0|0|0|0|0|0|0|
0.222    0|0|0|0|0|0|0|0|0|0| 0|0|0|0|0|0|0|0|0|0|
0.223    0|0|0|0|0|0|0|0|0|0| 0|0|0|0|0|0|0|0|0|0|
0.224    0|0|0|0|0|0|0|0|0|0| 0|0|0|0|0|0|0|0|0|0|
0.225    0|0|0|0|0|0|0|0|0|0| 0|0|0|0|0|0|0|0|0|0|
0.226    0|0|0|0|0|0|0|0|0|0| 0|0|0|0|0|0|0|0|0|0|
0.227    0|0|0|0|0|0|0|0|0|0| 0|0|0|0|0|0|0|0|0|0|
0.228    0|0|0|0|0|0|0|0|0|0| 0|0|0|0|0|0|0|0|0|0|
0.229    0|0|0|0|0|0|0|0|0|0| 0|0|0|0|0|0|0|0|0|0|
0.230    0|0|0|0|0|0|0|0|0|0| 0|0|0|0|0|0|0|0|0|0|
0.231    0|0|0|0|0|0|0|0|0|0| 0|0|0|0|0|0|0|0|0|0|
0.232    0|0|0|0|0|0|0|0|0|0| 0|0|0|0|0|0|0|0|0|0|
0.233    0|0|0|0|0|0|0|0|0|0| 0|0|0|0|0|0|0|0|0|0|
0.234    0|0|0|0|0|0|0|0|0|0| 0|0|0|0|0|0|0|0|0|0|
0.235    0|0|0|0|0|0|0|0|0|0| 0|0|0|0|0|0|0|0|0|0|
0.236    0|0|0|0|0|0|0|0|0|0| 0|0|0|0|0|0|0|0|0|0|
0.237    0|0|0|0|0|0|0|0|0|0| 0|0|0|0|0|0|0|0|0|0|
0.238    0|0|0|0|0|0|0|0|0|0| 0|0|0|0|0|0|0|0|0|0|
0.239    0|0|0|0|0|0|0|0|0|0| 0|0|0|0|0|0|0|0|0|0|
0.240    0|0|0|0|0|0|0|0|0|0| 0|0|0|0|0|0|0|0|0|0|
0.241    0|0|0|0|0|0|0|0|0|0| 0|0|0|0|0|0|0|0|0|0|
0.242    0|0|0|0|0|0|0|0|0|0| 0|0|0|0|0|0|0|0|0|0|
0.243    0|0|0|0|0|0|0|0|0|0| 0|0|0|0|0|0|0|0|0|0|
0.244    0|0|0|0|0|0|0|0|0|0| 0|0|0|0|0|0|0|0|0|0|
0.245    0|0|0|0|0|0|0|0|0|0| 0|0|1|0|0|0|0|0|0|0|
0.246    0|0|0|0|0|0|0|0|0|0| 0|0|0|0|0|0|0|0|0|0|
0.247    0|0|0|0|0|0|1|0|0|0| 0|0|0|0|0|0|0|0|0|0|
0.248    0|0|0|0|0|0|0|0|0|0| 0|0|0|0|0|0|0|0|0|0|
0.248    0|0|0|0|0|0|0|0|0|0| 0|0|0|0|0|0|0|0|0|0|
0.249    0|0|0|0|0|0|0|0|0|0| 0|0|0|0|0|0|0|0|0|0|
0.250    0|0|0|0|0|0|0|0|0|0| 0|0|0|0|0|0|0|0|0|0|
0.251    0|0|0|0|0|0|0|0|0|0| 0|0|0|0|0|0|0|0|0|0|
0.252    0|0|0|0|0|0|0|0|0|0| 0|0|0|0|0|0|0|0|0|0|
0.253    0|0|0|0|0|0|0|0|0|0| 0|0|0|0|0|0|0|0|0|0|
0.254    0|0|0|0|0|0|0|0|0|0| 0|0|0|0|0|0|0|0|0|0|
0.255    0|0|0|0|0|0|0|0|0|0| 0|0|0|0|0|0|0|0|0|0|
0.256    0|0|0|0|0|0|0|0|0|0| 0|0|0|0|0|0|0|0|0|0|
0.257    0|0|0|0|0|0|0|0|0|0| 0|0|0|0|0|0|0|0|0|0|
0.258    0|0|0|0|0|0|0|0|0|0| 0|0|0|0|0|0|0|0|0|0|
0.259    0|0|0|0|0|0|0|0|0|0| 0|0|0|0|0|0|0|0|0|0|
0.260    0|0|0|0|0|0|0|0|0|0| 0|0|0|0|0|0|0|0|0|0|
0.261    0|0|0|0|0|0|0|0|0|0| 0|0|0|0|0|0|0|0|0|0|
0.262    0|0|0|0|0|0|0|0|0|0| 0|0|0|0|0|0|0|0|0|0|
0.263    0|0|0|0|0|0|0|0|0|0| 0|0|0|0|0|0|0|0|0|0|
0.264    0|0|0|0|0|0|0|0|0|0| 0|0|0|0|0|0|0|0|0|0|
0.265    0|0|0|0|0|0|0|0|0|0| 0|0|0|0|0|0|0|0|0|0|
0.266    0|0|0|0|0|0|0|0|0|0| 0|0|0|0|0|0|0|0|0|0|
0.267    0|0|0|0|0|0|0|0|0|0| 0|0|0|0|0|0|0|0|0|0|
0.268    0|0|0|0|0|0|0|0|0|0| 0|0|0|0|0|0|0|0|0|0|
0.269    0|0|0|0|0|0|0|0|0|0| 0|0|0|0|0|0|0|0|0|0|
0.270    0|0|0|0|0|0|0|0|0|0| 0|0|0|0|0|0|0|0|0|0|
0.271    0|0|0|0|0|0|0|0|0|0| 0|0|0|0|0|0|0|0|0|0|
0.272    0|0|0|0|0|0|0|0|0|0| 0|0|0|0|0|0|0|0|0|0|
0.273    0|0|0|0|0|0|0|0|0|0| 0|0|0|0|0|0|0|0|0|0|
0.274    0|0|0|0|0|0|0|0|0|0| 0|0|0|0|0|0|0|0|0|0|
0.275    0|0|0|0|0|0|0|0|0|0| 0|0|0|0|0|0|0|0|0|0|
0.276    0|0|0|0|0|0|0|0|0|0| 0|0|0|0|0|0|0|0|0|0|
0.277    0|0|0|0|0|0|0|0|0|0| 0|0|0|0|0|0|0|0|0|0|
0.278    0|0|0|0|0|0|0|1|0|0| 0|0|0|0|0|0|0|0|0|0|
0.279    0|0|0|0|0|0|0|0|0|0| 0|0|0|0|0|0|0|0|0|0|
0.280    0|0|0|0|0|0|0|0|0|0| 0|0|0|0|0|0|0|0|0|0|
0.281    0|0|0|0|0|0|0|0|0|0| 0|0|0|0|0|0|0|0|0|0|
0.282    0|0|0|0|0|0|0|0|0|0| 0|0|0|0|0|0|0|0|0|0|
0.283    0|0|0|0|0|0|0|0|0|0| 0|0|0|0|0|0|0|0|0|0|
0.284    0|0|0|0|0|0|0|0|0|0| 0|0|0|0|0|0|0|0|0|0|
0.285    0|0|0|0|0|0|0|0|0|0| 0|0|0|0|0|0|0|0|0|0|
0.286    0|0|0|0|0|0|0|0|0|0| 0|0|0|0|0|0|0|0|0|0|
0.287    0|0|0|0|0|0|0|0|0|0| 0|0|0|0|0|0|0|0|0|0|
0.288    0|0|0|0|0|0|0|0|0|0| 0|0|0|0|0|0|0|0|0|0|
0.289    0|0|0|0|0|0|0|0|0|0| 0|0|0|0|0|0|0|0|0|0|
0.290    0|0|0|0|0|0|0|0|0|0| 0|0|0|1|0|0|0|0|0|0|
0.291    0|0|0|0|0|0|0|0|0|0| 0|0|0|0|0|0|0|0|0|0|
0.292    0|0|0|0|0|0|0|0|0|0| 0|0|0|0|0|0|0|0|0|0|
0.293    0|0|0|0|0|0|0|0|0|0| 0|0|0|0|0|0|0|0|0|0|
0.294    0|0|0|0|0|0|0|0|0|0| 0|0|0|0|0|0|0|0|0|0|
0.295    0|0|0|0|0|0|0|0|0|0| 0|0|0|0|0|0|0|0|0|0|
0.296    0|0|0|0|0|0|0|0|0|0| 0|0|0|0|0|0|0|0|0|0|
0.297    0|0|0|0|0|0|0|0|0|0| 0|0|0|0|0|0|0|0|0|0|
0.298    0|0|0|0|0|0|0|0|0|0| 0|0|0|0|0|0|0|0|0|0|
0.299    0|0|0|0|0|0|0|0|0|0| 0|0|0|0|0|0|0|0|0|0|
0.300    0|0|0|0|0|0|0|0|0|0| 0|0|0|0|0|0|0|0|0|0|
0.301    0|0|0|0|0|0|0|0|0|0| 0|0|0|0|0|0|0|0|0|0|
0.302    0|0|0|0|0|0|0|0|0|0| 0|0|0|0|0|0|0|0|0|0|
0.303    0|0|0|0|0|0|0|0|0|0| 0|0|0|0|0|0|0|0|0|0|
0.304    0|0|0|0|0|0|0|0|0|0| 0|0|0|0|0|0|0|0|0|0|
0.305    0|0|0|0|0|0|0|0|0|0| 0|0|0|0|0|0|0|0|0|0|
0.306    0|0|0|0|0|0|0|0|0|0| 0|0|0|0|0|0|0|0|0|0|
0.307    0|0|0|0|0|0|0|0|0|0| 0|0|0|0|0|0|0|0|0|0|
0.308    0|0|0|0|0|0|0|0|0|0| 0|0|0|0|0|0|0|0|0|0|
0.309    0|0|0|0|0|0|0|0|0|0| 0|0|0|0|0|0|0|0|0|0|
0.310    0|0|0|0|0|0|0|0|0|0| 0|0|0|0|0|0|0|0|0|0|
0.311    0|0|0|0|0|0|0|0|0|0| 0|0|0|0|0|0|0|0|0|0|
0.312    0|0|0|0|0|0|0|0|0|0| 0|0|0|0|0|0|0|0|0|0|
0.313    0|0|0|0|0|0|0|0|0|0| 0|0|0|0|0|0|0|0|0|0|
0.314    0|0|0|0|0|0|0|0|0|0| 0|0|0|0|0|0|0|0|0|0|
0.315    0|0|0|0|0|0|0|0|0|0| 0|0|0|0|0|0|0|0|0|0|
0.316    0|0|0|0|0|0|0|0|0|0| 0|0|0|0|0|0|0|0|0|0|
0.317    0|0|0|0|0|0|0|0|0|0| 0|0|0|0|0|0|0|0|0|0|
0.318    0|0|0|0|0|0|0|0|0|0| 0|0|0|0|0|0|0|0|0|0|
0.319    0|0|0|0|1|0|0|0|0|0| 0|0|0|0|0|0|0|0|0|0|
0.320    0|0|0|0|0|0|0|0|0|0| 0|0|0|0|0|0|0|0|0|0|
0.321    0|0|0|0|0|0|0|0|0|0| 0|0|0|0|0|0|0|0|0|0|
0.322    0|0|0|0|0|0|0|0|0|0| 0|0|0|0|0|0|0|0|0|0|
0.323    0|0|0|0|0|0|0|0|0|0| 0|0|0|0|0|0|0|0|0|0|
0.324    0|0|0|0|0|0|0|0|0|0| 0|0|0|0|0|0|0|0|0|0|
0.325    0|0|0|0|0|0|0|0|0|0| 0|0|0|0|0|0|0|0|0|0|
0.326    0|0|0|0|0|0|0|0|0|0| 0|0|0|0|0|0|0|0|0|0|
0.327    0|0|0|0|0|0|0|0|0|0| 0|0|0|0|0|0|0|0|0|0|
0.328    0|0|0|0|0|0|0|0|0|0| 0|0|0|0|0|0|0|0|0|0|
0.329    0|0|0|0|0|1|0|0|0|0| 0|0|0|0|0|0|0|0|0|0|
0.330    0|0|0|0|0|0|0|0|0|0| 0|0|0|0|0|0|0|0|0|0|
0.331    0|0|0|0|0|0|0|0|0|0| 0|0|0|0|0|0|0|0|0|0|
0.331    0|0|0|0|0|0|0|0|0|0| 0|0|0|0|0|0|0|0|0|0|
0.332    0|0|0|0|0|0|0|0|0|0| 0|0|0|0|0|0|0|0|0|0|
0.333    0|0|0|0|0|0|0|0|0|0| 0|0|0|0|0|0|0|0|0|0|
0.334    0|0|0|0|0|0|0|0|0|0| 0|0|0|0|0|0|0|0|0|0|
0.335    0|0|0|0|0|0|0|0|0|0| 0|0|0|0|0|0|0|0|0|0|
0.336    0|0|0|0|0|0|0|0|0|0| 0|0|0|0|0|0|0|0|0|0|
0.337    0|0|0|0|0|0|0|0|0|0| 0|0|0|0|0|0|0|0|0|0|
0.338    0|0|0|0|0|0|0|0|0|0| 0|0|0|0|0|0|0|0|0|0|
0.339    0|0|0|0|0|0|0|0|0|0| 0|0|0|0|0|0|0|0|0|0|
0.340    0|0|0|0|0|0|0|0|0|0| 0|0|0|0|0|0|0|0|0|0|
0.341    0|0|0|0|0|0|0|0|0|0| 0|0|0|0|0|0|0|0|0|0|
0.342    0|0|0|0|0|0|0|0|0|0| 0|0|0|0|0|0|0|0|0|0|
0.343    0|0|0|0|0|0|0|0|0|0| 0|0|0|0|0|0|0|0|0|0|
0.344    0|0|0|0|0|0|0|0|0|0| 0|0|0|0|0|0|0|0|0|0|
0.345    0|0|0|0|0|0|0|0|0|0| 0|0|0|0|0|0|0|0|0|0|
0.346    0|0|0|0|0|0|0|0|0|0| 0|0|0|0|0|0|0|0|0|0|
0.347    0|0|0|0|0|0|0|0|0|0| 0|0|0|0|0|0|0|0|0|0|
0.348    0|0|0|0|0|0|0|0|0|0| 0|0|0|0|0|0|0|0|0|0|
0.349    0|0|0|0|0|0|0|0|0|0| 0|0|0|0|0|0|0|0|0|0|
0.350    0|0|0|0|0|0|0|0|0|0| 0|0|0|0|0|0|0|0|0|0|
0.351    0|0|0|0|0|0|0|0|0|0| 0|0|0|0|0|0|0|0|0|0|
0.352    0|0|0|0|0|0|0|0|0|0| 0|0|0|0|0|0|0|0|0|0|
0.353    0|0|0|0|0|0|0|0|0|0| 0|0|0|0|0|0|0|0|0|0|
0.354    0|0|0|0|0|0|0|0|0|0| 0|0|0|0|0|0|0|0|0|0|
0.355    0|0|0|0|0|0|0|0|0|0| 0|0|0|0|0|0|0|0|0|0|
0.356    0|0|0|0|0|0|0|0|0|0| 0|0|0|0|0|0|0|0|0|0|
0.357    0|0|0|0|0|0|0|0|0|0| 0|0|0|0|0|0|0|0|0|0|
0.358    0|0|0|0|0|0|0|0|0|0| 0|0|0|0|0|0|0|0|0|0|
0.359    0|0|0|0|0|0|0|0|0|0| 0|0|0|0|0|0|0|0|0|0|
0.360    0|0|0|0|0|0|0|0|0|0| 0|0|0|0|0|0|0|0|0|0|
0.361    0|0|0|0|0|0|0|0|0|0| 0|0|0|0|0|0|0|0|0|0|
0.362    0|0|0|0|0|0|0|0|0|0| 0|0|0|0|0|0|0|0|0|0|
0.363    0|0|0|0|0|0|0|0|0|0| 0|0|0|0|0|0|0|0|0|0|
0.364    0|0|0|0|0|0|0|0|0|0| 0|0|0|0|0|0|0|0|0|0|
0.365    0|0|0|0|0|0|0|0|0|0| 0|0|0|0|0|0|0|0|0|0|
0.366    0|0|0|0|0|0|0|0|0|0| 0|0|0|0|0|0|0|0|0|0|
0.367    0|0|0|0|0|0|0|0|0|0| 0|0|0|0|0|0|0|0|0|0|
0.368    0|0|0|0|0|0|0|0|0|0| 0|0|0|0|0|0|0|0|0|0|
0.369    0|0|0|0|0|0|0|0|0|0| 0|0|0|0|0|0|0|0|0|0|
0.370    0|0|0|0|0|0|0|0|0|0| 0|0|0|0|0|0|0|0|0|0|
0.371    0|0|0|0|0|0|0|0|0|0| 0|0|0|0|0|0|0|0|0|0|
0.372    0|0|0|0|0|0|0|0|0|0| 0|0|0|0|0|0|0|0|0|0|
0.373    0|0|0|0|0|0|0|0|0|0| 0|0|0|0|0|0|0|0|0|0|
0.374    0|0|0|0|0|0|0|0|0|0| 0|0|0|0|0|0|0|0|0|0|
0.375    0|0|0|0|0|0|0|0|0|0| 0|0|0|0|0|0|0|0|0|0|
0.376    0|0|0|0|0|0|0|0|0|0| 0|0|0|0|0|0|0|0|0|0|
0.377    0|0|0|0|0|0|0|0|0|0| 0|0|0|0|0|0|0|0|0|0|
0.378    0|0|0|0|0|0|0|0|0|0| 0|0|0|0|0|0|0|0|0|0|
0.379    0|0|0|0|0|0|0|0|0|0| 0|0|0|0|0|0|0|0|0|0|
0.380    0|0|0|0|0|0|0|0|0|0| 0|0|0|0|0|0|0|0|0|0|
0.381    0|0|0|0|0|0|0|0|0|0| 0|0|0|0|0|0|0|0|0|0|
0.382    0|0|0|0|0|0|0|0|0|0| 0|0|0|0|0|0|0|0|0|0|
0.383    0|0|0|0|0|0|0|0|0|0| 0|0|0|0|0|0|0|0|0|0|
0.384    0|0|0|0|0|0|0|0|0|0| 0|0|0|0|0|0|0|0|0|0|
0.385    0|0|0|0|0|0|0|0|0|0| 0|0|0|0|0|0|0|0|0|0|
0.386    0|0|0|0|0|0|0|0|0|0| 0|0|0|0|0|0|0|0|0|0|
0.387    0|0|0|0|0|0|0|0|0|0| 0|0|0|0|0|0|0|0|0|0|
0.388    0|0|0|0|0|0|0|0|0|0| 0|0|0|0|0|0|0|0|0|0|
0.389    0|0|0|0|0|0|0|0|0|0| 0|0|0|0|0|0|0|0|0|0|
0.390    0|0|0|0|0|0|0|0|0|0| 0|0|0|0|0|0|0|0|0|0|
0.391    0|0|0|0|0|0|0|0|0|0| 0|0|0|0|0|0|0|0|0|0|
0.392    0|0|0|0|0|0|0|0|0|0| 0|0|0|0|0|0|0|0|0|0|
0.393    0|0|0|0|0|0|0|0|0|0| 0|0|0|0|0|0|0|0|0|0|
0.394    0|0|0|0|0|0|0|0|0|0| 0|0|0|0|0|0|0|0|0|0|
0.395    0|0|0|0|0|0|0|0|0|0| 0|0|0|0|0|0|0|0|0|0|
0.396    0|0|0|0|0|0|0|0|0|0| 0|0|0|0|0|0|0|0|0|0|
0.397    0|0|0|0|0|0|0|0|0|0| 0|0|0|0|0|0|0|0|0|0|
0.398    0|0|0|0|0|0|0|0|0|0| 0|0|0|0|0|0|0|0|0|0|
0.399    0|0|0|0|0|0|0|0|0|0| 0|0|0|0|0|0|0|0|0|0|
0.400    0|0|0|0|0|0|0|0|0|0| 0|0|0|0|0|0|0|0|0|0|
0.401    0|0|0|0|0|0|0|0|0|0| 0|0|0|0|0|0|0|0|0|0|
0.402    0|0|0|0|0|0|0|0|0|0| 0|0|0|0|0|0|0|0|0|0|
0.403    0|0|0|0|0|0|0|0|0|0| 0|0|0|0|0|0|0|0|0|0|
0.404    0|0|0|0|0|0|0|0|0|0| 0|0|0|0|0|0|0|0|0|0|
0.405    0|0|1|0|0|0|0|0|0|0| 0|0|0|0|0|0|0|0|0|0|
0.406    0|0|0|0|0|0|0|0|0|0| 0|0|0|0|0|0|0|0|0|0|
0.407    0|0|0|0|0|0|0|0|0|0| 0|0|0|1|0|0|0|0|0|0|
0.408    0|0|0|0|0|0|0|0|0|0| 0|0|0|0|0|0|0|0|0|0|
0.409    0|0|0|0|0|0|0|0|0|0| 0|0|0|0|0|0|0|0|0|0|
0.410    0|0|0|0|0|0|0|0|0|0| 0|0|0|0|0|0|0|0|0|0|
0.411    0|0|0|0|0|0|0|0|0|0| 0|0|0|0|0|0|0|0|0|0|
0.412    0|0|0|0|0|0|0|0|0|0| 0|0|0|0|1|0|0|0|0|0|
0.413    0|0|0|0|0|0|0|0|0|0| 0|0|0|0|0|0|0|0|0|0|
0.413    0|0|0|0|0|0|0|0|0|0| 0|0|0|0|0|0|0|0|0|0|
0.414    0|0|0|0|0|0|0|1|0|0| 0|0|0|0|0|0|0|0|0|0|
0.415    0|0|0|0|0|0|0|0|0|0| 0|0|0|0|0|0|0|0|0|0|
0.416    0|0|0|0|0|0|0|0|0|0| 0|0|0|0|0|0|0|0|0|0|
0.417    0|0|0|0|0|0|0|0|0|0| 0|0|0|0|0|0|0|0|0|0|
0.418    0|0|0|0|0|0|0|0|0|0| 0|0|0|0|0|0|0|0|0|0|
0.419    0|0|0|0|0|0|0|0|0|0| 0|0|0|0|0|0|0|0|0|0|
0.420    0|0|0|0|0|0|0|0|0|0| 0|0|0|0|0|0|0|0|0|0|
0.421    0|0|0|0|0|0|0|0|0|0| 0|0|0|0|0|0|0|0|0|0|
0.422    0|0|0|0|0|0|0|0|0|0| 0|0|0|0|0|0|0|0|0|0|
0.423    0|0|0|0|0|0|0|0|0|0| 0|0|0|0|0|0|0|0|0|0|
0.424    0|0|0|0|0|0|0|0|0|0| 0|0|0|0|0|0|0|0|0|0|
0.425    0|0|0|0|0|0|0|0|0|0| 0|0|0|0|0|0|0|0|0|0|
0.426    0|0|0|0|0|0|0|0|0|0| 0|0|0|0|0|0|0|0|0|0|
0.427    0|0|0|0|0|0|0|0|0|0| 0|0|0|0|0|0|0|0|0|0|
0.428    0|0|0|0|0|0|1|0|0|0| 0|0|0|0|0|0|0|0|0|0|
0.429    0|0|0|0|0|0|0|0|0|0| 0|0|0|0|0|0|0|0|0|0|
0.430    0|0|0|0|0|0|0|0|0|0| 0|0|0|0|0|0|0|0|0|0|
0.431    0|0|0|0|0|0|0|0|0|0| 0|0|0|0|0|0|0|0|0|0|
0.432    0|0|0|0|0|0|0|0|0|0| 0|0|0|0|0|0|0|0|0|0|
0.433    0|0|0|0|0|0|0|0|0|0| 0|0|0|0|0|1|0|0|0|0|
0.434    0|0|0|0|0|0|0|0|0|0| 0|0|0|0|0|0|0|0|0|0|
0.435    0|0|0|0|0|0|0|0|0|0| 0|0|0|0|0|0|0|0|0|0|
0.436    0|0|0|0|0|0|0|0|0|0| 0|0|0|0|0|0|0|0|0|0|
0.437    0|0|0|0|0|0|0|0|0|0| 0|0|0|0|0|0|0|0|0|0|
0.438    0|0|0|0|0|0|0|0|0|0| 0|0|0|0|0|0|0|0|0|0|
0.439    0|0|0|0|0|0|0|0|0|0| 0|0|0|0|0|0|0|0|0|0|
0.440    0|0|0|0|0|0|0|0|0|0| 0|0|0|0|0|0|0|0|0|0|
0.441    0|0|0|0|0|0|0|0|0|0| 0|0|0|0|0|0|0|0|0|0|
0.442    0|0|0|0|0|0|0|0|0|0| 0|0|0|0|0|0|0|0|0|0|
0.443    0|0|0|0|0|0|0|0|0|0| 0|0|0|0|0|0|0|0|0|0|
0.444    0|0|0|0|0|0|0|0|0|0| 0|0|0|0|0|0|0|0|0|0|
0.445    0|0|0|0|0|0|0|0|0|0| 0|0|0|0|0|0|0|0|0|0|
0.446    0|0|0|0|0|0|0|0|0|0| 0|0|0|0|0|0|0|0|0|0|
0.447    0|0|0|0|0|0|0|0|0|0| 0|0|0|0|0|0|0|0|0|0|
0.448    0|0|0|0|0|0|0|0|0|0| 0|0|0|0|0|0|0|0|0|0|
0.449    0|0|0|0|0|0|0|0|0|0| 0|0|0|0|0|0|0|0|0|0|
0.450    0|0|0|0|0|0|0|0|0|0| 0|0|0|0|0|0|0|0|0|0|
0.451    0|0|0|0|0|0|0|0|0|0| 0|0|0|0|0|0|0|0|0|0|
0.452    0|0|0|0|0|0|0|0|0|0| 0|0|0|0|0|0|0|0|0|0|
0.453    0|0|0|0|0|0|0|0|0|0| 0|0|0|0|0|0|0|0|0|0|
0.454    0|0|0|0|0|0|0|0|0|0| 0|0|0|0|0|0|0|0|0|0|
0.455    0|0|0|0|0|0|0|0|0|0| 0|0|0|0|0|0|0|0|0|0|
0.456    0|0|0|0|0|0|0|0|0|0| 0|0|0|0|0|0|0|0|0|0|
0.457    0|0|0|0|0|0|0|0|0|0| 0|0|0|0|0|0|0|0|0|0|
0.458    0|0|0|0|0|0|0|0|0|0| 0|0|0|0|0|0|0|0|0|0|
0.459    0|0|0|0|0|0|0|0|0|0| 0|0|0|0|0|0|0|0|0|0|
0.460    0|0|0|0|0|0|0|0|0|0| 0|0|0|0|0|0|0|0|0|0|
0.461    0|0|0|0|0|0|0|0|0|0| 0|0|0|0|0|0|0|0|0|0|
0.462    0|0|0|0|0|0|0|0|0|0| 0|0|0|0|0|0|0|0|0|0|
0.463    0|0|0|0|0|0|0|0|0|0| 0|0|0|0|0|0|0|0|0|0|
0.464    0|0|0|0|0|0|0|0|0|0| 0|0|0|0|0|0|0|0|0|0|
0.465    0|0|0|0|0|0|0|1|0|0| 0|0|0|0|0|0|0|0|0|0|
0.466    0|0|0|0|0|0|0|0|0|0| 0|0|0|0|0|0|0|0|0|0|
0.467    0|0|0|0|0|0|0|0|0|0| 0|0|0|0|0|0|0|0|0|0|
0.468    0|0|0|0|0|0|0|0|0|0| 0|0|0|0|0|0|0|0|0|0|
0.469    0|0|0|0|0|0|0|0|0|0| 0|0|0|0|0|0|0|0|0|0|
0.470    0|0|0|0|0|0|0|0|0|0| 0|0|0|0|0|0|0|0|0|0|
0.471    0|0|0|0|0|0|0|0|0|0| 0|0|0|0|0|0|0|0|0|0|
0.472    0|0|0|0|0|1|0|0|0|0| 0|0|0|0|0|0|0|0|0|0|
0.473    0|0|0|0|0|0|0|0|0|0| 0|0|0|0|0|0|0|0|0|0|
0.474    0|0|0|0|0|0|0|0|0|0| 0|0|0|0|0|0|0|0|0|0|
0.475    0|0|0|0|0|0|0|0|0|0| 0|0|0|0|0|0|0|0|0|0|
0.476    0|0|0|0|0|0|0|0|0|0| 0|0|0|0|0|0|0|0|0|0|
0.477    0|0|0|0|0|0|0|0|0|0| 0|0|0|0|0|0|0|0|0|0|
0.478    0|0|0|0|0|0|0|0|1|0| 0|0|0|0|0|0|0|0|0|0|
0.479    0|0|0|0|0|0|0|0|0|0| 0|0|0|0|0|0|0|0|0|0|
0.480    0|0|0|0|0|0|0|0|0|0| 0|0|0|0|0|0|0|0|0|0|
0.481    0|0|0|0|0|0|0|0|0|0| 0|0|0|0|0|0|0|0|0|0|
0.482    0|0|0|0|0|0|0|0|0|0| 0|0|0|0|0|0|0|0|0|0|
0.483    0|0|0|0|0|0|0|0|0|0| 0|0|0|0|0|0|0|0|0|0|
0.484    0|0|0|0|0|0|0|0|0|0| 0|0|0|1|0|0|0|0|0|0|
0.485    0|0|0|0|0|0|0|0|0|0| 0|0|0|0|0|0|0|0|0|0|
0.486    0|0|0|0|0|0|0|0|0|0| 0|0|0|0|0|0|0|0|0|0|
0.487    0|0|0|0|0|0|0|0|0|0| 0|0|0|0|0|0|0|0|0|0|
0.488    0|0|0|0|0|0|0|0|0|0| 0|0|0|0|0|0|0|0|0|0|
0.489    0|0|0|0|0|0|0|0|0|0| 0|0|0|0|0|0|0|0|0|0|
0.490    0|0|0|0|0|0|0|0|0|0| 0|0|0|0|0|0|0|0|0|0|
0.491    0|0|0|0|0|0|0|0|0|0| 0|0|0|0|0|0|0|0|0|0|
0.492    0|0|0|0|0|0|0|0|0|0| 0|0|0|0|0|0|0|0|0|0|
0.493    0|0|0|0|0|0|0|0|0|0| 0|0|1|0|0|0|0|0|0|0|
0.494    0|0|0|0|0|0|0|0|0|0| 0|0|0|0|0|0|0|0|0|0|
0.495    0|0|0|0|0|0|0|0|0|0| 0|0|0|0|0|0|0|0|0|0|
0.496    0|0|0|0|0|0|0|0|0|0| 0|1|0|0|0|0|0|0|0|0|
0.496    0|0|0|0|0|0|0|0|0|0| 0|0|0|0|0|0|0|0|0|0|
0.497    0|0|0|0|0|0|0|0|0|0| 0|0|0|0|0|0|0|0|0|0|
0.498    0|0|0|0|0|0|0|0|0|0| 0|0|0|0|0|0|0|0|0|0|
0.499    0|0|0|0|0|0|0|0|0|0| 0|0|0|0|0|0|0|0|0|0|
0.500    0|0|0|0|0|0|0|0|0|0| 0|0|0|0|0|0|0|0|0|0|
0.501    0|0|0|0|0|0|0|0|0|0| 0|0|0|0|0|0|0|0|0|0|
0.502    0|0|0|0|0|0|0|0|0|0| 0|0|0|0|0|0|0|0|0|0|
0.503    0|0|0|0|0|0|0|0|0|0| 0|0|0|0|0|0|0|0|0|0|
0.504    0|0|0|0|0|0|0|0|0|0| 0|0|0|0|0|0|0|0|0|0|
0.505    0|0|0|0|0|0|0|0|0|0| 0|0|0|0|0|0|0|0|0|0|
0.506    0|0|0|0|0|0|0|0|0|0| 0|0|0|0|0|0|0|0|0|0|
0.507    0|0|0|0|0|0|0|0|0|0| 0|0|0|0|0|0|0|0|0|0|
0.508    0|0|0|0|0|0|0|0|0|0| 0|0|0|0|0|0|0|0|0|0|
0.509    0|0|0|0|0|0|0|0|0|0| 0|0|0|0|0|0|0|0|0|0|
0.510    0|0|0|0|0|1|0|0|0|0| 0|0|0|0|0|0|0|0|0|0|
0.511    0|0|0|0|0|0|0|0|0|0| 0|0|0|0|0|0|0|0|0|0|
0.512    0|0|0|0|0|0|0|0|0|0| 0|0|0|0|0|0|0|0|0|0|
0.513    0|0|0|0|0|0|0|0|0|0| 0|0|0|0|0|0|0|0|0|0|
0.514    0|0|0|0|0|0|0|0|0|0| 0|0|0|0|0|0|0|0|0|0|
0.515    0|0|0|0|0|0|0|0|0|0| 0|0|0|0|0|0|0|0|0|0|
0.516    0|0|0|0|0|0|0|0|0|0| 0|0|0|0|0|0|0|0|0|0|
0.517    0|0|0|0|0|0|0|0|0|0| 0|0|0|0|0|0|0|0|0|0|
0.518    0|0|0|0|0|0|0|0|0|0| 0|0|0|0|0|0|0|0|0|0|
0.519    0|0|0|0|0|0|0|1|0|0| 0|0|0|0|0|0|0|0|0|0|
0.520    0|0|0|0|0|0|0|0|0|0| 0|0|0|0|0|0|0|0|0|0|
0.521    0|0|0|0|0|0|0|0|0|0| 0|0|0|0|0|0|0|0|0|0|
0.522    0|0|0|0|0|0|0|0|0|0| 0|0|0|0|0|0|0|0|0|0|
0.523    0|0|0|0|0|0|0|0|0|0| 0|0|0|0|0|0|0|0|0|0|
0.524    0|0|0|0|0|0|0|0|0|0| 0|0|0|0|0|0|0|0|0|0|
0.525    0|0|0|0|0|0|0|0|0|0| 0|0|0|0|0|0|0|0|0|0|
0.526    0|0|0|0|0|0|0|0|0|0| 0|0|0|0|0|0|0|0|0|0|
0.527    0|0|0|0|0|0|0|0|0|0| 0|0|0|0|0|0|0|0|0|0|
0.528    0|0|0|0|0|0|0|0|0|0| 0|0|0|0|0|0|0|0|0|0|
0.529    0|0|0|0|0|0|0|0|0|0| 0|0|0|0|0|0|0|0|0|0|
0.530    0|0|0|0|0|0|0|0|0|0| 0|0|1|0|0|0|0|0|0|0|
0.531    0|0|0|0|0|0|0|0|0|0| 0|0|0|0|0|0|0|0|0|0|
0.532    0|0|0|0|0|0|0|0|0|0| 0|0|0|0|0|0|0|0|0|0|
0.533    0|0|0|0|0|0|0|0|0|0| 0|0|0|0|0|0|0|0|0|0|
0.534    0|0|0|0|0|0|0|0|0|0| 0|0|0|0|0|0|0|0|0|0|
0.535    0|0|0|0|0|0|0|0|0|0| 0|0|0|0|0|0|0|0|0|0|
0.536    0|0|0|0|0|0|0|0|0|0| 0|0|0|0|0|0|0|0|0|0|
0.537    0|0|0|0|0|0|0|0|0|0| 0|0|0|0|0|0|0|0|0|0|
0.538    0|0|0|0|0|0|0|0|0|0| 0|0|0|0|0|0|0|0|0|0|
0.539    0|0|0|0|0|0|0|0|0|0| 0|0|0|0|0|0|0|0|0|0|
0.540    0|0|0|0|0|0|0|0|0|0| 0|0|0|0|0|0|0|0|0|0|
0.541    0|0|0|0|0|0|0|0|0|0| 0|0|0|0|0|0|0|0|0|0|
0.542    0|0|0|0|0|0|0|0|0|0| 0|0|0|0|0|0|0|0|0|0|
0.543    0|0|0|0|0|0|0|0|0|0| 0|0|0|0|0|0|0|0|0|0|
0.544    0|0|0|0|0|0|0|0|0|0| 0|0|0|0|0|0|0|0|0|0|
0.545    0|0|0|0|0|0|0|0|0|0| 0|0|0|0|0|0|0|0|0|0|
0.546    0|0|0|0|0|0|0|0|0|0| 0|0|0|0|0|0|0|0|0|0|
0.547    0|0|0|0|0|0|0|0|0|0| 0|0|0|0|0|0|0|0|0|0|
0.548    0|0|0|0|0|0|0|0|0|0| 0|0|0|0|0|0|0|0|0|0|
0.549    0|0|0|0|0|0|0|0|0|0| 0|0|0|0|0|0|0|0|0|0|
0.550    0|0|0|0|0|0|0|0|0|0| 0|0|0|0|0|0|0|0|0|0|
0.551    0|0|0|0|0|0|0|0|0|0| 1|0|0|0|0|0|0|0|0|0|
0.552    0|0|0|0|0|0|0|0|0|0| 0|0|0|0|0|0|0|0|0|0|
0.553    0|0|0|0|0|0|0|0|0|0| 0|0|0|0|0|0|0|0|0|0|
0.554    0|0|0|0|0|0|0|0|0|0| 0|0|0|0|0|0|0|0|0|0|
0.555    0|0|0|0|0|0|0|0|0|0| 0|0|0|0|0|0|0|0|0|0|
0.556    0|0|0|0|0|0|0|0|0|0| 0|0|0|0|0|0|0|0|0|0|
0.557    0|0|0|0|0|0|0|0|0|0| 0|0|0|0|0|0|0|0|0|0|
0.558    0|0|0|0|0|0|0|0|0|0| 0|0|0|0|0|0|0|0|0|0|
0.559    0|0|0|0|0|0|0|0|0|0| 0|0|0|0|0|0|0|0|0|0|
0.560    0|0|0|0|0|0|0|0|0|0| 0|0|0|0|0|0|0|0|0|0|
0.561    0|0|0|0|0|0|0|0|0|0| 0|0|0|0|0|0|0|0|0|0|
0.562    0|0|0|0|0|0|0|0|0|0| 0|0|0|0|0|0|0|0|0|0|
0.563    0|0|0|0|0|0|0|0|0|0| 0|0|0|0|0|0|0|0|0|0|
0.564    0|0|0|0|0|0|0|0|0|0| 0|0|0|1|0|0|0|0|0|0|
0.565    0|0|0|0|0|0|0|0|0|0| 0|0|0|0|0|0|0|0|0|0|
0.566    0|0|0|0|0|0|0|0|0|0| 0|0|0|0|0|0|0|0|0|0|
0.567    0|0|0|0|0|0|0|0|0|0| 0|0|0|0|0|0|0|0|0|0|
0.568    0|0|0|0|0|0|0|0|0|0| 0|0|0|0|0|0|0|0|0|0|
0.569    0|0|0|0|0|0|0|0|0|0| 0|0|0|0|0|0|0|0|0|0|
0.570    0|0|0|0|0|0|0|0|0|0| 0|0|0|0|0|0|0|0|0|0|
0.571    0|0|0|0|0|0|0|0|0|0| 0|0|0|0|0|0|0|0|0|0|
0.572    0|0|0|0|0|0|0|0|0|0| 0|0|0|0|0|0|0|0|0|0|
0.573    0|0|0|0|0|0|0|0|0|0| 0|0|0|0|0|0|0|0|0|0|
0.574    0|0|0|0|0|0|0|0|0|0| 0|0|0|0|0|0|0|0|0|0|
0.575    0|0|0|0|0|0|0|0|0|0| 0|0|0|0|0|0|0|0|0|0|
0.576    0|0|0|0|0|0|0|0|0|0| 0|0|0|0|0|0|0|0|0|0|
0.577    0|0|0|0|0|0|0|0|0|0| 0|0|0|0|0|0|0|0|0|0|
0.578    0|0|0|0|0|0|0|0|0|0| 0|0|0|0|0|0|0|0|0|0|
0.578    0|0|0|0|0|0|0|0|0|0| 0|0|0|0|0|0|0|0|0|0|
0.579    0|0|0|0|0|0|0|0|0|0| 0|0|0|0|0|0|0|0|0|0|
0.580    0|0|0|0|0|0|0|0|0|0| 0|0|0|0|0|0|0|0|0|0|
0.581    0|0|0|0|0|0|0|0|0|0| 0|0|0|0|0|0|0|0|0|0|
0.582    0|0|0|0|0|0|0|0|0|0| 0|0|0|0|0|0|0|0|0|0|
0.583    0|0|0|0|0|0|0|0|0|0| 0|0|0|0|0|0|0|0|0|0|
0.584    0|0|0|0|0|0|0|0|0|0| 0|0|0|0|0|0|0|0|0|0|
0.585    0|0|0|0|0|0|0|0|0|0| 0|0|0|0|0|0|0|0|0|0|
0.586    0|0|0|0|0|0|0|0|0|0| 0|0|0|0|0|0|0|0|0|0|
0.587    0|0|0|0|0|0|0|0|0|0| 0|0|0|0|0|0|0|0|0|0|
0.588    0|0|0|0|0|0|0|0|0|0| 0|0|0|0|0|0|0|0|0|0|
0.589    0|0|0|0|0|0|0|0|0|0| 0|0|0|0|0|0|0|0|0|0|
0.590    0|0|0|0|0|0|0|0|0|0| 0|0|0|0|0|0|0|0|0|0|
0.591    0|0|0|0|0|0|0|0|0|0| 0|0|0|0|0|0|0|0|0|0|
0.592    0|0|0|0|0|0|0|0|0|0| 0|0|0|0|0|0|0|0|0|0|
0.593    0|0|0|0|0|0|0|0|0|0| 0|0|0|0|0|0|0|0|0|0|
0.594    0|0|0|0|0|0|0|0|0|0| 0|0|0|0|0|0|0|0|0|0|
0.595    0|0|0|0|0|0|0|0|0|0| 0|0|0|0|0|0|0|0|0|0|
0.596    0|0|0|0|0|0|0|0|0|0| 0|0|0|0|0|0|0|0|0|0|
0.597    0|0|0|0|0|0|0|0|0|0| 0|0|0|0|0|0|0|0|0|0|
0.598    0|0|0|0|0|0|0|0|0|0| 0|0|0|0|0|0|0|0|0|0|
0.599    0|0|0|0|0|0|0|0|0|0| 0|0|0|0|0|0|0|0|0|0|
0.600    0|0|0|0|0|0|0|0|0|0| 0|0|0|0|0|0|0|0|0|0|
0.601    0|0|0|0|0|0|0|0|0|0| 0|0|0|0|0|0|0|0|0|0|
0.602    0|0|0|0|0|0|0|0|0|0| 0|0|0|0|0|0|0|0|0|0|
0.603    0|0|0|0|0|0|0|0|0|0| 0|0|0|0|0|0|0|0|0|0|
0.604    0|0|0|0|0|0|0|0|0|0| 0|0|0|0|0|0|0|0|0|0|
0.605    0|0|0|0|0|0|0|0|0|0| 0|0|0|0|0|0|0|0|0|0|
0.606    0|0|0|0|0|0|0|0|0|0| 0|0|0|0|0|0|0|0|0|0|
0.607    0|0|0|0|0|0|0|0|0|0| 0|0|0|0|0|0|0|0|0|0|
0.608    0|0|0|0|0|0|0|0|0|0| 0|0|1|0|0|0|0|0|0|0|
0.609    0|0|0|0|0|0|0|0|0|0| 0|0|0|0|0|0|0|0|0|0|
0.610    0|0|0|0|0|0|0|0|0|0| 0|0|0|0|0|0|0|0|0|0|
0.611    0|0|0|0|0|0|0|0|0|0| 0|0|0|0|0|0|0|0|0|0|
0.612    0|0|0|0|0|0|0|0|0|0| 0|0|0|0|0|0|0|0|0|0|
0.613    0|0|0|0|0|0|0|0|0|0| 0|0|0|0|0|0|0|0|0|0|
0.614    0|0|0|0|0|0|0|0|0|0| 0|0|0|0|0|0|0|0|0|0|
0.615    0|0|0|0|0|0|0|0|0|0| 0|0|0|0|0|0|0|0|0|0|
0.616    0|0|0|0|0|0|0|0|0|0| 0|0|0|0|0|0|0|0|0|0|
0.617    0|0|0|0|0|0|0|0|0|0| 0|0|0|0|0|0|0|0|0|0|
0.618    0|0|0|0|0|0|0|0|0|0| 0|0|0|0|0|0|0|0|0|0|
0.619    0|0|0|0|0|0|0|0|0|0| 0|0|0|0|0|0|0|0|0|0|
0.620    0|0|0|0|0|0|0|0|0|0| 0|0|0|0|0|0|0|0|0|0|
0.621    0|0|0|0|0|0|0|0|0|0| 0|0|0|0|0|0|0|0|0|0|
0.622    0|0|0|0|0|0|0|0|0|0| 0|0|0|0|0|0|0|0|0|0|
0.623    0|0|0|0|0|0|0|0|0|0| 0|0|0|0|0|0|0|0|0|0|
0.624    0|0|0|0|0|0|0|0|0|0| 0|0|0|0|0|0|0|0|0|0|
0.625    0|0|0|0|0|0|0|0|1|0| 0|0|0|0|0|0|0|0|0|0|
0.626    0|0|0|0|0|0|0|0|0|1| 0|0|0|0|0|0|0|0|0|0|
0.627    0|0|0|0|0|0|0|0|0|0| 0|0|0|0|0|0|0|0|0|0|
0.628    0|0|0|0|0|0|0|0|0|0| 0|0|0|0|0|0|0|0|0|0|
0.629    0|0|0|1|0|0|0|0|0|0| 0|1|0|0|0|0|0|0|0|0|
0.630    0|0|0|0|0|0|0|0|0|0| 0|0|0|0|0|0|0|0|0|0|
0.631    0|0|0|0|0|0|0|0|0|0| 0|0|0|0|0|0|0|0|0|0|
0.632    0|0|0|0|0|0|0|0|0|0| 0|0|0|0|0|0|0|0|0|0|
0.633    0|0|0|0|0|0|0|0|0|0| 0|0|0|0|0|0|0|0|0|0|
0.634    0|0|0|0|0|0|0|0|0|0| 0|0|0|0|0|0|0|0|0|0|
0.635    0|0|0|0|0|0|0|0|0|0| 0|0|0|0|0|0|0|0|0|0|
0.636    0|0|0|0|0|0|0|0|0|0| 0|0|0|0|0|0|0|0|0|0|
0.637    0|0|0|0|0|0|0|0|0|0| 0|0|0|1|0|0|0|0|0|0|
0.638    0|0|0|0|0|0|0|0|0|0| 0|0|0|0|0|0|0|0|0|0|
0.639    0|0|0|0|0|0|0|0|0|0| 0|0|0|0|0|0|0|0|0|0|
0.640    0|0|0|0|0|0|0|0|0|0| 0|0|0|0|0|0|0|0|0|0|
0.641    0|0|0|0|0|0|0|0|0|0| 0|0|0|0|0|0|0|0|0|0|
0.642    0|0|0|0|0|0|0|0|0|0| 0|0|1|0|0|0|0|0|0|0|
0.643    0|0|0|0|0|0|0|0|0|0| 0|0|0|0|0|0|0|0|0|0|
0.644    0|0|0|0|0|0|0|0|0|0| 0|0|0|0|0|0|0|0|0|0|
0.645    0|0|0|0|0|0|0|0|0|0| 0|0|0|0|1|0|0|0|0|0|
0.646    0|0|0|0|0|0|0|0|0|0| 0|0|0|0|0|0|0|0|0|0|
0.647    0|0|0|0|0|0|0|0|0|0| 0|0|0|0|0|0|0|0|0|0|
0.648    0|0|0|0|0|0|0|0|0|0| 0|0|0|0|0|0|0|0|0|0|
0.649    0|0|0|0|0|0|0|1|0|0| 0|0|0|0|0|0|0|0|0|0|
0.650    0|0|0|0|0|0|0|0|0|0| 0|0|0|0|0|0|0|0|0|0|
0.651    0|0|0|0|0|0|0|0|0|0| 0|0|0|0|0|0|0|0|0|0|
0.652    0|0|0|0|0|0|0|0|0|0| 0|0|0|0|0|0|0|1|0|0|
0.653    0|0|0|0|0|0|0|0|0|0| 0|0|0|0|0|0|0|0|0|0|
0.654    0|0|0|0|0|0|0|0|0|0| 0|0|0|0|0|0|0|0|0|0|
0.655    0|0|0|0|0|0|0|0|0|0| 0|0|0|0|0|0|0|0|0|0|
0.656    0|0|0|0|0|0|0|0|0|0| 0|0|0|0|0|0|0|0|0|0|
0.657    0|0|0|0|0|0|0|0|0|0| 0|0|0|0|0|0|0|0|0|0|
0.658    0|0|0|0|0|0|0|0|0|0| 0|0|0|0|0|0|0|0|0|0|
0.659    0|0|0|0|0|0|0|0|0|0| 0|0|0|0|0|0|0|0|0|0|
0.660    0|0|0|0|0|0|0|0|0|0| 0|0|0|0|0|0|0|0|0|0|
0.661    0|0|0|0|0|0|0|0|0|0| 0|0|0|0|0|0|0|0|0|0|
0.661    0|0|0|0|0|0|0|0|0|0| 0|0|0|0|0|0|0|0|0|0|
0.662    0|0|0|0|0|0|0|0|0|0| 0|0|0|0|0|0|0|0|0|0|
0.663    0|0|0|0|0|0|0|0|0|0| 0|0|0|0|0|0|0|0|0|0|
0.664    0|0|0|0|0|0|0|0|0|0| 0|0|0|0|0|0|0|0|0|0|
0.665    0|0|0|0|0|0|0|0|0|0| 0|0|0|0|0|0|0|0|0|0|
0.666    0|0|0|0|0|0|0|0|0|0| 0|0|0|0|0|0|0|0|0|0|
0.667    0|0|0|0|0|0|0|0|0|0| 0|0|0|0|0|0|0|0|0|0|
0.668    0|0|0|0|0|0|0|0|0|0| 0|0|0|0|0|0|0|0|0|0|
0.669    0|0|0|0|0|0|0|0|0|0| 0|0|0|0|0|0|0|0|0|0|
0.670    0|0|0|0|0|0|0|0|0|0| 0|0|0|0|0|0|0|0|0|0|
0.671    0|0|0|0|0|0|0|0|0|0| 0|0|0|0|0|0|0|0|0|0|
0.672    0|0|0|0|0|0|0|0|0|0| 0|0|0|0|0|0|0|0|0|0|
0.673    0|0|0|0|0|0|0|0|0|0| 0|0|0|0|0|0|0|0|0|0|
0.674    0|0|0|0|0|0|0|0|0|0| 0|0|0|0|0|1|0|0|0|0|
0.675    0|0|0|0|0|0|1|0|0|0| 0|0|0|0|0|0|0|0|0|0|
0.676    0|0|0|0|0|0|0|0|0|0| 0|0|0|0|0|0|0|0|0|0|
0.677    0|0|0|0|0|0|0|0|0|0| 0|0|0|0|0|0|0|0|0|0|
0.678    0|0|0|0|0|0|0|0|0|0| 0|0|0|0|0|0|0|0|0|0|
0.679    0|0|0|0|0|0|0|0|0|0| 0|0|0|0|0|0|1|0|0|0|
0.680    0|0|0|0|0|0|0|0|0|0| 0|0|0|0|0|0|0|0|0|0|
0.681    0|0|0|0|0|0|0|0|0|0| 0|0|0|0|0|0|0|0|0|0|
0.682    0|0|0|0|0|0|0|0|0|0| 0|0|0|0|0|0|0|0|0|0|
0.683    0|0|0|0|0|1|0|0|0|0| 0|0|0|0|0|0|0|0|0|0|
0.684    0|0|0|0|0|0|0|0|0|0| 0|0|0|0|0|0|0|0|0|0|
0.685    0|0|0|0|0|0|0|0|0|0| 0|0|0|0|0|0|0|0|0|0|
0.686    0|0|0|0|0|0|0|0|0|0| 0|0|0|0|0|0|0|0|0|0|
0.687    0|0|0|0|0|0|0|0|0|1| 0|0|0|0|0|0|0|0|0|0|
0.688    0|0|0|0|0|0|0|0|0|0| 0|0|0|0|0|0|0|0|0|0|
0.689    0|0|0|0|0|0|0|0|0|0| 0|0|0|0|0|0|0|0|0|0|
0.690    0|0|0|0|0|0|0|0|0|0| 0|0|0|0|0|0|0|0|0|0|
0.691    0|0|0|0|0|0|0|0|0|0| 0|0|0|0|0|0|0|0|0|0|
0.692    0|0|0|0|0|0|0|0|0|0| 0|0|0|0|0|0|0|0|0|0|
0.693    0|0|0|0|0|0|0|0|0|0| 0|0|0|0|0|0|0|0|0|0|
0.694    0|0|0|0|0|0|0|1|0|0| 0|0|0|0|0|0|0|0|0|0|
0.695    0|0|0|0|0|0|0|0|0|0| 0|0|0|0|0|0|0|0|0|0|
0.696    0|0|0|0|0|0|0|0|0|0| 0|0|0|0|0|0|0|0|0|0|
0.697    0|0|0|0|0|0|0|0|0|0| 0|0|0|0|0|0|0|0|0|0|
0.698    0|0|0|0|0|0|0|0|0|0| 0|0|0|0|0|0|0|0|0|0|
0.699    0|0|0|0|0|0|0|0|0|0| 0|0|0|0|0|0|0|0|0|0|
0.700    0|0|0|0|0|0|0|0|0|0| 0|0|0|0|1|0|0|0|0|0|
0.701    0|0|0|0|0|0|0|0|0|0| 0|0|0|0|0|0|0|0|0|0|
0.702    0|0|0|0|0|0|0|0|0|0| 0|0|0|0|0|0|0|0|0|0|
0.703    0|0|0|0|0|0|0|0|0|0| 0|0|0|0|0|0|0|0|0|0|
0.704    0|0|0|0|0|0|0|0|0|0| 0|0|0|0|0|0|0|0|0|0|
0.705    0|0|0|0|0|0|0|0|0|0| 0|0|0|0|0|0|0|0|0|0|
0.706    0|0|0|0|0|0|0|0|0|0| 0|0|0|0|0|0|0|0|0|0|
0.707    0|0|0|0|0|0|0|0|0|0| 0|0|0|0|0|0|0|0|0|0|
0.708    0|0|0|0|0|0|0|0|0|0| 0|0|0|0|0|0|0|0|0|0|
0.709    0|0|0|0|0|0|0|0|0|0| 0|0|0|0|0|0|0|0|0|0|
0.710    0|0|0|0|0|0|0|0|0|0| 0|0|0|0|0|0|0|0|0|0|
0.711    0|0|0|0|0|0|0|0|0|0| 0|0|0|0|0|0|0|0|0|0|
0.712    0|0|0|0|0|0|0|0|0|0| 0|0|0|0|0|0|0|0|0|0|
0.713    0|0|0|0|0|0|0|0|0|0| 0|0|0|0|0|0|0|0|0|0|
0.714    0|0|0|0|0|0|0|0|0|0| 0|0|0|0|0|0|0|0|0|0|
0.715    0|0|0|0|0|0|0|0|0|0| 0|0|0|0|0|0|0|0|0|0|
0.716    0|0|0|0|0|0|0|0|0|0| 0|0|0|0|0|0|0|0|0|0|
0.717    0|0|0|0|0|0|0|0|0|0| 0|0|0|0|0|0|0|0|0|0|
0.718    0|0|0|0|0|0|0|0|0|0| 0|0|0|0|0|0|0|0|0|0|
0.719    0|0|0|0|0|0|0|0|0|0| 0|0|0|1|0|0|0|0|0|0|
0.720    0|0|0|0|0|0|0|0|0|0| 0|0|0|0|0|0|0|0|0|0|
0.721    0|0|0|0|0|0|0|0|0|0| 0|0|0|0|0|0|0|0|0|0|
0.722    0|0|0|0|0|0|0|0|0|0| 0|0|0|0|0|0|0|0|0|0|
0.723    0|0|0|0|0|0|0|0|0|0| 0|0|0|0|0|0|0|0|0|0|
0.724    0|0|0|0|0|0|0|0|0|0| 0|0|0|0|0|0|0|0|0|0|
0.725    0|0|0|0|0|0|0|0|0|0| 0|0|0|0|0|0|0|0|0|0|
0.726    0|0|0|0|0|0|0|0|0|0| 0|0|0|0|0|0|0|0|0|0|
0.727    0|0|0|0|0|0|0|0|0|0| 0|0|0|0|0|0|0|0|0|0|
0.728    0|0|0|0|0|0|0|0|1|0| 0|0|0|0|0|0|0|0|0|0|
0.729    0|0|0|0|0|0|0|0|0|0| 0|0|0|0|0|0|0|0|0|0|
0.730    0|0|0|0|0|0|0|0|0|0| 0|0|0|0|0|0|0|0|0|0|
0.731    0|0|0|0|0|0|0|0|0|0| 0|0|0|0|0|0|0|0|0|0|
0.732    0|0|0|0|0|0|0|0|0|0| 0|0|0|0|0|0|0|0|0|0|
0.733    0|0|0|0|0|0|0|0|0|0| 0|0|0|0|0|0|0|0|0|0|
0.734    0|0|0|0|0|0|0|0|0|0| 0|0|0|0|0|0|0|0|0|0|
0.735    0|0|0|0|0|0|0|0|0|0| 0|1|0|0|0|0|0|0|0|0|
0.736    0|0|0|0|0|0|0|0|0|0| 0|0|0|0|0|0|0|0|0|0|
0.737    0|0|0|0|0|0|0|0|0|0| 0|0|0|0|0|0|0|0|0|0|
0.738    0|0|0|0|0|0|0|0|0|0| 0|0|0|0|0|0|0|0|0|0|
0.739    0|0|0|0|0|0|0|0|0|0| 0|0|0|0|0|0|0|0|0|0|
0.740    0|0|0|0|0|0|0|0|0|0| 0|0|0|0|0|0|0|0|0|0|
0.741    0|0|0|0|0|0|0|0|0|0| 0|0|0|0|0|0|0|0|0|0|
0.742    0|0|0|0|0|0|0|0|0|0| 0|0|0|0|0|0|0|0|0|0|
0.743    0|0|0|0|0|0|0|0|0|0| 0|0|1|0|0|0|0|0|0|0|
0.744    0|0|0|0|0|0|0|0|0|0| 0|0|0|0|0|0|0|0|0|0|
0.744    0|0|0|0|0|0|0|0|0|0| 0|0|0|0|0|0|0|0|0|0|
0.745    0|0|0|0|0|0|0|0|0|0| 0|0|0|0|0|0|0|0|0|0|
0.746    0|0|0|0|0|0|0|0|0|0| 0|0|0|0|0|0|0|0|0|0|
0.747    0|0|0|0|0|0|0|0|0|0| 0|0|0|0|0|0|0|0|0|0|
0.748    0|0|0|0|0|0|0|0|0|0| 0|0|0|0|0|0|0|0|0|0|
0.749    0|0|0|0|0|0|0|0|0|0| 0|0|0|0|0|0|0|0|0|0|
0.750    0|0|0|0|0|0|0|0|0|0| 0|0|0|0|0|0|0|0|0|0|
0.751    0|0|0|0|0|0|1|0|0|0| 0|0|0|0|0|0|0|0|0|0|
0.752    0|0|0|0|0|0|0|0|0|0| 0|0|0|0|0|0|0|0|0|0|
0.753    0|0|0|0|0|0|0|0|0|0| 0|0|0|0|0|0|0|0|0|0|
0.754    0|0|0|0|0|0|0|0|0|0| 0|0|0|0|0|0|0|0|0|0|
0.755    0|0|0|0|0|0|0|0|0|0| 0|0|0|0|0|0|0|0|0|0|
0.756    0|0|0|0|0|0|0|0|0|0| 0|0|0|0|0|0|0|0|0|0|
0.757    0|0|0|0|0|0|0|0|0|0| 0|0|0|0|0|0|0|0|0|0|
0.758    0|0|0|0|0|0|0|0|0|0| 0|0|0|0|0|0|0|0|0|0|
0.759    0|0|0|0|0|0|0|0|0|0| 0|0|0|0|0|0|0|0|0|0|
0.760    0|0|0|0|0|0|0|0|0|0| 0|0|0|0|0|0|0|0|0|0|
0.761    0|0|0|0|0|0|0|0|0|0| 0|0|0|0|0|0|0|0|0|0|
0.762    0|0|0|0|0|0|0|0|0|0| 0|0|0|0|0|0|0|0|0|0|
0.763    0|0|0|0|0|0|0|0|0|0| 0|0|0|0|0|0|0|0|0|0|
0.764    0|0|0|0|0|0|0|0|0|0| 0|0|0|0|0|0|0|0|0|0|
0.765    0|0|0|0|0|0|1|0|0|0| 0|0|0|0|0|0|0|0|0|0|
0.766    0|0|0|0|0|0|0|0|0|0| 0|0|0|0|0|0|0|0|0|0|
0.767    0|0|0|0|0|0|0|0|0|0| 0|0|0|0|0|0|0|0|0|0|
0.768    0|0|0|0|0|0|0|0|0|0| 0|0|0|0|0|0|0|0|0|0|
0.769    0|0|0|0|0|0|0|0|0|0| 0|0|0|0|0|0|0|0|0|0|
0.770    0|0|0|0|0|0|0|0|0|0| 0|0|0|0|0|0|0|0|0|0|
0.771    0|0|0|0|0|0|0|0|0|0| 0|0|0|0|0|0|0|0|0|0|
0.772    0|0|0|1|0|0|0|0|0|0| 0|0|0|0|0|0|0|0|0|0|
0.773    0|0|0|0|0|0|0|0|0|0| 0|0|1|0|0|0|0|0|0|0|
0.774    0|0|0|0|0|0|0|0|0|0| 0|0|0|0|0|0|0|0|0|0|
0.775    0|0|0|0|0|0|0|0|0|0| 0|0|0|0|0|0|0|0|0|0|
0.776    0|0|0|0|0|0|0|0|0|0| 0|0|0|0|0|0|1|0|0|0|
0.777    0|0|0|0|0|0|0|0|0|0| 0|0|0|0|0|0|0|0|0|0|
0.778    0|0|0|0|0|0|0|1|0|0| 0|0|0|0|0|0|0|0|0|0|
0.779    0|0|0|0|0|0|0|0|0|0| 0|0|0|0|0|0|0|0|0|0|
0.780    0|0|0|0|0|0|0|0|0|0| 0|0|0|0|0|0|0|0|0|0|
0.781    0|0|0|0|0|0|0|0|0|0| 0|0|0|0|0|0|0|0|0|0|
0.782    0|0|0|0|0|0|0|0|0|0| 0|0|0|0|0|0|0|0|0|0|
0.783    0|0|0|0|0|0|0|0|0|0| 0|0|0|0|0|0|0|0|0|0|
0.784    0|0|0|0|0|0|0|0|0|0| 0|0|0|0|0|0|0|0|0|0|
0.785    0|0|0|0|0|0|0|0|1|0| 0|0|0|0|0|0|0|0|0|0|
0.786    0|0|0|0|0|0|0|0|0|0| 0|0|0|0|0|0|0|0|0|0|
0.787    0|0|0|0|0|0|0|0|0|0| 0|0|0|0|0|0|0|0|0|0|
0.788    0|0|0|0|0|0|0|0|0|0| 0|0|0|0|0|0|0|0|0|0|
0.789    0|0|0|0|0|0|0|0|0|0| 0|0|0|0|0|0|0|0|0|0|
0.790    0|0|0|0|0|0|0|0|0|0| 0|0|0|0|0|0|0|0|0|0|
0.791    0|0|0|0|0|0|0|0|0|0| 0|1|0|0|0|0|0|0|0|0|
0.792    0|0|0|0|0|0|0|0|0|0| 0|0|0|0|0|0|0|0|0|0|
0.793    0|0|0|0|0|0|0|0|0|0| 0|0|0|0|0|0|0|0|0|0|
0.794    0|0|0|0|0|0|0|0|0|0| 0|0|0|0|0|0|0|0|0|0|
0.795    0|0|0|0|0|0|0|0|0|0| 0|0|0|0|0|0|0|0|0|0|
0.796    0|0|0|0|0|0|0|0|0|0| 0|0|0|0|0|0|0|0|0|0|
0.797    0|0|0|0|0|0|0|0|0|0| 0|0|0|1|0|0|0|0|0|0|
0.798    0|0|0|0|0|0|0|0|0|0| 0|0|0|0|0|0|0|0|0|0|
0.799    0|0|0|0|0|1|0|0|0|0| 0|0|1|0|0|0|0|0|0|0|
0.800    0|0|0|0|0|0|0|0|0|0| 0|0|0|0|0|0|0|0|0|0|
0.801    0|0|0|0|0|0|0|0|0|0| 0|0|0|0|0|0|0|0|0|0|
0.802    0|0|0|0|0|0|0|0|0|0| 0|0|0|0|0|0|0|0|0|0|
0.803    0|0|0|0|0|0|0|0|0|0| 0|0|0|0|0|0|0|0|0|0|
0.804    0|0|0|0|0|0|0|0|0|0| 0|0|0|0|0|0|0|0|0|0|
0.805    0|0|0|0|0|0|0|0|0|0| 0|0|0|0|0|0|0|0|0|0|
0.806    0|0|0|0|0|0|0|0|0|0| 0|0|0|0|0|0|0|0|0|0|
0.807    0|0|0|0|0|0|0|0|0|0| 0|0|0|0|0|0|0|0|0|0|
0.808    0|0|0|0|0|0|0|0|0|0| 0|0|0|0|0|0|0|0|0|0|
0.809    0|0|0|0|0|0|0|0|0|0| 0|0|0|0|1|0|0|0|0|0|
0.810    0|0|0|0|0|0|0|0|0|0| 0|0|0|0|0|0|0|0|0|0|
0.811    0|0|0|0|0|0|0|0|0|0| 0|0|0|0|0|0|0|0|0|0|
0.812    0|0|0|0|0|0|0|0|0|0| 0|0|0|0|0|0|0|0|0|0|
0.813    0|0|0|0|1|0|0|0|0|0| 0|0|0|0|0|0|0|0|0|0|
0.814    0|0|0|0|0|0|0|0|0|0| 0|0|0|0|0|0|0|0|0|0|
0.815    0|0|0|0|0|0|0|0|0|0| 0|0|0|0|0|0|0|0|0|0|
0.816    0|0|0|0|0|0|0|0|0|0| 0|0|0|0|0|0|0|0|0|0|
0.817    0|0|0|0|0|0|0|0|0|0| 0|0|0|0|0|0|0|0|0|0|
0.818    0|0|0|0|0|0|0|0|0|0| 0|0|0|0|0|0|0|0|0|0|
0.819    0|0|0|0|0|0|0|0|0|0| 0|0|0|0|0|0|0|0|0|0|
0.820    0|0|0|0|0|0|0|0|0|0| 0|0|0|0|0|0|0|0|0|0|
0.821    0|0|0|0|0|0|0|0|0|0| 0|0|0|0|0|0|0|0|0|0|
0.822    0|0|0|0|0|0|0|0|0|0| 0|0|0|0|0|0|0|0|0|0|
0.823    0|0|0|0|0|0|0|0|0|0| 0|0|0|0|0|0|0|0|0|0|
0.824    0|0|0|0|0|0|0|0|0|0| 0|0|0|0|0|0|0|0|0|0|
0.825    0|0|0|0|0|0|0|0|0|0| 0|0|0|0|0|0|0|0|0|0|
0.826    0|0|0|0|0|0|0|0|0|0| 0|0|0|0|0|0|0|0|0|0|
0.826    0|0|0|0|0|0|0|0|0|0| 0|0|0|0|0|0|0|0|0|0|
0.827    0|0|0|0|0|0|0|0|0|0| 0|0|0|0|0|0|0|0|0|0|
0.828    0|0|0|0|0|0|0|0|0|0| 0|0|0|0|0|0|0|0|0|0|
0.829    0|0|0|0|0|0|0|0|0|0| 0|0|0|0|0|0|0|0|0|0|
0.830    0|0|0|0|0|0|0|0|0|0| 0|0|0|0|0|0|0|0|0|0|
0.831    0|0|0|0|0|0|0|0|0|0| 0|0|0|0|0|0|0|0|0|0|
0.832    0|0|0|0|0|0|1|0|0|0| 0|0|0|0|0|0|0|0|0|0|
0.833    0|0|0|0|0|0|0|0|0|0| 0|0|0|0|0|1|0|0|0|0|
0.834    0|0|0|0|0|0|0|0|0|0| 0|0|0|0|0|0|0|0|0|0|
0.835    0|0|0|0|0|0|0|0|0|0| 0|0|0|0|0|0|0|0|0|0|
0.836    0|0|0|0|0|0|0|0|0|0| 0|0|0|0|0|0|0|0|0|0|
0.837    0|0|0|0|0|0|0|1|0|0| 0|0|0|0|0|0|0|0|0|0|
0.838    0|0|0|0|0|0|0|0|0|0| 0|0|0|0|0|0|0|0|0|0|
0.839    0|0|0|0|0|0|0|0|0|0| 0|0|0|0|1|0|0|0|0|0|
0.840    0|0|0|0|0|0|0|0|0|0| 0|0|0|0|0|0|0|0|0|0|
0.841    0|0|0|0|0|0|0|0|0|0| 0|0|0|0|0|0|0|0|0|0|
0.842    0|0|0|0|0|0|0|0|0|0| 0|0|0|0|0|0|0|0|0|0|
0.843    0|0|0|0|0|0|0|0|0|0| 0|0|0|1|0|0|0|0|0|0|
0.844    0|0|0|0|0|0|0|0|0|0| 0|0|0|0|0|0|0|0|0|0|
0.845    0|0|0|0|0|0|0|0|0|0| 0|0|0|0|0|0|0|0|0|0|
0.846    0|0|0|0|0|0|0|0|0|0| 0|0|0|0|0|0|0|0|0|0|
0.847    0|0|0|0|0|0|0|0|0|0| 0|0|0|0|0|0|0|0|0|0|
0.848    0|0|0|0|0|0|0|0|0|0| 0|0|1|0|0|0|0|0|0|0|
0.849    0|0|0|0|0|0|0|0|1|0| 0|0|0|0|0|0|0|0|0|0|
0.850    0|0|0|0|0|0|0|0|0|0| 0|0|0|0|0|0|0|0|0|0|
0.851    0|0|0|0|0|0|0|0|0|0| 0|0|0|0|0|0|0|0|0|0|
0.852    0|0|0|0|0|0|0|0|0|0| 0|0|0|0|0|0|0|0|0|0|
0.853    0|0|0|0|0|0|0|0|0|0| 0|0|0|0|0|0|0|0|0|0|
0.854    0|0|0|0|0|0|0|0|0|0| 0|0|0|0|0|0|0|0|0|0|
0.855    0|0|1|0|0|0|0|0|0|0| 0|0|0|0|0|0|0|0|0|0|
0.856    0|0|0|0|0|0|0|0|0|0| 0|0|0|0|0|0|0|0|0|0|
0.857    0|0|0|0|0|0|0|0|0|0| 0|0|0|0|0|0|0|0|0|0|
0.858    0|0|0|0|0|0|0|0|0|0| 0|0|0|0|0|0|0|0|0|0|
0.859    0|0|0|0|0|0|0|0|0|0| 0|0|0|0|0|0|0|0|0|0|
0.860    0|0|0|0|0|0|0|0|0|1| 0|0|0|0|0|0|0|0|0|0|
0.861    0|0|0|0|0|0|1|0|0|0| 0|0|0|0|0|0|0|0|0|0|
0.862    0|0|0|0|0|0|0|0|0|0| 0|0|0|0|0|0|0|0|0|0|
0.863    0|0|0|0|0|0|0|0|0|0| 0|0|0|0|0|0|0|0|0|0|
0.864    0|0|0|0|0|0|0|0|0|0| 0|0|0|0|0|0|0|0|0|0|
0.865    0|0|0|0|0|0|0|0|0|0| 0|0|0|0|0|0|0|0|0|0|
0.866    0|0|0|0|0|0|0|0|0|0| 0|0|0|0|0|0|0|0|0|0|
0.867    0|0|0|0|0|0|0|0|0|0| 0|0|0|0|0|0|0|0|0|0|
0.868    0|0|0|0|0|0|0|0|0|0| 0|0|0|0|0|0|0|0|0|0|
0.869    0|0|0|0|0|0|0|0|0|0| 0|0|0|0|0|0|0|0|0|0|
0.870    0|0|0|0|0|0|0|0|0|0| 0|0|0|0|0|0|0|0|0|0|
0.871    0|0|0|0|0|0|0|0|0|0| 0|0|0|0|0|0|0|0|0|0|
0.872    0|0|0|0|0|0|0|0|0|0| 0|0|0|0|0|0|0|0|0|0|
0.873    0|0|0|0|0|0|0|0|0|0| 0|0|0|0|0|0|0|0|0|0|
0.874    0|0|0|0|0|0|0|0|0|0| 0|1|0|0|0|0|0|0|0|0|
0.875    0|0|0|0|0|0|0|0|0|0| 0|0|0|0|0|0|0|0|0|0|
0.876    0|0|0|0|0|0|0|0|0|0| 0|0|0|0|0|0|0|0|0|0|
0.877    0|0|0|0|0|0|0|0|0|0| 0|0|0|0|0|0|0|0|0|0|
0.878    0|0|0|0|0|0|0|0|0|0| 0|0|0|0|0|0|0|0|0|0|
0.879    0|0|0|0|0|0|0|0|0|0| 0|0|0|0|0|0|0|0|0|0|
0.880    0|0|0|0|0|0|0|0|0|0| 0|0|0|0|0|0|0|0|0|0|
0.881    0|0|0|0|0|0|0|0|0|0| 0|0|0|0|0|0|0|0|0|0|
0.882    0|0|0|0|0|0|0|0|0|0| 0|0|0|0|0|0|0|0|0|0|
0.883    0|0|0|0|0|0|0|0|0|0| 0|0|0|1|0|0|0|0|0|0|
0.884    0|0|0|0|0|0|0|0|0|0| 0|0|0|0|0|0|0|0|0|0|
0.885    0|0|0|0|0|0|0|0|0|0| 0|0|0|0|0|0|0|0|0|0|
0.886    0|0|0|0|0|0|0|0|0|0| 0|0|0|0|0|0|0|0|0|0|
0.887    0|0|0|0|0|0|0|0|0|0| 0|0|0|0|0|0|0|0|0|0|
0.888    0|0|0|0|0|0|0|0|0|0| 0|0|0|0|0|0|0|0|0|0|
0.889    0|0|0|0|0|0|0|0|0|0| 0|0|0|0|0|0|0|1|0|0|
0.890    0|0|0|0|0|0|0|0|0|0| 0|0|0|0|0|0|0|0|0|0|
0.891    0|0|0|0|1|0|0|0|0|0| 0|0|0|0|0|0|0|0|0|0|
0.892    0|0|0|0|0|0|0|0|0|0| 0|0|0|0|0|0|0|0|0|0|
0.893    0|0|0|0|0|0|0|0|0|0| 0|0|0|0|0|0|0|0|0|0|
0.894    0|0|0|0|0|0|0|0|0|0| 0|0|0|0|0|0|0|0|0|0|
0.895    0|0|0|0|0|0|0|1|0|0| 0|0|0|0|0|0|0|0|0|0|
0.896    0|0|0|0|0|1|0|0|0|0| 0|0|0|0|0|0|0|0|0|0|
0.897    0|0|0|0|0|0|0|0|0|0| 0|0|0|0|0|0|0|0|0|0|
0.898    0|0|0|0|0|0|0|0|0|0| 0|0|0|0|0|0|0|0|0|0|
0.899    0|0|0|0|0|0|0|0|0|0| 0|0|0|0|0|0|1|0|0|0|
0.900    0|0|0|0|0|0|0|0|0|0| 0|0|0|0|0|0|0|0|0|0|
0.901    0|0|0|0|0|0|0|0|0|0| 0|0|0|0|0|0|0|0|0|0|
0.902    0|0|0|0|0|0|0|0|0|0| 0|0|0|0|0|0|0|0|0|0|
0.903    0|0|0|0|0|0|0|0|0|0| 0|0|0|0|0|1|0|0|0|0|
0.904    0|0|0|0|0|0|0|0|0|0| 0|0|0|0|0|0|0|0|0|0|
0.905    0|0|0|0|0|0|0|0|0|0| 0|0|0|0|0|0|0|0|0|0|
0.906    0|0|0|0|0|0|0|0|0|0| 0|0|0|0|0|0|0|0|0|0|
0.907    0|0|0|0|0|0|0|0|0|0| 0|0|0|0|0|0|0|0|0|0|
0.908    0|0|0|0|0|0|0|0|0|0| 0|0|0|0|0|0|0|0|0|0|
0.909    0|0|0|0|0|0|0|0|0|0| 0|0|0|0|0|0|0|0|0|0|
0.909    0|0|0|0|0|0|0|0|0|0| 0|0|0|0|0|0|0|0|0|0|
0.910    0|0|0|0|0|0|0|0|0|0| 0|0|0|0|0|0|0|0|0|0|
0.911    0|0|0|0|0|0|0|0|0|0| 0|0|0|0|0|0|0|0|0|0|
0.912    0|0|0|0|0|0|0|0|0|0| 0|0|0|0|0|0|0|0|0|0|
0.913    0|0|0|0|0|0|0|0|1|0| 0|0|0|0|0|0|0|0|0|0|
0.914    0|0|0|0|0|0|0|0|0|0| 0|0|0|0|0|0|0|0|0|0|
0.915    0|0|0|0|0|0|0|0|0|0| 0|0|0|0|0|0|0|0|0|0|
0.916    0|0|0|0|0|0|0|0|0|0| 0|0|0|0|0|0|0|0|0|0|
0.917    0|0|0|0|0|1|0|0|0|0| 0|0|0|0|0|0|0|0|0|0|
0.918    0|0|0|0|0|0|0|0|0|0| 0|0|0|0|0|0|0|0|0|0|
0.919    0|0|0|0|0|0|0|0|0|0| 0|0|0|0|0|0|0|0|0|0|
0.920    0|0|0|0|0|0|0|1|0|0| 0|0|0|0|0|0|0|0|0|0|
0.921    0|0|0|0|0|0|0|0|0|0| 0|0|0|0|0|0|0|0|0|0|
0.922    0|0|0|0|0|0|0|0|0|0| 0|0|1|1|0|0|0|0|0|0|
0.923    0|0|0|0|0|0|0|0|0|0| 0|0|0|0|0|0|0|0|0|0|
0.924    0|0|0|0|0|0|0|0|0|0| 0|0|0|0|0|0|0|0|0|0|
0.925    0|0|0|0|0|0|1|0|0|0| 0|0|0|0|0|0|0|0|0|0|
0.926    0|0|0|0|0|0|0|0|0|0| 0|0|0|1|0|0|0|0|0|0|
0.927    0|0|0|0|0|0|0|0|0|0| 0|0|0|0|0|0|0|0|0|0|
0.928    0|0|0|0|0|0|0|0|0|0| 0|0|0|0|0|0|0|0|0|0|
0.929    0|0|0|0|0|0|0|0|0|0| 0|0|0|0|0|0|0|0|0|0|
0.930    0|0|0|0|0|0|0|0|0|0| 0|0|0|0|0|0|0|0|0|0|
0.931    0|0|0|0|0|0|0|0|0|0| 0|0|0|0|0|0|0|0|0|0|
0.932    0|0|0|0|0|0|0|0|0|0| 0|0|0|0|0|0|0|0|0|0|
0.933    0|0|0|0|0|0|0|0|0|0| 0|0|0|0|0|0|0|0|0|0|
0.934    0|0|0|0|0|0|0|0|0|0| 0|0|0|0|0|0|0|0|0|0|
0.935    0|0|0|0|0|0|0|0|0|0| 0|0|0|0|0|0|0|0|0|0|
0.936    0|0|0|0|0|0|0|0|0|0| 0|0|0|0|0|0|0|0|0|0|
0.937    0|0|0|0|0|0|0|0|0|0| 0|0|0|0|1|0|0|0|0|0|
0.938    0|0|0|0|0|0|0|0|0|0| 0|0|0|0|0|0|0|0|0|0|
0.939    0|0|0|0|0|0|0|0|0|0| 0|0|0|0|0|0|0|0|0|0|
0.940    0|0|0|0|0|0|0|0|0|0| 0|0|0|0|0|0|0|0|0|0|
0.941    0|0|0|0|0|0|0|0|0|0| 0|0|0|0|0|0|0|0|0|0|
0.942    0|0|0|0|0|0|0|0|0|0| 0|0|0|0|0|0|0|0|0|0|
0.943    0|0|0|0|0|0|0|0|0|0| 0|0|0|0|0|0|0|0|0|0|
0.944    0|0|0|0|0|0|0|0|0|0| 0|0|0|0|0|0|0|0|0|0|
0.945    0|0|0|0|0|0|0|0|0|0| 0|0|1|0|0|0|0|0|0|0|
0.946    0|0|0|0|0|0|0|0|0|0| 0|0|0|0|0|0|0|0|0|0|
0.947    0|0|0|0|0|0|0|0|0|0| 0|0|0|0|0|0|0|0|0|0|
0.948    0|0|0|0|0|0|0|0|0|0| 0|0|0|0|0|0|0|0|0|0|
0.949    0|0|0|0|0|0|0|0|0|0| 0|0|0|0|0|0|0|0|0|0|
0.950    0|0|0|0|0|0|0|0|0|0| 0|0|0|0|0|0|0|0|0|0|
0.951    0|0|0|0|0|0|0|0|0|0| 0|0|0|0|0|0|0|0|0|0|
0.952    0|0|0|0|0|0|0|0|0|0| 0|0|0|0|0|0|0|0|0|0|
0.953    0|0|0|0|0|0|0|0|0|0| 0|0|0|0|0|0|0|0|0|0|
0.954    0|0|0|0|0|0|0|0|0|0| 0|0|0|0|0|0|0|0|0|0|
0.955    0|0|0|0|0|0|0|0|0|0| 0|0|0|0|0|0|0|0|0|0|
0.956    0|0|0|0|0|0|0|0|0|0| 0|0|0|0|0|0|0|0|0|0|
0.957    0|0|0|0|0|0|1|0|0|0| 0|0|0|0|0|0|0|0|0|0|
0.958    0|0|0|0|0|0|0|0|0|0| 0|0|0|0|0|0|0|0|0|0|
0.959    0|0|0|0|0|0|0|0|0|0| 0|0|0|0|0|0|0|0|0|0|
0.960    0|0|0|0|0|0|0|0|0|0| 0|0|0|0|0|0|0|0|0|0|
0.961    0|0|0|0|0|0|0|0|0|0| 0|0|0|0|0|0|0|0|0|0|
0.962    0|0|0|0|0|0|0|0|0|0| 0|0|0|0|0|0|0|0|0|0|
0.963    0|0|0|0|0|0|0|0|0|0| 0|0|0|0|0|0|0|0|0|0|
0.964    0|0|0|0|0|1|0|0|0|0| 0|0|0|0|0|0|0|0|0|0|
0.965    0|0|0|0|0|0|0|0|0|0| 0|0|0|0|1|0|0|0|0|0|
0.966    0|0|0|0|0|0|0|0|0|0| 0|0|0|0|0|0|0|0|0|0|
0.967    0|0|0|0|0|0|0|0|1|0| 0|0|0|0|0|0|0|0|0|0|
0.968    0|0|0|0|0|0|0|0|0|0| 0|0|0|0|0|0|0|0|0|0|
0.969    0|0|0|0|0|0|0|0|0|0| 0|0|0|0|0|0|0|0|0|0|
0.970    0|0|0|0|0|0|0|0|0|0| 0|0|0|0|0|0|0|0|0|0|
0.971    0|0|0|0|0|0|0|0|0|0| 0|0|0|0|0|0|0|0|0|0|
0.972    0|0|0|0|0|0|0|0|0|0| 0|0|0|0|0|0|0|0|0|0|
0.973    0|0|0|0|0|0|0|0|0|0| 0|0|0|0|0|0|0|0|0|0|
0.974    0|0|0|0|0|0|0|0|0|0| 0|0|0|0|0|0|0|0|0|0|
0.975    0|0|0|0|0|0|0|0|0|0| 0|1|0|0|0|0|0|0|0|0|
0.976    0|0|0|0|0|0|0|0|0|0| 0|0|0|0|0|0|0|0|0|0|
0.977    0|0|0|0|0|0|0|0|0|0| 0|0|0|0|0|0|0|0|0|0|
0.978    0|0|0|0|0|0|0|0|0|0| 0|0|0|0|0|0|0|0|0|0|
0.979    0|0|0|0|0|0|0|0|0|0| 0|0|0|0|0|0|0|0|0|0|
0.980    0|0|0|0|0|0|0|0|0|0| 0|0|0|0|0|1|0|0|0|0|
0.981    0|0|0|0|0|0|0|0|0|0| 0|0|0|0|0|0|0|0|0|0|
0.982    0|0|0|0|0|0|0|0|0|0| 0|0|0|0|0|0|0|0|0|0|
0.983    0|0|0|0|0|0|0|0|0|0| 0|0|0|0|0|0|0|0|0|0|
0.984    0|0|0|0|0|1|0|0|1|0| 0|0|0|0|0|0|0|0|0|0|
0.985    0|0|0|0|0|0|0|0|0|0| 0|0|0|0|0|0|0|0|0|0|
0.986    0|0|0|0|0|0|0|0|0|0| 0|0|0|0|0|0|0|0|0|0|
0.987    0|0|0|0|0|0|0|0|0|0| 0|0|0|0|0|0|0|0|0|0|
0.988    0|0|0|0|0|0|0|0|0|0| 0|0|0|0|0|0|0|0|0|0|
0.989    0|0|0|0|0|0|0|1|0|0| 0|0|0|0|0|0|0|0|0|0|
0.990    0|0|0|0|0|0|0|0|0|0| 0|0|0|0|0|0|0|0|0|0|
0.991    0|0|0|0|0|0|0|0|0|0| 0|0|0|0|0|0|0|0|0|0|
0.992    0|0|0|0|0|0|0|0|0|0| 0|0|0|0|0|0|0|0|0|0|
0.992    0|0|0|0|0|0|0|0|0|0| 0|0|0|1|0|0|0|0|0|0|
0.993    0|0|0|0|0|0|0|0|0|0| 0|0|0|0|0|0|0|0|0|0|
0.994    0|0|0|0|0|0|0|0|0|0| 0|0|0|0|0|0|0|0|0|0|
0.995    0|0|0|0|1|0|0|0|0|0| 0|1|0|0|0|0|0|0|0|0|
0.996    0|0|0|0|0|0|0|0|0|0| 0|0|0|0|0|0|0|0|0|0|
0.997    0|0|0|0|0|0|0|0|0|0| 0|0|0|0|0|0|0|0|0|0|
0.998    0|0|0|0|0|0|0|0|0|0| 0|0|0|0|0|0|0|0|0|0|
0.999    0|0|0|0|0|0|0|0|0|0| 0|0|1|0|0|0|0|0|0|0|
1.000    0|0|0|0|0|0|0|0|0|0| 0|0|0|0|0|0|0|0|0|0|
1.001    0|0|0|0|0|0|0|0|0|0| 0|0|0|0|0|0|0|0|0|0|
1.002    0|0|0|0|0|0|0|0|0|0| 0|0|0|0|0|0|0|0|0|0|
1.003    0|0|0|0|0|0|0|0|0|0| 0|0|0|0|0|0|0|0|0|0|
1.004    0|0|0|0|0|0|0|0|0|0| 0|0|0|0|0|0|0|0|0|0|
1.005    0|0|0|0|0|0|0|0|0|0| 0|0|0|0|0|0|0|0|0|0|
1.006    0|0|0|0|0|0|0|0|0|0| 0|0|0|0|0|0|0|0|0|0|
1.007    0|0|0|0|0|0|0|0|0|0| 0|0|0|0|0|0|0|0|0|0|
1.008    0|0|0|0|0|0|0|1|0|0| 0|0|0|0|0|0|0|0|0|0|
1.009    0|0|0|0|0|0|0|0|0|0| 0|0|0|0|0|0|0|0|0|0|
1.010    0|0|0|0|0|0|0|0|0|0| 0|0|0|0|0|0|0|0|0|0|
1.011    0|0|0|0|0|0|0|0|0|0| 0|0|0|0|0|0|0|0|0|0|
1.012    0|0|0|0|0|0|0|0|0|0| 0|0|0|0|0|0|0|0|0|0|
1.013    0|0|0|0|0|0|0|0|0|0| 0|0|0|0|0|0|0|0|0|0|
1.014    0|0|0|0|0|0|0|0|0|0| 1|0|0|0|0|0|0|0|0|0|
1.015    0|0|0|0|0|0|0|0|0|0| 0|0|0|0|0|0|0|0|0|0|
1.016    0|0|0|0|0|0|0|0|0|0| 0|0|0|0|0|0|0|0|0|0|
1.017    0|0|0|0|0|0|0|0|0|0| 0|0|0|0|0|0|0|0|0|0|
1.018    0|0|0|0|0|0|0|0|0|0| 0|0|0|0|0|0|0|0|0|0|
1.019    0|0|0|0|0|0|0|0|0|0| 0|0|0|0|0|0|1|0|0|0|
1.020    0|0|0|0|0|0|0|0|0|0| 0|0|0|0|1|0|0|0|0|0|
1.021    0|0|0|0|0|0|0|0|0|0| 0|0|0|0|0|0|0|0|0|0|
1.022    0|0|0|0|0|0|0|0|0|0| 0|0|0|0|0|0|0|0|0|0|
1.023    0|0|0|0|0|0|0|0|0|0| 0|0|0|0|0|0|0|0|0|0|
1.024    0|0|0|0|0|0|0|0|0|0| 0|0|0|0|0|0|0|0|0|0|
1.025    0|0|0|0|0|0|0|0|0|0| 0|0|0|0|0|0|0|0|0|0|
1.026    0|0|0|0|0|0|0|0|0|0| 0|0|0|0|0|0|0|0|0|0|
1.027    0|0|0|0|0|0|0|0|0|0| 0|0|1|0|0|0|0|0|0|0|
1.028    0|0|0|0|0|0|0|0|0|0| 0|0|0|0|0|0|0|0|0|0|
1.029    0|0|0|0|0|0|0|0|0|0| 0|0|0|0|0|0|0|0|0|0|
1.030    0|0|0|0|0|0|0|0|0|0| 0|0|0|0|0|0|0|0|0|0|
1.031    0|0|0|0|0|0|1|1|0|0| 0|0|0|0|0|0|0|0|0|0|
1.032    0|0|0|0|0|0|0|0|0|0| 0|0|0|0|0|0|0|0|0|0|
1.033    0|0|0|0|0|0|0|0|0|0| 0|0|0|0|0|0|0|0|0|0|
1.034    0|0|0|0|0|0|0|0|0|0| 0|0|0|0|0|0|0|0|0|0|
1.035    0|0|0|0|0|0|0|0|0|0| 0|0|0|0|0|0|0|0|0|0|
1.036    0|0|0|0|0|0|0|0|1|0| 0|0|0|0|0|0|0|0|0|0|
1.037    0|0|0|0|0|0|0|0|0|0| 0|0|0|0|0|0|0|0|0|0|
1.038    0|0|0|0|0|0|0|0|0|0| 0|0|1|0|0|0|0|0|0|0|
1.039    0|0|0|0|0|0|0|0|0|0| 0|0|0|0|0|0|0|0|0|0|
1.040    0|0|0|0|0|0|0|0|0|0| 0|0|0|0|0|0|0|0|0|0|
1.041    0|0|0|0|0|0|0|0|0|0| 0|0|0|0|0|0|0|0|0|0|
1.042    0|0|0|0|0|0|0|0|0|0| 0|0|0|0|0|0|1|0|0|0|
1.043    0|0|0|0|0|0|0|0|0|0| 0|0|0|0|0|0|0|0|0|0|
1.044    0|0|0|0|0|0|0|0|0|0| 0|0|0|0|0|0|0|0|0|0|
1.045    0|0|0|0|0|0|0|0|0|0| 0|0|0|0|0|0|0|0|0|0|
1.046    0|0|0|0|0|0|0|0|0|0| 0|0|0|0|0|0|0|0|0|0|
1.047    0|0|0|0|0|0|0|0|0|0| 0|0|0|0|0|0|0|0|0|0|
1.048    0|0|0|0|0|0|0|0|0|0| 0|0|0|0|0|0|0|0|0|0|
1.049    0|0|0|0|0|0|0|0|0|0| 0|0|0|0|0|0|0|0|0|0|
1.050    0|0|0|0|0|0|0|0|0|0| 0|0|0|0|0|0|0|0|0|0|
1.051    0|0|0|0|0|0|0|0|0|0| 0|0|0|0|0|0|0|0|0|0|
1.052    0|0|0|0|0|0|0|0|0|0| 0|0|0|0|0|0|0|0|0|0|
1.053    0|0|0|0|0|0|0|0|1|0| 0|0|0|0|0|0|0|0|0|0|
1.054    0|0|0|0|0|0|0|0|0|0| 0|0|0|0|0|0|0|0|0|0|
1.055    0|0|0|0|0|0|0|0|0|0| 0|0|0|0|0|0|0|0|0|0|
1.056    0|0|0|0|0|0|0|0|0|0| 0|0|0|0|0|0|0|0|0|0|
1.057    0|0|0|0|0|0|0|0|0|0| 0|0|0|0|0|0|0|0|0|0|
1.058    0|0|0|0|0|0|0|0|0|0| 0|0|0|0|0|0|0|0|0|0|
1.059    0|0|0|0|0|0|0|0|0|0| 0|0|0|0|0|0|0|0|0|0|
1.060    0|0|0|0|0|0|0|0|0|0| 0|0|0|0|0|0|0|0|0|0|
1.061    0|0|0|0|0|0|0|0|0|0| 0|0|0|0|0|0|0|0|0|0|
1.062    0|0|0|0|0|0|0|0|0|0| 0|0|0|0|0|0|0|0|0|0|
1.063    0|0|0|0|0|0|0|0|0|0| 0|0|0|0|0|0|0|0|0|0|
1.064    0|0|0|0|0|0|0|0|0|0| 0|0|0|0|0|0|0|0|0|0|
1.065    0|0|0|0|0|0|0|0|0|0| 0|0|0|0|0|0|0|0|0|0|
1.066    0|0|0|0|0|0|1|0|0|0| 0|0|0|0|0|0|0|0|0|0|
1.067    0|0|0|0|0|0|0|0|0|0| 0|0|0|0|0|0|0|0|0|0|
1.068    0|0|0|0|0|1|0|0|0|0| 0|0|0|0|0|0|0|0|0|0|
1.069    0|0|0|0|0|0|0|0|0|0| 0|0|0|1|0|0|0|0|0|0|
1.070    0|0|0|0|0|0|0|0|0|0| 0|0|0|0|0|0|0|0|0|0|
1.071    0|0|0|0|0|0|0|0|0|0| 0|0|1|0|0|0|0|0|0|0|
1.072    0|0|0|0|0|0|0|0|0|0| 0|0|0|0|0|0|0|0|0|0|
1.073    0|0|0|0|0|0|0|0|0|0| 0|0|0|0|0|0|0|0|0|0|
1.074    0|0|0|0|0|0|0|0|0|0| 0|0|0|0|0|0|0|0|0|0|
1.074    0|0|0|0|0|0|0|0|0|0| 0|0|0|0|0|0|0|0|0|0|
1.075    0|0|0|0|0|0|0|0|0|0| 0|0|0|0|0|0|0|0|0|0|
1.076    0|0|0|0|0|0|0|0|0|0| 0|0|0|0|0|1|0|0|0|0|
1.077    0|0|0|0|0|0|0|0|0|0| 0|1|0|0|0|0|0|0|0|0|
1.078    0|0|0|0|0|0|0|0|0|0| 0|0|0|0|0|0|0|0|0|0|
1.079    0|0|0|0|0|0|0|0|1|0| 0|0|0|0|0|0|0|0|0|0|
1.080    0|0|0|0|0|0|0|0|0|0| 0|0|0|0|0|0|0|0|0|0|
1.081    0|0|0|0|0|0|0|0|0|0| 0|0|0|0|0|0|0|0|0|0|
1.082    0|0|0|0|0|0|0|0|0|0| 0|0|0|0|0|0|0|0|0|0|
1.083    0|0|0|0|0|0|0|0|0|0| 0|0|0|0|0|0|0|0|0|0|
1.084    0|0|0|0|0|0|0|1|0|0| 0|0|0|0|0|0|0|0|0|0|
1.085    0|0|0|0|0|0|0|0|0|0| 0|0|0|0|0|0|0|0|0|0|
1.086    0|0|0|0|0|0|0|0|0|0| 0|0|0|0|0|0|0|0|0|0|
1.087    0|0|0|0|0|0|0|0|0|0| 0|0|1|0|0|0|0|0|0|0|
1.088    0|0|0|0|0|0|0|0|0|0| 0|0|0|0|0|0|0|0|0|0|
1.089    0|0|0|0|0|0|0|0|0|0| 0|0|0|0|0|0|0|0|0|0|
1.090    0|0|0|0|0|0|0|0|0|0| 0|0|1|0|0|0|0|0|0|0|
1.091    0|0|0|0|0|0|0|0|0|0| 0|0|0|0|0|0|0|0|0|0|
1.092    0|0|0|0|0|0|0|0|0|0| 0|0|0|0|0|0|0|0|0|0|
1.093    0|0|0|0|0|0|0|0|0|0| 0|0|0|0|0|0|0|0|0|0|
1.094    0|0|0|0|0|0|0|0|0|0| 0|0|0|0|0|0|0|0|0|0|
1.095    0|0|0|0|0|0|0|0|0|0| 0|0|0|1|0|0|0|0|0|0|
1.096    0|0|0|0|0|0|0|0|0|0| 0|0|0|0|0|0|0|0|0|0|
1.097    0|0|0|0|0|0|0|0|0|0| 0|0|0|0|0|0|0|0|0|0|
1.098    0|0|0|0|0|0|0|0|0|0| 0|0|0|0|0|0|0|0|0|0|
1.099    0|0|0|0|0|0|0|0|0|0| 0|0|0|0|0|0|0|0|0|0|
1.100    0|0|0|0|0|0|0|0|0|0| 0|0|0|0|0|0|0|0|0|0|
1.101    0|0|0|0|0|0|0|0|1|0| 0|0|0|0|0|0|0|0|0|0|
1.102    0|0|0|0|0|0|0|0|0|0| 0|0|0|0|1|0|0|0|0|0|
1.103    0|0|0|0|0|0|0|0|0|1| 0|0|0|0|0|0|0|0|0|0|
1.104    0|0|0|0|0|0|0|0|0|0| 0|0|0|0|0|0|0|0|0|0|
1.105    0|0|0|0|0|0|0|0|0|0| 0|0|0|0|0|0|0|0|0|0|
1.106    0|0|0|0|0|0|0|0|0|0| 0|0|0|1|0|0|0|0|0|0|
1.107    0|0|0|0|0|0|0|0|0|0| 0|0|0|0|0|0|0|0|0|0|
1.108    0|0|0|0|0|0|0|1|0|0| 0|0|0|0|0|0|0|0|0|0|
1.109    0|0|0|0|0|0|0|0|0|0| 0|0|0|0|0|0|0|0|0|0|
1.110    0|0|0|0|0|0|0|0|0|0| 0|0|0|0|0|0|0|0|0|0|
1.111    0|0|0|0|1|0|0|0|0|0| 0|0|0|0|0|0|0|0|0|0|
1.112    0|0|0|0|0|0|0|0|0|0| 0|0|1|0|0|0|0|0|0|0|
1.113    0|0|0|0|0|1|0|0|0|0| 0|0|0|0|0|0|0|0|0|0|
1.114    0|0|0|0|0|0|0|0|0|0| 0|0|0|0|0|0|0|0|0|0|
1.115    0|0|0|0|0|0|1|0|0|0| 1|0|0|0|0|0|0|0|0|0|
1.116    0|0|0|0|0|0|0|0|0|0| 0|0|0|0|0|0|0|0|0|0|
1.117    0|0|1|0|0|0|0|0|0|0| 0|0|0|0|1|0|0|0|0|0|
1.118    0|0|0|0|0|0|0|0|0|0| 0|0|0|0|0|0|0|0|0|0|
1.119    0|0|0|0|0|0|0|0|0|0| 0|0|0|0|0|0|0|0|0|0|
1.120    0|0|0|0|0|0|0|0|0|0| 0|0|0|0|0|0|0|0|0|0|
1.121    0|0|0|0|0|0|0|0|0|0| 0|0|0|0|0|0|0|0|0|0|
1.122    0|0|0|0|0|0|0|0|0|0| 0|0|0|0|0|0|0|0|0|0|
1.123    0|0|0|0|0|0|0|0|0|0| 0|0|1|0|0|0|0|0|0|0|
1.124    0|0|0|0|0|0|0|0|0|0| 0|0|0|0|0|0|0|0|0|0|
1.125    0|0|0|0|0|0|0|0|0|0| 0|0|0|0|0|0|0|0|0|0|
1.126    0|0|0|0|0|0|0|0|0|0| 0|0|0|0|0|0|0|0|0|0|
1.127    0|0|0|0|0|0|0|0|0|0| 0|0|0|0|0|0|0|0|0|0|
1.128    0|0|0|0|0|0|0|0|0|0| 0|0|0|0|0|0|0|0|0|0|
1.129    0|0|0|0|0|0|0|0|1|0| 0|0|0|0|0|0|0|0|0|0|
1.130    0|0|0|0|0|0|0|0|0|0| 0|0|0|0|0|0|0|0|0|0|
1.131    0|0|0|1|0|0|0|0|0|0| 0|0|0|0|0|0|0|0|0|0|
1.132    0|0|0|0|0|1|0|0|0|0| 0|0|0|0|0|0|0|0|0|0|
1.133    0|0|0|0|0|0|0|0|0|0| 0|0|0|0|0|0|0|0|0|0|
1.134    0|0|0|0|0|0|0|0|0|0| 0|0|0|0|0|0|0|0|0|0|
1.135    0|0|0|0|0|0|0|0|0|0| 0|0|0|0|0|0|0|0|0|0|
1.136    0|0|0|0|0|0|0|0|0|0| 0|1|0|0|0|0|0|0|0|0|
1.137    0|0|0|0|0|0|0|0|0|0| 0|0|0|0|0|0|0|0|0|0|
1.138    0|0|0|0|0|0|0|0|0|0| 0|0|0|0|0|0|0|0|0|0|
1.139    0|0|0|0|0|0|0|0|0|0| 0|0|0|0|0|0|0|0|0|0|
1.140    0|0|0|0|0|0|0|0|0|0| 0|0|0|0|0|0|0|0|0|0|
1.141    0|0|0|0|0|0|0|0|0|0| 0|0|0|0|0|0|0|0|0|0|
1.142    0|0|0|0|0|0|1|0|0|0| 0|0|0|0|0|0|0|0|0|0|
1.143    0|0|0|0|0|0|0|0|0|0| 0|0|0|0|0|0|0|0|0|0|
1.144    0|0|0|0|0|0|0|0|0|0| 0|0|0|0|0|0|0|0|0|0|
1.145    0|0|0|0|0|0|0|0|0|0| 0|0|1|0|0|0|0|0|0|0|
1.146    0|0|0|0|0|0|0|0|0|0| 0|0|0|1|0|0|0|0|0|0|
1.147    0|0|0|0|0|0|0|0|0|0| 0|0|0|0|0|0|0|0|0|0|
1.148    0|0|0|0|0|0|0|0|0|0| 0|0|0|0|0|0|0|0|0|0|
1.149    0|0|0|0|0|0|0|0|0|0| 0|0|0|0|0|0|0|0|0|0|
1.150    0|0|0|0|0|0|0|0|0|0| 0|0|0|0|0|0|0|0|0|0|
1.151    0|0|0|0|0|0|0|0|0|0| 0|0|0|0|0|0|0|0|0|0|
1.152    0|0|0|0|0|0|0|0|0|0| 0|0|0|0|0|0|0|0|0|0|
1.153    0|0|0|0|0|0|0|0|0|0| 0|0|0|0|0|0|0|0|0|0|
1.154    0|0|0|0|0|0|0|0|0|0| 0|0|0|0|0|0|0|0|0|0|
1.155    0|0|0|0|0|0|0|1|0|0| 0|0|0|0|0|0|0|0|0|0|
1.156    0|0|0|0|0|0|0|0|0|0| 0|0|0|0|1|0|0|0|0|0|
1.157    0|0|0|0|0|0|0|0|0|0| 0|0|0|0|0|0|0|0|0|0|
1.157    0|0|0|0|0|0|0|0|0|0| 0|0|0|0|0|0|0|0|0|0|
1.158    0|0|0|0|0|0|0|0|0|0| 0|0|0|0|0|0|0|0|0|0|
1.159    0|0|0|0|0|0|0|0|0|0| 0|0|0|0|0|0|0|0|0|0|
1.160    0|0|0|0|0|0|0|0|0|0| 0|1|0|0|0|0|0|0|0|0|
1.161    0|0|0|0|0|0|0|0|0|0| 0|0|0|0|0|0|0|0|0|0|
1.162    0|0|0|0|0|0|0|0|0|0| 0|0|0|0|0|0|0|0|0|0|
1.163    0|0|0|0|0|0|0|0|0|0| 0|0|0|0|0|0|0|0|0|0|
1.164    0|0|0|0|0|0|0|0|0|0| 0|0|0|0|0|0|0|0|0|0|
1.165    0|0|0|0|0|0|0|0|0|0| 0|0|0|0|0|0|0|0|0|0|
1.166    0|0|0|0|0|1|0|0|0|0| 0|0|0|0|0|0|0|0|0|0|
1.167    0|0|0|0|0|0|1|0|1|0| 0|0|0|0|0|0|0|0|0|0|
1.168    0|0|0|0|0|0|0|0|0|0| 0|0|0|0|0|0|0|0|0|0|
1.169    0|0|0|0|0|0|0|0|0|0| 0|0|0|0|0|0|0|0|0|0|
1.170    0|0|0|0|0|0|0|1|0|0| 0|0|0|0|0|0|0|0|0|0|
1.171    0|0|0|0|0|0|0|0|0|0| 0|0|0|0|0|0|0|0|0|0|
1.172    0|0|0|0|0|0|0|0|0|0| 0|0|0|0|0|0|0|0|0|0|
1.173    0|0|0|0|0|0|0|0|0|0| 0|0|0|0|0|0|0|0|0|0|
1.174    0|0|0|0|0|0|0|0|0|0| 0|0|0|0|0|0|0|0|0|0|
1.175    0|0|0|0|0|0|0|0|0|0| 0|0|0|0|0|0|0|0|0|0|
1.176    0|0|0|0|0|0|0|0|0|0| 0|0|0|0|0|0|0|0|0|0|
1.177    0|0|0|0|0|0|0|0|0|0| 0|0|0|0|0|0|0|0|0|0|
1.178    0|0|0|0|0|0|0|0|0|0| 0|0|0|0|0|0|0|0|0|0|
1.179    0|0|0|0|0|0|0|0|0|0| 0|0|0|0|0|0|0|0|0|0|
1.180    0|0|0|0|0|0|0|0|0|0| 0|0|0|0|0|0|0|0|0|0|
1.181    0|0|0|0|0|0|0|0|0|0| 0|0|0|0|0|0|0|0|0|0|
1.182    0|0|0|0|0|0|0|0|0|0| 0|0|0|0|0|0|0|0|0|0|
1.183    0|0|0|0|1|0|0|0|0|0| 0|0|0|0|0|0|0|0|0|0|
1.184    0|0|0|0|0|0|0|0|0|0| 0|0|0|0|0|0|0|0|0|0|
1.185    0|0|0|0|0|0|0|0|0|0| 0|0|0|0|0|0|0|0|0|0|
1.186    0|0|0|0|0|0|1|0|0|0| 0|0|0|0|0|0|0|0|0|0|
1.187    0|0|0|0|0|0|0|0|0|0| 0|0|0|0|0|0|0|0|0|0|
1.188    0|0|0|0|0|0|0|0|0|0| 0|0|0|0|0|0|0|0|0|0|
1.189    0|0|0|0|0|0|0|0|0|0| 0|0|0|0|0|0|0|0|0|0|
1.190    0|0|0|0|0|0|0|0|0|0| 0|0|0|0|0|0|0|0|0|0|
1.191    0|0|0|0|0|0|0|0|0|0| 0|0|0|0|0|0|0|0|0|0|
1.192    0|0|0|0|0|0|0|0|0|0| 0|0|0|0|1|0|0|0|0|0|
1.193    0|0|0|0|0|0|0|0|0|0| 0|0|0|0|0|0|0|0|0|0|
1.194    0|0|0|0|0|0|0|0|0|0| 0|0|0|0|0|0|0|0|0|0|
1.195    0|0|0|0|0|0|1|0|0|0| 0|0|0|0|0|0|0|0|0|0|
1.196    0|0|0|0|0|0|0|0|0|0| 0|0|0|0|0|0|0|0|0|0|
1.197    0|0|0|0|0|0|0|0|0|0| 0|0|0|0|0|1|0|0|0|0|
1.198    0|0|0|0|0|0|0|0|0|0| 0|0|0|0|0|0|0|0|0|0|
1.199    0|0|0|0|0|0|0|0|0|0| 0|0|0|0|1|0|0|0|0|0|
1.200    0|0|0|0|0|0|0|0|0|0| 0|0|0|0|0|0|0|0|0|0|
1.201    0|0|0|0|0|0|0|0|0|0| 0|0|0|0|0|0|0|0|0|0|
1.202    0|0|0|0|0|0|0|0|0|0| 1|0|1|0|0|0|0|0|0|0|
1.203    0|0|0|0|0|0|0|0|1|0| 0|1|0|0|0|0|0|0|0|0|
1.204    0|0|0|0|0|0|0|0|0|0| 0|0|0|0|0|0|0|0|0|0|
1.205    0|0|0|0|0|0|0|0|0|0| 0|0|0|0|0|0|0|0|0|0|
1.206    0|0|0|0|0|0|0|0|0|0| 0|0|0|0|0|0|0|0|0|0|
1.207    0|0|0|0|0|0|0|1|0|0| 0|0|0|0|0|0|0|0|0|0|
1.208    0|0|0|0|0|0|0|0|0|0| 0|1|0|0|0|0|0|0|0|0|
1.209    0|0|0|0|0|0|0|0|0|0| 0|0|0|1|0|0|0|0|0|0|
1.210    0|0|0|0|0|0|0|0|0|0| 0|0|0|0|0|0|0|0|0|0|
1.211    0|0|0|0|0|0|0|0|0|0| 0|0|0|0|0|1|0|0|0|0|
1.212    0|0|0|0|0|0|0|0|0|0| 0|0|0|0|0|0|0|0|0|0|
1.213    0|0|0|0|0|0|0|0|0|0| 0|0|0|0|0|0|0|0|0|0|
1.214    0|0|0|0|0|0|0|0|0|0| 0|0|0|0|0|0|0|0|0|0|
1.215    0|0|0|0|0|0|0|0|0|0| 0|0|0|0|0|0|0|0|0|0|
1.216    0|0|0|0|0|0|0|0|0|0| 0|0|0|0|0|0|0|0|0|0|
1.217    0|0|0|0|0|0|0|1|0|0| 0|0|0|0|0|0|0|0|0|0|
1.218    0|0|0|0|0|0|0|0|0|0| 0|0|0|0|1|0|0|0|0|0|
1.219    0|0|0|0|0|0|0|0|0|0| 0|0|0|0|0|0|0|0|0|0|
1.220    0|0|0|0|1|0|0|0|0|0| 0|0|0|0|0|0|0|0|0|0|
1.221    0|0|0|0|0|0|0|0|0|0| 0|0|0|0|0|0|0|0|0|0|
1.222    0|0|0|0|0|0|0|0|0|0| 0|0|0|0|0|0|0|0|0|0|
1.223    0|0|0|0|0|1|0|0|0|0| 0|0|0|0|0|0|0|0|0|0|
1.224    0|0|0|1|0|0|0|0|0|0| 0|0|0|0|0|0|0|0|0|0|
1.225    0|0|0|0|0|0|0|0|0|0| 0|0|0|0|0|0|0|0|0|0|
1.226    0|0|0|0|0|0|0|0|0|0| 0|0|0|0|0|0|0|0|0|0|
1.227    0|0|0|0|0|0|0|0|0|0| 0|0|0|0|0|0|0|0|0|0|
1.228    0|0|0|0|0|0|0|0|0|0| 0|0|0|0|0|0|0|0|0|0|
1.229    0|0|0|0|0|0|0|0|0|0| 0|0|0|0|0|0|0|0|0|0|
1.230    0|0|0|0|0|0|0|0|0|0| 0|0|0|0|0|0|0|0|0|0|
1.231    0|0|0|0|0|0|0|0|0|0| 0|0|0|0|0|0|0|0|0|0|
1.232    0|0|0|0|0|0|0|0|0|0| 0|0|0|0|0|0|0|0|0|0|
1.233    0|0|0|0|0|0|0|0|0|1| 0|0|0|0|0|0|0|0|0|0|
1.234    0|0|0|0|0|0|0|0|0|0| 0|0|0|0|0|0|0|0|0|0|
1.235    0|0|0|0|0|1|0|0|0|0| 0|0|0|0|0|0|0|0|0|0|
1.236    0|0|0|0|0|0|0|0|1|0| 0|0|0|0|0|0|0|0|0|0|
1.237    0|0|0|0|0|0|0|0|0|0| 0|0|0|0|0|0|0|0|0|0|
1.238    0|0|0|0|0|0|0|0|0|0| 0|0|0|0|0|0|0|0|0|0|
1.239    0|0|0|0|0|0|1|0|0|0| 0|0|0|0|0|0|0|0|0|0|
1.239    0|0|0|0|0|0|0|0|0|0| 0|0|0|0|1|0|0|0|0|0|
1.240    0|0|0|0|0|0|0|0|0|0| 0|0|0|0|0|0|0|0|0|0|
1.241    0|0|0|0|0|0|0|0|0|0| 0|0|0|0|0|0|0|0|0|0|
1.242    0|0|0|0|0|0|0|0|0|0| 0|0|0|0|0|0|0|0|0|0|
1.243    0|0|0|0|0|0|0|0|0|0| 0|0|0|0|0|0|0|0|0|0|
1.244    0|0|0|0|0|0|0|0|0|0| 0|0|0|0|0|0|0|0|0|0|
1.245    0|0|0|0|0|0|0|0|0|0| 0|0|0|0|0|0|0|0|0|0|
1.246    0|0|0|0|0|0|0|0|0|0| 0|0|0|0|0|0|0|1|0|0|
1.247    0|0|0|0|0|0|0|0|0|0| 0|0|0|0|0|0|0|0|0|0|
1.248    0|0|0|0|1|0|0|0|0|0| 0|0|0|0|0|0|0|0|0|0|
1.249    0|0|0|0|0|0|0|0|0|0| 0|0|0|0|0|0|0|0|0|0|
1.250    0|0|0|0|0|0|0|0|0|0| 0|0|0|0|0|0|0|0|0|0|
1.251    0|0|0|0|0|0|0|1|0|0| 0|0|0|0|0|0|0|0|0|0|
1.252    0|0|0|0|0|0|0|0|0|0| 0|0|1|0|0|0|0|0|0|0|
1.253    0|0|0|0|0|0|0|0|0|0| 0|0|0|0|0|0|0|0|0|0|
1.254    0|0|0|0|0|0|0|0|0|0| 0|0|0|0|0|0|0|0|0|0|
1.255    0|0|0|0|0|0|0|0|1|0| 0|0|0|0|0|0|0|0|0|0|
1.256    0|0|0|0|0|0|0|0|0|0| 0|0|0|0|0|0|0|0|0|0|
1.257    0|0|0|0|0|0|0|0|0|0| 0|0|0|0|0|0|0|0|0|0|
1.258    0|0|0|0|0|1|0|0|0|0| 0|0|0|1|0|0|0|0|0|0|
1.259    0|0|0|0|0|0|0|0|0|0| 0|0|0|0|0|0|0|0|0|0|
1.260    0|0|0|0|0|0|0|0|0|0| 0|0|0|0|0|0|0|0|0|0|
1.261    0|0|0|0|0|0|0|0|0|0| 0|0|0|0|0|0|0|0|0|0|
1.262    0|0|0|0|0|0|0|0|0|0| 0|0|0|0|0|0|0|0|0|0|
1.263    0|0|0|0|0|0|0|0|0|0| 0|0|0|0|0|0|0|0|0|0|
1.264    0|0|0|0|0|0|0|0|0|0| 0|0|0|0|0|0|0|0|0|0|
1.265    0|0|0|0|0|0|0|0|0|0| 0|0|1|0|0|0|0|0|0|0|
1.266    0|0|0|0|0|0|0|0|0|0| 0|0|0|0|0|0|1|0|0|0|
1.267    0|0|0|0|0|0|1|0|0|0| 0|0|0|0|0|0|0|0|0|0|
1.268    0|0|0|0|0|0|0|0|0|0| 0|0|0|0|0|0|0|0|0|0|
1.269    0|0|0|0|0|0|0|0|0|0| 0|1|0|0|1|0|0|0|0|0|
1.270    0|0|0|0|0|0|0|0|0|0| 0|0|0|0|0|0|0|0|0|0|
1.271    0|0|0|0|0|0|0|0|0|0| 0|0|0|0|0|0|0|0|0|0|
1.272    0|0|0|0|0|0|0|0|0|0| 0|0|0|0|0|0|0|0|0|0|
1.273    0|0|0|0|0|0|0|0|0|0| 0|0|0|0|0|0|0|0|0|0|
1.274    0|0|0|0|0|0|0|0|1|0| 0|0|0|0|0|0|0|0|0|0|
1.275    0|0|0|0|0|0|0|0|0|0| 0|0|0|1|0|0|0|0|0|0|
1.276    0|0|0|0|0|0|0|0|0|0| 0|0|0|0|0|0|0|0|0|0|
1.277    0|0|0|0|0|0|0|0|0|0| 0|0|0|0|0|1|0|0|0|0|
1.278    0|0|0|0|0|0|0|0|0|0| 0|0|0|0|0|0|0|0|0|0|
1.279    0|0|0|0|0|0|0|1|0|0| 0|0|0|0|1|0|0|0|0|0|
1.280    0|0|0|0|0|0|0|0|0|0| 0|0|0|0|0|0|0|0|0|0|
1.281    0|0|0|0|0|0|0|0|0|0| 0|0|0|0|0|0|0|0|0|0|
1.282    0|0|0|0|0|0|0|0|0|0| 0|0|0|0|0|0|0|0|0|0|
1.283    0|0|0|0|0|0|0|0|0|0| 0|0|0|0|0|0|0|0|0|0|
1.284    0|0|0|0|0|0|0|0|0|0| 0|0|0|0|0|0|0|0|0|0|
1.285    0|0|0|0|0|0|0|0|0|0| 0|0|0|0|0|0|0|0|0|0|
1.286    0|0|0|0|0|0|0|0|0|0| 0|0|0|0|0|0|0|0|0|0|
1.287    0|0|0|0|0|0|0|0|0|0| 0|0|0|0|0|0|0|0|0|0|
1.288    0|0|0|0|0|0|0|0|0|0| 0|0|0|0|0|0|0|0|0|0|
1.289    0|0|0|0|0|0|0|0|0|0| 0|0|0|0|0|0|0|0|0|0|
1.290    0|0|0|0|0|0|1|0|0|0| 0|0|0|0|0|0|0|0|0|0|
1.291    0|0|0|0|0|0|0|0|0|0| 0|0|0|0|0|0|0|0|0|0|
1.292    0|0|0|0|0|0|0|0|0|0| 0|0|0|0|0|0|0|0|0|0|
1.293    0|0|0|0|0|0|0|0|0|0| 0|0|0|0|0|0|0|0|0|0|
1.294    0|0|0|0|0|0|0|0|0|0| 0|0|0|1|0|0|0|0|0|0|
1.295    0|0|0|0|0|0|0|0|0|0| 0|0|0|0|0|0|0|0|0|0|
1.296    0|0|0|0|0|0|0|0|0|0| 0|0|0|0|0|0|0|0|0|0|
1.297    0|0|0|0|0|1|0|1|0|0| 0|0|0|0|0|0|0|0|0|0|
1.298    0|0|0|0|0|0|0|0|0|0| 0|0|0|0|1|0|0|0|0|0|
1.299    0|0|0|0|0|0|0|0|0|0| 0|1|0|0|0|0|0|0|0|0|
1.300    0|0|0|0|0|0|0|0|0|0| 0|0|0|0|0|0|0|0|0|0|
1.301    0|0|0|0|0|0|0|0|1|0| 0|0|0|0|0|0|0|0|0|0|
1.302    0|0|0|0|0|0|0|0|0|0| 0|0|0|0|0|0|0|0|0|0|
1.303    0|0|0|0|0|0|0|0|0|0| 0|0|0|0|0|0|0|0|0|0|
1.304    0|0|0|0|0|0|0|0|0|0| 0|0|0|0|0|0|0|0|0|0|
1.305    0|0|0|0|0|0|0|0|0|1| 0|0|0|0|0|0|0|0|0|0|
1.306    0|0|0|0|0|0|0|0|0|0| 0|0|0|0|0|0|0|0|0|0|
1.307    0|0|0|0|0|0|0|0|0|0| 1|0|0|0|0|0|0|0|0|0|
1.308    0|0|0|0|0|0|0|0|0|0| 0|0|0|0|0|0|0|0|0|0|
1.309    0|0|0|0|0|0|0|0|0|0| 0|0|0|0|0|0|0|0|0|0|
1.310    0|0|0|0|0|0|0|0|0|0| 0|1|1|0|0|0|0|0|0|0|
1.311    0|0|0|0|0|0|0|0|0|0| 0|0|0|0|0|0|0|0|0|0|
1.312    0|0|0|0|0|0|0|0|0|0| 0|0|0|0|0|0|0|0|0|0|
1.313    0|0|0|0|0|0|1|0|0|0| 0|0|0|0|0|0|0|0|0|0|
1.314    0|0|0|0|0|0|0|0|0|0| 0|0|0|0|0|0|0|0|0|0|
1.315    0|0|0|0|0|1|0|0|0|0| 0|0|0|0|0|0|0|0|0|0|
1.316    0|0|0|0|0|0|0|0|0|0| 0|0|0|0|0|0|0|0|0|0|
1.317    0|0|0|0|0|0|0|0|0|0| 0|0|0|0|0|0|0|0|0|0|
1.318    0|0|0|0|0|0|0|0|0|0| 0|0|0|0|0|0|0|0|0|0|
1.319    0|0|0|0|0|0|0|0|0|0| 0|0|0|0|0|0|0|0|0|0|
1.320    0|0|0|0|0|0|0|0|0|0| 0|0|0|0|0|0|0|0|0|0|
1.321    0|0|0|0|0|0|0|0|0|0| 0|0|0|1|0|0|0|0|0|0|
1.322    0|0|0|0|0|0|0|0|0|0| 0|0|0|0|0|0|0|0|0|0|
1.322    0|0|0|0|0|0|0|0|0|0| 0|0|0|0|0|0|0|0|0|0|
1.323    0|0|0|0|0|0|0|0|0|0| 0|0|0|0|0|0|0|0|0|0|
1.324    0|0|0|0|0|0|0|0|0|0| 0|0|0|0|0|0|0|0|0|0|
1.325    0|0|0|0|0|0|0|0|0|0| 0|0|0|0|0|0|0|0|0|0|
1.326    0|0|0|0|0|0|0|0|0|0| 0|0|0|0|0|0|0|0|0|0|
1.327    0|0|0|0|0|0|0|0|0|0| 0|0|0|0|0|0|0|0|0|0|
1.328    0|0|0|0|0|0|0|0|1|0| 0|0|0|0|0|0|0|0|0|0|
1.329    0|0|0|0|0|0|0|0|0|0| 0|0|0|0|0|0|0|0|0|0|
1.330    0|0|0|0|0|0|0|0|0|0| 0|0|0|0|0|0|0|0|0|0|
1.331    0|0|0|0|0|0|0|0|0|0| 0|0|0|0|0|0|0|0|0|0|
1.332    0|0|0|0|0|0|0|0|0|0| 0|0|0|0|0|0|0|0|0|0|
1.333    0|0|0|0|0|0|0|0|0|0| 0|0|0|0|0|0|0|0|0|0|
1.334    0|0|0|0|0|0|0|0|0|0| 0|0|0|0|0|0|0|0|0|0|
1.335    0|0|0|0|0|0|0|0|0|0| 0|0|0|0|0|0|0|0|0|0|
1.336    0|0|0|0|1|0|0|0|0|0| 0|0|0|0|1|0|0|0|0|0|
1.337    0|0|0|0|0|1|0|0|0|0| 0|0|0|1|0|1|0|0|0|0|
1.338    0|0|0|0|0|0|0|0|0|0| 0|0|0|0|0|0|0|0|0|0|
1.339    0|0|0|0|0|0|0|0|0|0| 0|0|0|0|0|0|0|0|0|0|
1.340    0|0|0|0|0|0|0|0|0|0| 0|0|0|0|0|0|0|0|0|0|
1.341    0|0|0|0|0|0|0|1|0|0| 0|0|0|0|0|0|0|0|0|0|
1.342    0|0|0|0|0|0|0|0|0|0| 0|0|0|0|0|0|0|0|0|0|
1.343    0|0|0|0|0|0|0|0|0|0| 0|0|1|0|0|0|0|0|0|0|
1.344    0|0|0|0|0|0|0|0|0|0| 0|0|0|0|0|0|0|0|0|0|
1.345    0|0|0|0|0|0|0|0|0|0| 0|0|0|0|0|0|0|0|0|0|
1.346    0|0|0|0|0|0|0|0|0|0| 0|0|0|0|0|0|0|0|0|0|
1.347    0|0|0|0|0|0|0|0|0|0| 0|0|0|0|0|0|0|0|0|0|
1.348    0|0|0|0|0|0|0|0|0|0| 0|0|0|0|0|0|0|0|0|0|
1.349    0|1|0|0|0|0|0|0|0|0| 0|0|0|0|0|0|0|0|0|0|
1.350    0|0|0|0|0|0|0|0|0|0| 0|0|0|1|0|0|0|0|0|0|
1.351    0|0|0|0|0|0|0|0|0|0| 0|0|0|0|0|0|0|0|0|0|
1.352    0|0|0|0|0|0|0|1|0|0| 0|0|0|0|0|0|0|0|0|0|
1.353    0|0|0|0|0|0|1|0|1|0| 0|0|0|0|0|0|0|0|0|0|
1.354    0|0|0|0|0|0|0|0|0|0| 0|0|0|0|0|0|0|0|0|0|
1.355    0|0|0|0|0|0|0|0|0|0| 0|0|0|0|0|0|0|0|0|0|
1.356    0|0|0|0|0|1|0|0|0|0| 0|0|0|0|0|0|0|0|0|0|
1.357    0|0|0|0|0|0|0|0|0|0| 0|0|0|0|0|0|0|0|0|0|
1.358    0|0|0|0|0|0|0|0|0|0| 0|0|0|0|0|0|0|0|0|0|
1.359    0|0|0|0|0|0|0|0|0|0| 0|0|0|0|0|0|0|0|0|0|
1.360    0|0|0|0|0|0|0|0|0|0| 0|0|0|0|0|0|0|0|0|0|
1.361    0|0|0|0|0|0|0|0|0|0| 0|0|0|0|0|0|0|0|0|0|
1.362    0|0|0|0|0|0|0|1|0|0| 0|1|1|0|0|0|0|0|0|0|
1.363    0|0|0|0|0|0|0|0|0|0| 0|0|0|0|0|0|0|0|0|0|
1.364    0|0|0|0|0|0|0|0|0|0| 0|0|0|0|0|0|0|0|0|0|
1.365    0|0|0|0|0|0|0|0|0|0| 0|0|0|0|0|0|0|0|0|0|
1.366    0|0|0|0|1|0|0|0|0|0| 0|0|0|0|0|0|0|0|1|0|
1.367    0|0|0|0|0|0|0|0|0|0| 0|0|0|0|0|0|0|0|0|0|
1.368    0|0|0|0|0|0|0|0|0|0| 0|0|0|0|0|0|0|0|0|0|
1.369    0|0|0|0|0|0|0|0|0|0| 0|0|0|0|0|0|0|0|0|0|
1.370    0|0|0|0|0|0|0|0|0|0| 0|0|0|0|0|0|0|0|0|0|
1.371    0|0|0|0|0|1|0|0|1|0| 1|0|0|0|0|0|0|0|0|0|
1.372    0|0|0|0|0|0|0|0|0|0| 0|0|0|0|1|0|0|0|0|0|
1.373    0|0|0|0|0|0|0|0|0|0| 0|0|0|0|0|0|0|0|0|0|
1.374    0|0|0|1|0|0|0|0|0|0| 0|0|0|0|0|0|0|1|0|0|
1.375    0|0|0|0|0|0|0|0|0|0| 0|0|1|0|0|0|0|0|0|0|
1.376    0|0|0|0|0|0|0|0|0|0| 0|0|0|0|0|0|0|0|0|0|
1.377    0|0|0|0|0|0|0|0|0|0| 0|0|0|0|0|0|0|0|0|0|
1.378    0|0|0|0|0|0|0|0|0|0| 0|0|0|0|0|0|0|0|0|0|
1.379    0|0|0|0|0|0|0|1|0|0| 0|0|0|0|0|0|0|0|0|0|
1.380    0|0|0|0|0|0|0|0|0|0| 0|0|0|0|0|0|0|0|0|0|
1.381    0|0|0|0|0|0|0|0|0|0| 0|0|1|0|0|0|0|0|0|0|
1.382    0|0|0|0|0|0|0|0|0|0| 0|0|0|0|0|0|1|0|0|0|
1.383    0|0|0|0|0|0|0|0|0|0| 0|0|0|0|0|0|0|0|0|0|
1.384    0|0|0|0|0|0|0|0|0|0| 0|0|0|0|0|0|0|0|0|0|
1.385    0|0|0|0|0|0|0|0|0|0| 0|0|0|0|0|0|0|0|0|0|
1.386    0|0|0|0|0|0|1|0|0|0| 0|0|0|0|0|0|0|0|0|0|
1.387    0|0|0|0|0|0|0|0|0|0| 0|1|0|1|0|0|0|0|0|0|
1.388    0|0|0|0|0|0|0|0|0|0| 0|0|0|0|0|0|0|0|0|0|
1.389    0|0|0|0|0|0|0|0|0|0| 0|0|0|0|1|0|0|0|0|0|
1.390    0|0|0|0|0|0|1|0|0|0| 0|0|0|0|0|0|0|0|0|0|
1.391    0|0|0|0|0|0|0|0|0|0| 0|0|0|0|0|0|0|0|0|0|
1.392    0|0|0|0|0|0|0|1|0|0| 0|0|0|0|0|0|0|0|0|0|
1.393    0|0|0|0|0|0|0|0|0|0| 0|0|0|0|0|0|0|0|0|0|
1.394    0|0|0|0|0|0|0|0|0|0| 0|0|0|0|0|0|0|0|0|0|
1.395    0|0|0|0|0|0|0|0|0|0| 0|0|0|0|0|0|0|0|0|0|
1.396    0|0|0|0|0|0|0|0|0|0| 0|0|0|0|0|0|0|0|0|0|
1.397    0|0|0|0|0|0|0|0|0|0| 0|0|1|0|0|1|0|0|0|0|
1.398    0|0|0|0|0|0|0|0|0|0| 0|0|0|0|0|0|0|0|0|0|
1.399    0|0|0|0|0|0|0|0|0|0| 0|0|0|0|0|0|0|0|0|0|
1.400    0|0|0|0|0|0|0|0|0|0| 0|0|0|0|0|0|0|0|0|0|
1.401    0|0|0|0|0|0|0|0|0|0| 0|0|0|0|0|0|0|0|0|0|
1.402    0|0|0|0|0|0|0|0|0|0| 0|0|0|1|0|0|0|0|0|0|
1.403    0|0|0|0|0|0|0|0|0|0| 0|0|0|0|0|0|0|0|0|0|
1.404    0|0|0|0|0|0|0|0|0|0| 0|0|0|0|0|0|0|0|0|0|
1.405    0|0|0|0|0|0|0|0|1|0| 0|0|0|0|0|0|0|0|0|0|
1.405    0|0|0|0|1|0|0|0|0|0| 0|0|0|0|0|0|0|0|0|0|
1.406    0|0|0|0|0|0|0|0|0|0| 0|0|0|0|0|0|0|0|0|0|
1.407    0|0|0|0|0|0|0|0|0|0| 0|0|0|0|0|0|0|0|0|0|
1.408    0|0|0|0|0|0|0|0|0|0| 0|0|1|0|0|0|0|0|0|0|
1.409    0|0|0|0|0|0|0|0|0|0| 0|0|0|0|0|0|0|0|0|0|
1.410    0|0|0|0|0|0|1|0|0|0| 0|0|0|0|0|0|0|0|0|0|
1.411    0|0|0|0|0|0|0|0|0|0| 0|0|0|0|0|0|0|0|0|0|
1.412    0|0|0|0|0|0|0|1|0|0| 0|0|0|0|0|0|0|0|0|0|
1.413    0|0|0|0|0|0|0|0|0|0| 0|0|0|0|0|0|0|0|0|0|
1.414    0|0|0|0|0|0|0|0|0|0| 0|0|0|0|0|0|0|0|0|0|
1.415    0|0|0|0|0|0|0|0|0|0| 0|1|0|0|0|0|0|0|0|0|
1.416    0|0|0|0|0|0|0|0|0|0| 0|0|0|0|0|0|0|0|0|0|
1.417    0|0|0|0|0|0|0|0|0|0| 0|0|0|0|0|0|0|0|0|0|
1.418    0|0|0|0|1|1|0|0|0|0| 0|0|0|1|0|0|0|0|0|0|
1.419    0|0|0|0|0|0|0|0|0|1| 0|0|0|0|0|0|0|0|0|0|
1.420    0|0|0|0|0|0|0|0|0|0| 0|0|0|0|0|0|0|0|0|0|
1.421    0|0|0|0|0|0|0|0|0|0| 0|0|0|0|0|0|0|0|0|0|
1.422    0|0|0|0|0|0|0|0|1|0| 0|0|0|0|0|0|0|0|0|0|
1.423    0|0|0|0|0|0|0|0|0|0| 0|0|0|0|0|0|0|0|0|0|
1.424    0|0|0|0|0|0|0|0|0|0| 0|0|0|0|0|0|0|0|0|0|
1.425    0|0|0|0|0|0|0|0|0|0| 0|0|0|0|0|0|0|0|0|0|
1.426    0|0|0|0|0|0|0|1|0|0| 0|0|0|0|0|0|0|0|0|0|
1.427    0|0|0|0|0|0|0|0|0|0| 0|0|0|0|0|0|0|0|0|0|
1.428    0|0|0|0|0|0|0|0|0|0| 0|0|1|1|0|0|0|0|0|0|
1.429    0|0|0|0|0|0|1|0|0|0| 0|0|0|0|0|0|0|0|0|0|
1.430    0|0|0|0|0|0|0|0|0|0| 0|0|0|0|0|0|0|0|0|0|
1.431    0|0|0|0|0|0|0|0|0|0| 0|0|0|0|1|0|0|0|0|0|
1.432    0|0|0|0|0|0|0|0|0|0| 1|0|0|0|0|0|0|0|0|0|
1.433    0|0|0|0|0|0|0|0|0|0| 0|0|0|0|0|0|0|0|0|0|
1.434    0|0|0|0|0|0|0|0|0|0| 0|0|0|0|0|0|0|0|0|0|
1.435    0|0|0|0|0|0|0|0|0|0| 0|0|0|0|0|0|0|0|0|0|
1.436    0|0|0|0|0|0|0|0|0|0| 0|0|0|0|0|0|0|0|0|0|
1.437    0|0|0|0|0|0|0|0|0|0| 0|0|0|0|0|0|0|0|0|0|
1.438    0|0|0|0|0|0|0|0|0|0| 0|0|0|0|0|0|0|0|0|0|
1.439    0|0|0|0|0|0|0|0|0|0| 0|0|0|0|0|0|0|0|0|0|
1.440    0|0|0|0|0|0|0|1|0|0| 0|0|0|0|0|0|1|0|0|0|
1.441    0|0|0|0|0|0|0|0|0|0| 0|0|1|0|0|0|0|0|0|0|
1.442    0|0|0|0|0|0|0|0|0|0| 0|0|0|0|0|0|0|0|0|0|
1.443    0|0|0|0|0|0|0|0|0|0| 0|0|0|0|0|0|0|0|0|0|
1.444    0|0|0|0|0|0|0|0|0|0| 0|0|0|1|0|0|0|0|0|0|
1.445    0|0|0|0|0|1|0|0|0|0| 0|0|0|0|0|0|0|0|0|0|
1.446    0|0|0|0|0|0|0|0|0|0| 0|0|1|0|0|0|0|0|0|0|
1.447    0|0|0|0|0|0|0|0|0|0| 0|0|0|0|0|0|0|0|0|0|
1.448    0|0|0|0|0|0|1|0|0|0| 0|0|0|0|0|0|0|0|1|0|
1.449    0|0|0|0|1|0|0|0|1|0| 0|0|0|0|1|0|0|0|0|0|
1.450    0|0|0|0|0|0|0|0|0|0| 0|0|0|0|0|0|0|0|0|0|
1.451    0|0|0|0|0|0|0|0|0|0| 0|0|0|0|0|0|0|0|0|0|
1.452    0|0|0|0|0|0|0|1|0|0| 0|1|0|0|0|0|0|0|0|0|
1.453    0|0|0|0|0|0|0|0|0|0| 0|0|0|0|0|0|0|0|0|0|
1.454    0|0|0|1|0|0|0|0|0|0| 0|0|0|1|1|0|0|0|0|0|
1.455    0|0|0|0|0|0|1|0|0|0| 0|0|0|0|0|0|0|0|0|0|
1.456    0|0|0|0|0|0|0|0|0|0| 0|0|0|0|0|1|0|0|0|0|
1.457    0|0|0|0|0|0|0|0|0|0| 0|0|0|0|0|0|0|0|0|0|
1.458    0|0|1|0|0|0|0|0|0|0| 0|0|0|0|0|0|0|0|0|0|
1.459    0|0|0|0|0|0|0|0|1|0| 0|0|0|0|0|0|0|0|0|0|
1.460    0|0|0|0|0|1|0|0|0|0| 0|0|0|0|0|0|0|0|0|0|
1.461    0|0|0|0|0|0|0|0|0|0| 0|0|0|0|0|0|0|0|0|0|
1.462    0|0|0|0|1|0|0|0|0|0| 0|0|0|1|0|0|0|0|0|0|
1.463    0|0|0|0|0|0|0|0|0|0| 0|0|0|0|0|0|0|0|0|0|
1.464    0|0|0|0|0|0|1|0|0|0| 0|0|0|0|0|0|0|0|0|0|
1.465    0|0|0|0|0|0|0|0|0|0| 0|0|0|0|0|0|0|0|0|0|
1.466    0|0|0|0|0|0|0|0|0|0| 0|0|0|0|0|1|0|0|0|0|
1.467    0|0|0|0|0|0|0|0|0|0| 0|0|0|0|0|0|0|0|0|0|
1.468    0|0|0|0|0|0|0|0|0|0| 1|0|0|0|1|0|0|0|0|0|
1.469    0|0|0|0|0|0|0|0|0|0| 0|0|0|0|0|0|0|0|0|0|
1.470    0|0|0|0|0|0|0|0|0|0| 0|0|0|0|0|0|0|0|0|0|
1.471    0|0|0|0|0|0|0|0|0|0| 0|0|1|0|0|0|0|0|0|0|
1.472    0|0|0|0|0|0|0|0|0|1| 0|0|0|0|0|0|0|0|0|0|
1.473    0|0|0|0|0|0|0|0|0|0| 0|0|0|0|0|0|0|0|0|0|
1.474    0|0|0|0|0|0|0|0|0|0| 0|0|0|0|0|0|0|0|0|0|
1.475    0|0|0|0|0|0|0|1|0|0| 0|0|0|0|0|0|0|0|0|0|
1.476    0|0|0|0|0|0|0|0|1|0| 0|0|0|0|0|0|0|0|0|0|
1.477    0|0|0|0|0|0|0|0|0|0| 0|0|0|0|0|0|0|0|0|0|
1.478    0|0|0|0|0|0|0|0|0|0| 0|1|0|0|0|0|1|0|0|0|
1.479    0|0|0|0|0|0|0|0|0|0| 0|0|0|0|0|0|0|0|0|0|
1.480    0|0|0|0|0|0|0|0|0|0| 0|0|0|1|0|0|0|0|0|0|
1.481    0|0|0|0|0|0|0|0|0|0| 0|0|0|0|0|1|0|0|0|0|
1.482    0|0|0|0|0|0|0|0|0|0| 0|0|0|0|0|0|0|0|0|0|
1.483    0|0|0|0|0|0|0|0|0|0| 0|0|1|0|0|0|0|0|0|0|
1.484    0|0|0|0|0|0|0|0|0|0| 0|0|0|0|0|0|0|0|0|0|
1.485    0|0|0|0|0|0|0|0|0|0| 0|0|0|0|0|0|0|0|0|0|
1.486    0|0|0|0|0|0|0|0|0|0| 0|0|0|0|0|0|0|0|0|0|
1.487    0|0|0|0|0|0|0|0|0|0| 0|0|0|0|0|0|0|0|0|0|
1.487    0|0|0|0|0|0|0|0|0|0| 0|0|0|0|0|0|0|0|0|0|
1.488    0|0|0|0|0|0|0|0|0|0| 0|0|0|0|0|0|0|0|0|0|
1.489    0|0|0|0|0|0|0|0|1|0| 0|0|0|0|0|0|0|0|0|0|
1.490    0|0|0|0|0|0|0|0|0|0| 0|0|0|0|0|0|0|0|0|0|
1.491    0|0|0|0|0|0|0|0|0|0| 0|0|0|0|0|0|0|0|0|0|
1.492    0|0|0|1|0|0|0|0|0|0| 0|0|0|0|0|0|0|0|0|0|
1.493    0|0|0|0|0|1|0|0|0|0| 0|0|0|0|0|0|0|0|0|0|
1.494    0|0|0|0|0|0|0|0|0|0| 0|1|0|0|0|0|0|0|0|0|
1.495    0|0|0|0|0|0|0|0|0|0| 0|0|0|1|0|0|0|0|0|0|
1.496    0|0|0|0|0|0|0|0|0|0| 0|0|0|0|0|0|0|0|0|0|
1.497    0|0|0|0|0|0|0|0|0|0| 0|0|1|0|0|0|0|0|0|0|
1.498    0|0|0|1|0|0|0|0|0|0| 0|0|0|0|0|0|0|0|0|0|
1.499    0|0|0|0|1|0|1|0|0|0| 0|0|0|0|0|0|0|0|0|0|
1.500    0|0|0|0|0|0|0|1|0|0| 0|0|0|0|0|0|0|0|0|0|
1.501    0|0|0|0|0|0|0|0|0|0| 0|0|0|0|1|0|0|0|0|0|
1.502    0|0|0|0|0|0|0|0|0|0| 0|0|0|0|0|0|1|0|0|0|
1.503    0|0|0|0|0|0|0|0|0|0| 0|1|0|0|0|0|0|0|0|0|
1.504    0|0|0|0|0|0|0|0|0|0| 0|0|0|0|0|0|0|0|0|0|
1.505    0|0|0|0|1|0|1|0|0|0| 0|0|0|0|0|0|0|0|0|0|
1.506    0|0|0|0|0|0|0|0|0|0| 0|0|0|0|0|0|0|0|0|0|
1.507    0|0|0|0|0|0|0|0|0|0| 0|0|0|0|1|1|0|0|0|0|
1.508    1|0|0|0|0|0|0|0|0|0| 0|0|0|0|0|0|0|0|0|0|
1.509    0|0|0|0|0|0|0|1|0|0| 0|0|1|0|0|0|0|0|0|0|
1.510    0|0|0|0|0|0|0|0|0|0| 0|0|0|0|0|1|0|0|0|0|
1.511    0|0|0|0|0|0|0|0|0|0| 0|0|0|0|0|1|0|0|0|0|
1.512    0|0|0|0|0|0|0|0|0|0| 0|0|1|0|0|0|0|0|0|0|
1.513    0|0|0|0|0|1|0|0|0|0| 0|0|0|0|0|0|0|0|0|0|
1.514    0|0|0|0|0|0|0|0|0|0| 0|0|0|0|0|0|0|0|0|0|
1.515    0|0|0|0|0|0|0|0|1|0| 0|0|0|0|0|0|0|0|0|0|
1.516    0|0|0|0|0|0|0|0|0|0| 0|1|0|0|0|0|0|0|0|0|
1.517    0|0|0|0|0|0|0|0|0|0| 0|0|0|0|0|0|0|0|0|0|
1.518    0|0|0|0|0|0|1|0|0|0| 0|0|0|1|1|0|0|0|0|0|
1.519    0|0|0|0|0|0|0|0|0|0| 0|0|0|0|0|1|0|0|0|0|
1.520    0|0|0|0|0|0|0|0|0|0| 0|0|0|0|0|0|0|0|0|0|
1.521    0|0|0|0|0|0|0|0|0|0| 0|0|0|0|0|1|0|0|0|0|
1.522    0|0|1|0|0|0|0|0|0|0| 0|0|0|0|0|0|0|0|0|0|
1.523    0|0|0|0|0|0|0|0|0|0| 0|0|0|0|0|0|0|0|0|0|
1.524    0|0|0|0|0|0|0|1|0|0| 0|0|0|0|0|0|0|0|1|0|
1.525    0|0|0|0|0|0|0|0|0|0| 0|1|1|0|0|0|0|0|0|0|
1.526    0|0|0|0|0|0|0|0|0|0| 0|0|0|0|0|0|0|0|0|0|
1.527    0|0|0|0|0|0|1|0|0|0| 0|0|0|0|0|0|0|0|0|0|
1.528    0|0|0|0|0|0|0|0|0|0| 0|0|0|0|0|0|0|0|0|0|
1.529    0|0|0|0|0|0|0|0|0|0| 0|0|0|0|1|0|0|0|0|0|
1.530    0|0|0|0|0|0|0|0|0|0| 0|0|0|0|0|0|0|0|0|0|
1.531    0|0|0|0|0|0|0|0|0|1| 0|0|0|0|0|0|0|0|0|0|
1.532    0|0|0|0|0|0|0|0|1|0| 0|0|0|0|0|0|0|0|0|0|
1.533    0|0|0|0|0|0|0|0|0|0| 0|0|0|0|0|0|0|0|0|0|
1.534    0|0|0|0|0|0|0|0|0|0| 0|0|0|0|0|0|0|0|0|0|
1.535    0|0|0|0|0|0|0|0|0|0| 0|0|0|0|0|0|0|0|0|0|
1.536    0|0|0|0|0|0|0|0|0|0| 0|1|0|0|0|0|0|1|0|0|
1.537    0|0|0|0|0|0|1|0|0|0| 0|0|0|0|0|1|0|0|0|0|
1.538    0|0|0|0|0|0|0|0|1|0| 0|0|0|0|0|0|0|0|0|0|
1.539    0|0|0|0|0|0|0|0|0|0| 0|0|0|0|0|0|0|0|0|0|
1.540    0|0|0|0|0|0|0|0|0|0| 0|0|0|0|0|0|0|0|0|0|
1.541    0|0|0|0|1|0|0|0|0|0| 0|0|0|0|0|0|0|0|0|0|
1.542    0|0|0|0|0|0|0|0|1|0| 0|0|0|0|0|0|0|0|0|0|
1.543    0|1|0|0|0|0|0|0|0|0| 0|0|0|1|0|0|0|0|0|0|
1.544    0|0|0|0|0|0|0|1|0|0| 0|0|0|0|0|0|0|0|0|0|
1.545    0|0|0|0|0|0|0|0|0|0| 0|0|0|0|0|0|0|0|0|0|
1.546    0|0|0|0|0|0|0|0|0|0| 0|0|0|0|0|0|0|0|0|0|
1.547    0|0|0|0|0|1|0|0|0|0| 0|0|0|0|0|0|0|0|0|0|
1.548    0|0|0|0|0|0|0|0|0|0| 0|0|1|0|0|0|0|0|0|0|
1.549    0|0|0|0|0|0|0|0|0|0| 0|0|0|0|0|0|0|0|0|0|
1.550    0|0|0|0|0|0|0|0|0|0| 0|0|0|0|0|0|0|0|0|0|
1.551    0|0|0|0|0|0|0|0|0|0| 0|0|0|0|0|0|0|0|0|0|
1.552    0|0|0|0|0|0|0|0|0|0| 0|0|0|0|0|0|0|0|0|0|
1.553    0|0|0|0|0|0|1|0|0|0| 0|0|0|0|1|0|0|0|0|0|
1.554    0|0|0|0|0|0|0|0|0|0| 0|0|0|0|0|0|0|0|0|0|
1.555    0|0|0|0|0|0|0|0|0|0| 0|0|0|0|0|0|0|0|0|0|
1.556    0|0|0|0|0|0|0|0|0|0| 0|0|0|0|0|0|0|0|0|0|
1.557    0|0|0|0|0|0|0|0|0|1| 0|0|1|0|0|0|0|0|0|0|
1.558    0|0|0|0|0|0|0|1|1|0| 0|0|0|0|0|0|0|0|0|0|
1.559    0|0|0|0|0|0|0|0|0|0| 0|0|0|0|0|0|0|0|0|0|
1.560    0|0|0|0|0|0|0|0|0|0| 1|1|0|0|0|0|0|0|0|0|
1.561    0|0|0|0|1|0|0|0|0|0| 0|0|0|0|0|1|0|0|0|0|
1.562    0|0|0|0|0|0|0|0|0|0| 0|0|0|0|0|0|0|0|0|0|
1.563    0|0|0|0|0|0|0|0|0|0| 0|0|0|0|0|0|0|0|0|0|
1.564    0|0|0|0|0|0|0|0|0|0| 0|0|0|0|0|0|0|0|0|0|
1.565    0|0|0|0|1|0|0|0|0|0| 0|0|0|0|0|0|0|0|0|0|
1.566    0|0|0|0|0|0|0|0|0|0| 0|0|0|0|0|0|1|0|0|0|
1.567    0|0|0|0|0|0|0|0|0|0| 0|0|0|0|0|0|0|0|0|0|
1.568    0|0|0|1|0|0|0|0|0|0| 0|0|0|0|0|0|0|0|0|0|
1.569    0|0|0|0|0|0|0|0|0|0| 0|0|0|0|0|0|0|0|0|0|
1.570    0|0|0|0|0|0|1|0|0|0| 0|1|1|0|0|0|0|0|0|0|
1.570    0|0|0|0|0|0|0|0|0|0| 0|0|0|0|0|0|0|0|0|0|
1.571    0|0|0|0|0|0|0|0|0|0| 0|0|0|0|1|0|0|0|0|0|
1.572    0|0|0|0|0|0|0|0|1|0| 0|0|0|1|0|0|0|0|0|0|
1.573    0|0|0|0|0|0|0|1|0|0| 0|0|0|0|0|0|0|0|0|0|
1.574    0|0|0|0|0|1|0|0|0|0| 0|0|1|0|0|0|0|0|0|0|
1.575    0|0|0|0|0|0|0|0|0|0| 0|0|0|0|0|0|0|0|0|0|
1.576    0|0|0|0|0|0|1|0|0|0| 0|0|0|0|0|0|0|0|0|0|
1.577    0|0|0|0|0|0|0|0|0|0| 0|0|0|0|1|0|0|0|0|0|
1.578    0|0|0|0|1|0|0|0|1|0| 0|0|0|0|0|0|0|0|0|0|
1.579    0|0|0|0|0|0|0|1|0|0| 0|0|0|0|0|0|0|0|0|0|
1.580    0|0|0|0|0|0|0|0|0|0| 0|0|0|0|0|0|0|0|0|0|
1.581    0|0|0|0|0|0|0|0|0|0| 0|0|0|0|0|0|0|0|0|0|
1.582    0|0|0|0|0|0|0|1|0|0| 0|0|0|0|0|0|0|0|0|0|
1.583    0|0|0|0|0|0|0|0|0|0| 0|0|0|0|0|1|0|0|0|0|
1.584    0|0|0|0|0|0|0|0|0|0| 0|0|0|1|0|0|0|0|0|0|
1.585    0|0|0|0|0|0|0|0|0|0| 0|0|1|0|0|0|0|0|0|0|
1.586    0|0|0|0|0|0|0|0|0|0| 0|0|0|0|0|0|0|0|0|0|
1.587    0|0|0|0|0|1|0|0|0|0| 0|0|0|0|0|0|0|0|0|0|
1.588    0|0|0|0|0|0|1|0|0|0| 0|0|0|0|0|0|0|0|0|0|
1.589    0|0|0|0|0|0|0|0|0|0| 0|0|0|0|0|0|0|0|0|0|
1.590    0|0|0|0|1|0|0|0|0|0| 0|0|0|0|0|0|0|0|0|0|
1.591    0|0|0|0|0|0|0|0|0|0| 0|0|0|0|1|0|0|0|0|0|
1.592    0|0|0|0|0|0|0|0|0|0| 0|0|0|0|0|0|0|0|0|0|
1.593    0|0|0|0|0|0|0|0|0|0| 0|0|0|1|0|0|0|0|0|0|
1.594    0|0|0|0|0|0|0|0|0|0| 0|0|0|0|0|0|0|0|0|0|
1.595    0|0|0|0|0|0|0|0|0|0| 0|0|0|0|0|0|0|0|0|0|
1.596    0|0|0|0|0|0|0|0|0|0| 0|0|0|0|0|1|0|0|0|0|
1.597    0|0|0|0|0|1|0|0|0|0| 0|0|0|0|0|0|0|0|0|0|
1.598    0|0|0|0|0|0|0|0|1|0| 0|1|0|1|0|0|0|0|0|0|
1.599    0|0|0|0|1|0|0|0|0|0| 0|0|1|0|0|0|0|0|0|0|
1.600    0|0|0|0|0|0|0|0|0|0| 0|0|0|0|0|0|0|0|0|0|
1.601    0|0|1|0|0|0|1|0|0|0| 1|0|0|0|0|0|0|0|0|0|
1.602    0|0|0|0|0|0|0|0|0|0| 0|0|0|0|0|0|0|0|0|0|
1.603    0|0|0|0|0|0|0|0|0|0| 0|0|0|0|0|0|0|0|0|0|
1.604    0|0|0|0|0|0|0|0|0|0| 0|0|0|0|0|0|0|0|0|0|
1.605    0|0|0|0|0|0|0|0|0|0| 0|0|0|0|0|0|0|0|0|0|
1.606    0|0|0|0|0|0|0|1|0|0| 0|0|0|0|0|0|0|0|0|0|
1.607    0|0|0|0|0|0|0|0|0|0| 0|0|0|0|0|0|0|0|0|0|
1.608    0|0|0|0|0|1|0|0|1|0| 0|1|0|0|1|0|0|0|0|0|
1.609    0|0|0|0|0|0|0|0|0|0| 0|0|0|1|0|0|0|0|0|0|
1.610    0|0|0|0|0|0|0|0|0|0| 0|0|0|0|0|1|0|0|0|0|
1.611    0|0|0|1|0|0|0|0|0|0| 0|0|0|0|0|0|0|0|0|0|
1.612    0|0|0|0|0|0|0|0|0|0| 0|0|0|0|0|0|0|0|0|0|
1.613    0|0|0|0|1|0|0|0|0|0| 0|0|0|0|0|0|0|0|0|0|
1.614    0|0|0|0|0|0|0|0|0|0| 0|0|0|0|0|0|0|0|0|0|
1.615    0|0|0|0|0|0|0|0|0|0| 0|0|0|0|0|0|0|0|0|0|
1.616    0|0|0|0|0|0|0|0|0|0| 0|0|1|1|0|0|0|0|0|0|
1.617    0|0|0|0|0|0|0|0|0|0| 0|0|0|0|0|0|0|0|0|0|
1.618    0|0|0|0|0|0|0|0|0|0| 0|0|0|0|0|0|0|0|0|0|
1.619    0|0|0|0|0|0|0|0|0|0| 0|0|0|1|0|0|0|0|0|0|
1.620    0|0|0|0|0|1|0|0|1|0| 0|0|0|0|0|0|0|0|0|0|
1.621    0|0|0|0|0|0|0|0|0|0| 0|0|0|0|0|0|0|0|0|0|
1.622    0|0|0|0|0|0|0|0|0|0| 0|0|0|0|0|0|1|0|0|0|
1.623    0|0|0|0|0|0|0|0|0|0| 0|0|0|0|1|0|0|0|0|0|
1.624    0|0|0|0|1|0|0|0|1|0| 0|0|1|0|0|0|0|0|0|0|
1.625    0|0|0|0|0|0|0|1|0|0| 0|1|0|0|0|0|0|0|0|0|
1.626    0|0|0|0|0|1|0|0|0|0| 0|0|0|0|0|0|0|0|0|0|
1.627    0|0|0|0|0|0|0|0|0|0| 0|0|0|1|0|0|0|0|0|0|
1.628    0|0|0|0|0|0|1|0|0|0| 0|0|1|0|0|0|0|0|0|0|
1.629    0|0|0|0|0|0|0|0|0|0| 0|0|0|0|0|0|0|0|0|0|
1.630    0|0|0|0|0|0|0|0|0|0| 0|0|0|0|0|0|0|0|0|0|
1.631    0|0|0|0|0|0|0|0|0|0| 0|0|0|0|0|1|0|0|0|0|
1.632    0|0|0|0|0|0|0|0|0|0| 0|0|0|0|0|0|0|0|0|0|
1.633    0|0|0|0|0|0|0|0|0|0| 1|0|0|0|0|0|0|0|0|0|
1.634    0|0|0|0|0|0|0|0|0|0| 0|0|0|0|1|0|0|0|0|0|
1.635    0|0|0|0|0|0|0|0|0|0| 0|1|0|0|0|0|0|0|0|0|
1.636    0|0|0|0|0|0|0|0|0|0| 0|0|0|0|0|1|0|0|0|0|
1.637    0|0|0|0|0|0|0|0|0|0| 0|0|0|0|0|0|0|0|0|0|
1.638    0|0|0|0|0|0|0|0|0|0| 0|0|0|1|0|0|0|0|0|0|
1.639    0|0|0|0|0|0|1|1|0|0| 0|0|0|0|0|0|0|0|0|0|
1.640    0|0|0|0|0|0|0|0|1|0| 0|0|0|0|0|0|0|0|0|0|
1.641    0|0|0|0|0|0|0|0|0|0| 0|0|0|0|0|0|0|0|0|0|
1.642    0|0|0|0|0|0|0|0|0|0| 0|0|1|0|0|0|0|0|0|0|
1.643    0|0|0|0|0|1|0|1|0|0| 0|0|0|0|0|0|0|0|0|0|
1.644    0|0|0|0|0|0|0|0|0|0| 0|0|0|0|0|0|0|0|0|0|
1.645    0|0|0|0|0|0|0|0|0|0| 0|0|0|0|0|0|0|0|0|0|
1.646    0|0|0|0|0|0|0|0|0|0| 0|1|0|0|0|0|0|0|0|0|
1.647    0|0|0|0|0|0|1|0|0|0| 0|0|0|0|0|0|1|0|0|0|
1.648    0|0|0|0|0|0|0|0|1|0| 0|0|0|0|0|0|0|0|0|0|
1.649    0|0|0|0|0|0|0|0|0|0| 0|0|0|0|0|0|0|0|0|0|
1.650    0|0|0|0|0|0|0|0|0|0| 0|0|0|0|1|0|0|0|0|0|
1.651    0|0|0|0|0|0|0|0|0|0| 0|0|0|0|0|0|0|0|0|0|
1.652    0|0|0|0|1|0|0|0|0|0| 0|0|0|1|0|0|0|0|0|0|
1.653    0|0|0|1|0|0|0|0|0|0| 0|1|1|0|0|0|0|0|0|0|
1.653    0|0|0|0|0|1|0|0|0|0| 0|0|0|0|0|0|0|1|0|0|
1.654    0|0|0|0|0|0|0|0|0|0| 0|0|1|0|0|0|0|0|0|0|
1.655    0|0|0|0|0|0|0|0|0|0| 0|0|0|0|0|0|0|0|0|0|
1.656    0|0|0|0|0|0|0|0|0|0| 0|0|0|0|0|0|0|0|0|0|
1.657    0|0|0|0|0|0|1|0|0|0| 0|0|0|0|0|0|0|0|0|0|
1.658    0|0|0|0|0|0|0|0|0|0| 0|0|0|0|0|0|0|0|0|0|
1.659    0|0|0|0|0|0|0|0|0|0| 0|0|0|0|0|0|0|0|0|0|
1.660    0|0|0|0|1|0|0|0|0|0| 0|0|0|0|0|0|0|0|0|0|
1.661    0|0|0|0|0|0|0|0|0|0| 0|0|0|0|0|0|0|0|0|0|
1.662    0|0|0|0|0|0|0|0|0|0| 0|0|0|0|0|0|0|0|0|0|
1.663    0|0|0|0|0|0|0|0|0|0| 0|0|0|0|0|0|0|0|0|0|
1.664    0|0|0|0|1|0|0|0|0|1| 0|0|0|0|0|0|0|0|0|0|
1.665    0|0|0|0|0|0|0|0|0|0| 0|0|0|0|1|0|0|0|0|0|
1.666    0|0|0|1|0|0|0|1|0|0| 0|0|0|1|0|1|0|0|0|0|
1.667    0|0|0|0|0|0|0|0|0|0| 0|0|0|0|0|0|0|0|0|0|
1.668    0|0|0|0|0|1|0|0|0|0| 0|1|0|0|0|0|0|0|0|0|
1.669    0|0|0|0|0|0|0|0|0|0| 0|0|1|0|0|0|0|0|0|0|
1.670    0|0|0|0|0|0|0|1|0|0| 0|0|0|0|0|0|0|0|0|0|
1.671    0|0|0|0|0|0|1|0|0|0| 0|0|0|0|0|0|0|0|0|0|
1.672    0|0|0|0|0|0|0|0|0|0| 0|0|0|0|0|0|0|0|0|0|
1.673    0|0|0|0|0|0|1|0|1|0| 0|0|0|0|0|0|0|0|0|0|
1.674    0|0|0|0|0|1|0|0|0|0| 0|0|0|1|0|0|0|0|0|0|
1.675    0|0|0|0|0|0|0|0|0|0| 0|0|0|0|0|0|0|0|0|0|
1.676    0|0|0|0|0|0|0|0|0|0| 0|0|0|0|0|0|0|0|0|0|
1.677    0|0|0|0|0|0|0|0|0|0| 0|0|0|0|0|0|0|0|0|0|
1.678    0|0|0|0|0|0|0|0|0|0| 0|0|1|0|0|0|0|0|0|0|
1.679    0|0|0|0|0|0|0|0|0|0| 0|0|0|0|0|0|0|0|0|0|
1.680    0|0|0|0|0|0|0|0|0|0| 0|0|0|1|0|0|0|0|0|0|
1.681    0|0|0|0|0|0|0|0|1|0| 0|0|0|0|0|0|0|0|0|0|
1.682    0|0|0|0|0|0|0|0|0|0| 1|0|0|0|0|0|1|0|0|0|
1.683    0|0|0|0|1|0|0|0|0|0| 0|0|0|0|0|0|0|0|0|0|
1.684    0|0|0|0|0|0|0|1|0|0| 0|0|0|0|0|0|0|0|0|0|
1.685    0|0|0|0|0|1|0|1|0|0| 0|0|0|0|0|0|0|0|0|0|
1.686    0|0|0|0|0|0|0|0|1|0| 0|0|0|0|0|0|0|0|0|0|
1.687    0|0|0|0|0|0|1|0|0|0| 0|0|0|0|1|0|0|0|0|0|
1.688    0|0|0|1|0|0|0|0|0|0| 0|0|0|0|0|0|0|0|0|0|
1.689    0|0|0|0|0|0|0|0|0|0| 0|1|0|0|0|0|0|0|0|0|
1.690    0|0|0|0|0|0|0|0|0|0| 0|0|0|0|0|0|0|0|0|0|
1.691    0|0|0|0|0|0|0|0|0|0| 0|0|0|0|0|0|1|0|0|0|
1.692    0|0|0|0|1|0|0|0|0|0| 0|0|0|0|0|1|0|0|0|0|
1.693    0|0|0|0|0|0|0|0|0|0| 0|0|0|0|0|0|0|0|0|0|
1.694    0|0|0|0|0|0|0|0|1|0| 0|0|1|0|0|0|0|0|0|0|
1.695    0|0|0|0|0|0|0|0|0|0| 0|0|0|1|0|0|0|0|0|0|
1.696    0|0|0|0|0|0|0|0|0|0| 1|0|0|0|0|0|0|0|0|0|
1.697    0|0|0|0|0|1|0|0|0|0| 0|0|0|0|0|0|0|0|0|0|
1.698    0|0|0|0|0|0|1|1|0|0| 0|1|0|0|0|1|0|0|0|0|
1.699    0|0|0|0|0|0|0|0|0|0| 0|0|0|0|0|0|0|0|0|0|
1.700    0|0|0|0|0|0|0|0|0|0| 0|0|0|0|0|0|0|0|0|0|
1.701    0|0|0|0|0|0|0|0|0|0| 0|1|0|0|0|0|0|0|0|0|
1.702    0|0|0|0|0|0|0|0|0|0| 0|0|0|0|0|0|0|0|0|0|
1.703    0|0|0|0|0|0|0|0|0|0| 0|0|0|0|0|0|0|0|0|0|
1.704    0|0|0|0|0|0|0|0|0|0| 0|0|0|0|0|0|0|0|0|0|
1.705    0|0|1|0|0|0|0|1|0|0| 0|0|0|0|0|0|0|0|0|0|
1.706    0|0|0|0|0|0|0|0|1|0| 0|0|0|0|1|0|0|0|0|0|
1.707    0|0|0|0|0|0|0|0|0|1| 0|0|0|0|0|0|0|0|0|0|
1.708    0|0|0|0|0|0|1|0|0|0| 0|0|1|0|0|0|0|0|0|0|
1.709    0|0|0|0|0|0|0|0|0|0| 0|0|0|1|0|0|0|0|0|0|
1.710    0|0|0|0|0|0|0|0|0|0| 0|0|0|0|0|0|0|0|0|0|
1.711    0|0|0|0|0|0|0|0|0|0| 1|0|0|0|0|0|0|0|0|0|
1.712    0|0|0|0|0|0|0|0|0|0| 0|0|0|0|0|0|0|0|0|0|
1.713    0|0|0|0|0|0|1|0|0|0| 0|0|1|0|0|0|0|0|0|0|
1.714    0|0|0|0|0|0|0|0|1|0| 0|0|0|0|0|0|0|0|0|0|
1.715    0|0|0|0|0|0|0|0|0|0| 0|0|0|0|0|0|0|0|0|0|
1.716    0|0|0|0|1|1|0|0|0|0| 0|0|0|0|0|0|0|0|0|0|
1.717    0|0|0|0|0|0|0|0|1|0| 0|0|0|0|0|1|0|0|0|0|
1.718    0|0|0|0|0|1|0|1|0|0| 0|0|0|0|0|0|0|0|0|0|
1.719    0|0|0|0|0|0|1|0|0|0| 0|0|0|0|0|0|0|0|0|0|
1.720    0|0|0|0|0|0|0|0|0|0| 0|0|0|0|0|0|0|0|0|0|
1.721    0|0|0|0|0|0|0|0|0|0| 0|0|0|1|1|0|0|0|0|0|
1.722    0|0|0|0|0|0|0|0|0|0| 0|0|0|0|0|0|0|0|0|0|
1.723    0|0|0|1|0|0|0|0|0|0| 0|0|0|0|0|0|0|0|0|0|
1.724    0|0|0|0|0|0|0|0|0|0| 0|0|0|0|0|0|0|0|0|0|
1.725    0|0|0|0|0|0|0|0|0|0| 0|0|1|0|0|1|0|0|0|0|
1.726    0|0|0|0|0|0|0|0|0|0| 0|0|0|1|0|0|0|0|0|0|
1.727    0|0|0|0|0|0|0|0|0|0| 0|1|0|0|0|0|0|0|0|0|
1.728    0|1|0|0|1|0|0|1|0|0| 0|0|1|0|0|0|0|0|0|0|
1.729    0|0|0|0|0|0|0|0|0|0| 0|0|0|0|0|0|0|0|0|0|
1.730    0|0|0|0|0|0|0|0|0|0| 0|0|0|0|1|0|0|0|0|0|
1.731    0|0|0|0|0|0|1|0|1|0| 0|0|0|0|0|0|0|0|0|0|
1.732    0|0|0|0|0|0|0|1|0|0| 0|0|0|0|0|0|0|0|0|0|
1.733    0|0|0|0|0|0|0|0|0|0| 0|0|0|0|0|0|0|0|0|0|
1.734    0|0|0|0|0|0|0|0|0|0| 0|0|0|0|0|0|0|0|1|0|
1.735    0|0|0|0|0|0|0|0|0|0| 0|0|0|0|0|0|0|0|0|0|
1.735    0|0|0|0|1|0|0|0|0|0| 0|0|0|0|0|0|0|0|0|0|
1.736    0|0|0|0|0|1|0|0|0|0| 0|0|0|0|0|0|0|0|0|0|
1.737    0|0|0|0|0|0|0|0|0|0| 0|0|0|0|0|0|0|0|0|0|
1.738    0|0|0|1|0|0|0|0|0|0| 0|0|0|1|0|1|0|0|0|0|
1.739    0|0|0|0|0|0|0|0|0|0| 0|0|0|0|0|0|0|0|0|0|
1.740    0|0|0|0|0|0|0|0|0|0| 0|0|0|0|1|0|0|0|0|0|
1.741    0|0|0|0|0|0|0|0|0|0| 0|0|0|0|0|0|0|0|0|0|
1.742    0|0|0|0|0|0|0|0|0|0| 0|0|0|0|0|0|0|0|0|0|
1.743    0|0|0|0|0|0|0|0|0|0| 0|0|1|0|0|0|0|0|0|0|
1.744    0|0|0|0|1|0|0|0|0|0| 0|0|0|0|0|0|0|0|0|0|
1.745    0|0|0|0|0|0|0|0|0|0| 0|0|0|0|0|0|0|0|0|0|
1.746    0|0|0|0|0|1|0|0|0|0| 0|0|0|0|0|0|0|0|0|0|
1.747    0|0|0|0|0|0|0|0|0|1| 0|1|0|0|0|0|0|0|0|0|
1.748    0|0|0|0|0|0|0|0|0|0| 1|0|1|0|0|0|0|0|0|0|
1.749    0|0|0|0|0|0|0|1|1|0| 0|0|0|1|0|0|0|0|0|0|
1.750    0|0|0|0|0|0|1|0|0|0| 0|0|0|0|0|0|0|0|0|0|
1.751    0|0|0|0|0|1|0|1|0|0| 0|0|0|0|0|0|0|0|0|0|
1.752    0|0|0|0|0|0|0|0|0|0| 0|0|1|0|0|0|0|0|0|0|
1.753    0|0|0|0|0|0|0|0|0|0| 0|0|0|0|0|0|1|0|0|0|
1.754    0|0|0|0|0|0|0|0|0|0| 0|0|1|0|0|0|0|1|0|0|
1.755    0|0|0|0|0|0|0|0|0|0| 0|0|0|0|0|1|0|0|0|0|
1.756    0|0|0|0|0|0|0|0|0|0| 0|0|0|0|0|0|0|0|0|0|
1.757    0|0|0|0|0|0|0|0|0|1| 0|0|0|0|0|0|0|0|0|0|
1.758    0|0|0|0|0|0|0|1|0|0| 0|0|0|1|0|0|0|0|0|0|
1.759    0|0|0|0|0|0|1|0|1|0| 0|0|0|0|0|0|0|0|0|0|
1.760    0|0|0|0|0|0|0|0|0|0| 0|0|0|0|0|0|0|0|0|0|
1.761    0|0|0|0|0|0|0|0|0|0| 0|0|1|0|1|0|0|0|0|0|
1.762    0|0|0|0|0|0|0|0|0|0| 0|0|0|0|0|0|0|0|0|0|
1.763    0|0|0|0|0|0|0|0|0|0| 0|0|0|0|0|0|0|0|0|0|
1.764    0|0|0|0|0|0|0|0|0|0| 0|1|0|1|0|0|0|0|0|0|
1.765    0|0|0|0|0|0|0|0|0|0| 0|0|0|0|0|0|0|0|0|0|
1.766    0|0|0|0|0|0|0|0|0|0| 1|0|0|0|0|0|0|0|0|0|
1.767    0|0|0|0|0|0|0|0|0|0| 0|0|1|0|1|0|0|0|0|0|
1.768    0|0|1|0|0|0|0|0|0|0| 0|0|0|0|0|0|0|0|0|0|
1.769    0|0|0|0|0|0|1|0|0|0| 0|0|0|0|0|0|0|0|0|0|
1.770    0|0|0|0|0|0|0|1|0|0| 0|0|0|0|0|1|0|0|0|0|
1.771    0|0|0|0|1|0|0|0|0|0| 0|0|0|1|0|0|0|0|0|0|
1.772    0|0|0|0|0|0|0|0|1|0| 0|0|0|0|0|0|0|0|0|0|
1.773    0|0|0|0|0|1|0|0|0|0| 0|0|0|0|0|0|0|0|0|0|
1.774    0|0|0|0|0|0|0|0|0|0| 0|0|0|0|0|0|0|0|0|0|
1.775    0|0|0|0|0|0|0|0|0|0| 0|0|0|0|0|0|0|0|0|0|
1.776    0|0|0|0|0|0|0|0|0|0| 0|0|0|0|0|0|0|0|0|0|
1.777    0|0|0|0|0|0|0|1|0|0| 0|0|0|0|1|0|0|0|0|0|
1.778    0|0|0|0|0|0|0|0|0|0| 0|0|0|0|1|0|0|0|0|0|
1.779    0|0|0|0|0|0|0|0|0|0| 0|0|0|0|0|0|0|0|0|0|
1.780    0|0|0|0|0|0|1|0|0|0| 0|1|0|0|0|0|1|0|0|0|
1.781    0|0|0|1|0|0|0|0|0|0| 0|0|0|1|0|0|0|0|0|0|
1.782    0|0|0|0|1|0|0|0|0|0| 0|0|0|0|0|0|0|0|0|0|
1.783    0|0|0|0|0|0|0|0|0|0| 0|0|0|0|0|0|0|0|0|0|
1.784    0|1|0|0|0|0|0|0|0|0| 0|0|0|0|0|0|0|0|0|0|
1.785    0|0|0|0|0|0|0|0|0|0| 0|0|1|1|0|0|0|0|0|0|
1.786    0|0|0|0|0|0|0|1|0|0| 0|0|0|0|0|0|0|0|0|1|
1.787    0|0|0|0|0|1|0|0|0|0| 0|0|0|0|0|0|0|0|0|0|
1.788    0|0|0|0|0|0|1|0|0|0| 0|0|0|0|0|0|0|0|0|0|
1.789    0|0|0|0|1|0|0|0|0|0| 0|0|0|0|1|0|0|0|0|0|
1.790    0|0|0|1|0|1|0|0|0|0| 0|0|0|0|0|0|0|0|0|0|
1.791    0|0|0|0|0|0|0|0|1|0| 0|0|0|0|0|0|0|0|0|0|
1.792    0|0|0|0|0|0|0|0|0|0| 0|0|0|0|0|0|0|0|0|0|
1.793    0|0|0|0|0|0|0|0|0|0| 1|1|0|0|0|0|1|0|0|0|
1.794    0|0|0|0|0|0|0|0|0|0| 0|0|0|0|0|0|0|0|0|0|
1.795    0|0|0|0|0|0|0|1|0|0| 0|0|0|0|0|0|0|0|0|0|
1.796    0|0|0|0|0|1|0|0|0|0| 0|0|0|0|1|0|0|0|0|0|
1.797    0|0|1|0|0|0|0|0|0|0| 0|0|0|0|0|0|0|0|0|0|
1.798    0|0|0|0|0|0|0|0|0|0| 0|0|1|0|0|0|0|0|0|0|
1.799    0|0|0|0|0|0|1|0|1|0| 0|0|0|1|0|0|0|0|0|0|
1.800    0|0|0|0|0|0|0|0|0|1| 0|0|1|0|0|0|0|0|0|0|
1.801    0|0|0|0|0|0|0|0|0|0| 0|1|0|1|0|0|0|0|0|0|
1.802    0|0|0|0|0|0|0|0|0|0| 0|0|0|0|0|0|0|0|0|0|
1.803    0|0|0|0|0|0|0|0|0|0| 0|0|0|0|0|0|0|0|0|0|
1.804    0|0|0|0|0|0|1|0|0|0| 0|0|0|0|0|0|0|1|0|0|
1.805    0|0|0|0|0|0|0|0|0|0| 0|1|0|0|0|0|0|0|0|0|
1.806    0|0|0|1|0|0|0|1|0|0| 0|0|0|1|0|0|0|0|0|0|
1.807    0|0|0|0|1|1|0|0|0|0| 0|1|0|0|0|1|0|0|0|0|
1.808    0|0|0|0|0|0|0|0|0|0| 0|0|0|0|0|0|0|0|0|0|
1.809    0|0|0|0|0|1|0|0|0|0| 0|0|0|0|0|0|0|0|0|0|
1.810    0|0|0|0|0|0|0|0|1|0| 0|0|1|0|0|0|0|0|0|0|
1.811    0|0|0|0|0|0|0|0|0|0| 0|0|0|0|0|0|0|0|0|0|
1.812    0|0|0|0|0|0|1|0|1|0| 0|0|0|0|0|0|0|0|0|0|
1.813    0|0|0|0|0|0|0|0|0|0| 0|0|0|0|0|0|0|0|0|0|
1.814    0|0|0|0|0|0|0|0|0|0| 0|0|1|0|0|0|0|0|0|0|
1.815    0|0|0|0|0|1|0|1|0|0| 0|0|0|1|0|0|0|0|0|0|
1.816    0|0|0|0|0|0|0|0|0|0| 0|0|0|0|0|0|0|0|0|0|
1.817    0|0|0|0|0|0|0|0|0|0| 0|0|0|0|1|0|0|0|0|0|
1.818    0|0|0|0|1|0|0|1|0|0| 0|0|0|0|0|0|0|0|0|0|
1.818    0|0|0|0|0|0|0|0|0|0| 0|0|0|0|0|0|0|0|0|0|
1.819    0|0|0|0|0|0|0|1|1|0| 0|0|0|0|0|0|0|0|0|0|
1.820    0|0|0|0|0|0|1|0|0|0| 0|0|0|0|0|0|1|0|0|0|
1.821    0|0|0|0|0|0|0|0|0|0| 1|0|0|0|0|0|0|0|0|0|
1.822    0|0|0|0|0|1|0|0|0|0| 0|0|0|0|0|0|0|0|0|0|
1.823    0|0|0|0|0|0|0|0|0|0| 0|1|0|0|0|1|0|0|0|0|
1.824    0|0|0|0|0|0|0|0|0|0| 0|0|0|0|0|0|0|0|0|0|
1.825    0|0|0|0|0|0|0|0|0|0| 0|0|0|0|1|0|0|0|0|0|
1.826    0|0|0|0|0|0|0|0|0|0| 0|0|0|1|0|0|0|0|0|0|
1.827    0|0|0|0|0|1|0|0|1|0| 0|0|0|0|0|0|0|0|0|0|
1.828    0|0|0|1|0|0|0|0|0|0| 0|0|0|0|0|0|0|0|0|0|
1.829    0|0|0|0|0|0|0|0|0|0| 0|0|0|0|0|1|0|0|0|0|
1.830    0|0|0|0|0|0|1|0|0|0| 1|0|0|1|0|0|0|0|0|0|
1.831    0|0|0|0|0|0|0|0|0|0| 0|0|0|0|0|0|0|0|0|0|
1.832    0|0|0|0|0|0|0|0|0|0| 0|1|1|0|0|0|0|0|0|0|
1.833    0|0|0|0|0|0|0|0|1|0| 0|0|0|1|0|0|0|0|0|0|
1.834    0|0|0|0|0|0|0|1|0|0| 0|0|0|0|0|0|0|0|0|0|
1.835    0|0|0|0|1|0|0|0|0|0| 0|0|0|0|0|0|0|1|0|0|
1.836    1|0|0|0|0|0|0|0|0|0| 0|0|0|0|0|0|0|0|0|0|
1.837    0|0|0|0|0|0|0|0|0|0| 0|0|0|0|0|0|0|0|0|0|
1.838    0|0|0|0|0|1|0|0|0|0| 0|0|1|0|0|0|0|0|0|0|
1.839    0|0|0|0|0|0|0|0|0|0| 0|0|0|0|0|0|0|0|0|0|
1.840    0|0|0|0|1|0|0|0|0|0| 0|0|0|0|0|0|0|0|0|0|
1.841    0|0|0|0|0|0|1|0|0|0| 0|0|0|1|0|0|0|0|0|0|
1.842    0|0|0|0|0|0|0|0|0|0| 0|0|0|0|1|0|0|0|0|0|
1.843    0|0|0|0|0|0|0|0|0|0| 0|0|0|0|0|0|0|0|0|0|
1.844    0|0|0|0|0|0|0|0|0|0| 0|0|0|0|0|0|0|0|0|0|
1.845    0|0|0|0|0|0|0|0|0|0| 0|0|0|0|0|0|0|0|0|0|
1.846    0|0|0|0|0|0|0|0|1|0| 0|0|0|0|0|1|0|0|0|0|
1.847    0|0|0|0|0|0|0|0|0|0| 0|0|0|0|0|0|0|0|0|0|
1.848    0|0|0|0|0|0|1|0|0|0| 0|0|0|0|0|0|0|0|0|0|
1.849    0|0|1|0|0|0|0|1|0|0| 0|0|1|1|0|0|0|0|0|0|
1.850    0|0|0|0|0|0|0|0|0|0| 0|1|0|0|0|0|0|0|0|0|
1.851    0|0|0|1|0|1|0|1|0|0| 0|0|0|0|0|0|0|0|0|0|
1.852    0|0|0|0|0|0|0|0|0|0| 0|0|0|0|0|0|0|0|0|0|
1.853    0|0|0|0|0|0|0|0|0|0| 0|0|0|0|0|0|0|0|0|0|
1.854    0|0|0|0|0|1|0|0|0|0| 0|0|0|0|0|0|0|0|0|0|
1.855    0|0|0|0|0|0|0|0|0|0| 0|0|0|0|0|0|0|0|0|0|
1.856    0|0|0|0|1|0|1|0|0|0| 0|0|0|0|0|0|1|0|0|0|
1.857    0|0|0|0|0|0|0|0|0|0| 0|0|1|0|0|0|0|0|0|0|
1.858    0|0|0|0|0|0|0|1|1|0| 0|0|1|0|0|0|0|0|0|0|
1.859    0|0|0|0|0|0|0|0|0|0| 0|0|0|1|0|0|0|0|0|0|
1.860    0|0|0|0|0|0|0|0|0|1| 0|0|0|0|0|0|0|0|0|0|
1.861    0|0|0|0|0|0|0|0|0|0| 0|0|0|0|1|1|0|0|0|0|
1.862    0|0|0|0|0|0|0|0|0|0| 0|0|0|0|0|0|0|0|0|0|
1.863    0|0|0|0|0|0|0|0|0|0| 0|0|0|0|0|0|0|0|0|0|
1.864    0|0|0|0|0|0|0|0|0|0| 0|0|0|0|0|0|0|0|0|0|
1.865    0|0|0|0|0|0|0|0|0|0| 0|1|0|0|0|0|0|0|0|0|
1.866    0|0|0|0|0|0|0|1|0|0| 0|0|0|0|0|0|0|0|0|0|
1.867    0|0|0|0|1|0|0|0|0|0| 0|0|1|0|0|0|0|0|0|0|
1.868    0|0|0|0|0|0|0|0|0|0| 0|0|0|0|0|0|0|0|0|0|
1.869    0|0|0|0|0|0|0|0|0|0| 0|0|0|0|0|0|0|0|0|0|
1.870    0|0|0|0|0|0|1|0|0|0| 0|1|0|1|0|0|0|0|0|0|
1.871    0|0|0|0|0|0|0|0|0|0| 1|0|0|0|1|0|0|0|0|0|
1.872    0|0|0|0|0|0|0|0|1|0| 0|0|0|0|0|0|0|0|0|0|
1.873    0|0|0|0|0|1|0|0|0|0| 0|0|1|0|0|1|0|0|0|0|
1.874    0|0|0|0|0|0|0|0|0|0| 0|0|0|1|0|0|0|0|0|0|
1.875    0|0|0|0|0|0|0|1|0|0| 0|0|0|0|0|0|0|0|0|0|
1.876    0|0|0|0|1|0|0|0|0|0| 0|0|0|0|0|0|0|0|0|0|
1.877    0|0|0|0|0|0|1|0|1|0| 0|0|0|0|0|0|0|0|0|0|
1.878    0|0|0|1|0|0|0|0|0|0| 0|0|0|0|0|0|0|1|0|0|
1.879    0|0|0|0|0|0|0|0|0|0| 0|1|1|1|0|0|0|0|0|0|
1.880    0|0|0|0|0|0|0|0|0|0| 0|0|0|0|0|0|0|0|0|0|
1.881    0|0|0|0|0|1|0|1|0|0| 0|0|0|0|0|0|0|0|0|0|
1.882    0|0|0|0|0|0|1|0|0|0| 0|0|0|0|0|0|0|0|0|0|
1.883    0|0|0|0|0|0|0|0|0|0| 0|0|0|0|0|0|1|0|0|0|
1.884    0|0|0|0|0|0|0|0|0|0| 0|1|0|0|0|0|0|0|0|0|
1.885    0|0|0|0|0|0|0|0|0|0| 0|0|1|0|0|0|0|0|0|0|
1.886    0|0|0|0|0|1|0|0|0|0| 0|0|0|0|0|0|0|0|0|0|
1.887    0|0|0|0|1|0|1|0|0|0| 0|0|0|1|1|0|0|0|0|0|
1.888    0|0|0|0|0|0|0|0|0|0| 0|0|0|0|0|0|0|0|0|0|
1.889    0|0|0|0|0|0|0|0|1|0| 0|0|1|1|1|1|0|0|0|0|
1.890    0|0|0|0|1|0|0|1|0|0| 0|0|0|0|0|0|0|0|0|0|
1.891    0|0|0|0|0|0|0|0|0|0| 0|0|0|0|0|0|0|0|0|0|
1.892    0|0|0|0|1|0|0|0|0|0| 0|1|0|0|0|0|0|0|0|0|
1.893    0|0|1|1|0|0|0|1|0|1| 0|0|0|0|0|0|0|0|0|0|
1.894    0|0|0|0|0|0|0|0|0|0| 0|0|1|0|0|0|0|0|0|0|
1.895    0|0|0|0|0|1|0|0|0|0| 0|0|0|0|0|0|0|0|0|0|
1.896    0|0|0|0|0|0|0|0|0|0| 0|0|1|0|1|0|0|0|0|0|
1.897    0|0|0|0|0|0|1|0|1|0| 0|0|0|0|0|0|0|0|0|0|
1.898    0|0|0|0|0|0|0|0|0|0| 0|0|0|0|0|0|0|0|0|0|
1.899    0|0|0|0|0|1|0|0|0|0| 0|0|0|1|0|0|0|0|0|0|
1.900    0|0|0|0|0|0|0|0|0|0| 0|0|0|0|1|0|0|0|0|0|
1.901    0|0|0|0|0|0|0|0|0|0| 0|0|0|0|0|0|1|0|0|0|
1.901    0|0|0|0|0|0|0|0|0|0| 0|0|0|0|0|1|0|0|1|0|
1.902    0|0|0|0|0|0|1|0|0|0| 0|1|0|0|0|0|0|0|0|0|
1.903    0|0|0|0|0|0|0|0|0|0| 1|0|1|1|0|0|0|0|0|0|
1.904    0|0|0|0|0|0|0|0|0|0| 0|0|0|0|0|0|0|1|0|0|
1.905    0|0|0|0|1|0|0|0|0|0| 0|0|0|0|0|0|0|0|0|0|
1.906    0|0|0|0|0|0|0|1|0|0| 0|0|0|0|0|0|1|0|0|0|
1.907    0|0|0|0|0|0|0|0|1|0| 0|0|1|0|0|0|0|0|0|0|
1.908    0|0|0|0|0|0|1|0|0|0| 0|0|0|1|0|1|0|0|0|0|
1.909    0|0|0|0|0|0|0|0|0|1| 0|0|1|0|0|0|0|0|0|0|
1.910    0|0|0|0|1|0|0|0|0|0| 0|0|0|0|0|0|0|0|0|0|
1.911    0|0|0|0|0|0|0|1|0|0| 0|0|0|0|0|0|0|0|0|0|
1.912    0|0|0|0|0|0|0|0|0|1| 0|0|0|0|1|0|0|0|0|0|
1.913    0|0|0|0|0|1|0|0|0|0| 0|0|0|0|0|0|0|0|0|0|
1.914    0|0|0|0|0|0|0|0|0|0| 0|0|1|0|0|0|0|0|0|0|
1.915    0|0|0|0|0|1|0|0|0|0| 0|0|1|0|0|1|0|0|0|0|
1.916    0|0|0|0|0|0|0|1|0|0| 0|0|0|0|0|0|0|0|0|0|
1.917    0|0|0|1|0|0|0|0|0|0| 1|0|0|0|0|0|0|0|0|0|
1.918    0|0|0|0|0|0|1|0|1|0| 0|0|0|1|0|0|0|0|0|0|
1.919    0|0|0|0|0|1|0|0|0|0| 0|0|0|0|0|0|0|0|0|0|
1.920    0|0|0|0|0|0|0|0|1|0| 0|0|0|0|0|0|0|0|0|0|
1.921    0|1|0|0|0|0|0|0|0|0| 0|1|0|0|0|0|0|0|0|0|
1.922    0|0|0|0|0|0|0|1|0|0| 0|0|0|0|0|0|0|0|0|0|
1.923    0|0|0|0|0|0|0|0|0|0| 0|0|0|0|0|0|0|0|0|0|
1.924    0|0|0|0|0|1|1|0|0|0| 0|1|1|0|1|0|0|0|0|0|
1.925    0|0|0|1|0|0|0|0|0|0| 0|0|0|0|1|0|0|0|0|0|
1.926    0|0|0|0|0|0|0|0|0|0| 0|0|0|0|0|0|0|0|0|0|
1.927    0|0|0|0|0|0|0|0|0|0| 0|0|0|0|0|1|0|0|0|0|
1.928    0|0|0|0|0|0|0|1|1|0| 0|0|0|0|0|0|0|0|0|0|
1.929    0|0|0|0|0|0|0|0|0|0| 0|0|0|1|0|0|0|0|0|0|
1.930    0|0|0|0|0|0|0|0|0|0| 0|0|0|0|0|0|0|0|0|0|
1.931    0|0|0|0|0|0|0|0|0|0| 0|1|0|1|1|0|0|0|0|0|
1.932    0|0|1|0|0|0|0|0|0|0| 1|0|1|0|0|0|0|0|0|0|
1.933    0|0|0|0|0|0|0|1|0|0| 0|0|0|0|0|0|0|0|0|0|
1.934    0|0|0|0|1|1|0|0|1|0| 0|0|0|1|0|0|0|0|1|0|
1.935    0|0|0|0|0|0|1|0|0|0| 0|0|0|0|1|1|0|0|0|0|
1.936    0|0|0|0|0|0|0|0|0|1| 0|0|0|1|0|0|0|0|0|0|
1.937    0|0|0|0|0|0|0|0|0|0| 0|0|0|0|0|0|0|0|0|0|
1.938    0|0|0|0|0|1|0|0|0|0| 0|0|0|0|0|0|0|0|0|0|
1.939    0|0|1|0|0|0|0|0|0|0| 0|0|1|0|0|0|0|1|0|0|
1.940    0|0|0|0|0|0|0|0|0|0| 0|1|0|1|0|0|0|0|0|0|
1.941    0|0|0|0|0|0|1|0|0|0| 0|0|0|0|0|0|0|0|0|0|
1.942    0|0|0|0|0|0|0|0|0|1| 0|0|0|0|1|0|0|0|0|0|
1.943    0|0|0|0|0|0|0|0|1|0| 0|0|0|0|0|0|0|0|0|0|
1.944    0|0|0|0|0|0|0|0|0|0| 0|0|0|1|0|0|0|0|0|0|
1.945    0|0|0|0|0|0|0|1|0|0| 0|0|0|0|0|0|0|0|0|0|
1.946    0|0|0|0|0|0|0|0|0|0| 0|0|0|0|0|0|0|0|0|0|
1.947    0|0|0|0|0|0|0|0|0|0| 0|0|0|1|0|0|0|0|0|0|
1.948    0|0|0|0|0|0|0|1|0|0| 0|1|0|0|0|0|0|0|0|0|
1.949    0|0|0|0|0|1|0|0|0|0| 0|0|0|0|0|0|0|0|0|0|
1.950    0|1|1|1|1|0|1|0|0|0| 0|0|1|0|0|0|0|0|0|0|
1.951    0|0|0|0|0|0|0|0|0|0| 0|0|0|0|1|0|0|0|0|0|
1.952    0|0|0|0|1|0|0|0|1|0| 0|0|0|0|0|0|1|0|0|0|
1.953    0|0|0|0|0|0|0|0|0|0| 0|0|0|0|0|0|0|0|0|1|
1.954    0|0|0|0|0|1|0|0|0|0| 0|0|0|0|0|0|0|0|0|0|
1.955    0|0|0|0|0|0|0|0|0|0| 0|0|0|1|0|0|0|0|0|0|
1.956    0|0|0|0|0|0|0|0|0|0| 0|0|0|0|0|0|0|0|0|0|
1.957    0|0|0|0|0|0|1|0|1|1| 0|0|0|0|0|0|0|0|0|0|
1.958    0|0|0|0|0|0|0|0|0|0| 0|0|1|0|0|0|0|0|0|0|
1.959    0|0|0|0|0|0|0|1|0|0| 0|1|0|0|1|1|0|0|0|0|
1.960    0|0|0|0|0|1|0|0|0|0| 0|0|0|0|0|0|0|0|0|0|
1.961    0|0|0|0|0|0|0|0|0|0| 0|0|0|0|0|0|0|0|0|0|
1.962    0|0|0|0|1|0|1|0|0|0| 0|0|0|0|0|0|0|0|0|0|
1.963    0|0|0|0|0|1|0|0|0|0| 0|0|0|0|0|0|0|0|0|0|
1.964    0|0|0|0|0|0|0|0|0|0| 0|0|0|0|0|0|0|0|0|0|
1.965    0|0|0|0|0|0|0|0|1|0| 1|1|0|1|0|0|0|0|0|0|
1.966    0|0|1|0|0|0|0|0|0|0| 0|0|0|0|1|0|1|0|0|0|
1.967    0|0|0|0|0|0|1|0|0|0| 0|0|1|1|0|0|0|0|0|0|
1.968    0|0|0|0|0|1|0|0|0|0| 0|0|0|0|0|1|0|0|0|0|
1.969    0|0|0|0|0|0|0|0|0|0| 0|0|0|0|0|0|0|0|0|0|
1.970    0|0|0|0|0|0|0|1|0|0| 0|0|1|0|0|0|0|0|0|0|
1.971    0|0|0|0|0|0|0|0|0|0| 0|0|0|1|0|0|0|0|0|0|
1.972    0|0|0|0|0|0|1|0|0|0| 0|0|0|0|0|0|0|0|0|0|
1.973    0|0|0|0|0|0|0|0|0|0| 0|0|0|0|1|1|0|0|0|0|
1.974    0|0|0|0|0|0|1|0|0|0| 0|0|1|1|0|0|0|0|0|0|
1.975    0|0|0|0|0|1|0|1|0|0| 0|0|0|1|1|0|0|0|0|0|
1.976    0|0|0|0|0|0|0|0|0|0| 0|0|0|0|0|0|0|0|0|0|
1.977    0|0|0|0|1|0|0|0|0|0| 0|0|0|0|1|0|0|0|0|0|
1.978    0|0|0|1|0|0|0|0|0|1| 0|0|0|0|0|0|0|0|0|0|
1.979    0|0|0|0|0|0|1|0|0|0| 0|0|1|0|0|0|0|0|0|0|
1.980    0|0|0|0|0|0|1|0|1|0| 0|0|0|0|0|1|0|0|0|0|
1.981    0|0|0|0|0|1|0|0|0|0| 0|0|0|0|0|0|0|0|0|0|
1.982    0|0|0|0|0|0|0|0|0|0| 0|2|1|0|0|0|0|0|0|0|
1.983    0|0|0|0|0|0|0|0|0|0| 0|0|0|0|0|0|0|0|0|0|
1.983    0|0|0|0|0|0|0|0|0|0| 0|0|0|1|0|0|0|0|0|0|
1.984    0|0|0|0|0|0|0|1|0|0| 0|0|1|0|0|0|0|0|0|0|
1.985    0|0|0|0|0|1|0|0|0|0| 0|0|0|0|1|0|0|0|0|0|
1.986    0|0|1|0|0|1|1|0|0|0| 0|0|0|0|0|0|1|0|0|0|
1.987    0|0|0|0|1|0|0|0|0|0| 1|1|0|0|0|0|0|0|0|0|
1.988    0|0|0|0|0|0|0|0|1|0| 0|0|0|0|0|0|0|0|0|0|
1.989    0|0|0|0|0|0|0|0|0|0| 0|0|0|0|0|0|0|0|0|0|
1.990    0|0|0|0|0|0|1|1|0|0| 0|0|0|0|0|0|0|0|0|0|
1.991    0|0|0|0|0|0|0|0|0|0| 0|0|1|0|0|0|0|0|0|0|
1.992    0|0|0|1|0|1|0|0|0|0| 0|0|0|1|1|0|0|1|0|0|
1.993    0|0|0|0|0|0|0|0|0|0| 0|1|0|0|0|0|0|0|0|0|
1.994    1|0|0|0|0|0|0|0|0|0| 0|1|0|0|0|0|0|0|0|0|
1.995    0|0|0|0|1|1|0|0|0|0| 0|0|1|0|0|1|0|0|0|0|
1.996    0|0|0|0|0|0|0|1|0|0| 0|0|1|0|0|0|0|0|0|0|
1.997    0|0|0|0|0|0|0|0|1|1| 0|0|0|0|0|1|0|0|0|0|
1.998    0|0|0|0|0|1|0|0|0|0| 0|0|0|0|0|0|1|0|0|0|
1.999    0|0|0|0|0|0|1|0|0|0| 0|0|0|0|0|0|0|0|0|0|
2.000    0|0|0|0|1|0|0|1|0|1| 0|1|0|0|0|0|0|0|0|0|
2.001    0|0|0|0|0|0|1|0|0|0| 0|0|1|0|0|0|1|0|0|0|
2.002    0|0|0|0|0|0|0|0|1|0| 0|0|0|0|0|0|0|0|0|0|
2.003    0|0|0|0|0|1|0|0|0|0| 0|0|0|0|0|0|0|0|0|0|
2.004    0|0|0|0|0|0|0|0|0|0| 0|0|0|0|0|0|0|0|0|0|
2.005    0|0|0|0|0|0|0|0|0|0| 0|1|0|1|0|0|0|0|0|0|
2.006    0|0|0|0|0|1|0|0|1|0| 0|0|0|1|0|0|0|0|0|0|
2.007    0|0|0|0|0|1|0|1|0|0| 0|0|1|0|1|0|0|0|0|0|
2.008    0|0|0|0|0|0|0|0|0|0| 0|0|0|1|0|0|0|0|0|0|
2.009    0|0|0|0|0|0|0|1|0|0| 0|0|0|0|0|0|1|1|0|0|
2.010    0|0|0|0|0|0|0|0|0|0| 0|0|0|0|0|0|0|0|0|0|
2.011    0|0|0|0|0|0|1|0|0|0| 0|0|0|0|0|0|0|0|0|0|
2.012    0|0|0|0|0|1|0|0|0|0| 0|1|1|0|0|0|0|0|0|0|
2.013    0|0|0|0|1|0|0|0|1|0| 0|0|0|1|0|0|0|0|0|0|
2.014    0|0|0|0|0|0|0|1|0|0| 0|0|0|0|0|0|0|0|0|0|
2.015    0|0|0|0|0|1|0|0|0|0| 0|1|0|0|0|1|0|0|0|0|
2.016    0|0|0|0|0|0|0|0|1|0| 0|0|0|0|0|0|0|0|0|0|
2.017    0|0|0|0|1|0|0|0|0|0| 0|0|0|0|1|0|0|0|0|0|
2.018    0|0|0|1|0|0|0|0|0|0| 0|0|0|0|0|0|0|0|0|0|
2.019    0|0|0|0|1|1|1|0|0|0| 0|0|0|0|0|0|0|1|0|0|
2.020    0|0|0|0|0|0|0|1|0|0| 0|0|0|0|0|0|0|0|0|0|
2.021    0|0|0|0|0|0|0|0|0|0| 1|0|2|1|1|0|0|0|0|0|
2.022    0|0|0|0|0|0|0|0|0|0| 0|1|0|0|0|0|0|0|0|0|
2.023    0|0|0|0|0|0|0|0|1|0| 0|0|0|0|0|0|0|0|0|0|
2.024    0|0|1|0|1|0|0|0|0|0| 0|0|0|0|0|0|0|0|0|0|
2.025    0|0|0|0|0|0|0|0|0|0| 0|0|0|0|0|0|0|0|0|0|
2.026    0|0|0|0|0|0|0|0|0|0| 0|0|0|0|0|0|0|0|0|0|
2.027    0|0|0|1|0|0|0|0|0|1| 0|0|0|0|1|0|0|0|0|0|
2.028    0|0|0|0|0|0|1|0|1|0| 0|0|1|1|0|0|0|0|0|0|
2.029    0|0|0|0|0|0|0|1|0|0| 0|0|0|0|0|1|0|0|0|0|
2.030    0|0|0|0|0|0|0|0|0|0| 0|0|1|0|0|0|1|0|1|0|
2.031    0|0|0|0|0|0|0|0|0|0| 0|0|0|0|0|1|0|0|0|0|
2.032    0|0|0|0|0|0|0|1|0|0| 0|0|0|0|0|0|0|0|0|0|
2.033    0|0|0|0|1|0|0|0|0|1| 0|0|0|0|0|0|0|0|0|0|
2.034    0|0|0|0|0|0|0|0|0|0| 0|0|0|0|0|0|0|0|0|0|
2.035    0|0|0|0|0|0|0|0|0|0| 0|0|0|0|0|0|0|0|0|0|
2.036    0|0|0|0|0|0|0|0|1|0| 0|0|0|0|0|0|0|0|0|0|
2.037    0|0|0|0|0|1|1|1|0|0| 0|0|1|0|0|1|0|0|0|0|
2.038    0|0|0|0|0|0|0|0|0|0| 0|0|0|1|0|0|0|0|0|0|
2.039    0|0|0|0|0|0|0|0|0|0| 0|1|0|0|1|0|0|0|0|0|
2.040    0|0|0|0|0|0|0|0|1|0| 0|0|0|0|0|0|0|1|0|1|
2.041    0|0|0|1|0|0|0|0|0|0| 0|0|0|0|0|0|1|0|0|0|
2.042    0|0|0|0|0|0|0|0|0|0| 0|0|0|0|0|0|0|0|0|0|
2.043    0|0|0|0|1|1|0|0|0|0| 0|0|0|0|1|0|0|0|0|0|
2.044    0|0|0|0|0|0|0|0|0|0| 0|0|0|0|0|0|0|0|0|0|
2.045    0|0|0|0|1|0|0|1|0|0| 0|0|0|1|1|0|0|0|0|0|
2.046    0|0|0|1|0|0|1|0|0|0| 1|0|0|0|0|0|0|0|0|0|
2.047    0|0|0|0|0|0|0|1|0|1| 0|0|1|0|0|0|0|0|0|0|
2.048    0|0|0|0|0|0|0|0|0|0| 0|0|0|0|0|0|0|0|0|0|
2.049    0|0|0|0|0|0|1|0|0|0| 0|0|0|0|0|0|0|0|0|0|
2.050    0|0|0|0|0|0|0|0|1|0| 0|0|0|0|0|1|0|0|0|0|
2.051    0|0|0|0|0|0|0|0|0|0| 0|0|0|0|0|0|0|0|0|0|
2.052    0|0|0|0|0|0|0|1|0|0| 0|0|0|1|0|0|0|0|0|0|
2.053    0|1|0|0|0|0|0|0|0|0| 0|0|1|0|0|0|0|0|0|0|
2.054    0|0|0|0|0|1|0|0|0|0| 0|0|0|0|1|0|0|0|0|0|
2.055    0|0|1|0|1|0|1|0|0|0| 0|0|1|0|0|0|0|0|0|0|
2.056    0|0|0|0|0|0|1|0|0|0| 0|1|1|0|0|0|0|0|0|0|
2.057    0|0|0|0|0|1|0|0|0|0| 0|0|0|1|0|0|0|0|0|0|
2.058    0|0|0|0|0|0|0|0|1|0| 0|0|0|0|0|1|0|0|0|0|
2.059    0|0|0|0|0|1|0|1|0|0| 0|0|1|0|0|0|0|0|0|0|
2.060    0|0|0|0|0|0|0|0|0|0| 0|0|0|0|0|0|0|0|0|0|
2.061    0|0|0|0|0|0|0|0|0|0| 0|0|0|0|0|0|0|0|0|0|
2.062    0|0|0|1|1|0|0|0|0|1| 0|1|0|0|0|0|0|0|0|0|
2.063    0|0|0|0|0|1|0|1|0|0| 0|0|0|0|0|1|0|0|0|0|
2.064    0|0|0|0|0|0|1|0|0|0| 0|0|0|2|0|0|0|0|0|0|
2.065    0|0|0|0|0|0|1|0|0|0| 0|1|0|0|0|0|0|1|0|0|
2.066    0|0|0|0|0|0|0|0|0|0| 0|0|1|0|0|0|0|0|0|0|
2.066    0|0|0|0|0|0|0|1|0|0| 0|0|0|1|0|0|0|0|0|0|
2.067    0|0|0|0|0|0|0|0|1|0| 0|0|0|0|1|0|0|0|0|0|
2.068    0|0|0|0|0|0|0|0|0|0| 0|0|0|0|0|0|0|0|0|0|
2.069    0|0|0|0|0|0|1|0|0|0| 0|0|0|0|0|1|0|0|0|0|
2.070    0|0|0|0|0|0|0|0|0|1| 0|0|1|1|0|0|0|0|0|0|
2.071    0|1|0|0|0|1|0|0|0|0| 0|0|0|0|0|0|1|0|0|0|
2.072    0|0|0|0|1|0|0|1|0|0| 1|0|0|0|0|0|0|0|0|0|
2.073    0|0|0|0|0|0|0|0|1|0| 0|0|0|1|0|0|0|0|0|0|
2.074    0|0|0|1|0|0|0|0|0|0| 0|0|0|0|1|0|0|0|0|0|
2.075    0|0|0|0|0|0|1|0|0|0| 0|0|0|0|0|1|0|0|0|0|
2.076    0|0|0|0|0|1|0|0|0|0| 0|0|0|0|0|0|1|0|0|0|
2.077    0|0|0|0|0|0|0|1|0|0| 0|1|1|1|0|0|0|0|0|0|
2.078    0|0|0|0|0|1|0|0|1|0| 0|0|0|0|0|0|0|0|0|0|
2.079    0|0|0|0|0|0|0|0|0|0| 0|0|0|0|0|0|0|0|0|0|
2.080    0|0|0|0|1|0|0|0|0|0| 0|0|0|0|1|0|0|0|0|0|
2.081    0|0|0|0|0|0|0|0|0|0| 0|0|0|0|0|0|0|0|0|0|
2.082    0|0|0|0|1|0|0|0|0|0| 0|1|0|0|1|0|0|0|0|0|
2.083    0|0|0|0|0|1|0|0|0|0| 0|0|1|0|1|0|0|0|0|0|
2.084    0|0|0|0|0|0|1|0|0|0| 0|1|1|0|0|0|0|0|0|0|
2.085    0|0|0|1|0|0|1|0|0|0| 0|0|0|1|0|0|0|0|0|0|
2.086    0|0|0|0|0|0|0|1|0|0| 0|0|0|0|0|0|0|0|0|0|
2.087    0|0|0|0|0|0|0|0|0|0| 0|0|0|1|0|0|1|0|0|0|
2.088    0|0|0|0|0|0|1|0|0|0| 0|0|0|0|1|0|0|0|0|0|
2.089    0|0|0|0|0|0|0|0|0|0| 0|0|1|0|0|0|0|0|1|0|
2.090    0|0|0|0|1|0|0|0|0|0| 0|0|0|0|0|0|0|0|0|0|
2.091    0|0|0|0|0|0|0|1|1|0| 0|0|1|0|0|0|0|0|0|0|
2.092    0|0|0|0|0|0|1|0|0|0| 0|0|0|1|0|0|0|0|0|0|
2.093    0|0|1|0|1|0|0|1|0|0| 0|0|0|0|0|0|0|0|0|0|
2.094    0|0|0|0|0|0|0|0|0|0| 0|0|0|0|0|0|0|1|0|0|
2.095    0|0|0|0|0|0|0|0|0|0| 0|0|0|0|1|0|0|0|0|0|
2.096    0|0|0|0|1|1|1|0|1|0| 0|0|0|0|0|1|0|0|0|0|
2.097    0|0|0|0|0|0|0|0|0|0| 0|0|0|0|0|0|0|0|0|0|
2.098    0|0|0|1|0|0|0|1|0|0| 0|1|0|1|0|0|0|0|0|0|
2.099    0|0|0|0|0|0|1|0|0|0| 0|0|0|0|0|0|1|0|0|0|
2.100    0|0|0|0|1|0|0|0|0|0| 0|0|1|0|0|0|0|0|0|0|
2.101    0|0|0|0|0|1|0|0|0|0| 0|0|0|1|0|0|0|0|0|0|
2.102    0|0|0|0|0|0|0|1|1|0| 0|0|0|0|0|0|0|0|0|0|
2.103    0|0|0|0|0|1|1|0|0|0| 0|0|0|1|0|0|0|0|0|0|
2.104    0|0|0|0|1|0|0|0|0|0| 0|0|0|0|0|0|0|0|0|0|
2.105    0|0|1|0|0|0|0|0|0|0| 0|0|0|0|0|0|0|0|0|0|
2.106    0|0|0|0|0|0|0|1|0|0| 0|0|0|0|1|0|0|0|0|0|
2.107    0|0|0|0|0|1|0|0|1|0| 0|0|0|0|0|0|0|0|0|0|
2.108    0|0|0|0|0|0|0|0|0|0| 1|0|1|1|0|1|0|0|0|0|
2.109    0|0|0|0|1|0|0|1|0|1| 0|0|1|0|0|0|0|0|0|0|
2.110    0|0|0|0|0|0|1|0|0|0| 0|0|0|0|0|0|0|0|0|0|
2.111    0|0|0|0|0|0|0|1|0|0| 0|0|0|0|1|0|0|0|0|0|
2.112    0|0|0|0|0|0|0|0|0|0| 0|0|0|0|0|0|0|1|0|0|
2.113    0|0|0|0|0|1|0|0|0|0| 0|0|1|0|0|0|0|0|0|0|
2.114    0|0|0|0|0|0|1|0|0|0| 0|0|0|0|1|0|0|0|0|0|
2.115    0|0|0|0|0|0|0|0|0|0| 0|0|0|0|0|1|0|0|0|0|
2.116    0|1|0|0|0|0|0|1|0|0| 0|1|0|0|0|0|0|0|1|0|
2.117    0|0|0|0|0|0|0|0|0|0| 0|0|1|1|0|0|0|0|0|0|
2.118    0|0|0|1|0|0|1|0|0|0| 0|0|0|0|0|0|0|0|0|0|
2.119    0|0|0|0|0|0|0|0|1|0| 0|0|0|0|0|0|0|0|0|0|
2.120    0|0|0|0|0|0|1|0|1|0| 0|0|0|1|0|0|0|0|0|0|
2.121    0|0|0|0|0|0|0|0|0|0| 0|0|1|0|1|1|0|0|0|0|
2.122    0|0|0|0|0|1|0|1|0|0| 0|1|0|0|0|0|0|0|0|0|
2.123    0|0|1|0|1|0|0|0|0|0| 0|0|0|1|0|0|1|0|0|0|
2.124    0|0|0|0|0|0|1|0|0|0| 1|0|1|0|0|0|0|0|0|0|
2.125    0|0|0|0|0|0|0|0|0|0| 0|0|0|0|0|0|1|0|0|0|
2.126    0|0|0|1|0|1|0|0|0|0| 0|0|1|0|0|0|0|0|1|0|
2.127    0|0|0|0|0|0|1|0|0|0| 0|0|1|1|0|0|0|0|0|0|
2.128    0|0|0|0|0|0|0|1|1|0| 0|1|0|0|1|0|0|0|0|0|
2.129    0|0|0|0|1|1|0|0|0|0| 0|0|0|0|0|0|0|0|0|0|
2.130    0|0|0|0|0|1|1|0|0|0| 0|0|0|0|1|1|0|0|0|0|
2.131    0|0|0|0|0|0|0|0|0|0| 0|1|0|0|1|0|1|0|0|0|
2.132    0|0|0|0|0|0|0|1|0|0| 0|0|0|1|0|0|0|0|0|1|
2.133    0|0|0|0|0|1|0|0|0|1| 0|0|0|0|0|0|0|0|0|0|
2.134    0|0|0|0|0|0|1|0|1|0| 0|0|0|0|0|0|0|0|0|0|
2.135    0|0|0|1|0|1|0|0|0|0| 0|1|0|0|0|0|0|0|0|0|
2.136    0|0|0|0|0|0|0|0|0|0| 0|0|0|0|0|0|0|0|0|0|
2.137    0|0|0|0|0|0|0|1|0|0| 1|0|1|0|0|0|0|0|0|0|
2.138    0|0|0|0|0|1|0|0|0|0| 0|0|0|0|0|0|0|0|0|0|
2.139    0|1|0|0|0|0|0|1|0|0| 0|1|1|1|0|0|0|0|0|0|
2.140    0|0|0|0|0|1|0|0|0|0| 0|1|0|0|0|0|0|1|0|0|
2.141    0|0|0|0|0|0|1|0|0|0| 0|0|0|0|1|0|0|0|0|0|
2.142    1|0|0|0|0|1|0|0|0|0| 0|0|0|0|1|0|0|0|0|0|
2.143    0|0|0|0|0|1|0|1|0|0| 0|0|0|0|0|0|0|0|0|0|
2.144    0|0|0|0|0|0|0|0|1|0| 0|0|0|0|1|0|0|0|0|0|
2.145    0|0|0|0|0|0|1|0|1|0| 0|0|1|1|0|0|0|0|0|0|
2.146    0|0|0|0|0|0|0|0|0|0| 0|0|0|1|0|0|0|0|0|0|
2.147    0|0|0|0|1|0|0|0|1|0| 1|0|0|0|1|0|1|0|0|0|
2.148    0|0|0|0|0|1|0|0|0|0| 0|0|1|0|0|1|0|0|0|0|
2.148    0|0|0|0|0|0|0|0|0|0| 0|1|0|0|1|0|0|0|0|0|
2.149    0|0|0|0|0|0|0|0|0|0| 0|0|0|0|0|0|0|0|0|0|
2.150    0|0|1|0|0|0|1|1|0|0| 0|0|1|1|0|0|0|0|0|0|
2.151    0|0|0|1|0|1|0|0|1|0| 0|1|0|0|0|0|1|0|0|0|
2.152    0|0|0|0|0|0|0|0|0|1| 0|0|0|1|0|0|0|0|0|0|
2.153    0|0|0|0|0|0|0|0|0|0| 0|0|0|0|0|0|0|0|0|0|
2.154    0|0|0|0|0|1|0|0|0|0| 0|0|1|0|0|0|0|0|0|0|
2.155    1|0|0|0|1|0|0|1|0|0| 0|0|0|0|0|0|0|0|0|0|
2.156    0|0|0|0|0|0|0|0|0|0| 0|2|0|0|1|1|0|0|0|0|
2.157    0|0|0|0|0|1|1|0|1|0| 0|0|0|1|0|0|1|1|0|0|
2.158    0|0|0|0|0|0|0|0|0|0| 0|0|1|0|0|0|0|0|0|0|
2.159    0|0|0|0|0|1|0|0|0|0| 0|0|0|0|0|0|0|0|0|0|
2.160    0|0|0|0|0|0|0|0|0|0| 0|1|1|0|0|0|0|0|0|0|
2.161    0|0|0|0|0|0|0|0|0|0| 0|0|0|0|0|0|1|0|0|0|
2.162    0|0|0|0|1|1|0|0|0|0| 0|0|0|1|0|0|0|0|0|0|
2.163    0|0|0|0|0|0|1|1|0|0| 0|1|0|0|0|0|0|0|0|0|
2.164    0|0|0|0|0|0|0|0|0|0| 0|0|0|0|0|0|0|1|0|0|
2.165    0|0|0|0|0|0|0|0|1|1| 1|0|0|0|1|0|0|0|0|0|
2.166    0|0|0|0|1|1|1|0|0|1| 0|0|1|1|0|1|1|0|0|0|
2.167    0|0|0|0|0|1|0|0|1|0| 0|0|0|0|0|0|0|0|0|0|
2.168    1|0|0|1|0|0|0|0|0|0| 0|0|0|0|0|1|0|0|0|0|
2.169    0|0|0|0|0|0|1|0|0|0| 0|1|0|0|0|0|0|0|0|0|
2.170    0|1|0|0|0|0|0|1|0|0| 0|0|0|1|0|0|0|0|0|0|
2.171    0|0|0|0|0|0|1|1|1|0| 0|0|1|0|1|0|0|0|0|0|
2.172    0|0|1|0|1|0|1|0|0|0| 0|1|0|0|0|0|0|0|1|0|
2.173    0|0|0|0|0|1|0|0|0|0| 0|0|0|0|0|0|0|0|0|0|
2.174    0|0|0|0|0|0|0|0|0|0| 0|0|1|0|0|0|0|0|0|0|
2.175    0|0|0|0|0|0|0|0|0|0| 0|0|0|1|0|1|0|0|0|0|
2.176    0|0|0|0|0|0|0|1|1|0| 0|0|0|0|0|0|0|0|0|0|
2.177    0|0|0|0|0|0|0|0|1|0| 0|0|1|1|0|0|0|0|0|0|
2.178    0|0|0|0|0|0|1|1|0|0| 1|0|0|0|0|0|0|0|0|0|
2.179    0|0|0|0|0|0|0|0|0|0| 0|0|1|1|0|0|1|0|0|0|
2.180    0|0|0|0|0|1|0|0|0|0| 0|1|0|0|2|0|0|0|0|0|
2.181    0|0|0|0|1|0|0|0|0|0| 0|1|0|0|0|0|0|0|0|0|
2.182    0|0|0|0|0|0|1|0|0|0| 0|0|0|0|0|0|0|1|0|0|
2.183    1|0|0|1|0|1|0|1|0|0| 0|0|1|1|1|1|0|0|0|0|
2.184    0|0|0|0|0|1|0|0|1|1| 0|0|1|0|0|0|0|0|0|0|
2.185    0|0|0|0|0|0|0|0|0|0| 0|1|0|0|1|0|1|0|0|0|
2.186    0|0|0|0|1|0|1|1|0|0| 0|1|0|0|0|0|0|0|0|0|
2.187    0|0|0|0|0|0|0|0|0|0| 0|0|1|0|0|0|1|0|0|0|
2.188    0|0|0|0|1|1|0|0|0|0| 0|0|1|0|0|0|0|0|0|0|
2.189    0|0|0|1|0|0|1|0|0|0| 0|0|0|0|0|0|0|1|0|0|
2.190    0|0|0|0|0|1|0|0|1|0| 0|0|0|1|0|0|0|0|0|0|
2.191    0|0|0|0|1|0|1|1|1|0| 0|0|0|1|0|0|0|0|0|0|
2.192    0|0|0|0|0|0|1|0|0|0| 0|0|0|0|1|1|0|0|0|0|
2.193    0|0|0|0|0|0|0|1|0|1| 0|0|1|0|0|0|0|0|0|0|
2.194    0|0|0|0|0|0|0|0|0|0| 0|0|0|0|0|0|0|0|0|0|
2.195    0|0|1|0|0|1|0|0|0|0| 0|1|1|0|0|0|0|0|0|0|
2.196    0|0|0|0|1|0|1|1|0|0| 0|0|0|1|1|0|0|0|0|0|
2.197    0|0|0|0|0|0|0|0|0|0| 0|0|1|0|0|2|0|0|0|0|
2.198    0|0|0|0|0|0|0|0|0|0| 1|0|0|0|0|0|0|0|0|0|
2.199    0|0|0|0|0|0|1|0|0|0| 0|1|1|0|0|0|0|0|0|0|
2.200    0|0|0|1|0|1|0|0|0|0| 0|0|0|0|1|0|0|0|0|0|
2.201    0|0|0|0|1|0|2|1|1|0| 0|0|0|1|0|0|0|0|0|0|
2.202    0|0|0|0|0|0|0|0|0|0| 0|0|0|0|0|0|0|0|0|0|
2.203    0|0|0|0|0|0|0|0|0|0| 0|0|0|0|0|1|0|0|0|0|
2.204    0|0|0|0|0|1|0|0|0|0| 0|0|1|0|1|0|0|0|0|0|
2.205    0|0|0|0|0|0|0|0|0|0| 0|0|0|1|0|0|0|0|0|0|
2.206    0|0|0|0|0|0|0|0|0|0| 0|1|1|0|0|1|0|0|0|0|
2.207    0|0|0|0|0|0|1|0|0|0| 0|0|0|0|0|0|0|0|0|0|
2.208    0|0|1|0|1|0|0|1|0|0| 0|0|0|0|0|0|0|0|0|0|
2.209    0|0|0|0|0|1|0|0|0|0| 0|0|0|1|0|0|1|0|0|0|
2.210    0|0|0|0|0|0|0|0|0|0| 0|1|0|0|1|1|0|1|0|0|
2.211    0|0|0|0|0|0|0|0|0|0| 0|0|0|1|0|0|0|0|0|0|
2.212    0|0|0|0|0|0|0|0|1|1| 0|0|0|0|0|0|0|0|0|0|
2.213    0|0|0|0|1|0|0|0|0|0| 1|0|1|0|0|0|0|0|0|0|
2.214    0|0|0|0|0|1|1|1|1|0| 0|0|0|0|1|0|0|0|0|0|
2.215    0|0|0|0|0|0|0|0|0|0| 0|0|0|1|0|0|0|0|0|0|
2.216    0|0|0|0|0|1|0|0|0|0| 0|0|0|0|0|0|0|0|0|0|
2.217    0|0|0|0|0|0|0|1|1|0| 0|0|0|0|0|0|1|0|0|0|
2.218    0|0|0|1|0|0|0|0|0|0| 1|1|1|0|0|0|0|0|0|0|
2.219    0|0|0|0|0|0|0|0|1|0| 0|0|1|1|0|1|0|0|0|0|
2.220    0|0|1|0|1|0|0|1|0|0| 0|0|0|0|0|0|0|0|0|0|
2.221    0|0|0|0|0|1|1|0|0|0| 0|0|0|0|0|1|0|0|0|0|
2.222    0|0|0|0|1|0|0|1|0|0| 0|0|1|0|1|0|0|1|0|0|
2.223    0|1|0|0|0|0|0|0|0|0| 0|0|1|1|0|0|0|0|0|0|
2.224    0|0|0|0|0|0|0|0|1|0| 0|0|0|0|1|1|0|0|0|0|
2.225    0|0|0|0|0|1|1|0|0|0| 0|1|0|1|0|0|0|1|0|0|
2.226    0|0|1|0|0|0|0|0|0|0| 1|0|1|0|0|0|1|0|0|0|
2.227    0|0|0|0|0|0|0|0|0|0| 0|0|0|0|1|0|0|0|0|0|
2.228    0|0|0|0|0|0|0|0|0|0| 0|0|1|0|0|0|0|0|0|0|
2.229    0|0|0|0|0|0|1|1|0|0| 0|1|0|1|0|1|0|0|0|0|
2.230    0|0|0|0|0|0|0|0|0|0| 0|0|0|0|0|0|0|0|0|0|
2.231    0|0|0|0|0|0|0|0|0|0| 0|0|0|0|0|0|0|0|0|0|
2.231    0|0|0|0|0|0|0|0|0|0| 0|1|0|0|1|0|0|0|0|0|
2.232    0|0|0|0|0|0|0|0|0|0| 0|0|0|0|0|0|1|0|0|0|
2.233    0|0|0|0|1|1|1|1|1|1| 0|0|1|1|0|0|0|0|1|0|
2.234    0|0|0|1|0|0|0|1|0|0| 0|1|0|0|0|0|0|0|0|0|
2.235    0|0|0|0|0|1|0|0|0|0| 0|1|0|0|1|1|0|0|0|0|
2.236    0|0|0|0|0|0|1|0|0|0| 0|0|0|0|0|0|0|0|0|0|
2.237    0|0|0|0|0|0|0|0|0|0| 0|0|0|0|0|0|0|0|0|0|
2.238    0|0|0|0|0|0|0|1|0|0| 0|0|0|0|1|0|0|0|0|0|
2.239    0|0|0|1|2|1|0|0|0|0| 0|0|1|0|0|1|0|0|0|0|
2.240    0|0|0|0|0|0|0|0|1|0| 0|0|0|1|0|0|0|0|0|0|
2.241    0|0|0|0|0|0|1|0|0|0| 0|0|0|0|0|0|1|0|0|0|
2.242    0|0|0|0|0|0|0|1|0|0| 1|0|0|1|0|0|0|0|0|0|
2.243    0|0|0|0|1|1|0|0|0|0| 0|0|0|0|1|0|0|0|0|0|
2.244    0|0|0|0|0|0|0|0|0|0| 1|0|0|0|0|0|0|0|0|0|
2.245    0|0|0|0|0|0|0|1|1|0| 0|0|1|0|0|0|0|1|0|0|
2.246    0|0|0|0|0|1|1|0|0|0| 1|1|0|1|1|1|0|0|0|0|
2.247    0|0|0|0|0|0|0|0|0|0| 0|0|0|0|0|0|0|1|0|0|
2.248    0|0|0|0|0|0|0|0|0|0| 0|0|0|0|0|1|1|0|0|0|
2.249    0|0|0|0|1|0|0|0|1|0| 0|0|1|1|0|0|0|0|0|0|
2.250    0|0|0|0|1|1|0|1|0|0| 0|0|0|0|0|1|0|0|0|0|
2.251    0|0|1|0|0|0|0|0|0|0| 0|2|0|0|0|0|0|0|0|0|
2.252    0|0|0|0|0|0|0|0|0|0| 0|0|1|0|0|1|0|0|0|0|
2.253    0|0|0|1|0|0|1|0|0|0| 1|0|0|0|0|1|0|0|0|0|
2.254    0|0|0|0|0|1|0|0|0|1| 0|0|0|0|1|0|0|0|0|0|
2.255    0|0|0|0|0|1|0|0|0|0| 0|0|0|0|0|0|0|0|0|0|
2.256    0|0|0|1|0|0|0|1|0|0| 0|0|1|1|0|1|0|0|0|0|
2.257    0|0|0|0|1|0|1|0|0|0| 0|0|0|0|0|0|0|0|0|0|
2.258    0|0|0|0|0|0|0|0|1|0| 0|2|1|1|0|0|0|0|0|1|
2.259    0|0|0|0|0|0|0|0|1|0| 0|0|0|0|0|0|0|0|0|0|
2.260    0|0|0|0|0|1|0|0|0|0| 0|0|1|0|0|0|0|0|0|0|
2.261    1|0|0|0|1|0|0|2|0|0| 0|0|0|2|0|0|0|0|1|0|
2.262    0|0|0|1|0|0|1|0|0|0| 0|0|1|0|0|0|0|0|0|0|
2.263    0|0|0|0|0|1|0|0|0|0| 0|1|0|0|1|0|1|0|0|0|
2.264    0|0|0|0|0|0|1|0|0|0| 0|0|0|0|0|0|0|0|0|0|
2.265    0|0|1|1|0|0|1|1|0|0| 0|0|1|0|1|1|0|0|0|0|
2.266    0|1|0|1|0|0|0|0|1|0| 0|1|0|0|0|0|0|0|0|0|
2.267    0|0|0|0|0|0|0|1|0|0| 0|0|0|1|1|0|0|0|0|0|
2.268    0|0|0|0|0|1|0|0|0|0| 0|0|1|1|0|0|0|0|0|0|
2.269    0|0|0|0|0|0|1|0|0|0| 0|0|1|0|0|0|0|0|0|0|
2.270    0|0|0|0|0|0|0|1|0|1| 1|0|0|1|0|0|0|0|0|0|
2.271    0|0|0|0|1|0|1|0|0|0| 0|0|0|0|0|0|0|0|0|0|
2.272    0|0|0|0|0|0|0|1|1|0| 0|0|0|0|0|0|0|0|0|0|
2.273    0|0|0|0|0|1|0|0|0|0| 1|0|1|1|0|0|0|0|0|0|
2.274    0|0|0|0|0|0|0|1|1|0| 0|1|0|0|0|0|0|0|0|0|
2.275    0|0|0|0|1|0|1|0|0|0| 0|1|0|0|1|0|1|0|0|0|
2.276    1|0|0|1|0|0|1|1|0|1| 0|0|0|0|1|1|0|0|0|0|
2.277    0|0|0|0|0|0|0|1|0|0| 0|0|1|0|0|0|0|1|0|0|
2.278    0|0|0|0|0|1|1|0|0|0| 0|0|0|1|0|0|0|0|0|0|
2.279    0|0|0|0|0|0|0|0|1|0| 0|1|0|0|0|0|0|0|0|0|
2.280    0|0|1|0|0|0|0|0|0|0| 0|0|0|0|0|1|1|0|0|0|
2.281    0|0|0|0|0|0|0|0|0|0| 0|1|1|1|0|0|0|0|0|0|
2.282    0|0|0|0|0|1|1|1|0|0| 0|0|1|0|1|0|1|0|0|0|
2.283    0|0|0|0|0|0|0|0|0|0| 0|0|0|0|0|0|0|1|0|0|
2.284    0|0|0|0|0|0|0|1|0|0| 0|0|0|0|0|0|0|0|0|0|
2.285    0|0|0|0|1|1|0|0|1|0| 0|0|0|1|1|0|0|0|0|0|
2.286    0|0|0|0|0|0|0|0|0|0| 0|0|0|1|0|0|0|0|0|0|
2.287    0|0|0|0|0|0|1|0|1|0| 0|0|1|0|0|1|1|0|0|0|
2.288    0|0|0|1|0|0|0|0|0|0| 0|1|0|0|0|0|0|0|0|0|
2.289    0|0|0|1|0|1|0|0|0|0| 0|0|0|0|1|0|0|0|0|0|
2.290    0|0|0|0|0|1|0|2|0|0| 0|0|1|1|0|0|0|0|0|0|
2.291    0|0|1|0|0|0|1|0|0|0| 0|0|0|0|0|0|0|0|0|0|
2.292    0|0|0|0|1|0|0|1|0|0| 0|1|0|0|0|1|0|0|0|0|
2.293    0|0|0|1|0|1|0|0|0|1| 0|0|1|1|0|0|0|0|0|0|
2.294    0|0|0|0|0|0|0|0|1|0| 0|0|0|0|1|0|0|0|1|0|
2.295    0|0|0|0|1|0|1|1|0|0| 0|1|0|1|0|0|0|0|0|0|
2.296    0|0|0|0|0|0|0|0|0|0| 1|0|0|1|0|1|1|0|0|0|
2.297    0|0|0|0|0|0|1|0|0|0| 0|1|0|0|1|0|0|0|0|0|
2.298    0|0|0|1|0|0|0|1|1|0| 0|0|0|0|0|0|0|0|0|0|
2.299    0|1|0|0|0|0|0|0|0|0| 0|0|1|0|0|0|0|0|0|0|
2.300    0|0|0|0|1|1|1|0|0|0| 0|0|0|1|0|0|0|0|0|0|
2.301    1|0|0|0|0|0|1|1|0|0| 0|1|0|0|1|1|0|0|0|0|
2.302    0|0|0|0|0|0|0|0|0|0| 0|0|0|0|0|0|0|0|0|0|
2.303    0|0|0|0|0|0|1|0|0|1| 0|0|0|1|0|0|0|0|1|0|
2.304    0|0|0|0|0|0|0|0|0|0| 0|0|1|0|0|0|0|0|0|0|
2.305    0|0|0|0|0|1|1|0|1|0| 0|0|0|0|0|0|0|1|0|0|
2.306    0|0|0|1|0|0|0|0|1|0| 0|1|0|1|1|0|1|0|0|1|
2.307    0|0|0|0|0|0|0|0|0|0| 0|0|0|0|0|0|0|0|0|0|
2.308    0|0|0|0|0|1|0|0|1|0| 1|0|1|0|0|0|0|0|0|0|
2.309    0|0|0|0|0|0|0|1|0|0| 0|0|0|0|0|0|0|0|0|0|
2.310    0|0|0|0|0|0|1|0|0|0| 0|0|1|1|0|0|0|0|0|0|
2.311    0|0|0|0|1|1|0|1|0|0| 0|0|0|0|0|1|0|0|0|0|
2.312    0|0|0|0|0|1|0|0|1|0| 0|0|1|0|1|0|0|0|0|0|
2.313    0|0|1|0|0|0|1|0|0|0| 0|0|0|1|0|0|0|0|0|0|
2.314    0|0|0|0|0|0|0|0|0|0| 0|1|0|0|0|1|0|0|0|0|
2.314    0|0|0|0|0|0|0|0|1|0| 1|0|1|0|1|0|0|0|0|0|
2.315    0|0|0|0|0|0|0|0|0|0| 0|1|0|0|0|0|0|0|0|0|
2.316    0|0|0|1|0|1|0|1|0|0| 0|1|0|0|0|0|0|0|0|0|
2.317    0|0|0|0|0|0|0|0|1|0| 0|0|1|0|1|0|1|0|0|0|
2.318    0|0|0|0|0|0|0|1|0|1| 0|0|0|1|0|0|0|0|0|0|
2.319    1|0|0|0|1|1|0|0|0|0| 0|0|1|0|0|0|0|0|0|0|
2.320    0|0|0|1|0|0|0|0|0|0| 0|0|0|0|1|0|1|1|0|0|
2.321    0|0|0|0|1|0|1|0|0|0| 0|1|1|0|0|0|0|0|0|0|
2.322    0|0|0|1|0|0|0|0|0|0| 0|0|0|1|1|0|0|0|0|0|
2.323    0|0|0|0|0|0|0|1|0|0| 0|0|0|0|0|1|1|0|0|0|
2.324    0|0|0|0|1|0|0|0|0|0| 0|0|1|0|0|0|0|0|0|0|
2.325    0|0|0|0|0|0|1|1|1|0| 0|1|0|0|0|0|1|0|0|0|
2.326    0|0|0|0|0|0|0|0|1|0| 0|0|0|1|0|1|0|0|0|0|
2.327    0|0|0|0|0|1|0|0|0|0| 1|0|1|0|1|0|0|1|0|0|
2.328    0|1|0|0|0|0|1|0|0|0| 0|0|0|0|0|1|0|0|0|0|
2.329    0|0|0|1|0|0|0|0|0|0| 0|0|1|1|0|0|0|0|0|0|
2.330    0|0|0|0|1|1|0|0|1|0| 0|0|1|1|1|0|0|0|0|0|
2.331    0|0|0|0|0|0|1|1|0|1| 0|1|0|1|0|1|0|0|0|0|
2.332    0|0|0|0|1|0|0|0|0|0| 0|1|0|0|0|0|0|0|0|0|
2.333    0|0|0|0|0|0|0|1|1|1| 0|0|0|0|1|0|0|0|0|0|
2.334    0|0|0|0|0|1|1|1|0|0| 0|0|0|0|0|1|1|0|0|0|
2.335    0|0|0|0|0|0|0|0|0|0| 0|0|1|0|0|0|0|0|0|0|
2.336    0|0|0|0|0|0|0|1|1|0| 1|0|0|1|0|0|0|0|1|0|
2.337    0|0|1|1|0|0|1|0|0|0| 0|1|0|1|0|1|0|0|0|0|
2.338    0|0|0|0|0|0|0|0|0|0| 0|0|1|0|0|0|0|0|0|0|
2.339    0|0|0|0|0|0|0|1|0|0| 0|0|1|0|1|0|1|0|0|0|
2.340    0|0|0|1|0|1|0|0|1|0| 0|0|0|1|0|0|0|0|0|0|
2.341    0|0|1|0|0|0|1|1|0|0| 1|0|0|0|0|0|0|1|0|0|
2.342    0|0|0|0|1|1|1|0|1|0| 0|0|1|0|1|1|0|0|0|0|
2.343    0|0|0|0|1|1|0|1|0|1| 0|1|1|0|0|0|0|0|0|0|
2.344    0|0|0|0|0|0|0|0|0|0| 0|0|0|1|0|0|0|0|0|0|
2.345    0|0|0|0|0|2|1|0|0|0| 0|0|0|0|0|0|0|0|0|0|
2.346    0|0|0|0|0|0|0|1|1|0| 0|0|1|0|0|0|1|0|0|0|
2.347    0|0|0|0|1|1|0|0|0|0| 0|1|1|0|1|0|0|0|0|0|
2.348    0|0|0|0|0|1|0|0|0|0| 0|0|0|1|0|1|0|0|0|0|
2.349    0|0|0|0|1|0|0|0|0|0| 0|0|0|0|1|1|0|1|1|0|
2.350    0|0|0|0|0|0|0|0|0|0| 0|1|1|0|1|0|0|0|0|0|
2.351    0|0|0|0|0|0|1|1|0|0| 0|0|0|1|0|0|0|0|0|0|
2.352    0|0|0|1|1|0|0|0|0|0| 0|1|0|0|2|0|0|0|0|0|
2.353    0|0|0|0|0|1|0|0|1|0| 0|0|0|0|0|0|0|1|0|0|
2.354    0|0|0|0|1|0|1|1|0|0| 0|1|0|1|0|0|0|0|0|0|
2.355    0|0|0|0|1|0|1|0|0|0| 1|0|0|0|1|1|0|0|0|0|
2.356    0|0|0|0|1|0|1|0|1|0| 0|0|0|0|0|0|1|1|0|0|
2.357    0|0|0|0|0|0|0|0|0|0| 0|0|1|1|0|1|0|0|0|0|
2.358    0|0|1|0|0|1|0|1|1|0| 0|1|0|0|1|0|0|0|0|0|
2.359    0|0|0|0|0|0|1|1|0|0| 1|0|0|0|0|0|0|0|0|0|
2.360    0|0|0|1|1|0|0|0|0|0| 0|0|0|0|0|0|0|0|0|1|
2.361    0|0|0|0|0|1|0|0|0|0| 0|1|1|1|1|0|0|0|0|0|
2.362    0|0|0|0|0|1|0|1|1|0| 0|0|0|0|0|0|1|0|0|0|
2.363    0|0|0|0|0|0|1|0|0|0| 0|0|0|1|0|1|0|1|0|0|
2.364    1|0|0|0|1|0|0|0|0|0| 0|0|0|0|1|1|0|0|0|0|
2.365    0|0|0|0|0|0|1|0|0|1| 0|1|1|0|0|0|0|0|1|0|
2.366    0|0|0|1|0|1|0|0|0|0| 0|0|0|0|0|0|0|0|0|0|
2.367    0|0|0|0|1|0|1|1|0|1| 0|0|1|0|1|0|0|0|0|0|
2.368    0|0|0|0|0|0|0|0|1|0| 0|0|0|0|1|1|1|0|0|0|
2.369    0|1|0|0|0|1|1|1|0|1| 0|0|0|1|0|0|1|0|0|0|
2.370    0|0|0|0|0|0|0|0|0|0| 0|1|1|0|0|0|0|0|0|0|
2.371    0|0|1|1|0|0|0|0|0|1| 0|1|0|0|0|0|0|0|0|0|
2.372    0|0|0|0|0|1|0|0|0|0| 0|0|0|1|1|1|0|0|0|0|
2.373    0|0|0|0|1|0|1|1|0|0| 0|0|0|0|1|0|1|0|0|0|
2.374    0|0|0|0|0|0|0|0|0|0| 0|0|1|1|0|0|0|0|0|0|
2.375    0|0|0|1|0|0|0|0|1|0| 0|0|0|1|0|0|1|0|0|0|
2.376    0|0|0|0|0|1|1|0|0|1| 0|1|1|1|0|1|0|0|0|0|
2.377    0|0|0|0|0|1|1|0|0|0| 0|0|0|0|0|1|0|1|0|0|
2.378    0|0|0|0|1|0|0|1|0|0| 0|1|0|1|1|0|1|0|0|0|
2.379    0|0|0|0|0|1|2|0|1|0| 0|1|0|0|1|0|0|0|0|0|
2.380    0|0|0|0|0|0|0|1|0|0| 0|0|1|0|0|0|1|0|0|0|
2.381    0|0|0|0|0|0|1|0|0|1| 0|1|0|0|0|0|0|0|0|0|
2.382    0|0|0|1|0|0|0|1|0|0| 0|0|0|1|0|1|0|0|0|0|
2.383    0|0|0|0|1|1|1|0|0|0| 1|0|0|0|1|1|0|1|0|0|
2.384    0|0|0|0|0|0|0|0|0|0| 0|0|1|0|1|0|0|0|0|0|
2.385    0|0|0|0|0|1|0|1|0|0| 0|0|0|1|0|0|0|0|0|0|
2.386    0|0|0|0|0|0|1|0|0|0| 0|0|0|0|0|0|0|0|0|0|
2.387    0|0|0|1|1|1|1|0|1|0| 0|0|0|0|1|0|0|0|0|0|
2.388    0|0|0|0|0|1|0|0|0|0| 0|1|1|0|0|0|0|0|0|0|
2.389    0|0|0|0|0|0|1|1|0|1| 0|0|1|1|0|1|0|0|0|0|
2.390    0|0|0|0|1|0|0|0|1|0| 0|0|0|0|0|0|0|1|0|0|
2.391    0|0|1|0|0|0|1|0|0|0| 1|0|0|0|1|0|1|0|0|0|
2.392    0|0|0|0|0|1|0|0|0|0| 0|0|0|1|1|0|0|0|0|0|
2.393    0|0|0|0|0|0|1|1|0|0| 0|1|1|0|0|0|0|0|0|0|
2.394    0|0|0|0|1|0|1|0|1|0| 0|0|0|0|1|1|1|0|0|0|
2.395    0|0|0|0|0|0|0|1|0|0| 0|0|0|1|0|0|0|0|0|0|
2.396    0|0|0|1|0|1|1|0|0|0| 0|0|0|1|0|0|0|0|0|0|
2.396    0|0|0|0|1|0|1|1|1|0| 0|0|0|0|1|0|0|0|0|0|
2.397    0|0|0|0|0|1|0|1|0|0| 1|0|1|0|1|1|0|0|1|0|
2.398    0|0|1|0|0|0|0|0|0|1| 0|0|0|0|0|0|1|0|0|0|
2.399    0|1|0|0|0|0|1|0|0|0| 0|1|1|1|0|0|0|0|0|0|
2.400    0|0|0|1|1|0|0|0|0|0| 0|0|0|0|1|0|0|1|0|0|
2.401    0|0|0|0|0|1|0|0|0|0| 0|0|0|1|0|1|0|0|0|0|
2.402    0|0|0|0|0|0|0|1|1|1| 0|0|0|1|0|0|0|0|0|0|
2.403    0|0|0|1|0|0|1|1|0|0| 0|1|1|1|0|0|0|0|0|0|
2.404    0|0|0|0|1|1|1|0|0|0| 0|1|0|0|0|0|0|0|0|0|
2.405    0|0|0|0|0|0|0|0|0|0| 0|0|0|0|1|1|0|1|0|0|
2.406    1|0|1|0|0|0|1|1|0|0| 0|0|0|0|0|0|1|0|0|0|
2.407    0|0|0|0|1|1|0|0|0|0| 0|0|0|0|0|0|0|0|0|0|
2.408    0|0|0|1|0|0|2|1|1|0| 1|0|0|1|0|1|0|0|0|0|
2.409    0|0|0|0|1|1|1|0|0|0| 0|0|1|1|1|0|0|0|0|0|
2.410    0|0|0|0|0|0|0|1|1|0| 0|0|0|0|0|0|0|0|0|0|
2.411    0|0|0|0|1|0|0|0|0|0| 0|2|0|0|1|0|1|1|0|0|
2.412    0|0|0|0|0|0|0|1|1|0| 0|0|1|1|0|1|0|0|0|0|
2.413    0|0|0|0|0|1|0|0|0|0| 0|0|1|0|0|0|0|1|0|0|
2.414    0|0|0|0|1|0|0|0|1|0| 0|0|0|1|0|0|0|0|0|0|
2.415    0|0|0|1|0|0|1|0|0|0| 0|0|0|1|1|0|0|0|0|0|
2.416    0|0|1|0|1|1|1|0|0|0| 0|0|0|1|0|0|0|0|1|0|
2.417    0|0|0|0|0|2|1|0|0|1| 0|1|1|0|0|0|0|0|0|0|
2.418    0|0|0|0|0|0|1|1|1|0| 0|0|0|1|0|0|0|0|0|0|
2.419    0|0|0|1|0|0|0|1|1|0| 1|0|0|0|0|1|0|0|0|0|
2.420    0|0|0|0|0|0|1|0|0|0| 0|1|0|0|0|0|1|0|0|0|
2.421    0|0|0|0|0|0|0|0|0|0| 0|0|0|1|1|0|0|0|1|0|
2.422    0|0|0|0|1|1|1|1|0|1| 0|1|0|0|1|1|0|0|0|0|
2.423    0|0|0|0|0|0|1|0|0|0| 0|0|2|0|0|0|0|0|0|0|
2.424    0|1|0|0|0|0|0|0|1|0| 0|1|0|1|0|0|1|0|0|0|
2.425    1|0|0|0|0|1|0|1|0|0| 1|1|1|1|0|1|0|0|0|0|
2.426    0|0|0|1|0|0|1|0|0|1| 0|0|0|0|0|0|0|0|0|0|
2.427    0|0|0|0|1|0|1|0|0|0| 0|1|1|1|1|0|1|0|0|0|
2.428    0|0|1|0|0|1|0|0|0|0| 0|0|0|1|0|1|1|0|0|0|
2.429    0|0|0|0|0|0|0|0|1|0| 0|0|1|0|0|1|0|0|0|0|
2.430    0|0|0|0|0|1|0|1|0|0| 0|1|1|1|0|0|0|0|0|0|
2.431    0|0|0|0|0|0|1|0|0|0| 0|1|0|0|1|1|0|1|0|1|
2.432    0|0|0|1|1|0|0|1|0|0| 0|0|0|0|1|0|0|0|0|0|
2.433    0|0|1|0|0|1|0|0|1|0| 0|0|0|1|0|0|0|0|0|0|
2.434    0|0|0|0|0|0|1|0|0|0| 0|0|1|1|0|1|0|0|0|0|
2.435    0|0|0|0|1|1|0|0|0|1| 1|1|0|0|1|0|0|0|0|0|
2.436    0|0|0|0|0|0|1|1|1|0| 0|0|0|0|1|0|0|1|0|0|
2.437    0|0|0|0|2|0|1|0|0|0| 0|0|1|0|0|1|1|0|0|0|
2.438    0|0|0|0|0|0|0|0|0|0| 0|0|1|1|0|0|0|0|0|0|
2.439    0|0|0|1|0|1|1|1|0|0| 0|0|0|1|0|1|0|0|0|0|
2.440    0|0|1|0|0|0|0|0|0|0| 0|1|1|1|0|0|0|1|0|0|
2.441    0|0|0|0|1|0|1|1|0|0| 0|0|1|0|1|0|1|0|0|0|
2.442    0|0|0|0|0|0|1|0|0|1| 0|0|1|0|1|0|0|0|0|0|
2.443    0|0|1|0|0|1|0|0|1|0| 0|1|0|1|0|0|0|0|0|0|
2.444    0|0|0|0|0|0|2|1|0|0| 0|0|1|0|1|0|0|0|0|0|
2.445    0|0|0|0|1|1|0|1|1|0| 1|0|1|1|0|0|0|0|0|0|
2.446    0|0|0|0|0|0|0|0|0|0| 0|0|0|0|1|0|0|0|1|0|
2.447    0|0|0|1|0|1|1|0|0|0| 0|0|0|0|0|1|1|0|0|0|
2.448    0|0|0|0|0|0|1|0|1|0| 0|0|1|0|1|1|0|0|0|0|
2.449    0|0|1|0|0|1|1|0|0|0| 0|0|0|1|1|0|0|0|0|0|
2.450    0|0|0|0|1|0|0|1|0|0| 0|1|0|0|1|0|0|0|0|0|
2.451    0|0|0|0|0|0|1|0|1|0| 0|0|1|0|0|0|0|0|0|1|
2.452    0|0|0|0|0|1|1|1|0|0| 1|1|0|0|1|1|1|0|0|0|
2.453    0|0|0|0|0|1|0|1|1|0| 0|0|1|1|1|0|0|0|0|0|
2.454    0|0|0|1|0|0|0|0|1|0| 0|0|0|0|0|0|0|0|0|0|
2.455    0|0|0|0|1|1|1|1|0|0| 1|0|0|0|0|0|0|0|0|0|
2.456    0|0|0|0|0|1|0|0|0|0| 0|0|0|1|0|0|0|0|0|0|
2.457    0|0|0|0|1|0|0|1|0|0| 0|1|1|1|2|1|0|0|0|0|
2.458    0|0|0|1|0|0|0|0|1|0| 1|0|1|0|0|0|0|1|0|0|
2.459    0|0|0|0|1|1|1|1|0|0| 0|0|0|1|0|0|1|0|0|0|
2.460    0|0|0|0|0|0|0|1|0|0| 0|1|1|0|1|1|0|0|0|0|
2.461    0|0|0|1|0|0|1|1|1|0| 0|0|0|0|0|0|0|0|0|0|
2.462    0|0|0|0|0|2|0|0|1|1| 0|0|0|1|0|0|0|1|0|0|
2.463    0|0|0|0|0|0|1|1|0|0| 0|0|1|0|0|0|1|0|0|0|
2.464    0|1|0|1|1|0|0|0|1|1| 0|1|1|1|1|1|1|0|0|0|
2.465    0|0|1|0|0|0|0|1|1|0| 0|0|0|1|0|0|0|0|0|0|
2.466    1|0|0|0|0|1|1|0|0|0| 0|0|1|1|1|0|0|0|1|0|
2.467    0|0|0|0|0|0|0|0|1|0| 0|0|1|0|1|1|0|1|0|0|
2.468    0|1|0|0|0|1|1|0|0|1| 0|2|0|0|1|0|0|0|0|0|
2.469    0|0|0|0|1|1|0|1|1|0| 0|0|1|0|0|0|0|0|0|0|
2.470    0|0|0|1|1|0|1|1|0|0| 0|0|0|2|1|0|0|0|0|0|
2.471    0|0|0|0|0|0|1|0|0|0| 0|0|1|0|0|0|0|0|0|0|
2.472    0|0|0|0|0|0|1|0|0|0| 0|0|0|1|0|1|1|0|0|0|
2.473    0|0|0|1|0|0|1|1|1|0| 0|0|1|2|1|0|0|0|0|0|
2.474    0|0|0|0|0|0|0|0|1|0| 1|1|0|0|0|1|0|1|0|0|
2.475    0|0|0|0|0|1|1|1|0|0| 0|0|1|0|1|0|0|0|0|0|
2.476    0|0|0|0|1|1|1|1|0|0| 0|0|0|1|0|0|0|0|0|0|
2.477    0|0|0|0|0|0|2|1|1|1| 0|0|0|0|0|0|0|0|0|0|
2.478    0|0|0|0|0|1|0|0|0|0| 0|0|0|0|1|0|0|0|0|0|
2.479    0|0|1|1|0|0|1|0|0|0| 0|0|1|1|0|0|1|1|0|0|
2.479    0|0|0|0|0|1|0|1|0|0| 0|1|0|1|0|1|1|0|0|0|
2.480    0|0|0|0|1|0|1|0|0|1| 0|0|1|0|0|0|0|0|0|0|
2.481    0|0|0|0|0|1|0|0|0|0| 0|1|1|0|0|0|0|0|1|0|
2.482    0|1|0|0|0|0|0|1|0|0| 1|0|0|1|1|1|0|0|0|0|
2.483    0|0|0|0|0|1|1|1|1|1| 0|0|1|0|2|1|1|0|0|0|
2.484    0|0|0|0|0|0|0|0|0|0| 0|0|0|0|0|0|0|1|0|0|
2.485    0|0|0|0|0|0|0|0|0|0| 0|2|1|1|1|1|0|0|0|0|
2.486    0|0|1|0|0|1|1|1|0|0| 0|0|0|0|0|0|0|0|0|0|
2.487    0|0|0|0|1|0|0|0|0|0| 0|0|1|1|0|1|1|0|0|0|
2.488    0|0|0|1|0|1|0|1|0|0| 0|1|0|1|0|0|0|0|0|0|
2.489    0|0|0|0|1|0|0|0|1|0| 0|0|1|0|0|0|0|1|0|0|
2.490    0|0|0|0|0|1|1|1|0|0| 1|0|1|1|1|0|0|0|0|0|
2.491    0|0|0|0|0|0|1|1|1|0| 0|0|1|1|1|0|0|0|0|0|
2.492    0|0|0|0|1|1|0|0|0|0| 0|0|1|0|0|0|0|0|0|0|
2.493    0|0|0|1|0|0|1|0|0|0| 0|0|0|1|0|0|0|0|0|0|
2.494    0|0|0|0|1|1|1|1|1|0| 0|1|0|0|1|0|0|0|1|0|
2.495    0|0|0|0|0|0|0|0|0|0| 0|0|2|1|1|1|0|0|0|0|
2.496    0|0|0|0|0|1|1|0|0|0| 1|0|0|0|1|0|1|0|0|0|
2.497    0|0|0|0|0|0|1|1|0|0| 0|0|0|0|0|1|0|0|0|0|
2.498    0|1|1|0|1|1|0|1|1|1| 0|1|1|2|1|1|0|0|0|0|
2.499    0|0|0|0|1|0|1|0|0|0| 1|0|0|1|1|0|0|0|0|0|
2.500    1|0|0|1|1|0|0|0|1|0| 0|0|1|0|0|0|0|0|0|0|
2.501    0|0|0|0|0|0|0|1|1|0| 0|0|0|0|1|0|1|1|0|1|
2.502    0|0|0|0|1|0|1|0|0|0| 0|1|1|1|1|0|0|1|0|0|
2.503    0|0|0|1|0|0|0|0|0|1| 0|0|1|1|0|1|0|0|0|0|
2.504    0|0|0|0|1|1|0|1|1|0| 0|0|1|0|1|0|0|0|0|0|
2.505    0|0|0|1|0|0|1|0|0|0| 0|1|0|1|0|0|0|0|0|0|
2.506    0|0|1|0|0|0|1|0|0|0| 0|0|0|0|0|1|1|0|0|0|
2.507    0|0|0|0|0|0|1|1|0|1| 0|0|1|0|1|0|0|0|0|0|
2.508    0|0|0|0|2|1|0|0|1|0| 1|0|0|0|1|1|0|0|1|0|
2.509    0|1|0|1|0|0|0|0|0|0| 0|0|1|1|0|0|0|1|0|0|
2.510    0|0|0|0|0|1|2|1|0|0| 0|0|0|0|1|0|1|0|0|0|
2.511    0|0|0|0|0|1|1|1|1|0| 0|1|0|1|2|1|0|0|0|0|
2.512    0|0|0|0|0|1|1|0|0|0| 0|0|1|0|0|0|0|0|0|0|
2.513    0|0|0|0|1|1|1|0|0|1| 0|1|0|1|1|1|0|0|0|0|
2.514    0|0|0|0|0|0|0|1|1|0| 0|0|1|0|0|0|0|0|0|0|
2.515    0|0|0|0|0|0|1|0|1|0| 0|1|0|1|0|0|1|0|0|0|
2.516    0|0|0|1|1|1|0|0|0|1| 1|0|1|1|0|0|0|0|0|0|
2.517    0|0|0|0|0|0|0|0|0|0| 0|1|0|1|2|0|0|1|0|0|
2.518    0|0|0|0|0|0|2|2|1|0| 0|1|0|0|0|1|0|0|0|0|
2.519    0|0|0|0|1|0|0|0|0|0| 0|1|1|1|0|0|0|0|0|0|
2.520    0|0|0|0|0|0|0|0|0|0| 0|0|0|0|0|1|0|0|0|0|
2.521    0|0|0|0|0|1|1|1|0|1| 0|0|0|0|1|2|1|0|1|0|
2.522    0|0|0|0|0|0|1|1|1|0| 1|1|1|1|0|0|0|0|0|0|
2.523    0|0|0|0|1|0|1|0|0|0| 0|0|0|0|1|0|0|0|0|0|
2.524    0|0|1|1|0|0|1|0|0|0| 0|0|0|1|0|1|0|0|0|0|
2.525    0|0|0|0|0|1|0|1|0|0| 0|0|1|2|1|1|1|0|0|0|
2.526    0|0|0|0|0|0|0|1|0|0| 0|1|0|1|0|1|0|0|0|0|
2.527    0|0|0|0|0|0|0|0|1|0| 0|0|2|1|0|1|0|0|0|0|
2.528    0|0|0|0|0|1|0|0|0|1| 0|0|0|0|1|0|0|0|0|0|
2.529    0|0|0|0|1|1|0|1|0|0| 1|0|1|0|0|0|0|0|0|0|
2.530    0|0|0|0|0|1|1|0|1|0| 0|0|0|0|0|1|1|0|0|0|
2.531    0|0|0|1|0|0|1|0|1|0| 0|1|2|0|2|0|0|0|0|0|
2.532    0|0|0|0|1|1|0|0|0|0| 0|0|0|2|0|1|0|0|0|0|
2.533    0|0|1|1|0|0|1|1|0|0| 0|0|0|0|0|0|0|0|0|0|
2.534    0|0|0|0|1|1|1|0|0|0| 0|1|1|0|1|1|1|1|0|0|
2.535    0|1|0|0|0|0|1|0|1|0| 0|0|0|0|0|1|0|0|1|0|
2.536    0|0|1|0|0|0|0|1|0|0| 1|0|1|0|1|0|0|0|0|0|
2.537    0|0|0|0|0|1|0|0|2|0| 0|1|0|1|0|0|0|0|0|0|
2.538    0|0|0|0|0|0|1|1|0|0| 0|0|1|1|0|1|0|0|0|1|
2.539    0|0|0|0|1|0|1|1|1|0| 0|0|0|1|1|0|0|0|0|0|
2.540    0|0|0|0|0|1|1|1|0|1| 0|1|2|0|0|0|0|0|0|0|
2.541    0|0|1|0|0|0|0|0|0|0| 0|0|0|1|0|0|0|0|0|0|
2.542    0|0|0|1|1|0|1|1|0|0| 0|1|0|0|1|0|0|0|0|0|
2.543    0|1|0|0|0|2|1|0|1|1| 1|0|1|0|1|0|0|0|0|0|
2.544    0|0|0|0|0|0|0|1|1|0| 0|1|0|0|0|1|0|0|0|0|
2.545    0|0|0|0|1|0|1|1|0|0| 0|0|1|1|0|0|1|0|0|0|
2.546    0|0|0|0|0|1|0|0|1|0| 0|1|1|0|0|1|0|0|0|0|
2.547    0|1|0|0|0|0|0|0|0|0| 0|1|1|1|1|0|1|0|0|0|
2.548    1|0|0|0|0|1|2|1|0|1| 0|0|0|1|1|0|0|0|0|0|
2.549    0|0|0|0|0|0|1|0|0|0| 1|0|1|0|0|1|0|0|0|0|
2.550    0|0|0|0|1|0|0|0|1|0| 0|0|1|1|1|0|0|0|0|0|
2.551    0|0|0|1|0|1|0|1|0|1| 0|0|0|0|1|2|1|0|0|0|
2.552    0|0|1|0|1|0|1|0|0|0| 0|1|1|0|0|0|0|1|0|0|
2.553    0|0|0|0|0|0|0|0|0|0| 0|0|0|0|1|1|0|0|0|0|
2.554    0|0|0|1|1|1|0|1|0|0| 1|1|0|1|0|0|1|0|0|0|
2.555    0|0|0|0|0|1|1|0|1|0| 0|0|1|1|1|0|0|0|0|0|
2.556    0|0|0|0|0|0|0|1|0|1| 0|0|1|1|1|0|1|0|0|0|
2.557    0|0|1|0|1|1|0|0|0|0| 0|1|0|0|0|0|0|0|0|0|
2.558    0|0|0|1|0|0|0|0|0|0| 0|1|1|1|1|0|0|0|0|0|
2.559    0|0|0|0|2|1|2|1|0|0| 0|0|0|0|0|1|0|0|0|0|
2.560    0|0|0|1|0|0|0|0|1|0| 0|1|0|1|0|0|0|0|0|0|
2.561    0|0|0|0|0|1|0|0|0|0| 0|0|1|1|0|1|0|0|0|0|
2.562    0|1|0|0|0|0|1|1|0|1| 0|0|1|0|0|1|0|0|0|0|
2.562    0|0|0|0|1|0|1|0|0|0| 0|1|0|2|1|0|1|1|0|0|
2.563    0|0|0|0|0|0|1|1|0|0| 0|1|1|0|0|0|0|0|0|0|
2.564    0|0|0|0|0|1|1|0|1|0| 0|1|1|1|1|1|1|0|0|0|
2.565    0|0|0|1|0|0|0|1|1|0| 1|0|0|0|1|0|0|0|0|0|
2.566    0|0|0|0|1|1|0|0|1|1| 0|0|1|2|0|0|0|1|0|0|
2.567    0|0|0|0|0|0|1|1|0|0| 0|0|0|0|0|1|0|0|0|0|
2.568    0|0|0|0|0|0|0|0|0|0| 0|0|1|0|1|0|1|0|0|0|
2.569    0|0|0|0|0|0|1|0|1|0| 0|0|0|2|2|0|0|0|0|0|
2.570    0|1|1|1|0|1|1|2|0|0| 0|1|0|1|0|0|0|0|0|0|
2.571    0|0|0|1|1|1|0|0|0|0| 0|0|1|2|1|0|0|0|1|0|
2.572    0|0|0|0|0|0|1|0|0|0| 0|1|0|1|0|1|0|0|0|0|
2.573    0|0|0|0|1|0|0|1|1|1| 0|0|1|1|1|0|0|0|0|0|
2.574    0|0|0|0|1|1|1|1|0|0| 0|1|1|1|0|1|0|0|0|0|
2.575    0|0|0|0|0|0|0|0|1|0| 0|0|0|0|0|1|1|0|0|0|
2.576    0|1|1|0|1|2|0|1|1|1| 1|0|0|1|1|0|0|0|0|0|
2.577    0|0|0|0|0|0|1|1|0|0| 0|0|1|0|0|0|0|0|0|0|
2.578    0|0|0|0|0|0|0|1|0|0| 0|1|0|0|1|0|0|1|1|0|
2.579    0|0|0|1|1|1|1|1|0|0| 1|0|1|1|0|1|1|1|0|0|
2.580    0|0|1|0|1|0|1|0|1|0| 0|1|0|1|1|0|0|0|0|0|
2.581    0|0|0|1|0|0|0|1|0|0| 0|0|0|1|1|0|0|0|0|1|
2.582    0|0|0|0|0|1|1|1|0|0| 0|1|2|1|0|1|0|0|0|0|
2.583    0|0|0|0|1|0|1|0|0|0| 0|0|1|1|2|1|1|0|0|0|
2.584    0|0|0|0|1|0|0|2|0|0| 0|0|1|1|0|1|0|0|0|0|
2.585    1|0|0|1|0|1|0|0|1|0| 0|0|0|0|1|0|0|1|0|0|
2.586    0|0|0|0|0|0|1|2|0|1| 0|1|0|0|1|0|0|0|0|0|
2.587    0|1|1|0|1|1|0|0|0|0| 0|0|0|1|1|0|0|0|0|0|
2.588    0|0|0|1|0|1|1|1|0|0| 0|0|0|0|0|1|0|0|1|0|
2.589    0|0|0|0|0|1|0|0|1|0| 0|0|1|0|1|0|1|0|0|0|
2.590    0|0|0|0|1|0|1|0|0|0| 1|0|0|0|1|0|0|1|0|0|
2.591    0|0|0|0|1|1|0|1|0|0| 1|0|1|0|0|1|0|0|0|0|
2.592    0|0|0|0|0|0|1|0|0|0| 0|1|1|1|0|0|1|0|0|0|
2.593    0|0|0|1|1|1|0|1|1|0| 0|0|1|2|1|1|0|0|0|0|
2.594    0|0|0|0|0|1|0|0|0|0| 0|0|0|0|0|0|0|0|0|0|
2.595    0|0|0|1|1|1|1|1|1|1| 1|0|0|1|1|0|0|1|0|0|
2.596    0|1|0|0|0|0|1|0|0|0| 0|1|0|0|0|0|0|0|1|0|
2.597    0|0|0|0|0|1|1|0|0|0| 1|0|2|1|0|1|0|0|0|0|
2.598    0|0|0|0|1|0|0|1|0|1| 0|1|1|1|0|0|0|0|1|0|
2.599    1|0|1|1|1|1|1|0|1|0| 0|1|1|0|1|0|1|0|0|0|
2.600    0|0|0|0|0|0|0|1|0|0| 0|0|0|0|2|1|0|0|0|0|
2.601    0|0|1|0|0|0|1|0|0|0| 0|1|0|1|0|0|0|1|0|0|
2.602    0|0|0|1|0|1|1|1|0|0| 1|0|2|0|0|0|1|0|0|0|
2.603    0|0|1|0|0|0|0|1|1|0| 0|0|0|0|0|0|0|0|0|0|
2.604    0|0|0|1|1|1|1|1|0|0| 0|0|0|1|1|0|0|0|0|0|
2.605    0|0|0|0|0|1|1|0|1|0| 0|1|1|1|0|1|0|0|0|0|
2.606    0|0|1|0|0|0|0|1|1|0| 0|0|1|0|0|1|0|1|0|0|
2.607    0|0|0|0|1|0|2|1|1|0| 0|0|1|0|1|0|0|0|0|0|
2.608    0|0|0|0|0|0|1|0|0|0| 0|2|0|1|1|0|0|0|0|0|
2.609    0|0|0|0|0|0|0|1|1|0| 0|1|1|1|1|0|1|0|0|0|
2.610    0|0|0|1|1|1|2|0|0|0| 1|2|0|0|0|1|0|0|1|0|
2.611    0|0|0|0|0|0|1|0|0|0| 0|0|1|1|2|0|1|0|0|0|
2.612    0|0|0|0|1|2|0|0|0|0| 0|0|0|0|0|0|0|0|0|0|
2.613    0|0|1|0|0|1|1|1|1|1| 0|0|2|1|0|1|0|1|0|0|
2.614    0|0|0|0|0|0|0|1|0|0| 0|0|0|1|1|0|1|0|0|0|
2.615    0|0|0|0|0|1|1|1|1|0| 0|1|1|0|1|1|0|0|1|0|
2.616    0|0|0|1|1|0|1|1|0|0| 0|0|0|1|1|0|0|0|0|0|
2.617    0|1|0|0|1|2|1|1|2|0| 0|0|0|0|0|0|0|0|0|1|
2.618    0|0|0|1|0|1|0|0|0|1| 0|1|1|0|0|0|0|0|0|0|
2.619    0|0|0|0|0|1|0|0|1|0| 1|0|1|1|1|0|1|0|0|0|
2.620    0|0|0|0|0|0|1|1|1|0| 0|0|1|1|1|1|1|0|0|0|
2.621    0|0|0|0|0|1|2|1|0|0| 0|1|0|1|1|0|0|0|0|0|
2.622    0|0|0|1|1|0|0|0|0|0| 0|0|1|0|0|1|0|0|0|0|
2.623    0|0|0|0|0|1|1|0|1|0| 0|2|0|2|1|1|1|1|0|0|
2.624    0|0|1|1|1|0|0|1|0|0| 0|0|1|1|0|0|1|0|0|0|
2.625    0|0|0|0|1|1|1|0|0|0| 0|1|0|2|1|1|0|0|0|0|
2.626    1|0|0|0|0|1|0|0|0|0| 1|0|0|0|1|0|0|0|0|0|
2.627    0|0|1|0|1|1|0|1|1|1| 0|0|0|1|0|1|0|0|0|0|
2.628    0|0|0|1|0|0|1|1|0|0| 0|1|1|0|1|1|0|0|1|0|
2.629    0|0|0|0|1|1|1|1|0|0| 0|1|0|1|1|1|0|0|0|0|
2.630    0|0|0|0|0|2|1|1|1|0| 0|0|1|1|0|0|1|1|0|0|
2.631    0|0|0|1|0|0|1|0|0|0| 0|1|1|0|0|1|0|0|0|0|
2.632    0|0|0|0|1|0|0|1|1|1| 1|0|1|1|1|0|0|0|0|0|
2.633    0|0|0|0|0|1|1|0|0|0| 0|0|0|1|1|0|1|0|0|0|
2.634    0|0|0|0|1|0|0|1|0|0| 0|0|1|1|1|1|1|0|0|0|
2.635    0|0|1|1|0|0|0|1|1|0| 0|2|0|0|0|0|0|1|0|0|
2.636    0|0|1|1|1|1|1|1|0|0| 1|0|1|2|1|0|1|1|0|0|
2.637    0|1|0|1|0|0|2|0|1|0| 0|0|0|0|1|1|0|0|0|1|
2.638    0|0|1|1|0|0|0|0|0|0| 0|0|0|1|1|0|1|0|0|0|
2.639    0|0|0|0|1|1|1|0|1|0| 1|2|0|0|0|1|0|1|0|0|
2.640    0|0|0|0|0|1|0|1|1|0| 0|0|1|1|0|0|0|0|0|0|
2.641    0|0|0|1|1|0|1|2|1|1| 0|0|2|0|1|1|0|0|0|0|
2.642    0|0|0|0|0|0|0|1|1|0| 1|0|0|1|0|0|0|0|0|0|
2.643    0|0|0|0|0|1|1|0|0|0| 0|1|0|0|0|1|0|0|0|0|
2.644    0|0|0|0|1|1|0|0|0|0| 0|1|1|1|1|0|1|0|0|0|
2.644    0|0|0|1|0|0|1|1|1|0| 0|0|3|0|1|1|0|0|0|0|
2.645    0|0|0|0|0|0|2|0|0|0| 1|1|0|2|1|1|1|0|0|0|
2.646    0|0|0|0|0|1|1|1|0|0| 0|0|1|0|1|0|0|0|0|0|
2.647    0|0|1|0|0|1|1|1|0|0| 0|0|0|0|1|0|0|0|0|0|
2.648    0|0|0|1|1|0|2|0|2|0| 0|0|1|1|1|1|0|0|1|0|
2.649    0|0|0|0|0|1|1|0|0|1| 0|0|0|1|1|0|0|0|0|0|
2.650    0|1|0|2|0|1|1|1|0|0| 0|1|1|1|0|0|0|0|0|0|
2.651    0|0|0|0|0|0|1|1|0|1| 0|0|1|0|0|1|1|1|0|0|
2.652    0|0|0|0|0|0|1|0|0|0| 0|1|0|2|0|1|0|0|0|0|
2.653    0|0|0|0|0|1|1|1|1|0| 0|1|1|0|1|0|0|0|0|0|
2.654    0|0|1|2|1|1|0|0|0|0| 1|1|1|1|1|0|0|0|0|0|
2.655    0|0|0|0|0|0|0|0|0|0| 0|0|0|1|0|0|1|0|0|0|
2.656    0|0|0|1|0|1|2|1|1|0| 0|1|1|1|0|0|0|1|0|0|
2.657    0|0|0|0|0|0|0|0|0|0| 0|0|0|1|1|0|0|0|0|0|
2.658    0|0|1|1|1|1|1|1|0|0| 0|1|1|0|1|0|0|0|0|0|
2.659    0|0|0|0|0|0|1|2|1|0| 0|1|2|1|1|1|1|0|0|0|
2.660    0|0|0|0|0|2|0|1|0|0| 0|1|0|1|2|0|0|0|1|0|
2.661    0|0|0|1|1|0|1|1|1|0| 0|1|1|0|1|1|1|0|0|0|
2.662    0|0|1|0|1|1|1|1|1|1| 0|0|0|1|0|0|0|1|0|0|
2.663    0|0|0|0|0|0|0|1|1|0| 0|0|1|0|1|0|0|1|0|0|
2.664    1|0|0|0|0|1|1|0|0|0| 0|0|1|1|1|2|0|0|1|1|
2.665    0|0|0|1|1|0|1|1|1|0| 0|1|2|0|0|0|0|0|0|0|
2.666    0|0|0|0|1|1|1|0|0|0| 1|1|0|1|0|0|0|0|0|0|
2.667    0|0|0|1|0|1|0|1|0|0| 0|0|1|0|1|0|1|0|0|0|
2.668    0|0|1|0|0|1|1|1|1|0| 0|1|1|1|0|1|0|0|0|0|
2.669    0|0|0|0|0|0|0|2|0|0| 0|0|0|2|2|0|0|1|0|0|
2.670    0|1|0|1|1|1|0|2|1|1| 0|1|1|1|0|0|0|0|0|0|
2.671    0|0|1|0|0|1|1|0|0|0| 0|0|1|0|1|0|1|0|0|0|
2.672    1|0|1|0|0|1|1|2|0|1| 1|1|1|1|0|0|0|1|1|0|
2.673    0|0|0|0|1|1|1|1|0|0| 1|1|1|1|1|2|0|0|0|0|
2.674    0|0|0|1|0|1|1|2|1|0| 0|0|1|1|0|0|0|0|0|0|
2.675    0|0|0|0|1|1|1|1|0|0| 0|0|1|1|1|0|0|1|0|0|
2.676    0|0|0|0|0|0|0|1|1|0| 0|1|0|1|0|1|1|0|0|0|
2.677    0|0|0|1|0|1|1|2|0|0| 0|0|1|0|0|0|0|0|0|0|
2.678    0|0|1|0|1|1|1|0|0|0| 0|0|1|2|1|1|0|0|0|0|
2.679    0|0|0|0|0|0|1|0|2|0| 0|0|0|0|1|0|1|0|0|0|
2.680    0|1|0|0|0|1|2|1|0|1| 1|1|1|1|1|0|0|2|0|0|
2.681    0|0|1|0|0|0|1|0|1|0| 0|0|0|1|0|0|0|0|0|0|
2.682    0|0|0|0|0|1|0|1|0|0| 0|0|1|1|2|1|1|0|0|0|
2.683    0|0|1|1|1|0|1|0|1|1| 0|0|1|0|0|2|1|0|0|0|
2.684    0|1|0|0|0|1|1|1|1|0| 0|1|1|1|0|0|0|1|0|1|
2.685    0|0|0|1|0|0|0|0|0|0| 1|0|0|1|1|0|0|0|1|0|
2.686    0|0|0|0|0|1|0|1|1|0| 0|0|1|1|2|1|0|0|0|0|
2.687    0|1|1|1|2|1|1|0|0|1| 0|1|1|2|0|0|0|1|0|0|
2.688    0|0|0|0|0|1|1|1|0|0| 0|1|1|1|0|0|0|0|0|0|
2.689    0|0|0|0|0|1|0|1|0|0| 0|1|0|1|1|1|1|0|1|0|
2.690    0|0|0|0|1|1|1|2|1|1| 0|0|0|1|0|1|0|0|0|0|
2.691    0|0|0|0|0|1|1|1|0|0| 0|1|1|0|1|1|0|1|0|0|
2.692    0|0|0|1|0|1|0|1|1|0| 0|1|1|1|1|0|1|0|0|0|
2.693    0|0|0|0|2|0|1|1|0|0| 0|0|0|0|1|0|0|0|0|0|
2.694    0|0|1|1|0|1|1|1|0|0| 0|1|1|1|1|1|0|0|0|0|
2.695    0|0|0|0|1|0|1|1|1|0| 0|0|2|1|1|0|0|0|0|0|
2.696    0|0|0|0|1|1|1|1|0|0| 1|0|0|0|1|1|1|0|0|0|
2.697    0|0|0|1|0|1|1|1|0|0| 0|1|0|0|1|0|0|0|0|0|
2.698    0|0|0|1|0|1|0|1|1|0| 0|1|1|2|0|0|0|0|1|0|
2.699    0|0|1|0|0|1|1|1|0|0| 0|0|2|0|0|0|0|1|0|0|
2.700    0|0|1|0|1|1|0|0|1|0| 0|1|0|1|1|1|0|0|0|0|
2.701    0|0|1|0|0|0|1|1|1|0| 1|0|1|1|1|1|1|0|0|1|
2.702    0|0|0|0|2|1|1|1|2|0| 0|1|1|1|0|1|0|0|0|0|
2.703    1|0|0|0|0|1|0|1|0|1| 1|0|1|1|1|1|0|2|0|0|
2.704    0|0|0|1|1|0|1|1|1|0| 0|1|0|1|1|1|0|0|0|0|
2.705    0|0|0|1|1|1|0|0|0|0| 0|0|1|1|0|0|0|0|0|0|
2.706    0|0|0|0|1|1|1|1|0|0| 1|0|0|0|1|1|1|0|0|0|
2.707    0|0|0|0|0|1|1|0|1|0| 0|0|2|2|0|1|0|0|0|0|
2.708    0|0|0|0|0|0|1|0|0|0| 0|1|0|0|0|1|0|0|0|0|
2.709    0|0|0|0|1|1|2|0|1|0| 1|0|1|2|1|1|0|0|0|0|
2.710    0|0|0|0|0|0|2|1|1|0| 0|1|2|1|1|0|1|0|0|0|
2.711    0|0|1|1|1|1|0|1|0|1| 0|1|0|0|0|0|0|1|0|0|
2.712    0|0|0|0|0|1|2|0|1|0| 0|0|2|1|1|1|1|0|1|0|
2.713    0|0|0|1|0|0|0|1|1|1| 0|0|0|0|0|0|0|1|0|1|
2.714    0|0|0|0|0|1|1|1|0|0| 0|1|1|1|1|0|0|0|0|0|
2.715    1|0|0|1|1|1|1|0|1|0| 0|0|2|0|0|1|1|1|0|0|
2.716    0|0|0|0|1|0|1|1|1|0| 1|1|0|1|1|0|0|0|0|0|
2.717    0|0|1|0|0|1|1|1|1|1| 0|1|1|1|0|0|0|0|0|0|
2.718    0|0|0|0|1|0|1|0|0|0| 1|0|0|2|1|0|0|0|0|0|
2.719    0|0|0|1|0|0|0|1|0|0| 0|1|1|0|1|1|1|0|0|0|
2.720    0|0|0|0|2|0|1|0|1|0| 0|0|1|2|0|1|1|0|0|0|
2.721    0|0|0|1|0|0|1|1|0|0| 1|1|2|1|2|0|0|0|0|0|
2.722    0|0|0|0|1|2|0|0|2|0| 0|0|0|0|1|0|0|1|0|0|
2.723    0|0|0|0|0|1|1|1|0|1| 0|1|0|1|0|1|1|0|0|0|
2.724    0|0|0|0|2|1|1|1|1|0| 0|0|1|0|0|1|0|1|0|0|
2.725    0|1|1|1|0|1|0|0|0|0| 0|1|0|1|1|1|0|0|0|0|
2.726    0|0|0|1|1|1|1|1|1|0| 0|0|1|1|0|0|1|0|1|0|
2.727    0|0|0|1|1|1|0|1|1|0| 0|0|1|1|1|1|0|0|0|0|
2.727    0|0|0|0|1|1|1|1|1|0| 0|0|0|0|1|1|0|0|0|0|
2.728    0|0|0|0|1|1|0|0|1|0| 0|0|1|2|1|1|1|0|0|0|
2.729    0|0|1|2|1|2|1|2|0|0| 1|1|1|0|0|0|0|0|0|0|
2.730    0|0|0|0|1|1|1|1|2|1| 0|0|2|0|0|2|1|0|0|0|
2.731    0|0|1|0|1|1|0|2|1|0| 0|1|0|2|0|0|0|0|0|0|
2.732    0|0|0|1|1|1|1|0|1|1| 1|1|1|1|0|0|1|1|0|0|
2.733    0|0|1|0|0|1|1|1|0|0| 1|0|1|0|1|1|0|0|1|0|
2.734    1|0|0|0|1|0|0|1|0|0| 0|1|0|1|1|1|0|0|0|0|
2.735    0|0|0|1|0|0|1|0|1|0| 0|1|2|0|0|1|1|0|0|0|
2.736    0|0|0|0|1|2|1|1|1|0| 0|0|0|1|0|0|0|0|1|0|
2.737    0|0|0|0|0|0|0|0|1|0| 0|1|1|0|1|0|0|1|0|0|
2.738    0|0|0|0|1|1|1|3|0|0| 0|1|0|1|0|1|0|0|0|0|
2.739    0|0|0|1|1|1|1|1|0|0| 1|0|1|0|1|0|0|0|0|0|
2.740    0|0|0|0|0|1|1|1|0|0| 0|0|1|2|1|1|1|1|0|0|
2.741    0|0|0|0|1|1|0|0|2|1| 0|1|0|1|1|1|1|0|0|0|
2.742    1|0|1|1|0|0|0|1|0|0| 1|1|0|0|0|0|0|0|1|0|
2.743    0|0|0|0|0|0|2|0|1|1| 0|0|1|2|0|1|0|0|0|0|
2.744    0|0|0|0|0|1|0|0|1|0| 0|1|0|1|1|1|0|0|0|0|
2.745    0|1|0|0|0|0|0|1|0|0| 0|0|1|1|0|1|2|0|0|0|
2.746    0|0|1|0|1|1|1|0|0|0| 0|1|0|2|2|0|0|1|0|0|
2.747    0|0|0|2|1|0|1|1|0|0| 0|0|0|1|0|2|0|0|0|0|
2.748    0|0|1|0|1|1|0|0|1|0| 1|0|0|0|1|0|1|1|0|0|
2.749    0|0|0|0|0|1|1|1|0|0| 0|1|1|1|1|1|0|0|0|0|
2.750    0|0|0|0|0|1|1|1|0|1| 1|1|0|0|0|1|1|0|0|0|
2.751    0|0|0|0|1|0|1|0|1|0| 0|0|1|1|1|0|0|1|1|1|
2.752    0|0|0|1|0|1|1|2|1|0| 0|1|1|2|1|1|0|0|0|0|
2.753    0|1|0|1|0|0|0|0|1|0| 0|1|0|0|1|1|0|0|0|0|
2.754    0|0|0|1|1|0|1|1|0|0| 1|0|1|1|2|0|1|0|0|0|
2.755    0|1|0|0|0|1|1|1|1|0| 0|0|0|1|1|1|0|1|1|0|
2.756    0|0|1|0|0|1|0|1|1|0| 0|1|1|1|0|1|0|0|0|1|
2.757    0|0|0|0|1|0|1|1|0|1| 0|1|1|1|0|2|0|0|0|0|
2.758    0|0|1|1|0|1|2|0|0|0| 0|2|1|1|1|1|0|0|0|0|
2.759    0|0|0|0|1|1|0|0|1|0| 0|1|0|1|0|0|1|0|0|0|
2.760    0|0|0|1|0|2|1|1|0|0| 1|1|2|1|1|0|0|0|0|0|
2.761    0|0|0|0|0|0|1|1|0|1| 1|0|0|1|3|1|0|1|0|0|
2.762    0|0|1|0|1|2|1|0|1|0| 0|1|2|0|0|0|0|0|0|0|
2.763    0|0|0|0|1|0|0|1|0|0| 0|1|2|1|0|1|1|0|0|0|
2.764    0|0|0|0|1|1|3|1|1|0| 0|1|0|1|2|0|0|0|0|0|
2.765    0|1|0|0|0|1|1|2|1|0| 1|0|1|1|0|2|0|0|0|0|
2.766    0|0|0|1|0|2|1|1|1|1| 0|0|1|0|1|0|0|0|1|0|
2.767    0|0|1|0|1|1|2|0|1|0| 0|1|1|2|0|1|0|1|0|0|
2.768    0|0|0|1|0|1|0|2|1|0| 0|1|1|1|0|0|1|0|0|0|
2.769    0|0|0|0|2|0|1|1|1|1| 1|1|1|1|1|1|0|0|0|0|
2.770    0|0|1|0|0|2|2|2|0|0| 0|0|1|0|1|0|0|1|0|0|
2.771    0|0|1|0|0|0|0|1|1|0| 0|0|0|0|1|1|1|0|0|0|
2.772    0|0|0|1|1|1|1|0|1|1| 1|1|1|0|0|1|0|0|0|0|
2.773    0|0|0|0|0|0|2|2|1|0| 0|1|0|1|1|1|0|0|0|0|
2.774    0|0|0|0|1|1|1|0|1|0| 0|1|1|1|1|1|0|1|0|0|
2.775    0|0|0|0|0|0|0|2|0|0| 0|1|1|0|1|0|0|0|0|1|
2.776    0|0|0|1|0|1|1|1|1|0| 0|1|1|1|1|0|1|0|1|0|
2.777    1|0|0|1|0|1|1|2|1|0| 0|1|0|1|1|1|0|0|0|0|
2.778    0|1|1|0|1|1|1|1|0|1| 1|0|2|0|0|0|1|1|1|0|
2.779    0|0|0|0|0|0|1|0|1|0| 1|0|1|1|1|0|0|0|0|0|
2.780    0|1|0|0|1|1|0|1|0|0| 0|0|1|2|1|1|1|1|0|0|
2.781    0|0|0|0|1|1|2|1|1|0| 0|1|1|1|1|2|1|0|0|0|
2.782    0|0|0|1|0|0|1|1|1|0| 0|1|0|1|1|1|0|0|0|0|
2.783    0|0|0|0|0|1|0|1|1|0| 1|1|1|0|1|1|0|1|0|0|
2.784    0|0|1|1|1|0|2|1|1|1| 0|1|1|1|2|0|1|0|0|0|
2.785    0|0|0|1|1|1|1|0|1|0| 0|2|0|1|0|1|0|0|0|0|
2.786    0|0|0|1|0|1|0|1|1|0| 0|1|1|0|1|1|0|0|0|0|
2.787    0|0|0|0|1|0|1|1|0|0| 0|1|1|2|1|1|1|1|0|0|
2.788    0|1|0|1|0|2|1|0|0|1| 1|2|0|1|1|0|0|0|0|0|
2.789    0|0|0|0|1|0|1|1|2|0| 0|0|1|1|2|1|0|0|0|0|
2.790    0|0|0|0|0|1|1|1|0|0| 0|0|0|1|1|0|1|0|0|0|
2.791    0|0|1|0|1|0|1|1|1|1| 0|1|1|0|0|0|1|1|0|0|
2.792    0|0|0|1|0|2|1|0|1|0| 0|1|1|1|2|1|1|0|0|0|
2.793    0|0|0|1|1|1|1|2|0|0| 0|1|1|2|1|1|0|0|0|0|
2.794    1|0|0|0|1|1|0|2|0|0| 1|0|0|0|0|0|0|0|1|0|
2.795    0|1|0|0|0|0|1|0|1|0| 0|1|2|3|0|1|0|1|0|0|
2.796    0|0|0|1|1|1|1|2|0|1| 0|1|0|1|2|1|0|0|0|0|
2.797    0|1|1|0|0|2|1|1|1|0| 0|1|1|0|0|1|1|0|0|0|
2.798    0|0|0|0|0|1|1|1|1|0| 0|0|1|1|1|2|0|1|0|0|
2.799    0|0|0|1|1|1|1|1|1|0| 1|1|2|2|1|0|1|0|0|0|
2.800    0|0|0|0|1|1|3|1|0|0| 0|0|1|1|0|1|0|0|0|0|
2.801    0|0|1|0|0|1|1|1|1|0| 0|1|1|0|1|1|0|1|0|0|
2.802    0|0|0|1|1|0|1|1|1|0| 0|0|2|2|1|0|1|0|0|0|
2.803    0|0|0|0|2|1|0|1|0|0| 1|0|0|1|0|2|0|0|0|1|
2.804    1|0|1|1|2|1|2|1|0|0| 0|1|1|0|1|2|1|0|0|0|
2.805    0|0|0|0|0|0|1|1|1|0| 0|0|1|1|1|0|0|1|0|0|
2.806    0|1|0|0|0|1|1|0|1|0| 0|1|0|0|0|1|0|0|0|0|
2.807    0|0|0|0|1|2|1|2|1|1| 1|1|0|2|1|0|0|0|0|0|
2.808    0|0|1|1|0|0|1|1|1|0| 0|0|1|0|0|1|1|1|0|0|
2.809    0|0|0|0|1|1|0|0|0|0| 1|1|1|1|1|0|0|0|0|0|
2.809    0|1|0|2|1|1|1|1|1|0| 0|0|0|1|0|1|0|0|0|1|
2.810    0|0|1|0|0|1|1|1|0|1| 0|1|2|1|3|1|0|0|0|0|
2.811    0|0|0|0|2|1|0|2|1|0| 0|1|0|1|2|1|1|0|0|0|
2.812    0|1|0|1|0|1|2|1|1|0| 1|1|1|0|0|0|0|0|1|0|
2.813    0|0|1|0|1|1|0|2|0|0| 0|1|1|3|1|0|1|0|0|0|
2.814    0|0|0|0|0|0|1|2|1|0| 0|1|0|0|0|1|0|1|0|0|
2.815    0|1|0|0|1|1|2|0|1|0| 1|1|2|1|0|0|0|0|0|0|
2.816    0|0|0|0|1|0|1|1|0|1| 0|0|1|2|2|1|1|1|0|0|
2.817    0|0|0|0|1|1|0|2|1|0| 0|1|0|1|1|1|1|0|0|0|
2.818    0|0|0|1|0|0|1|0|0|0| 0|0|1|0|1|1|0|0|1|0|
2.819    0|0|0|0|1|1|0|1|1|0| 0|1|1|2|0|0|1|1|0|0|
2.820    0|0|1|1|1|0|1|1|0|1| 1|0|1|1|1|2|0|0|0|0|
2.821    0|0|0|0|0|1|1|0|1|0| 1|1|0|1|0|2|0|1|0|0|
2.822    0|0|0|0|1|1|0|1|1|0| 0|1|1|1|1|0|1|0|0|0|
2.823    0|0|0|0|1|1|2|2|1|0| 0|0|1|1|1|1|0|1|1|1|
2.824    0|0|0|1|0|0|0|0|1|1| 0|1|0|1|1|0|1|0|0|0|
2.825    0|1|2|0|1|2|2|1|0|0| 3|0|0|0|2|1|0|0|1|0|
2.826    1|0|0|1|0|0|1|2|1|0| 0|1|1|1|0|2|0|1|0|0|
2.827    0|0|0|0|2|1|0|3|0|1| 0|0|3|1|1|1|1|0|0|0|
2.828    0|1|0|0|1|0|1|0|1|0| 0|1|0|3|0|1|1|0|0|0|
2.829    0|0|1|1|0|1|2|1|0|0| 0|0|1|0|1|1|0|1|0|0|
2.830    0|0|0|1|1|0|0|1|1|0| 0|1|1|1|1|0|1|0|0|0|
2.831    0|0|0|0|0|1|1|1|0|1| 1|1|1|1|0|0|0|0|1|0|
2.832    0|0|0|0|1|1|1|1|1|0| 0|0|2|0|1|1|1|1|0|0|
2.833    0|0|0|1|0|1|1|0|0|1| 0|1|1|1|1|1|1|0|0|0|
2.834    0|0|0|0|1|2|0|1|1|0| 1|0|2|1|1|0|0|0|0|0|
2.835    0|1|1|0|1|1|1|2|1|0| 0|0|2|1|0|0|0|0|0|0|
2.836    1|0|1|0|0|1|1|1|0|0| 0|1|0|1|1|1|0|0|0|0|
2.837    0|0|0|0|1|1|1|1|2|0| 0|0|1|0|1|2|0|1|0|0|
2.838    0|0|1|1|0|1|1|1|0|1| 0|1|1|2|1|0|0|0|0|0|
2.839    0|0|0|0|1|1|1|1|1|0| 0|1|1|0|1|1|1|0|1|0|
2.840    0|0|1|1|1|1|1|1|1|0| 1|1|1|3|0|1|1|1|0|0|
2.841    0|0|0|0|1|1|1|1|0|1| 0|1|1|1|1|1|0|0|0|0|
2.842    0|1|1|0|1|0|3|1|0|1| 0|1|2|1|1|0|2|1|0|0|
2.843    0|0|0|1|1|2|1|1|2|0| 1|1|1|1|2|1|0|0|0|0|
2.844    0|0|0|0|0|1|1|2|0|0| 0|0|1|0|1|0|1|0|0|0|
2.845    1|0|0|1|1|1|1|1|1|0| 0|1|0|1|0|1|0|0|0|0|
2.846    0|0|0|1|0|2|1|3|0|0| 0|0|0|1|0|2|0|0|0|1|
2.847    0|0|1|0|2|0|0|1|1|0| 0|0|1|1|2|1|0|1|0|0|
2.848    0|0|0|0|1|1|1|1|0|0| 1|1|1|0|2|1|1|0|0|0|
2.849    0|0|0|1|1|1|3|1|0|0| 0|1|1|1|1|1|0|0|0|0|
2.850    0|0|1|0|0|1|1|2|1|1| 0|2|1|0|1|1|0|1|0|0|
2.851    0|0|0|1|1|1|1|1|1|0| 0|0|0|1|0|1|1|0|1|0|
2.852    0|0|1|0|1|1|1|0|0|1| 0|1|2|1|2|1|0|0|0|0|
2.853    0|0|0|0|1|0|1|0|1|0| 0|0|2|1|0|0|2|0|0|0|
2.854    0|0|0|1|0|1|1|1|1|0| 0|0|1|1|1|0|0|1|0|0|
2.855    0|0|1|1|0|2|1|1|1|0| 0|1|0|1|1|2|0|0|0|0|
2.856    1|0|0|0|1|2|1|0|1|0| 0|2|1|1|1|0|1|0|0|1|
2.857    0|1|0|1|1|2|0|1|0|1| 0|1|1|0|1|0|0|0|1|0|
2.858    0|0|0|0|1|0|1|1|2|0| 0|1|1|1|0|1|1|1|0|0|
2.859    0|0|1|1|1|1|1|1|1|0| 0|1|1|1|1|0|0|0|0|0|
2.860    0|0|0|0|0|0|1|1|0|0| 0|1|1|0|1|0|1|0|0|0|
2.861    0|0|0|1|2|1|1|1|0|0| 0|0|2|1|2|1|0|1|0|0|
2.862    0|0|1|1|0|2|1|1|1|1| 0|1|1|1|0|0|1|1|0|0|
2.863    0|1|0|0|1|1|1|1|1|0| 1|1|0|1|2|1|1|0|1|0|
2.864    0|0|0|0|1|2|0|1|0|1| 0|1|2|2|0|1|0|1|0|1|
2.865    0|0|0|0|0|0|1|1|1|0| 0|0|2|2|2|0|0|0|0|0|
2.866    0|0|1|1|0|1|2|0|0|0| 1|1|1|1|0|1|0|0|0|0|
2.867    0|0|0|0|1|1|1|1|1|1| 0|1|1|1|1|0|0|0|0|0|
2.868    0|0|0|1|1|2|2|0|0|0| 0|0|1|2|1|1|1|0|0|0|
2.869    0|0|0|0|1|1|3|1|2|1| 0|1|0|2|1|1|0|0|0|0|
2.870    0|0|0|1|1|0|1|1|1|0| 0|1|0|2|1|0|0|0|0|0|
2.871    0|0|1|0|1|1|1|0|2|1| 0|1|2|1|2|2|1|1|1|0|
2.872    0|0|0|0|1|1|1|1|1|0| 0|1|1|1|1|1|0|1|0|0|
2.873    0|0|0|1|1|2|2|2|0|0| 0|1|2|0|1|1|1|0|0|0|
2.874    0|0|0|0|1|0|0|0|1|0| 1|1|3|2|2|0|1|1|0|0|
2.875    0|0|1|1|1|1|2|1|1|0| 1|1|0|2|0|1|0|0|0|1|
2.876    1|0|0|0|1|2|1|1|1|0| 0|2|1|2|2|1|2|0|0|0|
2.877    0|1|0|0|0|1|0|1|0|1| 0|0|0|1|2|1|0|0|0|0|
2.878    0|0|0|1|2|0|2|1|0|1| 0|1|2|1|2|1|0|1|0|0|
2.879    1|0|0|1|0|1|1|1|1|0| 0|1|1|3|1|1|1|0|1|0|
2.880    0|0|1|0|2|1|1|0|1|0| 1|1|2|0|1|1|1|0|0|0|
2.881    0|0|0|1|1|3|0|2|1|0| 0|2|1|1|2|1|0|0|0|0|
2.882    0|0|1|0|0|1|2|0|1|0| 1|0|1|1|1|0|1|0|0|0|
2.883    0|0|0|1|1|1|0|1|1|1| 0|1|1|1|0|1|1|1|0|0|
2.884    0|0|0|0|1|2|1|0|0|0| 0|1|2|0|0|1|0|0|0|0|
2.885    0|1|0|0|0|2|1|3|2|0| 0|1|0|2|2|1|1|1|0|0|
2.886    0|0|1|1|0|1|0|2|2|0| 0|2|2|1|0|0|1|1|0|0|
2.887    0|0|0|0|0|1|1|1|1|0| 1|1|1|2|1|1|0|0|0|1|
2.888    0|0|0|0|1|1|1|1|0|0| 0|0|1|2|1|1|1|1|0|0|
2.889    0|0|0|1|2|1|1|0|1|0| 0|1|1|1|1|0|1|0|0|0|
2.890    0|0|0|0|1|1|1|2|0|1| 0|0|1|0|1|0|1|0|0|0|
2.891    0|1|0|1|1|0|1|2|1|1| 1|1|1|1|3|1|1|0|0|0|
2.892    0|0|2|1|1|1|1|1|1|0| 0|0|0|1|1|0|0|0|1|0|
2.892    0|0|0|0|0|0|2|2|1|0| 0|1|1|0|1|1|0|1|0|0|
2.893    0|1|0|1|1|2|1|1|1|1| 0|1|2|2|1|0|1|0|0|0|
2.894    0|0|0|1|2|1|1|2|1|0| 1|0|1|3|0|1|1|1|0|1|
2.895    0|0|0|0|1|2|0|0|1|0| 0|1|2|1|1|1|0|0|0|0|
2.896    1|1|1|0|1|2|1|2|1|0| 0|0|2|1|0|1|0|1|0|0|
2.897    0|0|0|2|1|1|1|0|0|1| 0|1|1|1|1|1|1|0|0|0|
2.898    0|0|0|1|0|0|0|1|2|0| 0|0|1|2|0|2|0|0|0|0|
2.899    0|0|1|0|1|1|2|1|1|1| 1|1|1|0|1|0|1|0|0|0|
2.900    0|0|0|1|0|3|1|3|0|0| 0|2|1|1|0|2|0|0|1|0|
2.901    0|0|0|1|1|1|1|1|1|1| 0|0|2|2|2|2|1|1|0|0|
2.902    0|0|0|0|2|1|1|1|2|0| 1|2|1|2|0|1|1|1|0|0|
2.903    0|0|0|1|0|1|2|1|0|0| 1|1|0|1|1|1|0|0|0|0|
2.904    0|0|0|0|1|1|1|1|0|0| 0|1|3|1|1|0|0|0|0|1|
2.905    0|0|1|1|1|1|2|2|1|0| 0|1|0|0|0|1|1|0|0|0|
2.906    0|1|0|0|0|0|2|1|1|0| 0|1|1|1|1|0|1|0|0|0|
2.907    0|0|0|1|1|1|0|1|0|1| 0|1|1|1|1|1|0|0|0|0|
2.908    0|0|0|1|0|1|1|1|1|0| 2|0|1|1|2|0|0|0|0|0|
2.909    0|0|1|0|1|2|2|2|1|0| 0|0|1|0|1|1|1|0|0|0|
2.910    1|0|0|1|1|1|2|1|1|0| 0|0|0|1|1|1|1|1|0|0|
2.911    0|0|0|0|1|1|0|2|1|0| 0|1|1|2|1|0|1|0|0|0|
2.912    0|0|1|0|1|2|2|1|1|1| 0|1|1|1|1|1|1|0|0|1|
2.913    0|0|1|1|1|0|1|1|1|0| 1|0|0|0|2|0|0|0|0|0|
2.914    0|0|0|1|0|1|2|1|1|0| 0|0|1|1|1|1|0|1|0|0|
2.915    0|1|0|0|1|1|1|1|2|1| 1|2|2|2|1|0|0|0|1|0|
2.916    0|0|0|2|1|2|1|1|1|1| 0|0|1|0|2|1|1|0|0|0|
2.917    0|0|0|0|1|1|1|2|1|0| 0|3|1|1|0|1|1|1|1|0|
2.918    0|0|1|1|3|2|1|2|1|0| 0|1|1|0|1|1|0|0|0|0|
2.919    0|0|0|1|1|1|2|1|0|0| 0|0|0|1|1|0|1|0|0|0|
2.920    1|1|0|0|1|2|2|1|1|1| 0|2|1|2|0|1|2|0|0|0|
2.921    0|0|0|1|1|2|1|1|1|1| 0|1|1|1|1|0|1|1|0|0|
2.922    0|0|1|0|1|0|1|2|0|0| 0|0|1|1|1|2|1|0|0|0|
2.923    0|0|1|0|0|1|1|2|1|0| 0|1|1|1|1|0|1|1|0|0|
2.924    0|0|0|0|1|1|1|1|0|1| 1|2|1|1|1|1|2|0|0|0|
2.925    0|0|0|1|0|1|1|2|2|0| 0|0|1|1|2|1|0|0|0|0|
2.926    0|1|0|2|3|1|1|1|0|0| 0|1|2|0|1|1|1|0|0|0|
2.927    0|0|0|0|0|1|2|1|1|1| 0|0|1|1|1|0|1|1|1|0|
2.928    0|0|0|1|1|1|3|1|1|0| 0|1|1|1|1|1|1|1|0|0|
2.929    0|0|0|1|0|2|1|1|1|1| 0|1|2|1|0|0|0|1|0|0|
2.930    0|0|0|0|1|1|1|1|1|0| 0|0|1|1|2|2|1|0|1|0|
2.931    1|0|1|1|1|1|0|2|0|0| 1|1|2|0|1|0|0|0|0|1|
2.932    0|0|1|1|0|0|1|2|1|1| 1|1|1|2|0|1|1|0|0|0|
2.933    0|0|0|0|1|0|2|3|1|0| 0|1|2|1|1|1|0|0|0|0|
2.934    0|0|0|0|0|3|1|2|1|0| 0|1|1|2|1|0|1|0|1|0|
2.935    0|0|0|0|2|1|1|1|0|1| 1|1|1|0|1|1|1|0|0|0|
2.936    0|0|0|1|0|1|2|1|1|0| 0|0|1|2|0|1|0|1|0|1|
2.937    0|0|1|0|1|2|0|1|2|0| 1|0|1|1|1|1|0|0|0|0|
2.938    0|1|1|1|1|1|1|1|1|0| 0|1|1|1|1|2|0|0|1|0|
2.939    0|0|0|0|1|1|0|2|1|1| 0|0|2|0|1|0|1|1|0|0|
2.940    0|0|0|0|1|1|1|0|0|0| 0|0|2|2|1|1|1|0|0|0|
2.941    0|1|0|1|0|1|1|1|1|1| 1|1|1|0|1|1|0|1|0|0|
2.942    0|1|0|1|1|0|1|1|1|0| 0|2|0|1|0|0|1|0|0|0|
2.943    0|0|1|0|0|1|1|1|1|0| 1|1|1|0|2|0|0|1|0|0|
2.944    1|0|1|0|0|1|2|1|0|1| 1|1|0|2|2|2|1|0|1|0|
2.945    0|0|0|1|1|1|1|1|2|0| 0|0|1|1|2|1|0|1|0|1|
2.946    0|1|1|0|1|1|2|2|1|0| 1|2|1|1|1|1|0|0|0|0|
2.947    0|0|0|0|1|1|2|2|0|0| 0|2|1|1|0|3|2|0|0|1|
2.948    0|0|0|0|0|2|1|1|1|0| 1|0|1|1|2|1|0|1|1|0|
2.949    0|0|1|1|2|1|1|1|1|0| 0|1|1|1|1|2|0|0|0|0|
2.950    0|0|0|0|1|0|3|2|1|1| 0|1|2|2|2|0|2|0|0|0|
2.951    0|0|0|1|1|1|2|2|1|0| 0|2|1|1|0|1|0|0|0|0|
2.952    0|1|1|2|0|1|2|1|1|0| 1|1|0|2|1|1|0|1|0|0|
2.953    0|1|0|0|0|0|1|2|1|1| 0|1|1|2|2|2|1|1|0|0|
2.954    0|0|0|1|2|1|1|1|0|0| 1|1|2|1|1|0|1|0|0|0|
2.955    1|0|0|1|1|1|1|3|1|0| 0|1|1|1|1|0|1|0|1|0|
2.956    0|1|0|0|1|1|1|1|1|0| 0|1|1|1|0|1|0|1|0|0|
2.957    0|0|0|1|1|1|1|2|1|1| 0|1|1|2|1|1|0|0|0|0|
2.958    0|0|1|0|0|2|1|1|0|0| 1|1|1|1|2|1|1|0|0|0|
2.959    0|1|0|1|2|0|2|1|1|0| 0|1|1|2|1|1|0|0|0|1|
2.960    0|0|1|0|1|1|2|0|1|0| 0|1|1|1|2|1|1|0|1|0|
2.961    0|0|1|1|2|1|1|1|1|0| 0|1|1|1|0|1|0|1|0|0|
2.962    1|0|0|0|1|1|0|1|2|0| 1|0|2|3|1|1|1|0|1|0|
2.963    0|0|1|2|0|3|2|1|0|1| 0|1|1|1|1|1|1|0|0|0|
2.964    0|0|0|0|1|0|1|2|1|0| 0|1|1|1|0|0|1|1|0|1|
2.965    0|2|0|0|0|1|2|1|0|0| 0|2|3|0|2|2|1|0|0|0|
2.966    0|0|0|1|1|1|1|1|2|1| 0|0|1|2|1|0|1|1|0|1|
2.967    0|0|0|0|1|1|1|1|0|0| 1|0|2|2|0|1|1|0|1|0|
2.968    0|0|0|1|0|1|1|2|0|1| 0|1|1|1|1|1|0|0|1|0|
2.969    0|0|1|0|1|2|1|1|1|0| 0|0|2|2|0|1|0|1|0|0|
2.970    0|0|0|0|1|1|2|1|1|0| 1|2|1|2|1|1|1|0|0|0|
2.971    0|1|0|1|1|2|1|2|1|1| 0|1|1|0|1|1|0|1|0|0|
2.972    1|0|1|0|2|2|1|2|1|0| 1|1|1|1|2|2|1|0|0|0|
2.973    0|0|0|0|1|0|1|1|1|0| 1|0|2|1|0|1|0|1|0|0|
2.974    0|0|1|1|0|1|1|1|0|0| 0|1|2|2|1|1|1|0|0|0|
2.975    0|1|0|1|2|1|0|2|1|1| 1|0|1|0|1|0|0|0|1|0|
2.975    0|0|1|0|1|2|1|0|1|1| 0|1|2|1|1|1|0|0|0|0|
2.976    0|1|0|0|1|1|1|2|0|0| 0|1|1|2|0|1|1|1|0|0|
2.977    1|0|0|1|1|1|1|1|1|0| 0|1|0|0|1|1|0|0|0|0|
2.978    0|0|1|1|0|1|0|0|0|0| 0|2|2|1|1|1|1|1|1|0|
2.979    0|0|0|0|2|2|1|2|1|0| 1|1|1|3|1|2|0|1|0|1|
2.980    0|1|1|1|0|2|2|0|1|1| 0|1|1|1|1|1|0|0|0|0|
2.981    0|0|0|1|1|1|1|1|0|0| 0|2|0|1|0|1|0|0|1|0|
2.982    0|1|0|0|1|1|1|1|1|1| 0|1|1|1|1|1|2|1|0|0|
2.983    0|0|0|1|1|2|1|1|2|1| 0|0|1|1|1|0|1|0|1|0|
2.984    0|0|1|1|1|0|2|1|0|0| 1|0|1|2|2|1|0|0|0|0|
2.985    0|0|0|1|0|1|1|2|0|1| 0|1|1|1|2|1|1|1|0|1|
2.986    0|0|0|0|1|3|2|1|1|1| 0|2|2|2|1|2|0|1|0|0|
2.987    0|0|0|0|1|1|2|1|1|0| 1|2|1|1|3|2|1|0|0|0|
2.988    0|0|0|1|1|2|2|2|1|0| 0|0|1|1|0|1|1|0|0|0|
2.989    0|0|1|1|1|3|1|1|1|0| 0|2|1|1|2|1|0|0|0|0|
2.990    1|0|0|0|0|1|1|1|1|1| 1|0|2|1|2|0|1|1|0|0|
2.991    0|1|1|1|2|2|1|1|0|0| 0|1|0|3|1|1|1|0|1|0|
2.992    0|0|0|1|1|1|2|1|1|0| 1|1|1|0|2|2|0|1|0|0|
2.993    0|0|0|1|1|1|1|1|2|0| 0|0|2|1|1|2|1|0|0|0|
2.994    0|0|1|0|1|1|1|2|0|0| 0|1|4|2|1|1|0|1|0|0|
2.995    0|0|0|1|0|1|3|1|1|1| 0|2|2|2|1|1|1|0|0|0|
2.996    0|0|0|0|1|1|0|0|1|0| 1|2|2|0|0|0|0|1|0|0|
2.997    0|0|0|0|1|1|2|2|0|0| 0|1|1|1|3|2|1|0|0|0|
2.998    0|0|0|1|0|1|2|1|1|1| 1|1|3|2|0|2|0|0|0|0|
2.999    1|0|1|0|1|1|1|1|2|0| 0|0|3|1|2|1|2|1|0|1|
3.000    0|1|1|0|2|1|1|1|1|0| 0|1|1|1|0|1|0|0|0|0|
3.001    0|1|1|1|0|1|1|1|2|0| 0|1|1|1|1|1|1|1|2|0|
3.002    1|0|0|1|1|0|1|1|0|1| 1|0|1|3|1|1|1|0|0|0|
3.003    0|0|0|0|0|1|1|1|1|0| 1|1|2|3|1|1|1|0|0|0|
3.004    0|2|2|1|1|1|3|2|1|0| 0|1|1|1|1|2|0|1|0|0|
3.005    0|0|0|0|1|1|1|2|1|1| 1|1|1|1|0|0|0|0|0|0|
3.006    0|0|0|1|2|1|1|1|1|0| 0|0|2|1|2|1|1|1|1|0|
3.007    0|0|1|0|1|2|2|2|0|1| 0|2|0|1|1|1|0|0|0|0|
3.008    0|0|1|1|0|1|1|1|2|0| 0|1|1|1|2|0|1|0|1|0|
3.009    0|1|1|1|1|1|2|1|1|0| 1|2|1|1|0|2|1|1|0|0|
3.010    0|0|0|0|0|1|2|1|1|0| 0|1|1|0|2|0|1|0|1|0|
3.011    0|0|0|1|1|1|3|1|1|1| 0|1|2|3|1|3|1|1|0|1|
3.012    0|0|0|1|1|1|1|3|2|0| 0|1|0|2|0|0|1|0|0|0|
3.013    0|1|0|1|2|1|1|2|1|0| 0|0|2|0|1|2|0|1|0|0|
3.014    1|0|1|2|0|2|1|0|0|0| 2|2|1|2|2|0|1|0|0|0|
3.015    0|0|1|1|2|2|2|1|2|1| 0|1|2|1|1|1|0|0|1|0|
3.016    0|0|1|0|0|1|1|3|2|0| 0|0|1|1|2|2|1|1|0|0|
3.017    0|0|0|1|2|1|2|0|1|0| 0|1|1|1|1|1|0|0|0|1|
3.018    0|0|0|0|1|1|1|1|1|0| 1|1|1|1|2|1|1|0|0|0|
3.019    0|0|0|1|0|0|2|2|1|1| 0|1|1|2|2|0|1|0|0|1|
3.020    0|1|0|0|1|2|3|1|0|0| 0|1|2|1|2|1|0|1|0|0|
3.021    0|0|1|1|1|1|2|1|1|0| 0|2|1|1|0|0|1|0|0|0|
3.022    0|1|0|0|1|2|1|1|0|0| 0|2|1|1|1|1|0|1|0|0|
3.023    0|0|1|1|0|2|2|1|1|1| 2|1|1|1|2|2|1|0|1|0|
3.024    0|0|0|1|1|1|2|1|2|1| 0|1|2|2|1|1|0|1|0|0|
3.025    0|0|0|0|1|2|2|1|1|0| 1|3|1|1|2|0|0|0|0|0|
3.026    1|0|0|1|0|1|2|2|1|0| 0|2|1|2|2|2|1|0|1|0|
3.027    0|0|1|0|2|3|0|1|0|1| 0|1|1|2|2|1|1|2|0|0|
3.028    0|0|0|1|1|1|2|2|1|0| 1|1|1|1|1|1|1|0|0|0|
3.029    0|1|0|1|2|2|1|1|1|1| 0|1|2|2|2|1|0|0|0|0|
3.030    1|0|0|0|1|1|1|1|0|0| 0|0|1|2|1|1|1|0|1|0|
3.031    0|0|2|2|0|1|1|1|1|1| 1|2|1|1|1|1|0|1|0|0|
3.032    0|1|0|0|1|2|2|1|1|0| 0|0|2|1|1|3|1|1|0|0|
3.033    0|0|1|1|2|1|1|1|1|0| 1|2|2|1|1|1|1|0|0|0|
3.034    0|0|1|1|1|1|3|1|1|1| 0|1|2|2|2|0|0|0|0|1|
3.035    1|0|0|1|0|1|2|1|1|0| 1|0|1|2|2|2|1|1|1|0|
3.036    0|0|1|0|2|1|1|1|0|0| 0|2|2|2|1|1|0|0|0|0|
3.037    0|0|0|1|2|1|2|1|3|1| 1|1|2|3|2|1|1|0|0|0|
3.038    0|0|1|0|1|2|1|2|1|0| 0|1|1|2|1|1|1|0|0|0|
3.039    0|1|0|1|1|1|2|3|0|1| 0|1|1|1|1|1|1|1|0|1|
3.040    0|0|1|2|0|1|1|1|1|0| 0|2|2|1|2|1|1|0|1|0|
3.041    0|0|1|0|1|1|3|1|2|0| 1|0|1|1|2|0|0|1|0|0|
3.042    0|0|0|1|1|2|1|0|1|1| 0|1|2|1|1|2|2|0|0|0|
3.043    0|1|1|1|0|3|2|1|1|0| 1|2|1|2|1|0|1|0|0|0|
3.044    0|0|0|0|1|1|0|1|1|0| 1|1|1|1|2|1|0|1|0|0|
3.045    0|0|1|1|0|1|2|1|1|1| 0|1|2|1|1|2|1|0|0|0|
3.046    0|0|0|0|1|2|2|1|1|0| 0|1|1|1|2|1|0|0|1|0|
3.047    0|0|0|0|0|1|2|1|1|1| 0|1|2|1|2|0|1|1|0|0|
3.048    0|1|1|0|1|2|2|1|0|0| 0|2|1|3|1|2|1|0|1|0|
3.049    1|0|1|1|1|0|0|2|1|0| 1|0|1|2|1|2|1|0|0|0|
3.050    0|0|0|1|0|2|2|1|0|1| 1|2|2|1|2|1|0|1|0|0|
3.051    0|0|0|0|1|0|1|1|2|0| 0|1|0|1|3|1|1|1|0|0|
3.052    0|0|0|1|2|2|2|2|0|0| 0|1|1|2|1|1|2|0|0|1|
3.053    0|1|1|0|1|3|0|1|1|0| 1|1|1|1|2|1|0|0|0|0|
3.054    0|0|0|1|1|1|1|2|0|1| 0|1|2|1|1|1|0|0|1|0|
3.055    0|0|0|1|1|1|3|2|1|0| 0|1|1|2|1|1|1|1|0|0|
3.056    0|0|1|1|1|1|1|1|2|0| 1|1|3|1|1|0|1|0|1|1|
3.057    0|0|0|1|2|2|1|2|0|0| 0|1|2|1|1|2|1|1|0|0|
3.057    0|0|1|1|1|2|2|1|1|1| 0|1|0|0|2|1|1|0|0|0|
3.058    0|0|0|2|1|0|2|1|1|0| 1|2|2|2|3|1|0|0|0|0|
3.059    1|0|0|0|1|1|3|2|0|1| 0|1|1|2|1|1|1|1|0|0|
3.060    0|0|1|1|1|0|1|2|2|0| 1|0|2|1|2|1|2|0|1|1|
3.061    1|1|0|0|1|2|1|3|2|1| 0|1|1|1|1|1|0|1|1|0|
3.062    0|0|1|0|0|1|2|2|1|0| 1|1|2|2|1|2|1|0|0|0|
3.063    0|0|0|1|2|3|3|1|0|0| 1|1|1|1|1|1|0|2|1|0|
3.064    0|0|0|1|2|2|0|1|1|1| 0|0|2|2|1|1|1|0|0|0|
3.065    1|1|0|1|1|1|1|2|1|0| 1|1|0|3|1|0|1|0|0|0|
3.066    0|0|0|1|1|2|1|2|1|2| 0|2|1|2|1|1|1|0|0|0|
3.067    0|0|1|1|1|1|2|1|1|0| 0|1|2|2|1|1|1|1|1|1|
3.068    0|0|0|1|0|1|1|1|1|0| 1|2|2|1|1|1|1|0|0|0|
3.069    0|0|0|1|1|2|1|1|1|0| 0|2|3|0|1|0|1|1|0|0|
3.070    0|1|0|0|2|1|2|1|1|1| 1|1|1|3|2|1|0|0|0|0|
3.071    0|0|0|2|1|1|2|1|2|1| 0|1|3|2|2|1|1|1|0|0|
3.072    0|0|0|2|1|1|1|2|1|1| 0|1|2|2|1|2|1|0|0|0|
3.073    1|1|1|0|1|2|1|1|0|1| 1|1|1|2|2|1|0|0|0|0|
3.074    0|0|0|0|1|2|1|1|1|0| 0|1|3|1|1|1|1|1|1|1|
3.075    0|0|1|1|1|1|2|1|1|0| 0|1|2|1|2|1|0|0|0|0|
3.076    0|1|0|1|0|1|2|2|1|0| 1|1|1|2|2|1|0|0|1|0|
3.077    0|0|0|1|2|1|1|0|0|1| 0|1|2|1|1|1|0|1|0|0|
3.078    0|0|1|0|1|0|2|2|1|0| 0|1|2|1|1|1|1|0|0|0|
3.079    0|0|0|2|1|2|1|2|1|0| 1|1|1|2|2|1|1|0|0|0|
3.080    0|0|1|0|1|1|2|1|1|1| 0|2|1|0|1|1|1|0|0|0|
3.081    0|0|0|1|2|2|1|1|1|0| 1|0|1|1|2|1|0|1|1|0|
3.082    1|0|1|0|1|1|1|2|1|0| 0|1|2|2|1|1|1|1|0|0|
3.083    0|0|0|1|1|2|0|1|1|1| 0|1|1|1|2|1|1|1|0|0|
3.084    0|0|1|1|2|1|3|3|1|1| 1|1|2|1|1|1|1|0|0|1|
3.085    0|1|0|1|1|0|1|1|1|1| 0|0|0|2|2|1|1|0|0|0|
3.086    0|0|0|1|2|1|2|3|1|0| 1|1|4|1|1|1|0|0|1|0|
3.087    0|0|0|1|1|2|2|1|1|1| 0|1|0|2|2|1|0|1|0|0|
3.088    0|0|1|1|1|2|1|1|3|0| 0|1|1|0|1|1|0|0|0|0|
3.089    0|1|0|0|2|2|2|1|1|0| 1|1|2|2|2|1|1|0|1|0|
3.090    0|0|0|1|0|1|3|1|2|0| 0|2|2|1|2|2|1|1|0|0|
3.091    1|0|1|1|1|1|0|2|1|1| 0|1|2|1|1|0|1|1|0|0|
3.092    0|0|0|1|2|3|3|2|1|0| 0|2|1|1|1|2|1|0|0|0|
3.093    0|0|0|1|0|0|2|2|2|1| 1|0|3|2|3|0|1|1|0|0|
3.094    0|0|0|1|1|1|0|2|2|0| 0|1|1|1|1|1|1|0|0|0|
3.095    1|0|0|0|1|1|2|3|0|0| 0|1|3|2|1|1|1|0|2|0|
3.096    0|0|1|1|2|1|2|1|1|0| 1|1|2|1|1|3|0|1|0|1|
3.097    0|1|1|1|2|1|2|2|0|1| 2|2|3|1|1|1|1|0|0|0|
3.098    0|0|0|1|0|2|0|1|1|1| 0|1|2|1|2|3|1|0|0|0|
3.099    1|1|1|0|1|2|2|2|0|0| 1|0|1|3|1|0|0|1|0|0|
3.100    0|0|1|1|2|1|1|1|2|0| 1|1|1|2|3|1|2|0|0|0|
3.101    0|0|0|0|2|2|1|2|1|0| 1|1|1|0|1|2|1|1|1|0|
3.102    0|0|1|1|1|2|2|1|1|1| 0|0|2|3|2|0|2|0|0|0|
3.103    0|1|0|2|1|2|2|3|0|0| 0|1|1|1|1|2|0|0|0|0|
3.104    0|0|1|1|1|3|3|1|3|1| 1|1|3|1|3|1|1|1|0|0|
3.105    0|0|1|0|0|1|2|2|1|0| 0|1|2|3|1|1|0|1|0|0|
3.106    0|0|1|1|1|2|1|2|1|0| 1|3|2|2|2|1|1|0|0|0|
3.107    0|0|1|0|1|0|2|2|0|0| 0|1|2|2|0|1|0|0|1|1|
3.108    0|0|0|2|2|2|2|0|0|0| 1|1|1|2|2|1|1|0|0|0|
3.109    0|0|1|1|1|2|1|1|1|1| 1|1|1|2|2|1|1|1|0|0|
3.110    0|1|1|1|2|1|0|2|1|0| 0|1|1|2|0|1|1|1|0|0|
3.111    0|0|0|1|2|1|1|1|1|1| 1|2|2|2|3|1|1|0|0|0|
3.112    0|0|0|0|2|3|4|2|1|0| 0|1|2|2|2|1|0|0|0|0|
3.113    1|1|1|0|2|1|2|1|1|1| 0|1|1|1|2|2|1|0|0|0|
3.114    0|0|0|1|2|1|2|1|1|0| 0|2|1|3|2|1|0|1|1|0|
3.115    0|1|1|1|1|2|2|1|1|1| 1|1|2|2|1|1|1|0|0|0|
3.116    0|0|0|1|0|2|1|1|1|0| 1|1|2|2|2|0|2|0|0|1|
3.117    0|0|1|1|1|2|0|3|1|1| 0|2|0|1|0|2|1|1|1|0|
3.118    0|0|0|1|2|2|1|2|1|0| 0|2|2|2|2|1|0|1|1|0|
3.119    0|0|0|1|1|2|3|2|1|0| 1|1|1|2|1|2|0|0|0|0|
3.120    0|1|0|0|2|1|1|2|1|0| 0|0|1|2|2|1|1|1|0|0|
3.121    0|0|0|1|2|2|4|2|2|1| 1|2|2|1|2|1|0|0|0|1|
3.122    1|1|1|0|2|2|3|2|2|0| 0|1|1|3|3|0|1|0|0|0|
3.123    1|0|1|2|1|1|1|1|2|0| 1|2|2|1|1|1|1|0|1|0|
3.124    0|0|0|0|2|2|1|1|1|0| 0|2|3|3|2|2|1|1|0|0|
3.125    0|1|0|2|2|0|1|2|1|1| 1|2|2|2|2|2|0|1|0|0|
3.126    0|1|0|1|1|2|1|2|1|1| 1|3|1|3|1|2|1|0|0|0|
3.127    0|0|1|0|1|0|2|2|1|0| 1|1|1|2|2|1|1|0|1|0|
3.128    0|0|0|1|1|1|2|3|2|0| 0|1|1|2|2|2|1|1|0|0|
3.129    0|1|0|1|1|2|1|3|0|1| 0|1|3|1|2|1|0|1|0|0|
3.130    0|0|1|0|2|1|2|1|2|0| 0|0|1|2|2|1|1|0|0|1|
3.131    0|1|0|1|1|1|1|3|0|0| 1|2|2|1|1|2|2|1|0|0|
3.132    0|0|0|1|1|1|1|2|1|1| 0|1|3|3|1|0|0|1|0|1|
3.133    0|1|1|1|0|2|2|1|1|0| 1|2|2|0|2|2|1|0|1|0|
3.134    0|0|0|1|1|1|2|1|1|0| 1|1|2|2|1|2|1|0|0|0|
3.135    0|0|0|1|1|2|2|2|2|1| 0|3|2|1|2|0|0|2|1|0|
3.136    0|0|0|1|0|2|2|3|1|0| 0|2|1|2|1|2|1|1|0|0|
3.137    1|0|1|1|2|2|2|0|3|1| 1|2|1|3|1|2|0|0|0|0|
3.138    0|1|0|0|1|1|3|3|1|0| 1|1|1|2|2|0|1|0|0|0|
3.139    1|0|1|1|2|1|2|0|1|0| 0|1|2|1|1|2|1|0|1|1|
3.140    1|0|1|1|1|2|2|2|1|1| 0|0|1|1|1|1|0|0|0|0|
3.140    0|1|1|1|1|1|3|3|2|0| 0|2|3|1|1|2|1|1|0|0|
3.141    0|0|1|1|1|2|1|3|1|1| 1|1|3|2|1|2|0|0|0|0|
3.142    0|0|0|1|1|1|1|1|2|1| 1|2|1|2|3|2|1|1|0|0|
3.143    0|1|0|1|2|2|1|2|0|0| 0|1|2|2|3|2|2|0|1|0|
3.144    0|1|1|1|2|1|1|3|2|1| 1|1|0|1|2|1|0|0|0|1|
3.145    0|0|1|0|0|1|3|2|0|0| 0|2|3|2|1|2|1|1|1|0|
3.146    1|1|0|1|2|1|1|2|2|0| 2|2|2|1|1|3|0|0|0|0|
3.147    1|1|1|0|0|1|3|2|2|1| 2|1|4|4|1|1|2|1|0|1|
3.148    0|0|0|1|1|1|1|2|1|0| 1|0|2|3|1|1|0|0|1|0|
3.149    0|0|1|1|1|2|3|1|3|1| 0|2|2|1|2|1|1|1|1|0|
3.150    0|0|1|0|1|1|1|2|1|0| 1|1|1|1|2|1|0|1|0|0|
3.151    0|0|0|1|2|1|3|2|1|0| 1|2|2|2|1|1|1|1|0|0|
3.152    0|1|1|0|1|1|2|1|2|1| 0|1|2|1|0|2|2|0|0|1|
3.153    1|0|1|1|1|1|2|2|1|0| 0|0|2|2|2|1|0|0|0|0|
3.154    0|1|1|1|2|1|3|3|2|0| 1|1|1|3|1|1|1|1|0|0|
3.155    0|0|1|1|2|1|2|4|2|1| 0|2|3|3|3|1|1|0|1|0|
3.156    0|1|2|1|1|2|2|3|3|0| 0|1|2|2|2|1|0|2|1|0|
3.157    1|0|0|2|1|1|2|2|2|1| 0|1|1|2|2|1|2|0|0|0|
3.158    0|0|0|0|1|3|3|3|2|0| 1|2|2|2|0|2|0|0|1|0|
3.159    0|0|1|1|1|1|2|2|1|0| 1|2|3|1|2|2|1|0|0|1|
3.160    0|1|0|1|2|1|3|3|1|1| 0|0|1|1|1|3|1|1|1|0|
3.161    0|0|0|0|1|1|1|1|0|0| 1|1|1|3|2|1|1|0|0|0|
3.162    0|0|3|2|1|2|1|2|2|0| 1|2|2|2|1|1|1|1|0|0|
3.163    0|0|0|2|2|2|1|2|2|1| 0|3|3|1|3|1|0|1|0|1|
3.164    0|0|3|2|2|4|2|2|1|1| 1|1|1|1|1|1|1|0|1|0|
3.165    1|1|0|1|2|0|2|1|1|0| 1|1|3|3|2|2|1|0|0|0|
3.166    0|1|1|0|1|2|3|2|1|0| 0|1|2|1|1|1|1|1|0|0|
3.167    0|0|0|1|1|1|2|3|1|0| 1|1|1|2|2|1|1|0|0|0|
3.168    0|0|1|1|2|1|3|3|1|1| 0|2|2|2|1|1|2|1|2|0|
3.169    0|0|1|1|2|2|1|1|1|0| 1|1|2|3|2|2|0|2|0|1|
3.170    1|0|0|1|2|2|2|2|1|0| 1|2|3|2|1|1|2|2|0|0|
3.171    0|1|1|1|1|1|2|1|1|1| 0|1|1|2|2|1|0|0|0|0|
3.172    0|0|1|0|1|2|2|3|1|0| 1|0|1|2|3|0|1|0|1|1|
3.173    1|0|0|4|2|0|2|1|2|1| 1|1|2|2|1|2|0|1|0|0|
3.174    0|0|0|0|1|3|2|2|1|0| 0|1|2|1|3|1|1|0|0|0|
3.175    0|1|0|1|2|3|1|2|0|2| 0|1|3|2|2|1|1|2|0|0|
3.176    0|0|1|1|0|2|1|3|2|0| 1|2|2|3|1|1|2|1|1|0|
3.177    0|0|0|0|2|1|2|2|1|0| 0|1|3|4|2|3|2|1|0|0|
3.178    0|1|0|1|3|2|2|1|1|1| 0|2|1|2|2|2|3|0|0|0|
3.179    0|0|2|0|0|1|2|2|0|2| 1|3|1|3|2|3|1|0|0|0|
3.180    0|0|0|1|2|2|2|1|1|1| 1|1|2|3|2|2|0|1|1|0|
3.181    0|0|0|0|1|3|2|2|2|0| 1|1|1|2|2|1|1|0|0|0|
3.182    0|0|1|1|1|3|2|2|1|0| 0|1|2|2|2|2|1|1|0|0|
3.183    0|0|0|1|2|2|1|1|0|1| 1|2|1|2|1|1|1|0|0|0|
3.184    1|1|1|1|1|4|4|2|2|0| 0|1|1|0|4|3|1|0|1|0|
3.185    1|0|0|1|1|1|2|1|1|0| 1|2|2|2|1|2|1|1|0|0|
3.186    1|0|1|2|1|1|2|3|1|1| 0|1|2|4|2|1|0|0|0|1|
3.187    0|0|0|0|2|2|3|2|3|1| 0|2|1|2|3|0|1|0|1|0|
3.188    0|1|1|1|1|2|1|1|2|2| 1|1|3|0|4|3|1|1|0|0|
3.189    0|0|0|1|1|1|2|2|0|1| 1|2|1|3|2|1|2|1|0|0|
3.190    0|0|0|1|1|1|2|2|1|0| 0|1|2|2|3|1|1|0|0|1|
3.191    0|0|1|1|2|2|2|2|2|1| 1|3|1|5|2|0|0|0|1|0|
3.192    0|1|0|1|2|3|1|2|1|0| 0|0|2|2|1|2|1|2|0|0|
3.193    0|0|0|2|1|1|3|2|1|1| 1|1|1|2|2|1|0|0|1|0|
3.194    0|0|0|1|0|2|3|2|0|1| 0|2|3|2|2|1|1|0|0|0|
3.195    1|1|1|0|2|3|2|1|1|0| 1|1|2|3|1|2|1|1|0|0|
3.196    0|1|1|1|1|2|3|2|0|1| 0|1|1|2|2|1|1|0|1|1|
3.197    0|1|0|1|1|2|1|2|3|0| 0|2|2|2|2|1|0|1|0|0|
3.198    0|0|1|0|1|2|2|1|2|0| 1|1|1|1|2|1|2|0|0|0|
3.199    0|0|0|1|1|1|3|1|1|1| 0|1|3|2|1|1|1|1|0|0|
3.200    0|1|1|2|1|2|3|3|2|0| 0|2|2|1|2|1|0|1|2|0|
3.201    1|0|1|0|1|1|3|1|1|1| 1|1|1|2|2|2|0|0|1|0|
3.202    0|0|0|1|2|1|2|2|0|0| 1|1|4|2|3|1|1|1|0|1|
3.203    0|0|0|1|2|2|2|1|1|1| 0|1|2|2|2|2|1|0|0|0|
3.204    0|0|0|2|2|2|2|2|1|0| 1|2|4|3|1|1|0|1|0|0|
3.205    0|0|1|0|2|2|4|2|2|1| 0|2|1|3|1|2|1|1|0|0|
3.206    1|1|0|2|1|1|3|2|1|1| 1|1|3|3|2|2|2|0|0|0|
3.207    0|0|2|0|2|2|2|1|2|0| 0|2|1|2|2|2|1|1|1|0|
3.208    0|0|1|0|1|2|1|3|2|1| 1|1|1|3|3|2|3|0|0|0|
3.209    0|0|0|1|2|1|2|1|1|1| 1|2|4|1|1|0|0|0|0|0|
3.210    0|0|1|2|2|3|3|1|2|0| 0|2|2|2|2|2|1|1|0|0|
3.211    0|1|0|1|2|3|1|1|0|0| 1|1|1|1|1|1|1|1|0|0|
3.212    0|1|0|0|1|1|2|2|2|0| 0|2|1|2|1|0|1|0|0|0|
3.213    0|0|1|2|3|3|3|2|0|1| 0|1|2|3|2|2|1|0|1|0|
3.214    1|0|0|1|2|1|3|1|2|0| 1|2|3|1|2|0|1|2|1|0|
3.215    0|0|1|1|1|3|1|3|2|1| 0|2|2|2|3|1|1|0|0|0|
3.216    0|0|1|1|2|2|2|2|1|1| 1|2|2|2|2|1|1|2|0|0|
3.217    0|0|0|1|2|1|2|2|2|0| 0|1|2|3|1|1|1|0|0|0|
3.218    0|1|2|1|1|1|1|2|2|1| 1|1|2|3|2|1|1|2|0|1|
3.219    1|0|1|1|2|3|4|1|1|1| 1|1|2|2|3|1|0|0|0|0|
3.220    0|0|0|1|0|1|2|3|1|1| 1|1|2|2|2|1|1|1|0|0|
3.221    0|0|0|0|3|2|3|1|1|0| 1|2|2|2|2|2|2|1|1|0|
3.222    0|0|1|1|1|2|4|3|1|1| 0|0|3|3|3|1|1|2|0|1|
3.223    0|0|0|2|2|2|2|2|1|1| 1|1|2|1|5|1|1|1|0|0|
3.223    1|0|2|0|0|1|1|1|1|0| 0|2|2|3|0|2|0|0|0|0|
3.224    0|0|2|1|2|2|4|3|1|1| 1|0|2|2|1|2|1|0|0|0|
3.225    1|1|1|0|1|3|1|1|0|0| 1|4|2|1|2|2|3|0|1|1|
3.226    0|0|0|0|1|2|2|2|2|0| 1|2|1|2|2|1|0|2|0|0|
3.227    0|0|0|3|1|3|1|2|2|1| 1|1|2|3|2|2|1|0|0|0|
3.228    0|0|1|0|1|2|2|2|2|1| 0|2|2|4|3|0|2|1|1|0|
3.229    0|1|1|1|3|2|3|2|0|1| 0|2|4|2|2|1|1|1|0|0|
3.230    0|0|0|1|2|1|1|3|2|0| 1|1|2|3|3|1|2|0|0|0|
3.231    1|0|1|1|2|3|3|4|1|1| 0|1|3|2|2|1|2|1|0|0|
3.232    0|0|1|1|1|4|2|2|2|0| 1|1|2|3|3|1|1|0|1|1|
3.233    0|1|1|1|1|0|2|2|1|1| 0|1|3|4|2|1|1|1|0|0|
3.234    0|0|1|1|1|2|4|4|1|1| 0|1|3|1|1|1|1|0|0|0|
3.235    0|0|0|1|1|3|0|3|1|2| 0|1|2|3|3|4|1|1|0|0|
3.236    1|1|1|1|2|2|2|1|1|0| 0|2|2|1|3|2|1|0|0|0|
3.237    0|0|1|0|2|2|3|2|1|0| 1|1|2|3|2|2|0|1|0|1|
3.238    0|0|0|1|2|3|1|4|2|0| 0|1|2|2|2|1|2|0|1|0|
3.239    1|0|0|1|1|1|1|1|1|1| 2|3|1|1|2|2|2|1|0|0|
3.240    0|0|1|1|1|3|2|3|1|1| 0|2|1|2|1|2|1|0|0|0|
3.241    0|1|1|1|0|1|2|3|3|0| 1|2|3|4|2|0|1|2|0|1|
3.242    0|1|0|1|3|2|4|2|1|1| 0|0|2|5|1|3|1|1|1|0|
3.243    0|0|2|1|1|2|2|2|2|0| 1|1|2|2|2|1|2|0|0|0|
3.244    0|1|0|1|2|3|1|2|1|0| 1|1|2|4|2|1|1|1|1|1|
3.245    1|0|0|1|2|3|2|3|1|1| 0|1|2|3|3|2|0|0|0|0|
3.246    0|1|1|1|2|3|2|1|1|1| 0|1|2|1|1|1|1|1|0|0|
3.247    0|0|0|2|3|2|3|3|1|0| 1|2|4|1|3|2|1|0|0|1|
3.248    1|1|1|0|2|2|2|0|2|2| 1|1|2|3|2|3|1|1|0|0|
3.249    0|0|0|1|2|1|1|2|2|0| 1|1|3|2|1|0|1|0|1|0|
3.250    0|0|1|2|3|2|2|3|0|1| 0|1|1|2|3|2|1|1|0|0|
3.251    0|1|0|1|1|1|3|2|1|0| 1|3|2|2|1|1|1|0|0|0|
3.252    0|0|2|1|2|2|1|3|2|1| 0|2|1|1|2|3|2|1|0|0|
3.253    0|0|0|1|2|1|2|3|2|0| 1|2|2|2|3|2|1|0|0|0|
3.254    0|1|1|2|3|2|4|3|2|1| 0|1|1|2|3|2|0|1|1|1|
3.255    0|0|0|0|2|2|2|3|2|0| 2|2|3|1|1|3|1|0|1|0|
3.256    0|0|1|1|2|2|2|1|1|2| 0|2|1|2|2|2|1|1|0|0|
3.257    0|1|0|0|3|2|3|2|2|0| 0|2|2|2|2|1|2|1|2|0|
3.258    0|0|0|2|0|3|2|2|3|1| 1|2|2|3|2|1|1|1|0|0|
3.259    0|1|1|1|3|2|2|3|2|0| 1|2|3|3|2|2|2|1|0|0|
3.260    0|0|1|2|1|3|1|2|3|1| 1|1|1|2|2|2|0|1|0|0|
3.261    0|1|0|0|1|2|3|3|2|0| 0|1|2|2|2|1|1|1|1|0|
3.262    0|0|1|2|2|2|2|2|1|1| 0|3|3|4|1|3|2|0|0|1|
3.263    0|0|1|2|1|1|2|2|1|0| 1|2|2|2|2|1|2|1|1|0|
3.264    0|0|1|2|2|2|2|1|2|1| 0|1|2|2|3|2|1|1|0|0|
3.265    0|0|0|2|2|2|2|3|4|0| 0|3|2|3|2|2|1|0|1|0|
3.266    0|0|1|1|2|3|3|2|0|0| 1|2|1|4|3|1|0|1|0|0|
3.267    1|0|0|1|0|1|2|2|1|1| 1|2|2|2|1|2|2|0|0|0|
3.268    0|1|1|1|2|2|2|3|2|0| 1|2|1|2|2|2|2|1|0|0|
3.269    0|0|0|1|0|1|4|2|0|1| 1|1|2|3|1|1|0|0|1|1|
3.270    0|1|1|1|1|1|3|2|1|0| 1|1|3|2|2|1|1|1|0|0|
3.271    0|0|0|1|2|4|2|2|2|1| 1|1|2|1|1|0|1|1|0|0|
3.272    0|1|1|3|1|2|3|2|1|0| 1|1|2|3|2|1|3|1|0|1|
3.273    1|0|1|0|2|2|1|3|2|1| 0|3|2|5|2|1|0|0|1|0|
3.274    0|0|0|3|0|3|2|3|2|0| 1|1|2|3|3|2|1|0|0|0|
3.275    0|0|1|1|3|2|2|4|1|1| 0|2|2|2|1|1|2|1|0|0|
3.276    0|1|0|1|1|3|2|1|1|1| 1|2|2|1|2|1|2|1|0|0|
3.277    0|0|0|1|1|2|3|1|1|1| 0|1|3|3|2|2|3|0|1|0|
3.278    0|0|0|1|1|1|3|2|1|0| 0|2|2|2|2|1|1|2|0|0|
3.279    0|1|0|1|2|3|1|3|3|0| 1|2|2|2|4|2|1|1|1|0|
3.280    0|0|1|1|2|1|3|2|2|1| 0|1|3|4|3|2|2|1|0|0|
3.281    0|1|0|1|2|2|2|2|1|1| 1|3|1|1|3|2|1|1|0|0|
3.282    1|0|1|3|2|4|4|4|1|1| 0|1|4|2|3|0|2|2|1|1|
3.283    0|1|1|0|1|1|2|1|1|1| 1|2|3|3|1|2|0|1|0|0|
3.284    0|0|1|1|1|4|2|3|1|1| 1|2|1|2|3|2|2|0|0|1|
3.285    0|1|1|0|2|2|3|2|1|0| 0|0|2|2|1|1|1|2|0|1|
3.286    1|2|0|1|5|2|1|3|3|0| 1|1|2|2|2|1|1|1|0|0|
3.287    0|0|1|2|2|4|6|3|2|1| 1|3|2|2|1|2|0|1|0|0|
3.288    0|0|1|0|1|3|1|2|1|1| 0|1|2|2|2|2|1|2|1|0|
3.289    0|1|1|2|2|2|2|1|2|1| 2|1|3|2|3|1|1|1|0|0|
3.290    0|1|1|1|3|3|3|1|1|0| 1|1|1|4|3|1|1|1|1|0|
3.291    1|0|1|1|1|1|2|3|2|1| 0|2|3|1|2|0|2|1|0|0|
3.292    0|0|0|1|2|2|2|3|2|0| 1|2|1|3|3|1|1|0|0|1|
3.293    0|0|1|1|1|3|1|3|1|1| 0|1|3|2|2|2|0|2|1|0|
3.294    0|1|1|2|2|2|3|3|1|1| 0|2|4|2|2|2|2|0|0|1|
3.295    0|0|2|2|1|2|3|2|2|2| 1|2|2|2|2|2|1|1|1|0|
3.296    0|1|0|0|4|4|4|3|2|1| 0|1|2|3|1|1|2|0|1|0|
3.297    1|0|1|1|2|3|3|3|1|0| 0|1|2|3|3|1|0|1|1|0|
3.298    0|1|2|1|1|1|4|2|2|1| 1|3|2|4|2|1|2|1|0|0|
3.299    0|0|0|1|1|3|4|2|2|1| 1|2|2|2|3|4|1|0|0|0|
3.300    0|0|0|2|1|3|2|2|2|0| 2|1|4|3|2|2|2|1|1|0|
3.301    1|0|0|0|2|3|2|2|1|1| 0|1|2|4|2|1|1|0|0|0|
3.302    0|1|1|1|2|2|2|2|1|0| 1|2|1|3|3|2|1|0|0|0|
3.303    0|0|3|2|1|2|3|2|2|1| 1|2|3|2|2|2|1|1|1|1|
3.304    0|1|0|3|2|1|3|2|1|0| 0|1|1|3|3|2|1|0|1|0|
3.305    0|0|0|1|2|4|3|3|1|2| 0|3|3|2|2|1|1|1|1|1|
3.305    0|0|1|1|2|1|3|2|2|0| 2|1|3|3|3|3|1|0|0|0|
3.306    1|0|1|1|3|2|3|2|1|1| 1|2|3|2|3|2|1|1|0|1|
3.307    0|0|2|2|1|1|2|2|2|0| 0|1|4|1|3|2|1|2|1|0|
3.308    0|1|1|0|3|2|5|1|2|0| 1|1|2|1|2|3|1|0|1|0|
3.309    0|0|0|1|1|3|3|3|3|1| 0|3|4|2|2|2|1|1|0|0|
3.310    0|0|1|1|4|2|2|3|1|0| 0|1|2|2|2|1|1|1|1|0|
3.311    1|1|0|1|4|3|3|2|2|0| 1|2|2|2|1|1|1|1|1|0|
3.312    0|0|1|1|2|1|1|4|2|1| 0|1|2|1|2|1|0|0|0|0|
3.313    1|1|2|2|1|3|2|2|1|0| 1|2|2|3|3|1|1|0|0|0|
3.314    0|0|1|1|1|3|3|2|3|0| 1|1|3|3|3|1|3|1|0|1|
3.315    1|0|1|0|1|4|3|1|2|2| 0|2|3|3|2|1|1|1|1|0|
3.316    0|1|0|1|3|1|4|4|2|0| 1|1|2|3|3|2|1|1|0|0|
3.317    0|1|2|2|1|3|4|2|1|1| 1|2|3|3|2|2|2|0|1|0|
3.318    0|0|0|1|1|5|4|3|2|2| 0|1|2|5|1|2|1|2|0|0|
3.319    0|1|2|1|2|2|2|2|3|0| 1|2|3|2|2|2|0|2|1|1|
3.320    0|0|0|2|2|1|3|2|2|1| 0|2|2|2|2|2|1|0|1|0|
3.321    1|0|2|1|3|2|1|3|3|0| 2|0|2|3|1|1|1|1|1|0|
3.322    0|1|1|1|2|5|1|3|2|1| 0|2|3|4|3|1|1|1|1|1|
3.323    0|1|1|2|3|2|2|3|2|1| 1|2|2|3|1|1|1|1|1|0|
3.324    0|0|1|0|1|2|3|1|1|0| 0|1|2|2|3|3|0|0|1|1|
3.325    1|1|0|1|2|4|4|3|2|1| 1|1|3|3|2|2|1|2|0|1|
3.326    0|0|1|1|1|5|4|3|2|0| 1|2|1|2|3|1|2|0|0|1|
3.327    0|0|1|2|1|1|2|4|2|0| 0|2|2|2|4|3|0|1|1|0|
3.328    0|0|0|1|3|2|2|2|2|1| 0|1|3|4|1|3|2|1|1|0|
3.329    0|1|2|1|3|3|1|3|1|2| 1|1|1|1|3|4|3|1|1|1|
3.330    0|0|1|1|1|3|1|2|2|1| 1|2|2|2|2|3|1|0|0|0|
3.331    0|0|1|1|1|3|3|4|1|1| 0|1|3|2|1|2|1|0|1|0|
3.332    1|1|1|1|3|3|2|1|1|0| 2|3|4|3|2|1|1|1|0|0|
3.333    0|0|1|2|1|2|3|2|2|1| 0|1|2|2|2|2|1|1|1|1|
3.334    1|0|0|1|2|2|3|3|1|0| 0|1|3|3|2|3|1|1|0|0|
3.335    0|0|0|2|2|3|2|1|2|1| 1|2|2|4|3|3|1|1|1|0|
3.336    0|1|2|2|2|2|3|2|2|1| 0|2|1|1|4|3|1|2|0|0|
3.337    0|1|0|2|3|2|1|3|2|0| 1|2|3|4|4|2|2|1|0|1|
3.338    0|0|1|3|1|4|2|3|1|1| 1|1|2|3|1|3|1|1|1|0|
3.339    1|1|1|1|2|1|2|4|1|1| 1|2|3|2|3|3|1|0|1|0|
3.340    0|1|0|2|1|2|3|2|2|1| 0|2|3|3|2|1|1|1|0|0|
3.341    0|0|1|1|1|3|3|2|2|0| 1|2|3|3|4|2|1|2|0|0|
3.342    0|0|1|1|1|2|3|3|2|0| 0|1|1|4|1|2|1|0|1|0|
3.343    0|1|1|1|2|3|2|1|4|2| 0|2|4|3|3|1|1|1|0|1|
3.344    0|1|1|1|2|2|2|2|3|0| 1|1|4|1|3|2|3|1|0|0|
3.345    0|1|2|1|1|3|3|2|1|2| 0|2|1|3|1|2|2|1|0|0|
3.346    0|0|0|1|3|2|2|2|2|0| 1|2|3|3|2|1|2|1|1|0|
3.347    2|1|1|1|0|2|2|3|1|1| 1|2|2|1|2|3|2|1|0|0|
3.348    0|0|1|2|2|2|2|3|2|0| 0|2|2|4|2|1|1|1|0|1|
3.349    0|1|1|1|1|2|3|3|3|1| 1|2|3|1|4|1|1|1|1|0|
3.350    1|0|0|1|2|2|3|3|2|1| 1|1|4|2|2|2|1|1|1|1|
3.351    0|0|1|1|1|4|2|3|1|1| 0|2|3|3|2|2|1|1|0|0|
3.352    0|1|0|1|2|1|3|3|2|1| 0|1|2|3|2|2|1|1|0|1|
3.353    0|0|0|1|4|3|3|3|1|0| 1|2|3|3|4|3|2|1|0|1|
3.354    0|0|1|0|2|2|4|3|3|0| 0|4|5|2|3|1|4|2|1|0|
3.355    1|0|1|1|2|3|1|1|1|1| 1|3|3|3|1|1|1|0|0|0|
3.356    0|0|1|1|2|4|2|2|2|1| 2|4|3|3|1|3|1|1|2|2|
3.357    1|0|2|2|1|5|3|3|3|1| 0|2|2|2|2|3|2|2|0|0|
3.358    0|1|0|1|1|2|3|3|1|1| 2|2|5|4|2|2|3|0|0|0|
3.359    0|0|1|2|3|2|4|2|2|0| 1|2|2|3|3|4|1|1|1|0|
3.360    1|1|1|2|2|2|4|1|2|0| 1|0|2|4|3|2|2|0|1|1|
3.361    1|0|0|2|1|1|2|2|1|1| 0|1|2|2|2|2|1|1|0|0|
3.362    0|0|1|1|4|4|3|5|2|1| 1|2|3|3|4|1|3|1|1|0|
3.363    1|0|2|0|2|1|3|2|2|0| 1|2|2|3|3|1|0|0|0|1|
3.364    0|0|0|3|2|2|2|1|1|1| 0|1|3|2|2|2|2|1|1|0|
3.365    1|1|1|2|2|4|3|2|1|0| 0|2|2|3|2|1|2|1|0|0|
3.366    0|1|1|0|3|3|3|2|1|1| 1|4|2|2|4|2|2|0|2|0|
3.367    0|1|2|1|2|3|3|3|2|0| 1|1|1|2|1|1|1|0|0|0|
3.368    1|0|1|1|2|2|5|3|2|1| 1|1|2|3|3|2|1|1|1|1|
3.369    0|1|1|3|3|4|2|1|2|2| 0|3|3|4|5|2|1|1|0|0|
3.370    0|0|1|1|2|2|2|2|1|0| 1|1|2|3|3|3|2|2|1|0|
3.371    1|0|1|1|3|2|3|3|3|0| 0|1|2|4|2|2|2|1|0|1|
3.372    0|1|1|1|1|2|3|3|2|1| 0|2|3|5|2|2|2|0|1|0|
3.373    0|1|0|2|2|2|2|2|1|0| 1|3|2|3|3|1|1|1|0|0|
3.374    0|1|1|1|3|3|5|3|3|1| 1|2|3|4|2|3|2|0|1|1|
3.375    0|1|1|2|2|2|4|1|1|1| 1|2|3|2|2|1|1|1|0|0|
3.376    1|0|0|1|1|2|7|2|2|0| 0|2|3|3|3|2|2|1|0|0|
3.377    0|0|0|2|3|2|3|3|2|1| 1|2|1|2|4|1|1|1|1|1|
3.378    0|2|1|2|4|2|2|4|2|1| 1|2|4|3|2|3|2|1|1|0|
3.379    0|0|1|0|2|2|4|3|2|1| 1|1|2|3|1|2|0|0|1|0|
3.380    0|0|1|2|3|4|2|2|2|0| 0|3|3|3|4|2|2|1|1|1|
3.381    1|1|1|1|3|2|4|2|2|1| 0|3|3|3|2|2|1|1|1|0|
3.382    0|0|1|2|2|3|5|2|2|0| 1|3|3|3|4|2|2|1|1|0|
3.383    0|0|1|1|3|2|2|3|2|0| 0|1|2|3|2|2|2|0|0|0|
3.384    1|1|0|1|1|3|2|5|1|2| 2|2|3|3|4|1|2|1|0|0|
3.385    0|0|1|2|2|1|3|3|1|2| 0|3|3|2|3|1|4|0|1|1|
3.386    0|1|2|3|2|4|3|4|3|0| 2|2|2|4|3|2|3|1|0|0|
3.387    0|0|1|2|3|3|5|2|1|1| 0|2|1|2|2|3|1|1|1|0|
3.388    0|1|1|2|2|1|2|3|2|1| 1|2|2|4|4|2|3|0|0|0|
3.388    0|1|0|2|2|2|3|4|1|1| 1|2|3|3|2|3|1|1|0|0|
3.389    0|0|1|0|1|3|3|2|2|1| 2|2|3|4|3|2|1|1|0|0|
3.390    0|1|2|3|1|2|2|4|1|1| 0|0|2|2|2|2|2|1|1|1|
3.391    0|1|1|1|2|2|4|2|2|0| 0|2|2|3|2|2|0|1|0|0|
3.392    0|0|0|1|1|4|5|3|2|2| 2|3|3|3|2|2|1|0|1|1|
3.393    0|1|1|2|2|1|6|2|2|0| 0|5|3|4|5|2|1|1|1|0|
3.394    1|1|1|0|3|3|2|3|1|1| 0|2|4|3|1|2|1|0|1|0|
3.395    0|1|1|3|3|3|2|3|2|0| 1|2|3|3|5|1|1|1|0|0|
3.396    1|0|0|1|1|6|2|3|2|1| 1|3|4|2|2|2|2|0|0|0|
3.397    0|0|1|2|4|3|3|4|1|1| 1|1|1|2|2|2|1|1|0|0|
3.398    0|1|1|2|3|3|3|2|2|0| 0|1|3|2|4|2|2|1|1|0|
3.399    1|1|1|1|2|3|3|3|2|0| 0|3|2|4|4|4|1|1|0|1|
3.400    0|1|1|3|4|1|4|2|3|1| 1|3|3|2|3|2|2|1|0|0|
3.401    1|0|0|2|2|3|3|4|2|1| 1|1|2|5|3|4|1|1|1|0|
3.402    0|0|1|2|2|4|2|3|2|1| 0|2|3|3|2|2|1|0|0|1|
3.403    0|1|1|3|2|4|3|4|1|0| 1|3|2|3|3|2|2|1|1|0|
3.404    1|0|1|1|3|3|4|4|2|1| 1|2|5|3|3|3|2|1|1|0|
3.405    1|0|2|2|1|3|3|3|3|0| 0|2|2|4|3|3|1|0|0|0|
3.406    0|0|1|1|1|4|2|1|1|1| 1|1|3|3|2|2|3|1|0|1|
3.407    0|2|1|2|3|2|3|3|2|1| 0|4|1|4|3|3|3|1|1|0|
3.408    0|0|1|2|2|4|2|4|3|2| 0|3|2|3|5|2|1|1|0|1|
3.409    0|1|0|2|1|4|4|3|2|1| 1|1|4|4|3|3|1|1|0|0|
3.410    0|0|0|2|4|2|3|6|3|1| 1|2|3|4|1|3|2|1|0|0|
3.411    0|1|1|1|3|1|4|4|1|2| 0|3|3|3|4|2|1|1|1|0|
3.412    1|0|1|3|3|4|3|2|1|0| 1|2|2|3|2|1|1|1|1|0|
3.413    0|1|1|0|2|2|3|3|2|1| 0|2|2|2|3|4|1|0|0|1|
3.414    0|0|1|2|3|3|2|4|1|1| 1|2|3|2|2|1|1|0|0|0|
3.415    1|1|2|0|3|3|3|2|1|0| 1|1|3|3|3|2|1|1|1|1|
3.416    0|0|1|2|3|3|4|1|3|1| 1|2|3|2|2|2|3|1|0|0|
3.417    1|0|2|1|1|3|3|3|4|1| 1|3|3|3|2|2|0|1|1|0|
3.418    0|2|0|2|2|4|4|5|1|2| 1|2|2|2|2|2|2|1|1|1|
3.419    1|1|1|1|3|2|3|1|2|1| 1|2|3|2|4|3|2|0|1|0|
3.420    1|1|2|1|2|3|2|2|1|2| 0|3|3|3|2|2|1|1|1|1|
3.421    0|0|1|2|2|4|3|5|3|1| 1|1|3|2|5|1|1|1|0|0|
3.422    0|1|1|2|3|4|3|2|3|0| 2|2|2|4|2|3|2|0|0|0|
3.423    0|1|0|1|2|4|3|2|3|1| 0|3|3|5|4|2|2|0|0|0|
3.424    1|1|2|2|3|3|3|3|1|0| 1|3|2|5|2|2|3|1|1|0|
3.425    0|0|1|1|2|3|2|4|1|1| 1|2|3|2|3|2|2|1|1|0|
3.426    0|0|1|2|2|2|4|1|2|1| 0|1|3|5|4|3|1|1|1|1|
3.427    1|0|1|2|2|3|2|3|2|0| 2|4|4|2|2|4|0|1|1|0|
3.428    0|2|0|1|3|2|4|3|3|0| 0|1|4|3|3|3|2|1|0|1|
3.429    0|0|1|2|5|4|4|2|1|1| 1|2|2|2|1|2|3|1|1|0|
3.430    0|0|1|2|1|3|3|3|2|0| 2|1|2|3|4|2|2|1|0|1|
3.431    0|0|1|1|1|3|2|3|1|2| 1|3|3|3|3|3|2|1|1|0|
3.432    1|1|2|2|3|3|3|3|3|1| 0|2|3|4|3|1|3|1|1|0|
3.433    0|0|1|1|1|2|2|4|2|1| 2|1|4|3|2|2|2|1|0|1|
3.434    0|0|0|3|2|4|5|4|1|0| 2|2|3|2|1|2|1|0|1|0|
3.435    0|0|1|2|2|2|2|2|3|1| 1|4|3|3|2|2|2|2|0|1|
3.436    0|1|1|1|2|3|3|3|3|3| 1|4|4|4|4|3|2|0|2|0|
3.437    0|0|0|1|2|4|3|4|2|1| 1|1|4|2|2|2|2|1|0|0|
3.438    1|1|0|1|1|4|4|2|2|0| 0|4|3|3|2|2|1|1|1|0|
3.439    0|1|1|3|2|3|2|4|3|1| 1|2|3|3|4|1|1|2|1|1|
3.440    1|0|1|1|2|4|2|4|3|2| 1|4|2|5|3|3|2|2|1|0|
3.441    0|1|1|2|3|3|2|2|2|1| 0|2|4|3|6|2|1|0|0|1|
3.442    0|0|1|1|2|2|3|2|3|0| 0|3|5|4|3|3|1|1|0|0|
3.443    0|0|1|1|4|3|3|3|3|1| 1|2|3|2|4|3|2|1|1|0|
3.444    0|1|1|3|3|2|4|5|3|0| 0|1|5|2|4|2|2|2|1|0|
3.445    1|1|2|1|3|4|4|4|2|1| 2|2|2|5|4|3|2|0|1|0|
3.446    0|0|0|3|1|3|5|4|3|1| 0|2|3|3|2|3|4|3|1|1|
3.447    0|0|1|1|3|2|5|4|3|2| 1|1|3|3|4|4|1|1|0|0|
3.448    0|2|1|2|1|3|3|3|1|0| 1|1|3|3|3|2|1|1|1|1|
3.449    1|1|2|1|2|1|3|4|1|0| 0|3|6|2|3|2|1|0|1|0|
3.450    0|0|1|2|3|2|2|3|3|1| 1|1|3|4|3|2|1|1|0|0|
3.451    0|2|0|2|1|2|4|3|3|1| 1|1|3|4|1|4|2|2|1|1|
3.452    1|1|2|1|2|4|3|2|2|0| 2|3|3|3|4|3|1|1|1|0|
3.453    0|0|0|2|3|4|4|3|2|2| 1|3|3|4|3|2|3|0|1|0|
3.454    2|1|3|1|3|5|3|4|2|1| 0|1|2|5|2|2|2|1|1|1|
3.455    0|1|0|2|2|3|4|5|1|1| 0|2|5|3|5|3|1|2|1|0|
3.456    0|0|1|1|2|2|2|2|4|0| 2|2|2|4|2|3|2|1|0|1|
3.457    0|0|1|2|3|5|4|3|2|1| 1|3|4|4|3|3|3|1|1|0|
3.458    1|1|0|2|3|3|4|2|3|0| 1|4|3|4|3|3|1|2|1|0|
3.459    1|0|1|2|4|3|3|3|2|1| 0|3|2|3|3|2|3|2|1|0|
3.460    0|0|2|1|3|3|4|3|4|1| 1|2|5|5|2|2|2|1|1|1|
3.461    0|1|1|1|3|3|5|4|2|0| 0|2|5|5|5|1|2|1|0|0|
3.462    0|1|1|2|2|3|4|4|2|2| 1|3|4|3|3|2|2|1|0|0|
3.463    1|1|1|2|2|3|3|2|3|0| 0|3|4|4|3|3|1|2|1|1|
3.464    0|1|1|3|2|3|4|2|3|0| 1|2|5|3|3|3|3|2|0|0|
3.465    1|0|2|1|3|4|4|2|3|1| 0|3|3|3|4|2|1|1|0|0|
3.466    0|0|2|3|3|4|5|6|2|1| 1|4|5|3|3|2|1|0|1|1|
3.467    1|1|1|3|2|5|4|4|1|1| 0|3|5|4|2|2|1|1|0|1|
3.468    0|0|3|1|3|4|2|3|1|2| 1|3|4|4|2|4|2|0|0|0|
3.469    0|1|1|2|3|3|4|4|3|1| 1|2|3|3|3|4|2|2|1|0|
3.470    1|1|1|3|4|3|4|4|2|0| 1|4|4|5|2|3|1|1|1|1|
3.471    0|0|1|2|3|2|4|5|2|0| 0|4|2|4|4|3|3|1|0|0|
3.471    1|1|1|1|4|4|4|3|2|1| 2|3|3|5|3|2|2|0|1|1|
3.472    0|0|1|2|3|2|3|3|2|0| 1|3|3|1|5|3|2|1|0|0|
3.473    1|0|0|2|3|3|4|3|2|0| 1|2|4|3|4|2|2|1|0|0|
3.474    0|1|1|1|2|4|4|2|2|2| 1|3|3|4|2|2|1|2|1|1|
3.475    0|2|2|2|2|2|4|4|3|0| 1|3|4|2|2|2|2|1|1|0|
3.476    0|0|0|2|2|2|3|3|1|1| 1|3|4|3|5|3|2|1|0|0|
3.477    1|2|1|3|4|4|3|2|2|1| 0|3|2|3|2|2|0|1|1|1|
3.478    1|0|1|1|1|3|3|4|3|1| 2|1|2|4|4|3|3|1|1|1|
3.479    0|1|1|3|4|1|4|3|2|1| 1|2|4|3|2|2|1|2|0|1|
3.480    1|1|2|1|2|3|3|4|3|2| 1|2|3|5|3|2|3|2|0|0|
3.481    0|0|1|3|2|3|3|3|2|0| 0|2|5|5|3|3|2|1|1|0|
3.482    0|0|1|2|3|3|4|5|3|3| 1|5|3|4|5|1|1|1|0|1|
3.483    0|1|2|1|2|3|4|3|3|0| 1|2|6|3|6|4|2|1|1|0|
3.484    0|0|2|2|3|4|3|2|3|1| 0|3|2|2|5|4|2|2|1|1|
3.485    1|2|1|1|2|6|3|4|3|1| 1|1|3|3|3|2|1|2|0|0|
3.486    0|0|0|3|3|4|3|3|2|1| 1|5|4|4|2|3|2|2|2|1|
3.487    0|0|2|1|3|3|5|3|2|0| 1|3|4|5|2|4|4|1|2|0|
3.488    1|0|1|1|2|3|2|1|2|1| 1|3|4|3|2|2|1|2|1|0|
3.489    0|1|1|1|4|3|4|3|1|1| 1|2|2|4|3|3|2|1|0|0|
3.490    0|1|1|2|3|3|5|5|1|1| 2|2|2|5|5|2|1|0|1|0|
3.491    0|0|1|3|2|4|4|3|4|0| 0|2|3|3|2|2|2|3|0|1|
3.492    1|1|0|2|2|3|4|3|5|1| 2|2|4|4|3|3|2|0|1|0|
3.493    0|0|2|3|3|2|4|6|2|2| 0|3|4|3|2|5|3|2|0|0|
3.494    1|1|1|0|4|4|4|3|2|1| 1|3|4|4|3|3|2|1|1|0|
3.495    0|1|1|2|2|3|2|4|3|0| 2|5|3|5|3|2|1|1|0|1|
3.496    0|1|0|3|2|5|4|4|3|2| 0|3|4|4|4|2|3|2|1|1|
3.497    0|1|2|0|3|4|2|5|1|1| 1|1|2|3|4|2|2|1|3|1|
3.498    1|1|0|3|2|2|4|5|1|1| 1|2|4|3|2|2|4|1|0|0|
3.499    0|0|0|2|3|4|4|3|2|0| 1|1|4|4|4|2|2|1|1|0|
3.500    1|1|1|2|3|3|4|3|1|1| 1|3|4|6|4|3|3|2|0|1|
3.501    0|0|1|4|3|4|3|3|2|2| 1|2|2|3|5|3|2|1|0|0|
3.502    1|2|1|1|2|5|3|4|2|0| 1|3|3|3|2|2|1|2|1|1|
3.503    0|0|1|3|2|4|5|3|2|1| 1|3|2|3|4|4|2|1|0|0|
3.504    1|2|3|2|3|5|3|4|3|1| 0|3|4|3|3|3|2|2|1|0|
3.505    0|1|0|3|2|3|3|5|2|1| 1|2|3|4|6|2|1|1|1|0|
3.506    0|1|1|2|3|3|4|5|4|1| 1|3|5|3|2|3|2|1|1|0|
3.507    1|1|1|1|2|4|4|2|2|0| 0|2|2|4|3|2|1|1|0|1|
3.508    0|1|2|3|1|4|3|6|3|2| 1|4|5|6|4|2|2|1|1|0|
3.509    0|0|1|2|2|3|5|3|4|0| 1|2|3|2|2|3|2|0|0|0|
3.510    0|2|2|1|3|6|4|3|3|2| 0|2|2|5|3|2|2|1|2|1|
3.511    0|1|2|2|2|2|7|4|1|0| 2|3|4|4|4|4|1|0|1|0|
3.512    0|1|1|1|2|3|3|4|4|1| 1|1|3|5|5|2|4|1|1|1|
3.513    1|0|1|3|2|2|3|4|3|2| 2|4|3|4|3|6|2|1|1|0|
3.514    0|1|1|2|3|4|3|5|1|1| 0|3|6|4|4|3|3|1|1|1|
3.515    0|1|2|1|2|4|4|2|2|0| 1|4|2|5|4|2|2|2|0|1|
3.516    1|1|1|2|2|5|3|5|4|1| 1|2|2|4|3|3|2|1|1|0|
3.517    0|0|1|2|3|4|2|4|3|2| 2|2|4|4|3|2|2|1|0|1|
3.518    0|0|2|2|4|1|3|3|2|0| 1|2|2|5|3|3|2|1|0|1|
3.519    0|2|2|4|3|6|4|4|3|1| 1|3|5|5|4|3|2|1|2|0|
3.520    1|1|2|2|2|5|6|4|2|2| 1|1|5|2|4|2|1|1|1|0|
3.521    0|1|1|1|3|4|4|3|2|1| 2|3|3|4|4|2|1|1|0|0|
3.522    0|1|1|2|3|2|4|4|4|1| 2|2|5|4|3|3|2|0|0|0|
3.523    1|0|1|1|4|3|3|4|2|1| 1|3|5|5|2|3|2|2|2|1|
3.524    1|0|2|2|3|2|4|2|4|1| 1|4|3|2|3|3|2|2|1|0|
3.525    0|1|1|2|2|7|6|3|4|1| 1|3|5|5|4|2|3|1|1|0|
3.526    0|0|1|3|2|3|3|3|2|0| 1|5|2|2|4|3|3|2|0|0|
3.527    1|1|2|2|3|4|4|4|1|2| 1|3|3|4|3|2|2|2|0|0|
3.528    1|0|2|2|3|2|3|4|2|1| 1|2|4|3|3|5|1|1|1|0|
3.529    0|0|0|2|3|3|4|5|3|1| 1|3|3|5|4|2|1|0|0|1|
3.530    0|2|1|2|2|5|6|4|3|0| 0|2|2|4|4|3|2|1|1|0|
3.531    0|1|1|3|4|6|4|3|4|2| 1|2|3|3|3|2|2|2|1|1|
3.532    1|1|1|2|2|3|3|4|4|0| 2|3|5|5|2|4|2|1|0|0|
3.533    0|1|2|2|1|5|3|4|2|1| 1|3|5|3|2|2|1|1|1|0|
3.534    1|2|0|1|3|2|4|2|3|1| 1|2|3|2|5|4|2|1|3|0|
3.535    1|1|2|1|2|4|3|3|3|1| 0|3|4|3|4|2|1|1|1|1|
3.536    1|1|1|2|1|3|5|5|3|1| 1|4|2|4|5|2|2|1|1|0|
3.537    0|1|2|3|2|5|3|4|1|1| 1|2|5|4|3|3|2|2|1|0|
3.538    0|0|1|4|2|4|5|3|2|0| 1|2|6|2|5|4|2|1|0|2|
3.539    1|0|2|2|3|5|3|6|2|3| 1|3|2|5|4|2|5|2|1|0|
3.540    0|1|1|1|3|4|4|4|3|3| 2|3|4|5|4|4|2|1|1|0|
3.541    0|1|2|3|3|5|4|5|4|1| 1|2|3|5|3|6|3|1|1|1|
3.542    0|1|1|2|3|3|6|4|1|0| 1|2|4|4|3|4|3|1|1|0|
3.543    0|1|0|3|2|4|5|3|2|1| 1|1|4|3|2|3|3|1|0|0|
3.544    1|1|2|2|3|4|5|5|4|1| 2|3|4|5|4|2|2|1|1|0|
3.545    0|1|0|2|3|4|4|4|2|1| 1|2|4|4|5|4|1|2|0|0|
3.546    1|2|1|2|2|4|3|3|3|2| 0|3|5|4|4|4|2|1|1|0|
3.547    1|0|1|1|2|4|5|4|3|0| 1|4|3|4|3|3|2|2|2|1|
3.548    0|1|2|1|3|4|5|6|2|1| 1|4|5|3|4|3|3|1|1|0|
3.549    1|0|3|3|1|2|3|5|2|1| 2|5|3|3|5|5|1|1|0|0|
3.550    1|1|1|1|2|6|8|4|2|1| 0|2|3|3|3|4|2|1|1|1|
3.551    1|1|1|2|4|3|4|5|2|0| 2|2|3|6|3|3|1|1|1|0|
3.552    0|1|3|1|1|3|4|4|4|1| 1|3|6|4|3|3|1|1|0|1|
3.553    1|0|1|2|3|2|4|3|4|0| 1|1|5|6|3|2|2|1|1|0|
3.553    0|1|2|2|3|3|6|3|3|2| 1|3|3|5|2|4|1|1|0|0|
3.554    0|2|2|2|3|3|5|3|2|1| 1|2|4|4|4|3|2|2|1|1|
3.555    1|1|1|3|3|5|3|5|3|1| 1|2|2|4|3|4|2|2|1|1|
3.556    1|0|1|1|3|3|3|2|2|2| 2|2|4|3|3|3|3|1|0|0|
3.557    0|1|2|1|2|4|7|4|4|3| 0|2|6|4|4|2|1|1|0|0|
3.558    0|0|1|1|5|6|6|5|4|0| 1|3|3|5|5|5|3|2|1|0|
3.559    0|1|1|2|2|3|4|3|2|1| 1|4|5|4|2|3|2|2|1|1|
3.560    0|0|2|1|1|5|4|5|2|1| 2|4|6|5|4|3|3|2|0|0|
3.561    0|0|1|1|6|3|4|5|3|1| 1|2|3|4|3|2|2|1|1|1|
3.562    1|2|2|3|2|5|5|4|4|1| 1|2|6|5|5|2|2|1|0|0|
3.563    0|1|2|1|4|2|4|6|2|0| 1|3|3|3|4|3|1|2|1|1|
3.564    0|0|1|1|3|3|6|3|3|2| 1|4|4|3|3|5|3|1|2|0|
3.565    1|2|2|3|2|3|3|2|3|1| 1|2|4|3|5|1|2|0|0|0|
3.566    1|0|3|2|4|3|5|4|2|1| 1|3|5|5|5|4|3|2|0|1|
3.567    0|1|1|1|3|4|5|2|1|0| 3|1|5|5|4|3|3|1|0|0|
3.568    1|0|2|4|3|5|4|5|2|0| 2|4|4|3|3|4|2|1|1|0|
3.569    0|0|1|1|4|4|5|4|3|1| 1|3|8|3|3|3|3|2|1|0|
3.570    0|1|1|4|1|2|6|4|3|2| 1|3|3|6|4|3|3|1|1|1|
3.571    0|1|1|2|5|6|6|3|3|0| 1|1|3|3|4|3|4|1|0|0|
3.572    1|1|1|3|2|3|2|6|2|3| 0|2|4|3|3|3|1|2|1|0|
3.573    0|1|1|3|3|3|4|4|3|1| 2|3|2|3|4|4|3|1|0|1|
3.574    0|0|2|3|3|6|4|3|1|0| 0|4|4|5|5|3|3|1|1|0|
3.575    1|1|2|3|5|3|7|5|3|1| 1|3|2|2|8|3|2|2|0|1|
3.576    0|1|1|4|3|3|6|2|2|2| 1|2|5|7|2|2|3|0|1|1|
3.577    1|1|1|2|3|4|5|5|1|1| 0|5|3|5|6|6|3|0|1|1|
3.578    0|1|1|2|3|4|3|4|5|2| 1|2|4|4|5|2|2|2|0|0|
3.579    1|2|2|3|2|8|5|3|4|0| 1|2|5|3|5|3|2|1|1|0|
3.580    0|2|2|1|1|5|7|6|3|1| 0|2|3|3|4|2|2|2|2|1|
3.581    1|2|1|2|3|3|3|3|2|3| 2|4|6|5|2|3|3|1|0|1|
3.582    0|0|1|2|4|4|4|4|3|1| 1|4|5|6|6|2|1|1|1|0|
3.583    0|1|1|3|2|5|4|3|6|0| 0|1|3|3|5|5|1|1|1|0|
3.584    0|0|2|1|2|5|4|3|1|2| 1|3|6|5|6|3|2|2|0|1|
3.585    0|3|3|2|4|3|5|6|2|0| 2|5|5|2|4|3|2|1|1|0|
3.586    0|0|2|2|2|4|4|4|3|1| 0|2|3|3|4|4|4|2|0|1|
3.587    1|1|1|4|4|3|4|4|4|1| 2|3|4|4|4|4|2|2|1|0|
3.588    0|2|1|2|4|5|5|5|1|1| 2|3|6|5|5|3|3|1|1|0|
3.589    1|0|1|3|3|4|4|2|3|1| 1|3|5|4|5|4|2|2|0|1|
3.590    0|1|1|2|2|5|4|2|3|1| 1|3|4|5|5|4|3|2|1|1|
3.591    0|1|2|2|5|5|3|4|3|1| 1|4|5|5|4|3|4|1|1|0|
3.592    1|0|1|4|4|4|3|4|5|1| 1|3|4|7|5|4|1|3|0|0|
3.593    0|0|1|4|5|6|5|5|4|2| 1|2|5|4|5|4|2|1|0|0|
3.594    0|1|1|1|3|4|5|5|3|1| 2|4|5|5|5|3|2|2|1|0|
3.595    1|1|3|2|4|4|5|2|4|1| 0|1|5|3|4|3|4|1|0|0|
3.596    1|1|2|2|5|3|4|7|3|2| 2|2|3|6|4|3|2|2|1|1|
3.597    0|0|1|1|2|6|5|3|3|1| 1|3|5|2|4|4|2|2|0|1|
3.598    1|1|1|2|6|4|5|4|4|0| 1|3|6|3|5|4|3|1|1|0|
3.599    0|1|3|3|2|5|3|7|1|1| 2|4|7|6|4|4|2|2|1|0|
3.600    0|1|0|2|3|3|2|4|6|1| 1|2|4|3|5|5|2|1|2|0|
3.601    0|1|1|2|4|3|4|5|4|1| 1|3|5|7|5|4|3|1|0|1|
3.602    1|1|1|3|4|3|4|5|3|1| 2|2|3|3|4|5|2|2|1|0|
3.603    0|0|1|2|3|4|6|4|2|0| 1|3|4|4|5|3|2|1|0|0|
3.604    1|1|2|3|3|4|4|4|2|2| 1|2|4|5|6|4|2|1|1|0|
3.605    1|2|2|2|3|5|5|4|4|1| 2|3|5|5|4|4|2|2|1|1|
3.606    1|1|2|2|4|4|4|3|5|0| 2|3|4|6|2|4|5|3|1|0|
3.607    1|0|2|3|4|2|4|4|3|2| 0|4|4|5|5|4|2|0|1|0|
3.608    0|1|2|2|3|5|5|3|4|1| 2|2|5|4|5|4|2|2|0|0|
3.609    1|1|1|2|3|3|6|5|2|2| 2|4|6|6|6|4|2|3|1|1|
3.610    1|1|1|2|2|4|5|4|3|1| 0|3|6|3|2|2|3|2|1|0|
3.611    0|1|1|3|1|4|4|4|3|1| 2|3|5|6|3|5|2|0|1|1|
3.612    0|1|3|0|3|4|5|5|4|1| 1|4|4|2|4|3|2|2|1|1|
3.613    0|1|2|2|5|4|6|4|1|3| 2|4|5|7|5|3|3|2|0|0|
3.614    1|1|1|4|3|5|4|4|2|2| 1|3|3|4|5|5|4|3|1|0|
3.615    0|1|1|3|3|4|5|4|2|1| 1|2|4|4|5|2|3|2|0|0|
3.616    1|0|0|1|4|3|5|6|3|1| 2|2|5|6|3|4|2|1|1|0|
3.617    0|1|3|1|5|4|5|4|3|1| 0|3|4|3|4|3|3|1|2|1|
3.618    0|0|1|2|4|4|3|5|4|0| 1|3|7|4|3|5|1|2|1|1|
3.619    1|1|1|2|4|4|4|6|4|2| 1|3|3|4|2|2|3|1|0|0|
3.620    0|0|2|4|3|5|4|4|3|2| 1|3|6|7|7|3|2|2|1|0|
3.621    0|1|1|2|3|3|5|3|4|2| 2|4|4|5|3|2|1|2|1|1|
3.622    0|1|1|4|4|4|4|4|2|1| 3|3|4|5|5|3|3|2|0|1|
3.623    1|0|1|2|2|7|4|4|4|0| 0|3|5|6|4|3|1|3|1|0|
3.624    0|1|2|3|4|5|3|4|2|1| 2|3|3|6|5|4|1|1|1|0|
3.625    0|0|1|3|4|4|4|5|2|1| 1|2|5|4|3|3|2|1|1|1|
3.626    1|1|3|3|6|3|4|6|3|1| 2|2|5|7|5|5|2|2|0|0|
3.627    0|1|1|2|3|5|4|5|5|1| 0|4|5|5|3|4|3|2|0|2|
3.628    1|1|2|2|2|5|6|4|2|1| 1|2|7|3|5|4|1|0|1|0|
3.629    0|1|0|3|3|4|5|5|4|1| 0|3|2|3|4|3|3|2|0|1|
3.630    0|0|2|3|3|5|4|6|5|0| 1|2|6|4|4|2|2|2|2|0|
3.631    1|1|3|3|4|3|5|4|4|2| 1|4|6|7|5|4|4|2|1|1|
3.632    1|0|1|2|2|4|5|3|5|1| 1|4|7|6|5|3|2|2|0|2|
3.633    1|1|1|3|4|6|6|4|3|0| 2|3|3|6|6|3|3|2|1|1|
3.634    0|2|5|2|3|5|7|4|4|1| 1|4|6|4|6|3|2|2|0|1|
3.635    1|1|2|2|6|5|6|7|4|1| 1|2|5|7|3|3|4|3|1|1|
3.636    1|0|1|4|2|3|6|6|4|0| 2|4|4|4|4|3|2|1|1|0|
3.636    1|1|1|3|3|4|4|3|6|1| 0|3|5|4|6|1|5|2|0|0|
3.637    1|1|2|4|4|5|4|4|4|0| 1|3|5|5|7|2|2|2|1|0|
3.638    0|1|1|1|4|6|6|4|4|3| 1|2|7|6|3|6|3|1|0|1|
3.639    1|1|1|4|4|3|4|3|4|1| 2|2|4|5|5|3|2|2|1|1|
3.640    0|0|3|3|3|4|4|4|5|3| 1|3|5|5|4|3|2|1|1|0|
3.641    0|1|1|3|4|5|6|5|2|2| 1|5|5|6|6|4|2|1|0|0|
3.642    0|1|2|2|3|2|5|4|3|2| 1|2|5|5|4|3|2|1|1|0|
3.643    1|1|1|4|3|6|5|4|3|2| 2|3|6|3|3|3|2|1|1|0|
3.644    0|1|1|3|3|4|6|5|3|0| 1|3|4|6|5|3|4|1|1|2|
3.645    0|0|1|0|3|3|7|7|4|1| 1|2|4|5|4|3|1|1|1|0|
3.646    0|1|0|2|2|4|4|4|5|1| 1|3|5|4|4|3|2|1|0|0|
3.647    1|1|1|2|4|8|5|7|4|2| 2|3|5|5|5|3|3|2|1|1|
3.648    1|1|1|2|3|4|7|3|4|2| 1|4|5|4|4|4|2|1|2|0|
3.649    1|0|1|4|5|5|4|6|5|1| 1|3|6|6|4|6|2|2|1|1|
3.650    0|1|3|2|3|4|3|4|2|2| 1|3|5|4|7|4|3|1|1|0|
3.651    1|1|3|1|3|6|6|5|4|0| 1|5|5|5|3|3|3|2|1|0|
3.652    0|1|2|2|5|7|6|5|3|1| 2|4|4|5|5|4|4|2|0|0|
3.653    0|1|1|3|5|4|4|4|3|1| 0|5|3|4|4|4|1|1|1|1|
3.654    0|0|1|4|3|4|6|4|4|1| 3|4|7|7|3|3|2|0|1|0|
3.655    1|2|1|2|6|4|6|6|4|2| 0|4|6|8|6|6|4|2|1|1|
3.656    0|2|2|2|4|7|4|3|3|1| 1|3|4|5|3|3|2|1|2|0|
3.657    1|0|1|3|4|5|7|7|4|1| 2|5|4|4|3|4|2|2|0|0|
3.658    1|1|2|4|5|7|6|8|4|1| 1|2|5|4|3|7|2|2|1|1|
3.659    0|1|2|1|6|5|5|4|2|1| 2|5|3|5|5|3|1|1|1|1|
3.660    1|1|1|2|5|5|6|4|4|1| 1|3|5|7|6|4|2|2|0|0|
3.661    0|1|4|5|4|7|3|7|3|1| 2|6|5|5|4|2|5|2|2|1|
3.662    1|2|2|2|3|5|4|6|3|1| 1|1|5|5|5|5|2|1|1|1|
3.663    0|1|1|3|5|5|3|7|2|2| 2|4|2|6|4|3|3|1|0|0|
3.664    1|0|1|2|4|4|4|5|4|1| 1|3|5|5|4|4|2|1|1|1|
3.665    1|1|2|1|3|4|5|5|4|1| 1|3|4|4|5|4|2|2|0|0|
3.666    0|1|2|2|5|7|8|2|3|2| 1|3|5|6|5|3|2|2|1|0|
3.667    1|1|2|3|4|4|4|5|4|1| 1|7|5|5|4|4|5|2|1|1|
3.668    0|0|1|1|1|6|4|4|4|3| 2|3|6|3|5|6|2|0|1|0|
3.669    1|1|1|3|2|6|5|6|2|0| 1|3|5|4|5|3|5|2|1|1|
3.670    0|2|3|4|3|4|6|6|4|2| 1|3|5|8|6|5|1|1|2|0|
3.671    0|0|1|2|4|4|6|4|3|1| 2|3|4|5|4|2|2|3|1|0|
3.672    0|1|2|3|5|7|4|4|4|1| 1|2|5|7|2|3|2|2|1|0|
3.673    1|1|3|3|3|3|3|6|4|2| 2|3|3|8|7|5|2|2|0|1|
3.674    0|0|3|4|3|4|5|4|3|2| 1|4|5|8|4|2|2|1|1|0|
3.675    1|1|1|2|4|6|4|5|4|2| 1|4|4|4|3|3|5|2|0|0|
3.676    1|1|4|2|5|3|7|5|6|2| 2|6|3|6|3|5|3|2|2|1|
3.677    0|1|1|2|2|5|4|7|5|3| 1|4|4|7|5|4|3|2|1|0|
3.678    0|0|3|3|4|3|7|5|4|1| 1|5|4|6|8|5|4|2|1|1|
3.679    1|1|3|2|5|6|4|6|5|1| 1|3|5|5|5|2|3|2|0|0|
3.680    1|2|1|4|5|6|7|5|4|1| 1|3|5|5|4|3|2|2|1|0|
3.681    1|2|2|2|3|5|3|7|3|1| 0|3|5|4|4|5|4|1|1|1|
3.682    0|1|2|3|5|7|7|4|5|1| 2|4|5|5|6|6|3|2|2|0|
3.683    0|0|3|2|4|5|6|6|3|1| 0|4|4|7|4|4|4|2|1|1|
3.684    1|2|1|2|4|4|6|5|4|1| 2|6|5|6|4|4|4|1|1|0|
3.685    0|2|2|3|3|6|5|7|4|1| 2|4|5|5|4|5|2|1|1|1|
3.686    1|0|3|3|3|5|6|7|2|0| 1|5|5|5|6|3|3|1|2|0|
3.687    1|1|3|3|4|4|6|5|4|1| 1|3|8|4|6|4|5|1|0|0|
3.688    1|1|1|4|4|3|4|6|3|1| 1|5|3|7|2|5|4|2|2|0|
3.689    0|0|2|2|3|3|8|4|4|1| 1|5|2|6|7|3|3|2|0|0|
3.690    1|1|2|4|4|4|6|4|2|2| 2|3|5|7|5|3|3|2|1|2|
3.691    0|1|3|2|3|5|4|4|3|2| 0|2|8|4|6|3|2|2|1|0|
3.692    0|0|2|3|4|6|5|4|3|1| 1|3|5|3|6|4|5|3|0|0|
3.693    1|2|2|3|4|6|5|6|5|1| 1|5|5|7|5|6|3|2|1|1|
3.694    0|1|1|3|4|3|6|3|3|3| 1|5|8|7|4|4|4|1|2|0|
3.695    1|2|2|3|5|6|4|4|3|2| 1|4|5|6|5|2|2|1|1|1|
3.696    0|1|2|3|3|7|8|4|4|2| 1|3|6|5|6|4|2|3|2|0|
3.697    0|1|1|3|3|4|6|3|2|1| 2|3|4|7|4|1|4|3|0|1|
3.698    1|1|3|5|4|6|6|5|3|1| 1|3|5|6|3|4|4|1|1|0|
3.699    1|2|1|2|5|4|5|7|4|2| 1|2|5|6|4|6|3|2|1|1|
3.700    0|0|2|2|4|5|6|5|3|1| 1|3|5|8|7|3|3|1|1|1|
3.701    0|1|2|2|5|5|5|4|5|3| 1|5|4|8|6|4|1|2|1|1|
3.702    0|2|1|3|4|4|6|6|2|0| 2|4|4|6|5|4|5|2|1|0|
3.703    1|1|2|6|4|4|6|5|4|2| 1|3|4|5|4|2|1|2|1|1|
3.704    0|1|2|2|5|5|7|8|4|0| 1|4|4|6|4|3|4|2|2|1|
3.705    1|3|3|3|6|6|6|5|6|1| 1|4|6|9|5|5|3|1|1|0|
3.706    1|1|1|4|4|7|8|6|4|0| 1|3|6|3|4|3|4|1|1|1|
3.707    1|1|1|5|5|6|6|4|6|2| 2|4|6|5|4|4|2|2|2|0|
3.708    0|2|2|4|3|5|8|5|2|3| 1|4|3|4|4|4|6|1|0|1|
3.709    0|1|1|3|6|4|7|4|4|2| 1|3|7|5|6|3|4|2|1|1|
3.710    1|2|2|4|4|4|6|5|2|1| 1|3|4|8|4|4|3|2|1|0|
3.711    0|1|2|4|4|7|5|7|4|1| 2|3|5|5|7|4|3|3|0|1|
3.712    1|2|1|3|4|6|4|7|4|1| 2|3|5|6|5|3|1|3|1|0|
3.713    1|1|1|4|3|3|9|5|5|0| 2|5|7|6|4|4|4|2|1|1|
3.714    0|0|2|3|3|5|5|4|4|3| 2|5|4|7|5|3|6|4|1|1|
3.715    1|1|2|5|5|5|6|5|5|3| 2|6|8|5|3|3|3|3|2|1|
3.716    1|1|3|3|5|5|6|8|7|2| 1|5|5|8|5|6|3|1|1|1|
3.717    0|1|1|4|3|4|8|5|5|1| 1|4|5|7|6|4|3|3|2|0|
3.718    0|0|2|4|3|5|5|5|5|2| 1|4|7|6|4|4|3|2|0|1|
3.718    0|1|3|3|3|5|4|5|4|0| 3|3|4|5|3|3|2|1|1|0|
3.719    1|1|1|3|6|5|7|7|4|2| 1|3|6|8|6|4|4|1|2|1|
3.720    0|1|1|1|1|5|7|4|4|1| 1|3|4|6|6|4|3|2|1|0|
3.721    1|2|3|4|5|6|4|5|7|1| 1|3|6|5|6|3|3|1|2|0|
3.722    1|0|2|3|5|6|5|6|3|2| 1|6|4|8|8|3|4|3|1|1|
3.723    1|2|1|2|4|6|6|5|2|2| 2|4|5|6|4|4|3|1|1|1|
3.724    0|1|2|2|3|4|6|5|5|1| 2|5|4|6|4|4|3|2|1|0|
3.725    1|1|2|4|4|4|6|2|4|1| 0|4|7|6|6|7|1|2|2|1|
3.726    1|0|2|2|3|7|5|5|4|1| 2|2|7|6|6|4|4|1|1|1|
3.727    0|1|3|3|5|6|9|7|4|1| 1|4|7|8|5|5|2|1|2|1|
3.728    0|0|3|4|6|7|5|3|3|1| 2|4|7|6|4|5|2|2|1|0|
3.729    1|1|1|4|5|5|4|7|4|1| 0|3|6|5|5|3|2|3|1|1|
3.730    1|2|2|4|5|5|6|7|3|1| 1|3|7|5|5|4|2|3|1|0|
3.731    0|2|2|2|4|4|5|6|6|2| 1|4|5|7|4|3|3|1|2|0|
3.732    2|1|2|2|4|4|7|6|6|3| 2|3|5|5|5|6|2|3|2|1|
3.733    0|0|2|4|4|5|7|6|3|0| 1|5|7|9|6|4|6|1|1|1|
3.734    1|1|2|2|4|8|5|5|4|2| 3|3|4|4|6|7|1|2|1|0|
3.735    0|1|1|5|4|6|9|6|4|1| 2|3|6|7|4|3|3|2|1|1|
3.736    1|1|3|1|4|5|7|5|3|2| 0|4|8|7|4|6|3|2|2|0|
3.737    0|0|3|2|6|7|7|6|3|0| 1|5|7|7|5|7|3|2|0|1|
3.738    0|1|4|4|5|4|4|6|5|2| 3|4|6|6|6|3|4|1|2|0|
3.739    1|1|1|2|3|6|5|5|5|1| 1|2|7|6|9|5|2|3|1|0|
3.740    0|1|3|3|7|3|9|4|4|1| 1|4|5|8|5|3|5|2|1|1|
3.741    1|1|1|4|6|7|7|6|3|1| 2|5|4|6|5|4|3|2|1|0|
3.742    1|1|3|4|6|6|6|5|6|2| 1|5|7|5|3|6|2|2|1|1|
3.743    0|1|2|3|4|5|6|4|3|2| 1|3|8|8|7|6|4|2|1|0|
3.744    1|1|1|6|4|5|9|7|1|2| 1|4|6|10|6|4|2|2|2|0|
3.745    0|0|3|2|5|7|5|6|3|1| 3|3|11|7|6|5|3|2|1|1|
3.746    1|1|0|3|5|8|6|5|6|2| 0|3|5|6|5|4|4|3|2|0|
3.747    1|0|3|2|2|7|7|5|3|1| 1|3|5|7|5|6|1|3|1|1|
3.748    0|2|0|2|4|5|7|6|3|1| 1|4|5|7|4|6|5|2|2|0|
3.749    1|2|1|3|5|5|9|6|5|2| 1|4|4|7|5|5|4|2|0|0|
3.750    1|1|2|4|4|5|5|9|3|1| 1|6|7|5|6|6|2|2|1|1|
3.751    1|1|1|3|3|6|6|9|5|2| 3|7|5|4|4|5|3|1|1|1|
3.752    1|2|2|2|5|4|5|6|2|1| 1|3|7|6|6|3|1|3|1|0|
3.753    0|3|2|4|4|4|6|4|4|3| 2|3|6|9|4|4|2|1|1|0|
3.754    3|1|1|3|4|5|7|6|4|1| 2|5|5|6|7|3|3|2|2|0|
3.755    0|1|2|3|3|10|6|5|5|2| 1|2|5|7|6|4|3|2|1|1|
3.756    1|2|1|4|5|7|7|6|4|1| 1|4|6|4|4|6|5|4|1|0|
3.757    0|1|2|4|5|8|6|6|5|2| 1|4|6|9|8|4|3|1|2|1|
3.758    0|1|2|5|4|6|7|5|3|2| 2|6|7|7|5|6|3|2|1|0|
3.759    1|1|2|2|4|4|6|3|4|2| 1|4|7|10|6|4|2|1|1|0|
3.760    0|0|1|2|4|6|7|7|4|2| 2|4|6|4|7|3|5|5|0|1|
3.761    1|1|4|5|5|10|7|4|3|2| 2|7|7|6|4|5|2|2|2|0|
3.762    0|2|1|4|4|5|7|6|4|1| 1|3|8|8|6|6|4|1|0|1|
3.763    1|1|4|5|5|6|8|5|4|1| 1|5|7|7|6|5|4|4|2|0|
3.764    0|1|2|4|5|10|3|5|5|2| 2|4|4|7|4|6|4|2|1|1|
3.765    1|1|2|4|5|7|8|6|6|2| 1|5|5|8|5|4|3|1|2|1|
3.766    1|0|3|4|4|7|5|8|3|2| 1|3|5|9|3|4|3|2|2|0|
3.767    1|2|1|5|6|5|8|5|7|2| 2|3|7|9|4|6|4|1|1|2|
3.768    0|2|2|4|4|5|8|9|4|1| 2|3|6|6|6|6|2|3|1|0|
3.769    1|1|2|2|7|4|9|6|4|2| 2|6|6|7|6|5|3|3|1|1|
3.770    0|2|2|3|5|6|7|6|4|2| 2|5|5|7|6|4|3|3|0|0|
3.771    0|1|1|4|6|6|7|8|5|2| 1|3|6|6|8|6|3|2|2|0|
3.772    1|0|3|4|5|6|7|5|3|1| 3|4|5|8|5|4|3|4|0|1|
3.773    1|1|3|2|5|5|6|7|4|2| 2|3|6|8|5|4|6|3|2|1|
3.774    0|1|3|3|7|6|5|8|3|3| 1|4|4|5|5|5|4|2|1|0|
3.775    2|1|2|5|5|4|7|6|6|2| 2|4|5|5|5|6|4|2|1|2|
3.776    0|2|2|3|5|6|7|5|4|1| 3|4|6|8|8|5|2|2|2|0|
3.777    2|1|4|2|4|4|5|6|5|3| 1|5|7|9|9|3|5|3|1|1|
3.778    0|1|0|5|5|6|6|8|4|2| 2|4|7|9|7|5|4|2|1|0|
3.779    2|1|2|3|5|7|7|8|4|0| 0|4|6|7|6|5|3|2|1|1|
3.780    0|2|1|4|5|7|5|8|6|2| 2|5|5|6|6|6|4|1|3|1|
3.781    0|0|3|4|5|7|7|5|4|2| 3|6|7|6|5|5|3|3|1|2|
3.782    1|2|3|3|4|7|8|7|4|2| 2|6|6|10|6|4|2|3|1|1|
3.783    0|1|2|2|4|7|8|5|3|1| 0|4|6|6|7|6|5|1|1|0|
3.784    0|0|0|4|3|6|7|8|6|3| 1|6|4|5|4|5|4|1|0|1|
3.785    0|1|3|3|4|6|7|5|5|1| 1|5|6|5|5|6|4|6|3|0|
3.786    1|2|2|4|4|6|7|8|4|2| 3|4|7|6|4|5|3|2|1|1|
3.787    0|2|4|4|4|6|6|8|7|1| 1|5|6|8|9|4|4|3|1|0|
3.788    1|1|1|5|4|6|4|8|5|2| 1|6|8|8|7|6|2|1|0|1|
3.789    1|1|1|4|4|6|10|4|5|2| 1|2|7|5|6|5|3|3|1|0|
3.790    0|3|2|2|6|7|7|6|6|2| 1|6|8|7|6|3|4|4|1|1|
3.791    0|1|3|4|5|5|9|5|3|2| 1|5|5|5|8|4|7|2|1|0|
3.792    2|0|4|3|5|4|6|5|6|1| 1|4|4|6|5|5|3|1|1|1|
3.793    0|1|2|5|7|8|7|5|2|2| 2|4|5|8|3|4|3|3|2|1|
3.794    2|3|2|5|4|9|7|6|6|2| 2|2|6|6|4|7|2|4|0|0|
3.795    0|2|2|4|5|5|8|6|3|1| 1|4|7|7|9|7|4|2|2|1|
3.796    0|1|2|3|4|6|5|6|4|3| 1|6|5|6|6|5|3|3|1|1|
3.797    1|2|1|4|5|6|7|6|3|2| 1|5|6|7|4|5|4|2|2|1|
3.798    0|0|3|3|5|5|8|6|5|2| 2|5|6|6|6|5|4|3|1|0|
3.799    1|2|1|3|5|7|6|5|5|1| 1|5|8|7|5|7|4|2|1|1|
3.800    0|3|1|4|6|6|5|5|6|2| 1|5|6|9|9|4|4|1|1|0|
3.801    0|2|5|4|6|6|5|4|5|1| 3|5|6|7|4|8|3|3|1|1|
3.801    1|0|2|6|6|7|6|6|3|2| 1|5|9|7|6|7|3|2|1|1|
3.802    0|2|2|3|4|6|7|5|4|1| 2|7|3|8|4|5|6|2|3|1|
3.803    1|0|3|5|6|8|7|5|3|2| 0|4|6|5|5|4|4|3|1|0|
3.804    0|1|2|3|6|8|5|6|4|2| 1|5|8|7|6|3|4|2|1|2|
3.805    1|3|3|3|5|5|10|5|5|1| 2|4|6|8|6|5|5|3|1|1|
3.806    1|3|2|3|4|7|7|9|4|3| 1|5|6|8|5|8|6|2|1|2|
3.807    0|2|3|2|3|7|7|6|5|1| 2|4|6|10|5|5|3|2|2|1|
3.808    1|1|2|4|6|7|6|9|4|1| 1|5|6|6|7|5|3|2|2|1|
3.809    0|1|1|2|5|6|5|7|4|2| 2|4|6|6|8|4|3|3|2|1|
3.810    1|2|3|4|7|7|7|6|4|2| 2|5|6|4|5|7|4|2|3|0|
3.811    0|2|2|4|4|8|5|5|5|2| 1|5|4|7|8|6|4|1|0|0|
3.812    1|2|2|6|5|4|9|9|4|1| 2|6|7|8|6|5|5|2|1|1|
3.813    0|1|2|4|5|6|6|9|6|2| 1|4|7|8|4|5|3|2|1|1|
3.814    1|0|4|3|6|7|5|8|4|3| 2|5|8|5|8|6|4|2|1|0|
3.815    1|1|1|3|7|7|8|5|5|2| 3|6|7|5|6|4|5|1|2|1|
3.816    0|2|4|4|4|6|6|7|6|1| 1|4|7|7|7|5|2|1|2|0|
3.817    1|1|3|3|6|7|7|8|4|0| 1|5|7|6|8|3|6|2|0|1|
3.818    0|0|1|4|7|7|7|6|4|1| 1|5|8|8|6|5|5|3|2|0|
3.819    1|2|2|3|3|6|6|5|4|2| 1|4|6|7|7|5|5|2|1|1|
3.820    0|2|2|4|6|5|7|9|5|1| 2|4|6|8|8|5|3|3|1|2|
3.821    1|0|1|2|5|8|8|4|6|4| 1|4|6|7|10|4|2|2|1|0|
3.822    1|1|2|5|4|7|8|7|3|2| 1|5|6|8|7|5|3|2|1|1|
3.823    0|2|1|4|5|7|6|6|4|2| 1|6|5|8|6|9|4|2|2|1|
3.824    1|1|3|3|6|7|5|6|5|3| 2|8|8|5|9|5|4|2|1|0|
3.825    0|1|2|3|5|8|7|7|4|2| 2|4|6|6|7|4|4|2|1|0|
3.826    1|1|3|5|5|4|7|7|4|2| 2|7|5|10|10|4|3|2|2|2|
3.827    1|1|2|5|6|8|10|8|5|1| 1|5|7|8|6|6|4|3|0|0|
3.828    1|2|3|3|5|7|10|8|8|3| 3|5|11|5|7|7|5|2|2|1|
3.829    0|3|2|2|9|7|5|5|5|1| 2|4|6|6|8|4|4|2|1|0|
3.830    0|1|2|4|7|6|6|4|5|1| 2|5|6|6|7|5|4|3|1|0|
3.831    1|1|3|5|7|8|5|6|3|1| 2|4|7|8|6|5|5|1|1|1|
3.832    2|1|2|3|4|5|7|5|3|2| 1|3|11|6|7|5|4|3|2|1|
3.833    1|1|2|5|5|5|8|6|4|1| 2|4|6|8|6|4|4|3|1|0|
3.834    0|2|4|6|6|9|9|7|4|3| 2|6|9|6|8|5|4|1|1|2|
3.835    1|1|2|4|4|8|6|6|5|1| 2|5|6|7|5|5|4|4|2|0|
3.836    0|2|3|3|7|7|6|7|5|2| 2|3|7|8|6|6|4|1|1|1|
3.837    1|1|2|3|6|4|7|5|6|2| 2|6|8|8|10|5|3|2|1|1|
3.838    0|2|3|4|6|6|9|6|4|0| 1|4|6|8|7|4|3|3|2|2|
3.839    1|1|2|4|4|8|8|5|4|3| 4|6|5|7|8|5|4|3|2|0|
3.840    2|3|3|3|5|8|7|6|4|1| 2|6|6|7|9|5|4|2|3|1|
3.841    2|1|1|4|5|8|6|5|5|3| 1|4|6|6|6|6|4|3|1|0|
3.842    0|2|3|3|6|9|6|7|9|2| 2|5|6|9|6|6|5|3|3|1|
3.843    2|1|3|4|5|6|11|7|3|2| 2|5|6|8|5|5|4|4|3|1|
3.844    0|1|2|3|6|8|8|7|5|2| 2|4|8|9|8|5|3|1|0|2|
3.845    1|1|2|3|6|4|6|7|6|2| 0|5|7|10|8|7|5|5|2|0|
3.846    0|2|3|5|5|8|6|6|4|1| 2|5|7|9|7|4|4|2|0|0|
3.847    1|2|3|5|6|7|8|7|4|1| 3|3|6|8|5|7|4|4|3|1|
3.848    0|3|3|4|8|7|12|5|4|2| 0|7|7|11|7|5|4|2|2|0|
3.849    1|2|2|5|7|8|10|6|7|1| 3|7|7|6|7|5|6|2|1|2|
3.850    0|0|3|3|6|6|9|6|6|2| 2|6|6|8|8|8|5|2|1|1|
3.851    1|2|4|5|6|7|9|7|4|1| 3|4|7|7|11|7|5|4|2|0|
3.852    1|1|1|4|5|8|5|3|5|1| 1|4|7|10|8|4|3|2|2|2|
3.853    0|2|1|3|5|7|6|8|4|3| 3|6|5|7|5|7|5|2|2|1|
3.854    1|3|2|5|7|10|8|5|2|3| 1|7|6|8|6|5|3|2|1|0|
3.855    2|1|3|5|6|6|7|8|4|1| 2|4|6|6|8|6|3|1|1|1|
3.856    0|1|3|3|5|8|8|8|5|2| 1|5|10|10|10|5|3|2|1|1|
3.857    1|2|2|5|6|8|8|7|6|1| 3|5|8|7|7|6|5|3|1|0|
3.858    1|0|4|2|5|11|6|6|5|4| 2|4|6|8|5|6|4|2|1|0|
3.859    1|2|2|6|7|7|7|6|5|2| 3|4|8|5|9|7|4|2|2|1|
3.860    1|3|3|3|7|7|7|6|3|2| 1|6|7|8|5|7|2|2|1|1|
3.861    0|2|2|3|4|11|9|9|4|4| 2|6|8|10|10|5|4|3|3|1|
3.862    2|0|2|5|4|6|7|9|7|1| 1|4|9|10|7|5|6|3|1|2|
3.863    1|2|3|4|8|8|7|7|5|3| 2|4|9|10|7|7|5|2|1|1|
3.864    1|1|3|2|6|7|7|5|6|3| 2|6|6|7|7|8|7|3|0|1|
3.865    1|2|3|6|4|6|10|7|5|1| 2|5|10|9|11|5|3|4|3|1|
3.866    0|1|5|4|8|8|8|7|7|2| 1|3|8|4|4|7|3|3|2|1|
3.867    1|1|1|4|8|9|7|6|7|1| 2|5|9|8|4|4|5|3|1|2|
3.868    0|1|2|4|6|5|9|8|5|1| 1|5|9|9|8|6|2|2|1|1|
3.869    1|2|3|4|6|10|8|9|4|2| 1|4|7|8|6|6|3|1|2|0|
3.870    1|1|3|4|5|5|7|6|4|1| 3|7|7|7|10|6|4|1|1|1|
3.871    1|1|3|2|6|7|7|12|5|2| 2|6|8|7|5|5|4|2|0|1|
3.872    2|1|1|3|6|7|7|6|6|1| 2|3|7|8|8|5|3|3|2|0|
3.873    0|1|3|2|8|9|11|6|6|2| 2|5|7|12|6|6|3|2|1|1|
3.874    1|2|3|4|4|5|8|8|7|2| 2|5|6|9|8|4|4|3|1|1|
3.875    0|3|2|2|6|7|9|8|7|1| 2|6|7|8|9|3|3|2|1|1|
3.876    0|3|6|4|5|8|7|9|5|1| 2|5|7|9|8|6|5|2|1|1|
3.877    2|1|3|3|5|8|9|8|6|2| 2|5|7|11|6|5|5|3|2|0|
3.878    0|1|2|7|6|6|9|9|4|2| 1|6|7|7|6|6|2|2|1|1|
3.879    1|2|2|4|7|7|8|10|5|1| 2|4|6|7|7|6|6|2|2|0|
3.880    1|2|3|4|5|6|8|11|5|2| 1|6|9|6|7|6|5|2|2|1|
3.881    1|3|2|3|5|6|12|6|7|1| 1|7|10|9|6|4|5|1|1|0|
3.882    0|1|3|7|5|9|9|7|7|2| 1|5|7|9|9|6|4|2|2|1|
3.883    1|2|2|2|7|10|7|6|7|3| 2|7|6|12|11|6|4|5|1|0|
3.884    1|1|2|4|6|6|9|7|5|1| 1|4|8|9|9|6|5|3|2|0|
3.884    0|1|1|4|9|8|9|7|3|2| 2|5|9|7|7|7|3|2|3|1|
3.885    1|4|4|4|8|8|5|10|7|3| 1|4|8|7|9|7|6|4|1|1|
3.886    1|2|3|7|6|6|7|8|5|3| 2|5|9|8|7|3|5|3|3|1|
3.887    1|1|2|7|6|7|7|9|5|2| 2|4|9|7|8|7|4|3|2|1|
3.888    2|2|2|5|4|6|9|9|4|2| 2|5|10|10|6|6|5|5|0|1|
3.889    0|1|3|3|4|9|9|5|8|1| 1|6|9|8|7|4|2|2|1|0|
3.890    1|2|2|5|4|8|8|8|5|2| 2|6|7|7|10|7|4|3|2|1|
3.891    0|2|2|5|7|6|9|9|7|2| 2|6|10|7|8|6|4|3|1|0|
3.892    2|2|3|4|6|8|11|8|3|2| 3|9|8|8|5|4|4|2|1|1|
3.893    0|1|2|8|6|9|11|9|6|2| 1|6|11|6|6|6|3|3|2|0|
3.894    0|2|3|3|7|8|9|10|7|2| 2|8|7|6|11|8|5|2|2|1|
3.895    1|2|2|5|5|8|9|8|6|2| 2|6|7|7|7|8|5|3|1|2|
3.896    0|1|3|3|5|7|10|10|7|1| 1|8|8|9|8|7|3|3|1|0|
3.897    1|3|1|3|4|7|12|10|5|2| 3|7|6|9|7|5|5|4|1|2|
3.898    1|2|4|7|5|8|8|9|5|2| 2|6|5|7|9|3|7|3|2|1|
3.899    0|2|2|4|7|9|9|8|5|2| 2|5|10|7|8|6|2|4|2|1|
3.900    2|1|3|7|6|9|8|11|4|1| 1|6|9|10|8|8|5|2|1|0|
3.901    0|2|2|4|5|10|9|6|6|1| 1|6|7|8|6|8|3|2|2|1|
3.902    1|2|2|4|6|6|9|9|5|1| 2|6|9|6|6|5|6|3|1|1|
3.903    2|1|2|4|7|9|7|8|8|2| 3|6|8|6|8|4|3|3|2|1|
3.904    1|1|3|2|5|7|10|7|5|2| 1|5|9|8|8|6|6|4|1|1|
3.905    1|3|2|7|9|7|9|9|7|4| 2|6|7|7|8|9|4|4|3|1|
3.906    0|2|3|4|5|7|9|7|5|1| 2|7|5|7|7|9|7|3|1|0|
3.907    1|1|2|3|6|9|7|8|6|2| 3|6|8|9|8|7|4|2|2|1|
3.908    1|1|3|5|5|8|10|10|6|1| 2|6|8|8|10|4|4|3|1|1|
3.909    1|2|4|6|6|7|10|9|5|1| 2|6|7|10|6|6|7|2|2|1|
3.910    1|1|3|6|6|8|9|9|5|3| 2|6|7|10|9|6|3|4|2|0|
3.911    1|2|2|5|6|9|9|8|6|1| 1|6|6|11|9|9|5|3|2|0|
3.912    0|0|3|5|6|9|7|8|7|2| 2|6|9|10|7|5|4|3|2|1|
3.913    1|4|3|4|6|6|6|12|4|2| 1|4|7|9|11|9|5|3|2|1|
3.914    2|2|2|4|6|7|10|7|3|2| 2|5|11|9|7|6|3|4|0|0|
3.915    1|1|3|5|6|8|8|9|5|4| 2|4|13|5|9|7|7|2|1|1|
3.916    2|1|3|6|6|6|12|6|7|1| 1|6|7|9|7|4|3|5|1|1|
3.917    0|2|3|4|5|12|7|10|8|3| 3|6|8|9|9|6|4|2|2|0|
3.918    1|1|3|4|6|8|9|7|5|3| 3|6|10|7|8|7|6|4|1|2|
3.919    1|2|2|7|5|7|9|8|4|2| 3|5|9|9|8|8|4|4|1|1|
3.920    0|1|3|3|4|6|5|6|6|1| 1|7|8|9|9|6|6|3|1|0|
3.921    1|1|1|6|6|9|7|10|5|3| 2|5|7|8|7|7|5|1|3|1|
3.922    1|3|3|4|7|8|9|6|5|3| 2|4|6|7|11|6|6|4|1|1|
3.923    1|1|4|3|7|9|8|7|7|1| 3|5|6|11|6|6|4|2|2|1|
3.924    3|3|3|6|8|7|9|13|6|2| 2|6|8|11|11|6|5|3|1|1|
3.925    0|2|5|5|5|7|7|7|5|1| 2|6|8|8|6|5|5|2|2|1|
3.926    1|1|3|4|6|10|12|8|5|2| 3|7|9|11|6|10|5|3|1|1|
3.927    0|1|2|3|6|8|7|8|6|3| 2|7|6|7|8|4|4|3|2|0|
3.928    1|1|2|3|5|9|12|8|7|2| 2|7|9|8|8|7|4|3|3|1|
3.929    1|1|2|5|6|7|8|8|6|2| 1|8|7|7|7|8|5|2|2|2|
3.930    1|2|4|4|9|7|11|9|5|2| 3|5|10|8|9|6|4|2|0|1|
3.931    1|3|2|5|6|7|9|8|4|1| 2|4|9|8|7|5|4|3|4|1|
3.932    1|2|5|6|6|7|9|8|4|2| 4|3|8|12|13|6|6|4|0|1|
3.933    0|2|2|3|6|7|9|6|6|2| 1|6|8|9|9|6|6|2|2|1|
3.934    1|2|1|4|7|4|9|7|8|1| 2|6|8|8|9|7|3|3|2|0|
3.935    1|2|2|5|7|11|11|8|6|2| 1|6|8|6|9|7|4|3|2|1|
3.936    0|2|3|5|5|8|6|12|7|2| 1|5|9|9|8|6|3|4|1|1|
3.937    1|1|4|4|7|6|10|7|5|3| 3|6|9|9|10|6|5|3|2|1|
3.938    2|2|2|5|4|8|9|7|3|1| 1|4|11|9|10|4|4|3|1|1|
3.939    0|1|3|6|5|9|10|7|9|3| 2|9|8|11|8|7|8|2|3|2|
3.940    1|2|4|5|9|8|11|9|8|1| 3|5|6|9|9|7|5|2|3|0|
3.941    1|3|2|4|8|11|9|8|7|4| 2|9|11|11|10|8|3|4|1|1|
3.942    2|1|6|4|6|9|9|8|5|2| 2|8|10|10|8|5|5|2|2|0|
3.943    1|1|3|5|4|9|8|13|6|1| 2|6|8|8|7|7|4|3|1|1|
3.944    1|1|2|4|5|9|9|9|5|2| 2|7|9|7|8|9|5|5|1|3|
3.945    1|3|2|5|6|11|7|9|6|1| 1|6|13|10|9|6|4|2|3|1|
3.946    0|2|3|4|8|8|10|7|6|2| 1|9|9|11|10|5|5|1|1|0|
3.947    1|1|4|6|6|11|8|7|4|2| 3|5|8|9|6|7|3|6|2|0|
3.948    0|1|2|5|8|8|11|11|7|2| 3|8|10|8|11|7|4|3|2|1|
3.949    2|2|4|3|7|8|7|8|10|2| 2|5|9|10|9|7|4|2|2|1|
3.950    1|2|3|5|5|8|12|10|7|1| 1|4|8|10|9|6|5|3|1|1|
3.951    1|3|4|4|6|8|8|9|7|2| 2|5|8|10|9|7|6|2|3|1|
3.952    2|2|2|4|6|8|11|8|6|4| 3|3|8|8|7|7|5|3|2|1|
3.953    1|1|4|6|5|9|13|8|6|4| 2|4|11|9|9|8|6|4|1|1|
3.954    1|3|3|5|9|8|9|9|8|2| 2|6|5|6|9|7|7|3|1|0|
3.955    0|0|5|7|6|11|9|10|11|2| 2|5|10|9|9|9|3|3|3|2|
3.956    1|2|2|6|7|8|10|12|6|2| 3|8|8|11|7|6|6|2|1|0|
3.957    0|3|5|3|7|9|10|8|5|2| 3|5|10|8|12|8|5|3|3|1|
3.958    1|1|2|3|6|10|9|7|7|2| 2|5|11|8|8|8|5|3|1|1|
3.959    0|1|4|5|5|8|8|10|8|4| 2|9|5|6|7|7|5|2|2|0|
3.960    2|3|3|7|10|8|10|10|5|1| 2|5|8|7|11|5|7|3|0|1|
3.961    2|1|2|7|8|10|13|11|8|4| 2|7|10|12|9|7|4|5|3|2|
3.962    0|1|3|4|8|12|9|7|6|1| 2|7|7|9|8|9|5|4|2|1|
3.963    1|1|5|5|6|10|10|11|9|5| 3|7|11|8|6|9|4|2|2|0|
3.964    0|2|3|5|8|9|13|7|7|2| 3|6|8|13|10|7|5|2|3|1|
3.965    2|4|2|5|6|12|9|9|9|2| 2|9|9|7|7|6|6|3|1|1|
3.966    1|0|5|4|7|7|6|9|6|2| 3|7|6|11|9|7|2|5|1|1|
3.966    1|2|3|5|8|10|10|12|7|2| 3|4|10|7|9|10|3|2|3|1|
3.967    1|2|3|5|12|11|10|11|5|2| 2|7|9|8|9|9|4|3|1|1|
3.968    1|2|4|6|6|9|10|11|8|3| 1|4|8|11|11|9|5|3|3|1|
3.969    0|3|3|4|7|9|7|7|7|2| 2|8|6|11|11|8|5|4|1|1|
3.970    1|1|3|6|6|9|8|8|6|3| 2|7|8|9|8|8|6|3|2|1|
3.971    1|3|4|5|6|10|11|12|6|3| 1|8|7|12|10|6|4|3|5|1|
3.972    1|3|3|7|9|8|9|9|4|3| 1|6|9|14|10|7|7|2|2|1|
3.973    0|3|5|7|8|8|9|9|6|3| 1|5|10|10|10|9|7|2|2|1|
3.974    1|2|5|6|9|6|9|7|6|1| 3|7|9|7|8|4|5|2|2|0|
3.975    1|2|3|4|8|12|6|8|8|1| 3|8|10|13|10|7|7|3|1|1|
3.976    0|1|6|7|8|10|10|10|5|2| 1|7|10|12|10|8|4|2|2|0|
3.977    1|3|2|4|7|6|12|9|7|4| 3|7|12|10|11|7|7|5|2|1|
3.978    1|1|4|5|7|10|9|8|8|4| 1|7|6|12|8|5|4|2|1|1|
3.979    0|1|2|4|8|9|9|10|9|2| 2|5|8|12|7|8|6|5|2|0|
3.980    1|2|4|5|7|8|11|10|8|3| 1|8|12|7|10|9|4|2|4|1|
3.981    0|0|3|4|9|8|7|11|8|1| 3|7|8|10|8|9|6|3|2|1|
3.982    2|3|4|6|7|9|9|8|7|3| 1|7|9|12|6|7|6|3|1|1|
3.983    1|1|3|5|8|8|12|8|7|2| 2|6|10|10|7|7|5|4|1|2|
3.984    1|1|4|6|5|8|10|9|6|4| 2|5|9|13|11|5|6|4|3|1|
3.985    1|3|4|5|6|10|10|9|7|3| 1|7|7|10|8|7|7|3|1|0|
3.986    1|2|3|5|8|9|9|8|8|1| 2|9|8|12|8|8|5|2|1|1|
3.987    1|1|3|7|7|10|11|10|6|3| 4|4|10|13|9|6|5|4|0|1|
3.988    1|2|3|6|7|11|12|7|7|3| 1|5|10|10|10|7|3|4|3|1|
3.989    1|1|3|7|7|8|13|10|8|4| 2|7|8|11|11|7|4|3|1|1|
3.990    1|2|4|5|7|12|8|10|8|2| 2|9|9|10|10|6|5|4|2|0|
3.991    1|3|3|5|8|11|9|10|6|4| 2|6|11|8|10|9|3|1|2|1|
3.992    1|3|2|4|7|10|11|8|9|3| 4|6|9|10|10|7|5|4|2|0|
3.993    1|1|3|6|9|10|9|11|7|2| 1|6|9|9|11|4|5|4|3|2|
3.994    1|3|2|4|9|9|12|9|10|2| 2|4|9|9|8|8|6|3|1|1|
3.995    0|3|3|4|8|10|11|8|5|2| 3|6|9|6|12|6|6|4|3|1|
3.996    1|2|3|3|10|9|9|7|6|2| 3|6|11|10|10|8|5|4|2|1|
3.997    0|3|5|5|10|9|10|10|7|2| 2|7|10|8|12|7|5|2|2|1|
3.998    1|1|3|7|8|10|9|13|6|5| 1|6|10|9|9|9|7|4|2|2|
3.999    2|0|3|6|5|14|10|5|6|2| 1|9|12|8|10|11|6|4|2|0|
4.000    1|2|3|4|7|7|9|9|6|5| 2|6|7|10|10|7|6|4|3|1|
4.001    1|3|3|6|7|9|10|8|7|3| 3|7|12|9|13|6|5|4|4|0|
4.002    1|1|3|5|13|11|8|8|6|1| 4|7|10|8|9|8|6|2|3|2|
4.003    0|2|5|6|5|10|12|10|5|3| 4|7|10|11|9|7|6|3|2|1|
4.004    1|2|4|9|9|8|9|7|6|2| 3|7|10|8|9|6|7|4|2|1|
4.005    1|3|4|8|6|11|10|8|7|1| 2|7|10|13|9|8|8|2|4|1|
4.006    1|3|3|4|6|10|10|9|9|3| 4|6|11|11|7|7|4|4|2|1|
4.007    1|2|3|5|8|9|11|11|4|2| 2|8|9|11|11|10|6|4|3|1|
4.008    1|3|3|4|7|14|14|10|8|3| 3|6|11|11|10|7|6|4|1|1|
4.009    1|0|2|4|13|10|10|11|5|1| 1|6|10|11|8|7|5|4|2|0|
4.010    0|2|3|6|6|12|10|11|7|4| 3|9|7|15|8|7|7|4|3|1|
4.011    1|3|4|5|7|11|12|8|6|3| 2|6|13|11|12|6|5|5|3|2|
4.012    1|2|4|4|9|9|11|11|9|2| 2|8|11|12|10|9|6|4|1|1|
4.013    1|1|3|5|6|11|14|10|8|3| 2|6|9|11|8|7|4|2|2|2|
4.014    2|2|3|5|7|10|12|9|10|3| 3|6|10|10|7|9|4|4|1|1|
4.015    1|2|4|6|7|7|15|10|8|2| 4|5|11|12|8|7|5|3|2|0|
4.016    2|2|5|6|10|11|13|8|6|2| 2|7|10|9|11|6|7|3|2|2|
4.017    1|2|5|6|6|12|10|14|6|2| 3|6|11|12|7|5|4|3|2|0|
4.018    2|3|3|4|9|9|13|11|7|4| 3|6|11|9|13|7|7|4|2|1|
4.019    1|2|6|4|5|11|10|8|8|4| 2|7|12|10|9|8|6|3|2|3|
4.020    2|2|4|4|7|10|12|10|8|2| 2|4|9|9|10|10|5|5|3|1|
4.021    1|1|5|4|8|10|12|11|8|4| 3|5|10|10|7|7|4|3|2|3|
4.022    3|3|5|6|7|14|11|7|6|1| 2|7|7|17|11|10|8|2|1|1|
4.023    2|2|4|4|7|9|9|10|6|2| 3|9|12|11|10|8|7|4|2|0|
4.024    1|2|5|7|10|15|12|9|8|4| 2|9|11|12|10|8|5|5|1|1|
4.025    2|2|5|8|8|10|10|9|5|2| 2|6|7|8|9|9|5|5|3|1|
4.026    1|1|4|7|6|8|10|9|6|2| 4|6|10|12|10|8|5|3|1|2|
4.027    1|2|3|6|10|7|11|12|6|2| 2|8|13|12|9|9|3|3|2|1|
4.028    2|2|2|7|9|10|11|9|8|3| 3|4|10|13|11|6|7|4|3|2|
4.029    2|3|2|4|9|11|8|11|5|2| 3|9|13|13|6|5|6|1|2|1|
4.030    1|2|4|6|11|10|11|8|6|5| 2|7|9|13|13|9|6|4|3|0|
4.031    0|3|4|5|12|8|10|12|7|2| 1|8|12|14|9|6|4|5|2|1|
4.032    0|2|3|7|10|6|14|9|7|2| 2|8|8|12|10|8|5|4|1|1|
4.033    1|2|3|6|11|9|12|12|8|2| 2|9|9|14|8|7|6|4|2|1|
4.034    1|2|3|4|7|12|11|10|11|3| 3|8|10|9|8|8|4|3|2|1|
4.035    1|1|4|5|9|10|9|12|8|2| 3|5|13|12|12|7|7|4|2|1|
4.036    1|2|2|7|8|12|12|11|10|2| 2|6|9|12|13|9|5|3|3|1|
4.037    2|2|6|7|7|11|13|8|9|3| 4|7|8|12|6|9|9|3|3|2|
4.038    0|2|4|6|11|8|13|11|9|3| 2|8|11|9|10|8|4|3|1|1|
4.039    1|2|4|6|9|10|13|10|8|2| 4|8|12|9|12|8|4|2|2|2|
4.040    2|2|5|6|8|12|13|16|5|4| 1|9|10|13|9|9|6|4|2|2|
4.041    1|2|5|3|12|8|10|14|7|2| 2|7|8|10|10|8|7|5|2|0|
4.042    1|2|3|7|11|13|9|10|6|3| 4|5|8|15|15|6|7|4|2|1|
4.043    1|4|2|6|8|11|12|13|10|4| 4|8|10|13|9|8|6|3|4|2|
4.044    1|2|5|6|8|9|10|10|7|1| 2|7|11|13|14|6|4|4|3|1|
4.045    1|4|3|7|10|10|11|7|8|2| 5|8|11|12|13|8|6|3|2|1|
4.046    1|3|2|6|8|12|13|8|9|3| 5|9|11|9|12|10|6|3|1|2|
4.047    1|5|3|6|9|10|14|10|5|4| 3|7|11|9|9|8|4|4|4|1|
4.048    1|2|5|7|7|9|12|12|7|5| 2|9|10|10|12|10|4|4|3|1|
4.049    2|4|5|6|7|15|10|10|7|2| 2|8|9|11|11|8|6|5|2|1|
4.049    2|2|5|7|9|12|12|12|10|1| 2|6|12|9|14|10|6|3|2|1|
4.050    1|3|2|7|8|10|12|9|7|4| 4|5|11|8|11|7|9|4|3|2|
4.051    1|2|5|6|6|11|15|10|9|4| 3|9|10|13|12|5|7|4|2|1|
4.052    1|2|3|6|6|11|12|13|7|3| 3|7|13|13|11|7|6|4|1|1|
4.053    2|2|4|7|7|14|11|9|8|1| 3|8|12|11|11|12|7|3|3|1|
4.054    0|2|3|6|8|14|13|12|8|3| 4|5|10|9|12|6|7|2|3|2|
4.055    1|1|4|6|10|12|11|11|10|4| 2|6|11|13|11|10|6|3|3|2|
4.056    2|4|5|7|6|13|10|11|6|3| 1|5|11|12|12|11|7|5|2|0|
4.057    1|1|3|5|10|7|12|10|8|3| 4|7|12|9|14|7|5|3|2|2|
4.058    2|4|5|4|10|11|11|10|8|1| 3|6|12|17|12|9|7|5|1|1|
4.059    1|4|3|9|8|13|14|12|6|2| 2|6|8|14|14|10|9|5|1|3|
4.060    1|1|3|5|8|8|9|10|8|1| 3|10|12|11|10|8|6|1|1|0|
4.061    1|2|4|11|10|10|12|10|8|4| 3|7|10|15|13|12|6|4|2|1|
4.062    3|3|3|5|7|11|10|8|8|4| 3|8|12|10|13|12|6|4|3|2|
4.063    1|1|4|6|8|11|13|14|8|4| 3|7|10|14|11|11|7|3|2|0|
4.064    1|3|4|5|10|12|10|13|5|3| 3|13|13|15|13|9|7|4|4|0|
4.065    2|2|5|8|8|11|13|12|8|3| 2|8|12|12|12|8|5|3|4|1|
4.066    2|3|3|7|7|11|14|8|6|5| 2|9|10|14|8|12|8|4|2|2|
4.067    1|2|3|4|8|11|11|8|9|3| 3|8|13|13|12|9|8|4|2|0|
4.068    1|3|4|4|12|8|12|17|6|2| 3|7|12|12|10|8|7|4|1|1|
4.069    1|2|3|6|8|11|12|11|11|3| 2|10|10|12|12|8|7|4|3|2|
4.070    2|2|6|6|11|11|10|11|6|1| 3|7|12|9|11|9|7|3|2|1|
4.071    1|4|3|6|9|12|9|10|9|3| 4|5|10|11|13|9|8|5|2|2|
4.072    1|2|4|9|10|12|14|11|8|1| 2|8|12|14|11|8|5|5|2|0|
4.073    2|3|2|6|12|10|11|10|9|4| 2|11|10|10|10|9|5|4|2|1|
4.074    1|1|4|5|7|12|11|13|8|4| 2|6|12|12|10|10|6|5|3|1|
4.075    1|3|4|7|12|10|14|12|6|3| 3|8|10|10|12|7|7|5|3|2|
4.076    4|2|3|5|12|13|10|13|9|2| 3|8|11|12|8|8|6|5|3|1|
4.077    2|3|4|10|8|11|11|12|7|2| 3|7|8|11|11|8|8|4|2|1|
4.078    0|4|3|8|10|11|15|13|7|2| 2|8|10|10|13|11|7|4|1|0|
4.079    1|3|4|7|9|12|10|13|8|3| 2|7|11|14|13|8|6|5|3|2|
4.080    2|1|5|8|8|9|11|9|9|3| 1|8|8|12|10|9|4|6|2|2|
4.081    0|2|5|3|7|12|14|12|8|4| 5|5|7|15|10|11|6|6|2|2|
4.082    1|3|4|4|7|15|11|9|8|4| 1|8|12|12|14|7|7|3|1|3|
4.083    1|4|4|5|13|11|13|12|11|2| 4|8|9|9|14|9|6|3|2|1|
4.084    1|4|4|6|9|10|12|15|8|3| 3|6|13|11|9|7|7|4|4|3|
4.085    2|2|5|7|9|10|13|12|10|3| 3|10|15|12|11|8|6|3|3|1|
4.086    2|3|4|7|7|11|16|11|8|2| 4|10|11|13|13|9|8|4|5|1|
4.087    0|2|4|5|9|10|13|11|10|2| 3|9|14|12|11|9|6|6|2|1|
4.088    1|2|6|8|8|12|15|12|9|3| 3|8|12|13|11|11|6|5|2|1|
4.089    2|3|2|3|10|11|12|11|6|2| 2|8|15|10|10|9|7|4|2|1|
4.090    0|3|4|6|9|10|11|9|7|3| 5|8|8|11|13|8|7|3|3|1|
4.091    1|2|4|8|8|10|15|17|6|3| 2|8|12|11|12|8|7|4|3|1|
4.092    2|2|4|9|12|11|13|13|8|1| 3|7|10|13|9|9|6|7|4|2|
4.093    1|2|5|8|9|13|11|9|6|4| 2|8|7|11|8|9|4|4|3|1|
4.094    2|2|4|7|12|11|13|13|9|4| 3|8|10|14|12|9|7|3|3|1|
4.095    1|3|5|7|10|14|10|11|10|2| 2|7|7|13|10|10|6|4|4|1|
4.096    2|3|5|7|11|12|9|13|6|4| 3|7|13|12|14|10|8|4|2|2|
4.097    1|3|4|6|8|11|15|12|6|2| 3|13|9|14|12|11|5|5|1|2|
4.098    1|2|6|5|8|11|13|9|7|4| 3|9|13|12|16|6|8|3|1|1|
4.099    2|3|3|9|9|14|12|12|9|1| 2|7|12|12|12|10|5|4|2|1|
4.100    1|4|4|9|8|14|12|12|9|3| 1|8|11|10|13|12|6|5|3|3|
4.101    0|4|5|5|8|11|11|11|8|4| 4|10|12|14|13|10|11|3|2|1|
4.102    1|2|3|9|7|10|13|12|9|3| 3|9|12|10|10|10|7|6|2|0|
4.103    2|3|4|4|12|15|13|12|8|2| 3|10|12|12|13|8|6|3|5|3|
4.104    1|3|4|5|13|12|15|13|6|3| 3|7|12|11|12|12|6|3|3|0|
4.105    1|3|3|8|9|10|12|10|8|4| 6|9|10|13|10|11|5|4|2|2|
4.106    2|3|6|4|9|12|12|10|11|3| 2|7|12|9|16|10|8|4|4|0|
4.107    1|4|5|9|11|12|12|12|6|3| 4|9|10|13|9|8|7|5|3|2|
4.108    1|2|4|5|11|9|13|8|7|3| 3|12|17|15|12|9|7|4|4|3|
4.109    2|3|6|9|8|12|14|13|9|2| 3|7|13|11|12|12|7|4|5|1|
4.110    1|3|6|7|11|12|15|10|9|2| 2|7|15|13|10|14|6|5|3|2|
4.111    2|1|6|6|10|13|13|9|10|3| 2|6|11|14|10|10|5|6|3|2|
4.112    2|3|5|7|11|10|15|11|10|2| 3|11|12|13|14|9|6|4|1|2|
4.113    1|1|6|6|11|10|16|15|10|2| 2|9|11|14|14|10|10|3|2|2|
4.114    1|3|4|6|9|14|14|11|7|2| 4|10|15|11|11|7|9|5|3|1|
4.115    2|4|5|8|10|15|12|11|11|2| 2|7|12|11|11|15|9|3|2|1|
4.116    0|4|4|9|12|13|13|9|7|3| 3|11|10|14|11|9|6|2|3|2|
4.117    2|2|4|7|12|9|15|12|11|4| 3|9|10|13|14|12|9|5|1|1|
4.118    1|3|6|9|7|9|14|12|7|2| 3|7|12|12|12|13|7|4|2|1|
4.119    1|2|3|6|12|10|17|11|6|3| 3|9|11|9|14|9|8|5|2|2|
4.120    3|1|4|9|11|12|14|11|8|2| 4|9|12|19|12|11|6|4|1|0|
4.121    2|5|5|9|13|14|11|14|9|3| 5|9|11|11|12|8|9|4|3|2|
4.122    1|3|7|11|10|11|13|8|9|5| 3|11|12|15|16|11|7|3|2|2|
4.123    1|4|5|7|11|12|15|10|7|3| 2|8|9|18|15|10|8|4|2|2|
4.124    3|2|5|8|8|12|13|12|10|4| 3|10|9|15|14|11|8|2|1|1|
4.125    1|2|5|11|8|11|10|11|8|1| 2|8|12|16|10|14|5|7|1|2|
4.126    3|3|3|6|10|13|13|13|8|3| 4|6|11|12|12|7|9|5|3|1|
4.127    2|2|7|7|11|11|16|12|8|3| 3|9|12|16|10|15|9|7|4|2|
4.128    1|2|5|7|11|9|12|10|9|3| 4|9|13|10|16|9|4|6|4|1|
4.129    2|2|7|6|12|15|16|9|9|2| 2|10|15|12|10|9|9|4|2|2|
4.130    2|3|5|7|10|11|19|12|6|4| 2|6|14|15|14|8|5|5|1|2|
4.131    1|5|5|10|9|13|10|15|7|2| 2|11|15|11|12|8|5|4|3|0|
4.132    2|3|8|9|11|14|12|13|8|3| 2|11|12|10|12|8|6|6|5|3|
4.132    2|2|4|11|11|12|17|13|8|2| 3|9|12|14|9|12|6|5|3|1|
4.133    1|2|5|7|12|10|13|11|10|4| 4|9|14|13|13|10|7|5|5|2|
4.134    1|3|3|6|9|12|14|13|9|2| 3|8|16|17|13|13|5|4|3|3|
4.135    1|4|5|7|13|14|13|14|10|5| 4|8|12|13|14|8|8|4|2|2|
4.136    2|3|6|7|10|13|14|12|9|3| 5|7|12|12|13|10|8|6|3|1|
4.137    1|3|4|8|12|14|12|12|8|3| 2|9|15|13|15|10|6|5|3|1|
4.138    1|2|4|9|11|13|13|12|6|2| 5|10|13|11|13|11|6|5|3|1|
4.139    1|2|4|8|9|12|11|13|7|4| 4|7|12|15|14|11|7|4|2|1|
4.140    1|2|5|11|12|13|14|15|12|4| 3|9|12|17|11|9|10|5|2|3|
4.141    1|2|6|6|9|12|12|13|11|4| 3|9|16|10|15|10|7|4|2|1|
4.142    2|2|6|6|12|12|13|13|8|5| 5|8|13|13|14|8|5|6|3|2|
4.143    2|2|6|7|12|11|14|15|9|3| 1|9|13|15|12|9|8|5|3|1|
4.144    2|3|4|6|12|15|12|12|10|2| 4|6|13|13|15|9|6|4|5|1|
4.145    2|2|5|7|14|15|15|16|12|2| 3|8|16|13|13|6|8|5|2|1|
4.146    1|3|6|11|12|12|10|9|9|2| 1|9|13|15|13|11|6|5|2|2|
4.147    2|2|7|10|9|15|14|12|10|3| 4|10|13|15|12|11|10|5|5|2|
4.148    1|2|6|11|14|16|12|12|12|2| 2|9|13|14|12|10|5|5|3|2|
4.149    1|4|6|7|11|14|14|13|10|5| 2|7|13|18|14|8|7|5|2|1|
4.150    2|4|5|9|10|12|13|12|8|2| 4|13|14|12|13|11|9|6|2|1|
4.151    2|4|4|8|12|14|19|12|10|3| 3|11|17|15|12|11|6|5|1|1|
4.152    2|2|3|10|13|12|17|13|9|4| 5|7|11|16|15|13|8|6|3|1|
4.153    1|3|8|8|10|14|15|15|8|3| 2|12|13|11|11|11|8|6|1|1|
4.154    2|3|7|6|8|13|15|12|9|3| 2|8|18|17|13|10|8|6|4|2|
4.155    2|2|4|9|11|12|15|16|10|4| 2|8|13|12|14|10|8|6|2|3|
4.156    1|3|4|12|12|14|16|14|8|5| 2|11|16|17|19|10|7|5|6|2|
4.157    1|4|6|8|12|12|13|15|8|5| 3|8|15|16|12|9|9|7|2|3|
4.158    1|2|5|9|13|15|15|16|11|2| 4|7|13|15|13|10|7|7|2|2|
4.159    2|5|5|9|10|14|13|12|9|3| 3|14|16|13|12|11|9|7|4|1|
4.160    1|3|3|8|10|18|13|14|6|7| 2|8|14|16|17|12|8|3|3|2|
4.161    1|2|6|10|11|11|14|14|11|2| 2|8|14|14|14|13|8|3|1|2|
4.162    3|4|5|6|11|15|15|14|10|6| 3|10|10|14|14|10|7|4|3|1|
4.163    0|4|5|8|10|11|14|17|9|5| 3|10|13|12|11|10|8|6|2|1|
4.164    2|3|4|8|12|16|14|14|11|2| 5|7|14|14|15|11|6|6|3|2|
4.165    2|2|5|6|14|12|15|17|9|2| 1|9|17|17|18|10|7|6|3|2|
4.166    1|3|7|6|7|16|14|14|10|2| 3|9|13|14|17|10|8|7|5|2|
4.167    1|3|3|9|10|16|14|16|9|3| 5|9|12|16|15|12|8|6|1|1|
4.168    1|5|8|7|12|12|14|11|11|5| 4|9|16|17|12|10|6|4|4|2|
4.169    2|3|5|7|14|14|19|12|9|4| 2|14|14|15|11|14|8|5|2|1|
4.170    1|3|4|8|12|12|16|12|7|3| 4|8|9|18|14|10|6|5|4|2|
4.171    2|4|6|9|13|11|15|12|8|3| 3|9|13|17|13|10|8|6|3|1|
4.172    1|3|5|10|12|13|13|10|8|2| 4|9|15|18|15|13|11|5|2|1|
4.173    1|2|4|7|12|13|16|10|12|5| 3|10|14|16|15|7|7|5|3|2|
4.174    2|4|5|11|10|13|13|14|7|3| 3|11|16|12|13|9|8|5|3|2|
4.175    1|4|6|7|11|12|13|14|9|4| 4|9|14|13|11|11|9|4|3|1|
4.176    2|2|3|11|11|15|14|13|10|3| 3|11|12|13|12|10|10|4|3|2|
4.177    2|2|4|9|11|14|17|12|7|3| 2|11|13|14|11|8|9|6|2|1|
4.178    1|4|4|7|10|15|15|10|11|4| 2|10|17|15|11|10|5|5|2|1|
4.179    2|5|3|9|11|13|12|16|9|2| 2|7|13|14|14|13|8|5|3|1|
4.180    3|2|6|6|12|13|18|13|11|3| 4|7|15|14|13|11|7|5|3|2|
4.181    2|3|4|7|12|14|16|12|11|3| 4|9|13|15|14|13|10|5|1|1|
4.182    2|4|4|8|11|13|13|14|9|4| 2|9|15|17|13|11|7|4|4|0|
4.183    2|1|5|10|12|13|14|13|12|3| 4|10|14|14|14|11|6|6|3|3|
4.184    1|2|7|7|7|11|16|14|7|5| 3|11|15|16|14|11|8|5|3|1|
4.185    2|2|6|7|10|13|14|15|11|2| 3|8|13|16|10|13|9|5|4|1|
4.186    1|3|5|10|12|11|10|14|9|3| 4|10|11|17|12|14|7|4|3|1|
4.187    1|4|4|7|10|12|17|11|10|4| 4|11|17|16|19|13|8|6|2|1|
4.188    2|4|8|8|11|11|14|17|10|5| 4|8|13|17|17|14|7|7|3|1|
4.189    1|3|4|9|11|14|17|14|10|4| 4|12|14|14|13|9|8|5|3|2|
4.190    1|2|5|7|11|12|16|11|8|5| 2|12|14|15|15|14|10|5|4|1|
4.191    2|3|6|7|10|13|14|18|9|2| 5|10|15|11|15|15|7|5|2|1|
4.192    1|2|4|10|15|13|18|15|6|5| 4|12|16|14|18|13|8|6|4|1|
4.193    2|4|4|5|9|11|16|17|9|3| 4|10|10|16|16|13|6|6|3|2|
4.194    1|3|6|7|16|15|14|15|10|3| 3|10|14|15|12|10|9|5|4|1|
4.195    1|3|4|7|8|16|17|13|9|3| 3|8|13|13|13|13|8|4|4|1|
4.196    1|2|6|7|12|13|18|16|11|3| 2|10|17|15|15|12|7|7|2|3|
4.197    2|3|3|9|11|12|12|10|8|5| 5|10|14|14|11|12|7|5|2|0|
4.198    1|3|6|12|16|16|15|12|9|3| 4|12|12|19|14|11|7|5|3|1|
4.199    3|3|6|9|9|13|14|13|9|3| 4|12|12|16|13|12|7|4|3|2|
4.200    1|3|9|9|10|14|17|15|10|2| 2|10|12|15|14|13|8|4|4|4|
4.201    2|2|6|6|14|17|15|11|11|3| 3|11|12|18|10|13|8|8|4|2|
4.202    1|2|6|6|14|12|18|15|9|3| 5|8|14|17|15|15|7|2|2|1|
4.203    2|2|5|5|9|17|13|13|9|3| 4|10|14|16|15|11|11|5|3|3|
4.204    1|3|5|9|14|10|14|15|14|5| 4|11|13|17|15|14|9|6|4|1|
4.205    3|4|6|12|11|14|16|14|9|4| 5|9|14|15|14|15|9|5|3|1|
4.206    3|6|6|9|13|17|19|11|12|3| 3|13|16|20|14|13|8|8|5|3|
4.207    1|3|5|8|12|15|15|14|10|3| 3|7|14|16|16|16|9|8|3|1|
4.208    2|2|8|8|12|13|17|15|8|4| 4|10|14|17|13|12|10|7|4|2|
4.209    1|2|5|9|10|14|16|16|9|3| 3|10|17|14|12|16|10|5|5|1|
4.210    2|3|5|9|13|17|15|14|12|5| 3|11|17|16|15|8|11|5|3|2|
4.211    1|3|5|9|13|15|18|14|12|4| 2|7|13|18|16|14|7|4|2|1|
4.212    2|2|5|8|12|15|15|12|10|4| 4|9|13|14|13|11|8|6|2|2|
4.213    2|3|6|5|11|20|15|18|12|3| 4|9|18|13|14|13|9|4|3|2|
4.214    2|3|6|6|11|16|14|13|10|5| 3|14|12|18|14|11|8|4|2|3|
4.214    1|4|6|9|12|14|15|11|11|3| 4|9|15|16|15|12|8|3|4|0|
4.215    2|2|7|8|13|14|13|14|7|3| 2|10|16|18|12|9|10|4|2|2|
4.216    3|4|6|11|12|17|15|14|12|3| 3|10|14|19|12|9|8|6|2|1|
4.217    1|5|5|8|14|15|16|12|11|4| 3|12|14|13|13|14|8|4|5|1|
4.218    2|4|8|10|15|15|19|20|9|5| 3|11|13|14|16|13|8|6|4|1|
4.219    0|6|5|9|15|16|12|17|11|3| 2|11|16|15|15|9|11|5|4|2|
4.220    2|2|4|11|13|17|16|12|11|4| 4|11|13|18|14|12|10|5|4|2|
4.221    1|3|6|9|12|16|16|18|12|4| 4|10|13|18|12|11|9|6|3|2|
4.222    2|4|4|9|14|16|16|16|11|4| 2|10|17|14|16|15|11|7|2|1|
4.223    1|4|8|5|13|16|17|16|11|3| 3|10|13|14|13|11|8|4|4|1|
4.224    3|6|5|9|16|17|19|11|9|4| 4|13|12|14|13|14|8|5|3|2|
4.225    2|4|6|7|12|14|14|17|10|5| 2|8|14|14|14|14|10|6|5|1|
4.226    2|3|5|6|13|11|17|19|9|3| 5|9|16|17|14|9|11|3|3|2|
4.227    3|3|4|9|15|15|14|13|10|4| 4|11|13|15|15|17|9|5|2|2|
4.228    1|3|5|7|9|13|17|17|13|4| 4|13|13|19|15|13|7|7|3|1|
4.229    2|5|8|8|9|14|19|19|11|4| 5|9|13|16|15|17|9|6|5|1|
4.230    1|2|7|9|12|15|20|14|13|2| 2|12|19|14|13|11|7|5|4|4|
4.231    2|5|4|9|16|19|14|14|13|3| 5|10|19|14|12|9|9|6|3|2|
4.232    1|2|6|7|15|16|15|15|11|4| 6|12|19|16|16|12|7|8|4|0|
4.233    3|3|6|9|13|17|20|14|12|2| 6|11|16|23|21|13|8|6|4|3|
4.234    2|5|6|8|10|18|14|15|9|5| 3|12|12|17|13|13|9|5|4|2|
4.235    1|2|7|9|13|14|17|14|12|4| 4|8|15|15|12|14|11|7|2|1|
4.236    2|4|5|9|12|17|16|13|9|5| 4|13|15|19|15|13|10|7|2|1|
4.237    3|2|5|10|9|17|15|15|7|2| 5|12|16|17|14|13|8|6|2|1|
4.238    1|3|7|9|11|13|13|15|11|5| 3|12|18|20|19|16|7|4|5|2|
4.239    1|4|6|7|12|13|23|13|9|5| 3|11|13|19|16|13|9|6|2|1|
4.240    3|4|6|8|11|14|18|14|12|4| 1|10|18|19|21|13|8|4|4|1|
4.241    1|5|6|10|16|16|13|22|11|3| 4|12|15|18|15|13|10|5|3|1|
4.242    2|2|5|6|16|14|16|15|11|4| 5|10|16|16|18|14|9|6|3|1|
4.243    2|2|7|11|11|15|18|14|11|3| 6|10|17|21|14|9|10|7|3|2|
4.244    2|3|5|9|14|15|18|17|10|5| 5|10|17|16|16|14|9|8|3|1|
4.245    1|5|7|11|12|14|22|19|9|3| 4|10|14|16|16|12|12|6|3|2|
4.246    2|4|6|8|13|16|18|16|13|5| 4|12|12|15|15|15|9|7|2|1|
4.247    2|4|6|9|11|16|16|16|11|3| 6|11|17|16|15|13|10|5|3|2|
4.248    3|3|8|9|14|13|21|15|12|5| 4|11|14|16|13|11|10|9|5|1|
4.249    3|4|5|12|13|14|16|16|11|3| 5|8|18|20|16|14|10|5|4|3|
4.250    2|3|4|11|12|18|19|19|11|6| 5|12|13|18|14|14|10|6|5|2|
4.251    1|4|7|8|10|19|21|15|11|5| 3|11|15|15|15|13|11|5|4|1|
4.252    2|2|5|10|10|22|17|16|15|6| 4|10|15|21|17|13|10|6|3|2|
4.253    1|5|5|9|10|17|18|14|12|2| 4|11|13|17|19|14|7|7|4|2|
4.254    1|3|7|8|15|17|15|17|11|3| 4|12|17|18|19|15|9|7|4|2|
4.255    3|4|6|9|15|15|18|15|12|3| 4|13|16|17|15|11|13|8|4|3|
4.256    2|3|5|8|13|19|19|14|9|4| 5|12|18|18|16|14|11|4|5|1|
4.257    2|5|8|10|15|15|15|16|11|5| 4|10|17|17|18|13|9|7|2|2|
4.258    2|3|8|8|14|19|16|19|11|4| 5|12|16|21|16|14|10|6|5|1|
4.259    2|3|7|8|11|17|20|13|12|4| 2|13|13|16|17|16|9|5|4|2|
4.260    3|3|6|9|16|13|15|14|11|4| 4|13|16|16|16|15|10|8|4|3|
4.261    1|4|7|12|11|16|19|14|10|5| 3|15|15|19|15|10|8|5|4|2|
4.262    2|3|6|6|14|12|19|15|11|4| 5|10|15|19|15|13|9|8|2|2|
4.263    3|3|7|7|12|18|20|14|11|4| 5|12|16|13|19|10|9|7|4|1|
4.264    1|4|7|10|15|14|23|18|13|3| 3|11|19|20|15|13|9|6|3|1|
4.265    2|3|6|8|15|16|17|17|12|3| 3|10|15|18|13|12|9|6|4|3|
4.266    2|4|5|10|11|15|15|16|12|2| 5|11|16|17|14|10|11|3|4|2|
4.267    2|4|6|8|16|16|15|19|9|5| 4|11|18|18|16|16|10|6|5|2|
4.268    2|4|6|12|14|15|18|16|7|2| 5|8|16|17|18|13|10|4|4|1|
4.269    2|2|9|9|12|21|18|13|11|3| 4|11|19|19|17|13|12|8|2|2|
4.270    4|6|5|12|14|17|19|19|11|6| 4|10|16|16|21|16|9|7|3|3|
4.271    1|3|9|15|10|15|21|17|14|4| 5|11|18|18|14|13|10|8|5|1|
4.272    2|4|5|12|13|19|16|15|9|2| 2|11|19|20|20|11|10|8|5|3|
4.273    2|4|6|10|16|18|13|16|9|4| 3|11|18|17|18|11|8|6|4|1|
4.274    1|6|4|8|12|15|17|17|14|5| 4|14|15|16|19|13|11|7|3|3|
4.275    2|3|5|13|12|17|16|19|12|3| 4|10|14|18|17|16|10|5|3|3|
4.276    5|4|7|10|13|15|15|17|11|4| 4|9|18|15|17|11|10|5|4|2|
4.277    2|4|9|11|11|17|18|17|13|2| 4|12|20|18|19|12|9|5|4|3|
4.278    3|5|7|11|19|16|15|14|11|4| 6|13|18|17|16|12|9|6|3|4|
4.279    1|8|8|8|15|17|18|15|14|3| 2|13|15|18|16|14|10|8|3|1|
4.280    2|3|6|11|15|17|15|15|10|5| 4|14|19|19|14|13|9|8|5|3|
4.281    2|5|5|10|12|17|20|22|12|4| 5|11|18|14|15|16|10|6|3|2|
4.282    2|4|6|12|13|15|18|14|11|4| 3|16|14|18|17|14|10|6|4|3|
4.283    2|6|8|10|15|18|18|15|12|3| 2|11|15|20|22|16|10|5|4|1|
4.284    3|3|5|12|14|18|19|16|14|5| 5|8|16|20|20|13|12|8|3|2|
4.285    2|4|6|9|15|14|16|18|10|4| 2|12|20|19|20|15|10|6|4|2|
4.286    3|4|8|11|15|20|18|16|13|5| 3|12|18|18|15|13|10|6|3|2|
4.287    1|3|8|7|17|18|18|18|13|4| 5|15|18|21|16|13|9|8|4|2|
4.288    2|2|5|11|16|16|20|14|12|6| 4|11|19|14|17|13|11|9|5|1|
4.289    2|4|6|8|17|16|22|16|13|5| 5|8|18|18|17|13|8|6|3|1|
4.290    3|3|7|10|12|13|19|15|11|5| 6|10|16|20|19|12|9|5|6|4|
4.291    2|4|6|10|13|17|19|22|10|4| 2|10|22|18|15|15|8|7|3|2|
4.292    2|2|7|9|15|16|19|17|10|5| 3|12|15|17|17|13|9|5|3|3|
4.293    2|3|8|10|16|16|21|20|15|4| 3|12|17|17|18|15|9|5|3|1|
4.294    1|6|7|9|13|20|19|18|12|6| 4|13|15|16|18|13|8|8|4|2|
4.295    3|4|6|9|19|16|21|13|13|4| 4|13|20|18|22|15|10|7|3|1|
4.296    3|4|8|10|13|15|19|17|10|4| 3|10|18|20|16|14|11|5|3|2|
4.297    2|5|7|10|14|20|19|14|13|3| 3|12|15|18|17|15|12|4|4|2|
4.297    2|3|7|9|13|16|18|17|10|7| 4|11|15|20|16|15|11|7|4|2|
4.298    1|4|8|13|10|16|20|19|11|5| 4|11|19|19|20|15|9|7|3|2|
4.299    2|3|5|9|12|17|18|17|12|5| 3|12|24|16|19|16|14|7|3|1|
4.300    1|4|5|9|16|17|20|19|12|4| 4|12|19|20|20|19|11|9|3|2|
4.301    3|4|7|10|14|17|19|20|14|6| 4|14|18|15|20|13|13|8|2|2|
4.302    2|4|6|11|14|16|17|14|12|3| 4|14|22|17|16|17|10|8|6|3|
4.303    2|4|7|10|16|15|21|20|13|8| 3|14|15|19|18|14|11|9|4|2|
4.304    2|3|8|10|14|16|17|17|14|4| 6|13|17|18|17|17|10|6|6|2|
4.305    2|4|8|10|17|14|21|23|14|6| 5|13|21|20|17|15|12|6|4|2|
4.306    1|4|8|8|14|17|23|15|13|5| 3|13|17|22|17|12|9|7|4|3|
4.307    3|6|5|12|12|21|18|17|11|4| 4|15|15|18|20|12|8|7|4|2|
4.308    2|4|5|10|15|22|19|17|11|5| 8|13|20|18|16|13|10|6|3|4|
4.309    3|3|6|10|14|17|19|16|12|3| 4|11|19|20|20|18|11|6|6|2|
4.310    2|3|8|7|12|17|19|18|13|4| 5|14|18|18|20|17|12|9|4|4|
4.311    2|6|7|13|13|19|21|19|12|4| 4|11|19|17|19|16|8|5|3|2|
4.312    2|4|6|13|15|16|15|19|15|5| 6|10|17|16|16|14|10|6|5|4|
4.313    3|3|6|8|17|14|18|18|9|5| 5|16|18|20|19|14|10|5|6|2|
4.314    2|5|10|9|15|18|20|16|14|4| 5|12|17|18|17|14|9|5|5|3|
4.315    3|6|5|10|17|16|17|16|10|6| 4|14|21|18|20|15|10|6|5|2|
4.316    2|4|8|10|16|15|19|16|14|4| 5|13|19|18|15|17|9|6|4|2|
4.317    3|4|7|11|14|21|22|17|11|5| 6|13|15|20|19|13|8|7|4|2|
4.318    1|3|6|10|11|20|15|18|14|6| 4|13|18|23|20|15|12|6|3|2|
4.319    3|3|7|11|18|23|18|16|10|2| 4|12|15|19|20|13|9|6|4|1|
4.320    2|5|8|13|18|16|21|17|13|5| 4|15|19|21|18|14|11|7|3|1|
4.321    1|5|8|11|11|23|21|21|14|4| 4|12|21|19|19|18|9|7|5|3|
4.322    2|4|7|15|16|17|14|21|11|5| 5|14|20|19|20|14|10|7|4|2|
4.323    2|2|7|10|11|18|24|18|16|4| 6|12|17|20|21|14|10|7|5|0|
4.324    2|4|6|11|15|22|18|23|13|5| 6|15|15|20|21|16|12|5|3|1|
4.325    4|3|6|10|14|17|20|22|17|4| 6|14|16|23|18|12|13|5|6|1|
4.326    1|5|7|12|14|17|20|21|11|5| 5|14|19|20|17|17|9|9|3|2|
4.327    2|4|9|9|13|17|22|21|11|4| 5|10|19|20|16|15|10|7|4|2|
4.328    3|4|6|12|20|22|23|14|13|4| 3|13|16|21|20|17|11|6|5|2|
4.329    2|4|6|14|15|25|19|21|13|6| 9|14|22|23|20|12|13|8|4|1|
4.330    4|5|8|9|12|19|19|18|15|5| 3|10|17|21|18|16|11|5|4|3|
4.331    1|4|6|10|12|20|24|18|14|5| 4|12|15|19|16|18|10|10|5|3|
4.332    1|4|8|12|11|18|20|18|14|5| 4|14|20|22|19|15|9|7|5|3|
4.333    2|3|6|11|16|14|17|19|13|5| 5|13|21|21|19|13|10|9|5|3|
4.334    3|5|7|12|14|17|20|17|10|3| 5|12|16|20|20|14|16|5|3|2|
4.335    2|3|7|8|12|19|16|17|13|4| 4|13|18|20|20|12|10|7|6|3|
4.336    2|5|9|10|14|20|25|20|13|6| 3|14|18|20|16|13|10|6|6|2|
4.337    3|3|6|11|14|22|19|17|17|6| 5|13|21|20|21|16|10|9|5|1|
4.338    4|3|6|11|17|20|23|16|14|3| 4|9|17|22|18|15|11|9|4|3|
4.339    3|5|7|11|13|20|20|23|13|6| 7|14|20|22|19|15|10|8|4|3|
4.340    3|3|5|11|16|20|19|22|12|4| 5|13|20|22|17|18|9|9|3|2|
4.341    1|4|6|11|15|19|23|21|13|4| 4|13|20|20|19|16|12|9|5|3|
4.342    2|5|7|9|14|20|23|19|13|7| 4|12|20|24|15|17|9|6|3|2|
4.343    3|4|6|10|18|17|17|21|14|4| 6|15|18|22|18|16|11|8|3|3|
4.344    0|7|9|12|14|19|16|22|19|6| 4|15|17|21|20|16|11|8|3|4|
4.345    2|3|10|13|18|21|22|23|13|5| 5|16|19|21|21|17|12|9|4|1|
4.346    2|3|6|15|14|23|24|16|11|4| 3|17|16|19|21|16|10|10|6|4|
4.347    3|5|8|9|13|20|19|19|13|3| 5|9|21|19|19|18|10|7|4|1|
4.348    2|4|8|10|15|16|20|15|16|3| 3|15|18|22|17|14|7|7|3|4|
4.349    4|4|9|13|15|18|21|24|13|5| 5|12|19|23|24|15|12|5|5|3|
4.350    2|5|8|17|20|20|26|20|15|5| 5|13|18|21|20|17|11|8|4|3|
4.351    4|6|4|12|14|16|20|19|12|4| 6|15|16|18|19|14|15|9|3|3|
4.352    2|5|7|12|23|18|24|16|12|6| 7|10|22|22|20|18|10|5|4|3|
4.353    1|3|5|10|19|15|21|16|12|4| 5|9|20|23|19|15|12|8|6|2|
4.354    3|3|6|12|18|19|22|22|13|5| 5|13|20|23|24|14|11|7|2|3|
4.355    4|3|6|12|15|19|20|19|13|4| 6|11|18|20|22|13|10|9|4|2|
4.356    2|5|10|9|17|17|20|19|11|5| 6|11|20|24|18|18|13|8|8|2|
4.357    4|4|5|13|16|19|24|24|14|7| 4|14|16|18|20|18|10|7|5|2|
4.358    2|6|5|8|21|16|24|19|14|8| 5|14|18|25|20|18|12|9|6|3|
4.359    3|3|9|13|15|22|25|20|14|4| 8|12|21|19|19|13|12|6|3|4|
4.360    4|4|9|11|17|23|21|21|16|4| 6|13|17|22|21|14|9|5|5|1|
4.361    2|6|8|11|14|19|20|25|16|7| 6|16|19|22|17|17|15|10|4|3|
4.362    4|5|10|8|19|23|23|21|17|6| 4|15|24|20|19|17|15|9|4|4|
4.363    4|5|8|11|18|19|26|18|15|6| 6|14|20|22|20|18|14|8|6|2|
4.364    3|5|7|12|18|17|24|25|14|6| 4|14|20|20|19|13|11|9|8|2|
4.365    2|4|6|13|13|19|24|17|12|6| 6|11|14|25|19|13|10|10|4|2|
4.366    2|3|7|12|16|24|18|19|17|6| 5|13|17|21|16|16|14|6|6|2|
4.367    3|4|8|10|14|21|20|17|14|5| 3|15|22|22|22|15|8|10|4|2|
4.368    2|3|7|13|20|21|24|18|12|5| 6|13|21|21|20|17|11|6|4|1|
4.369    3|5|8|14|16|18|23|16|11|4| 5|18|19|18|22|16|11|7|4|3|
4.370    3|6|8|14|16|18|23|22|15|5| 6|14|20|22|21|15|11|7|6|2|
4.371    2|3|10|9|19|23|20|21|10|5| 7|18|19|25|19|17|17|8|7|5|
4.372    4|4|8|14|21|22|22|19|12|2| 4|16|23|23|22|15|12|7|3|2|
4.373    3|4|7|9|17|22|21|21|10|7| 5|11|20|21|23|16|10|9|4|2|
4.374    2|6|7|11|15|20|22|20|16|5| 5|16|18|23|15|16|11|9|6|2|
4.375    3|8|9|17|18|22|25|23|16|5| 6|15|20|23|18|15|11|7|6|3|
4.376    2|3|9|15|18|19|25|22|16|4| 5|12|18|21|20|18|15|10|7|3|
4.377    2|6|8|11|18|23|26|20|15|6| 6|16|24|22|24|14|11|10|5|2|
4.378    4|5|11|12|16|25|20|22|13|6| 5|15|19|22|22|15|13|5|3|4|
4.379    3|4|7|14|20|21|22|18|14|6| 4|12|18|20|18|15|10|8|7|3|
4.379    2|6|10|12|20|22|22|21|13|5| 7|11|19|27|22|17|11|10|6|2|
4.380    2|5|8|13|20|19|20|22|14|5| 6|14|17|23|22|15|8|6|4|3|
4.381    1|4|8|13|11|24|21|23|14|5| 5|10|19|22|16|15|10|8|6|3|
4.382    3|6|9|11|17|17|23|21|14|6| 4|16|19|18|21|18|14|10|6|4|
4.383    1|5|8|10|20|19|26|22|15|6| 5|13|21|23|19|16|10|7|4|1|
4.384    3|6|9|14|20|22|20|20|13|5| 5|14|22|24|23|17|11|9|6|3|
4.385    1|6|8|14|21|22|21|25|14|3| 4|12|18|20|23|18|9|10|5|3|
4.386    2|4|8|16|17|20|22|20|14|4| 6|23|22|26|22|22|13|8|7|2|
4.387    2|5|8|13|16|19|26|17|16|5| 5|13|24|20|19|18|14|11|5|3|
4.388    3|8|9|13|16|19|23|16|14|4| 4|16|21|20|23|18|14|10|7|2|
4.389    3|2|7|11|20|21|21|21|19|8| 3|14|24|24|20|17|11|8|5|1|
4.390    2|5|8|13|16|25|20|23|16|5| 5|12|24|23|23|16|10|8|4|2|
4.391    3|4|7|14|18|25|21|18|15|4| 6|16|18|24|19|14|16|6|7|2|
4.392    2|5|10|12|18|22|24|23|18|4| 4|12|20|26|26|20|12|7|5|2|
4.393    3|6|9|10|15|23|26|25|14|4| 6|16|20|26|23|15|17|8|3|4|
4.394    2|7|7|7|19|20|25|17|16|4| 4|17|20|20|17|17|14|9|3|3|
4.395    2|4|10|13|19|23|18|21|16|6| 6|15|20|27|24|17|12|8|7|2|
4.396    3|4|10|11|17|21|26|24|13|5| 8|17|21|22|25|14|13|9|4|4|
4.397    3|7|9|15|15|25|22|24|17|6| 7|14|23|22|25|19|11|5|3|2|
4.398    1|5|10|11|18|25|30|18|14|4| 4|15|25|22|19|17|11|10|6|1|
4.399    2|4|8|12|18|19|24|23|16|4| 7|17|21|22|23|18|12|13|4|2|
4.400    4|5|8|9|18|21|17|24|15|7| 7|13|18|21|20|16|15|11|5|2|
4.401    2|6|10|13|19|18|23|22|14|6| 8|16|18|20|26|16|12|9|7|4|
4.402    1|7|11|13|17|24|22|22|14|4| 4|13|18|26|21|18|11|8|7|3|
4.403    2|3|7|15|17|20|23|20|14|6| 6|16|23|26|20|18|11|7|4|4|
4.404    2|6|4|13|17|23|25|23|13|5| 6|14|23|21|20|17|15|6|6|1|
4.405    3|6|8|15|17|23|25|23|10|5| 5|17|21|22|23|16|16|7|7|3|
4.406    4|6|8|13|18|18|22|24|15|5| 5|9|26|26|24|21|13|8|5|1|
4.407    4|6|10|9|17|19|20|22|17|6| 4|15|18|20|22|20|11|8|5|1|
4.408    3|6|8|11|17|23|23|22|18|6| 6|18|22|23|19|20|12|10|8|2|
4.409    3|6|7|13|17|23|25|22|18|6| 9|14|24|23|20|23|12|10|4|2|
4.410    4|7|10|13|16|22|24|24|15|5| 4|14|21|24|21|20|13|8|5|2|
4.411    4|4|10|13|19|20|25|24|16|5| 5|17|21|25|22|17|13|9|5|3|
4.412    1|4|8|13|17|19|24|18|14|7| 5|13|23|21|21|18|17|10|4|2|
4.413    4|4|10|12|16|23|24|23|14|4| 7|18|24|24|22|17|11|10|6|3|
4.414    4|5|7|11|20|22|26|23|15|4| 4|16|22|26|23|19|14|10|5|3|
4.415    2|4|9|13|19|22|22|20|16|6| 4|15|20|27|23|17|12|8|3|3|
4.416    3|4|10|12|20|24|22|22|17|4| 5|17|25|25|21|15|13|10|4|1|
4.417    3|3|10|12|24|23|27|22|18|3| 6|16|21|24|18|17|14|8|7|2|
4.418    2|5|10|14|18|23|21|19|17|4| 3|17|22|23|24|19|14|11|3|3|
4.419    2|3|12|14|16|22|22|20|17|4| 5|16|20|26|20|19|12|9|5|4|
4.420    2|5|7|14|14|20|27|23|13|5| 7|16|23|24|20|16|14|11|6|2|
4.421    2|7|7|14|20|24|22|21|15|7| 7|19|21|29|25|19|15|7|5|2|
4.422    3|4|7|12|16|25|24|19|14|4| 8|14|23|24|24|17|15|11|6|3|
4.423    2|6|9|16|18|23|24|19|12|5| 4|13|23|23|24|19|12|8|5|3|
4.424    4|7|10|14|17|22|24|23|19|4| 6|18|24|24|23|20|11|9|5|3|
4.425    4|4|9|12|18|23|23|25|16|8| 7|15|21|23|23|22|15|9|5|2|
4.426    2|6|9|11|18|20|29|18|16|4| 5|12|23|22|24|19|17|9|5|3|
4.427    3|5|8|12|22|21|24|28|13|12| 4|22|23|28|24|18|17|6|5|3|
4.428    3|4|8|11|17|24|27|22|13|5| 5|16|19|22|24|17|14|9|5|2|
4.429    3|6|12|17|20|25|21|25|16|6| 5|15|21|23|21|19|13|10|6|3|
4.430    4|6|9|15|21|24|27|23|17|5| 6|14|18|19|27|20|22|10|6|2|
4.431    2|6|11|15|22|22|22|25|13|5| 4|14|24|31|23|16|10|10|5|3|
4.432    4|5|11|14|21|25|28|22|14|6| 5|17|22|25|21|19|15|11|5|2|
4.433    2|5|10|11|22|21|25|19|15|6| 5|14|25|24|23|17|14|7|5|3|
4.434    4|8|9|12|16|22|23|24|18|6| 7|16|25|23|21|20|12|11|6|2|
4.435    2|6|9|13|18|25|25|20|14|9| 5|19|21|24|24|18|11|9|6|2|
4.436    3|4|10|14|20|23|24|25|13|6| 7|17|24|27|22|20|13|10|6|4|
4.437    3|3|8|12|21|21|26|21|16|5| 8|14|28|22|21|17|13|11|5|3|
4.438    4|5|9|15|16|28|25|25|16|5| 5|16|29|20|27|21|17|8|5|4|
4.439    4|7|8|17|19|22|27|24|15|5| 7|16|18|30|26|18|15|11|5|3|
4.440    5|4|9|17|22|20|25|22|16|6| 6|15|28|29|23|18|12|8|7|3|
4.441    3|7|10|18|16|26|22|24|16|6| 6|16|20|31|27|25|16|8|6|3|
4.442    2|5|10|11|20|19|23|20|14|6| 5|14|25|25|21|22|14|8|4|3|
4.443    4|5|11|14|21|22|25|21|14|5| 5|15|29|25|27|21|15|11|8|3|
4.444    1|7|7|15|21|29|28|26|18|6| 3|17|23|27|23|17|15|11|6|3|
4.445    3|7|10|15|21|27|23|23|12|7| 6|16|25|23|20|20|17|6|6|3|
4.446    2|7|8|12|20|17|27|21|18|6| 7|15|22|23|20|22|12|8|7|6|
4.447    5|4|9|13|19|26|25|24|18|5| 7|17|26|25|25|22|15|10|7|3|
4.448    5|6|9|16|21|27|25|25|14|5| 6|15|22|25|22|23|12|7|5|2|
4.449    4|5|9|13|20|28|28|26|18|7| 5|16|26|19|23|20|16|11|4|3|
4.450    4|7|8|16|18|25|27|26|15|4| 6|15|21|30|24|20|17|7|5|4|
4.451    2|5|10|13|17|21|27|27|18|7| 6|19|23|27|22|23|13|10|6|2|
4.452    4|5|10|16|20|23|23|22|18|5| 7|15|20|27|19|19|15|7|6|2|
4.453    5|5|9|14|19|25|24|23|21|5| 4|16|26|23|24|17|10|10|5|3|
4.454    3|8|10|18|19|25|24|22|18|5| 5|18|22|26|27|23|15|11|6|3|
4.455    3|6|11|15|20|24|20|25|19|10| 6|17|22|30|22|22|13|5|4|2|
4.456    3|4|13|17|20|25|25|26|16|8| 6|19|25|27|27|21|13|10|5|2|
4.457    3|5|11|16|19|24|30|29|16|6| 6|18|28|29|31|21|15|12|5|3|
4.458    2|7|11|16|21|25|27|22|13|4| 4|17|28|23|28|21|15|11|5|3|
4.459    3|6|8|14|19|24|27|23|20|4| 8|19|24|31|26|22|14|9|6|5|
4.460    4|6|10|16|23|24|27|27|18|6| 6|13|21|27|20|21|14|8|6|3|
4.461    2|6|8|14|18|26|28|22|17|5| 7|15|27|23|27|19|15|8|9|3|
4.462    3|9|11|20|17|24|27|22|17|9| 7|21|27|28|24|24|17|7|4|2|
4.462    4|5|12|14|19|21|28|28|16|5| 7|13|30|26|26|18|10|8|8|3|
4.463    3|3|8|15|23|26|28|25|22|5| 7|16|22|26|25|19|15|10|7|2|
4.464    2|5|11|13|20|22|28|24|14|8| 5|20|24|26|27|20|17|11|5|3|
4.465    4|6|11|16|18|22|29|25|19|7| 7|14|25|29|25|21|20|9|5|3|
4.466    3|5|12|14|21|25|27|22|17|5| 7|14|22|27|25|19|15|11|7|2|
4.467    3|6|10|15|27|27|26|24|21|7| 9|18|16|26|24|21|17|12|6|3|
4.468    3|7|10|15|16|24|23|25|17|7| 8|17|25|28|26|22|20|9|5|2|
4.469    4|6|8|18|22|27|30|23|19|7| 4|23|26|23|23|26|15|11|7|3|
4.470    4|7|9|13|20|24|33|23|19|5| 5|15|24|24|24|18|16|10|6|3|
4.471    4|4|11|15|17|26|27|23|20|8| 5|16|24|30|30|21|13|11|5|5|
4.472    2|6|11|15|18|27|26|23|18|8| 6|13|28|28|27|19|18|9|5|3|
4.473    5|5|11|14|20|29|27|21|16|7| 6|21|24|30|26|24|14|9|4|4|
4.474    4|6|7|18|20|21|23|23|20|5| 5|14|29|27|24|24|13|10|5|3|
4.475    2|8|10|17|24|25|24|23|16|7| 5|18|24|27|25|19|16|8|6|3|
4.476    3|6|11|14|23|26|22|27|17|9| 6|15|27|24|25|17|12|12|6|4|
4.477    4|6|10|10|19|27|30|28|16|4| 6|16|24|23|27|22|14|11|6|3|
4.478    2|7|9|16|17|22|25|27|18|6| 6|17|23|21|28|18|14|11|6|3|
4.479    2|4|11|17|21|24|30|28|14|8| 8|17|29|29|28|21|16|11|5|2|
4.480    3|7|14|13|20|26|28|22|20|7| 7|18|28|29|27|21|16|7|4|3|
4.481    4|6|8|20|23|26|27|25|19|8| 7|18|21|26|29|23|15|13|5|2|
4.482    3|7|10|14|26|27|27|21|19|4| 8|17|28|29|24|18|17|10|7|3|
4.483    2|6|9|15|19|26|23|25|19|6| 5|18|23|33|30|22|14|11|7|2|
4.484    5|5|10|17|22|26|28|27|19|7| 5|13|24|28|24|22|16|11|8|2|
4.485    3|7|11|14|27|25|29|27|16|6| 7|18|27|27|27|21|15|10|9|3|
4.486    3|8|8|13|22|27|22|24|16|7| 6|16|31|33|22|22|17|10|9|2|
4.487    3|7|11|13|19|27|28|26|18|5| 5|23|27|29|24|22|13|8|7|4|
4.488    3|7|8|16|25|22|28|29|17|8| 8|19|21|28|24|23|18|7|7|3|
4.489    4|4|9|14|18|28|29|29|21|8| 8|15|24|30|25|24|15|11|5|3|
4.490    3|7|10|17|17|32|25|27|18|5| 7|19|22|25|26|24|15|12|6|3|
4.491    4|5|12|13|27|26|28|27|19|8| 7|18|23|29|28|24|13|10|4|3|
4.492    5|4|9|11|20|27|27|24|18|5| 8|16|25|34|29|21|12|8|9|4|
4.493    3|6|10|18|26|23|32|23|18|5| 5|19|26|23|25|19|15|11|6|4|
4.494    3|6|9|15|23|28|35|29|21|6| 7|16|21|27|23|21|17|9|5|5|
4.495    4|7|11|14|25|27|37|29|18|8| 6|18|21|26|29|22|16|9|6|4|
4.496    2|6|10|15|19|27|33|26|20|6| 5|19|24|27|29|21|15|10|6|2|
4.497    4|7|11|16|19|23|27|28|16|6| 6|21|27|31|30|22|17|9|4|2|
4.498    3|5|13|17|19|26|24|27|25|5| 7|20|21|24|27|20|15|12|4|3|
4.499    2|4|12|18|19|29|25|23|18|7| 7|19|30|29|29|19|14|13|6|3|
4.500    2|5|12|15|18|24|27|29|18|7| 8|22|28|32|27|20|12|10|8|5|
4.501    4|6|11|16|22|26|29|26|19|7| 5|17|22|29|25|21|22|11|5|2|
4.502    1|7|7|15|18|30|25|30|17|10| 7|15|26|31|30|25|15|12|7|4|
4.503    4|6|10|16|23|28|28|23|21|8| 8|21|30|29|26|19|15|13|8|4|
4.504    3|6|8|15|18|27|28|29|20|5| 4|19|24|31|31|20|17|12|5|2|
4.505    4|8|13|15|26|25|32|29|20|9| 6|15|27|33|24|20|13|10|8|4|
4.506    2|7|8|15|26|25|30|31|21|7| 8|17|26|25|27|18|20|15|5|5|
4.507    2|6|9|15|20|29|27|25|18|6| 5|18|25|32|31|20|18|9|6|3|
4.508    3|7|7|17|25|28|27|27|17|8| 8|19|27|31|30|23|16|9|5|2|
4.509    4|5|10|14|21|26|24|30|16|7| 6|20|29|28|27|24|15|12|7|3|
4.510    3|7|7|19|19|24|34|31|14|6| 7|16|26|28|26|21|16|9|6|7|
4.511    2|6|10|17|23|25|28|27|14|5| 8|17|26|29|22|21|19|10|5|4|
4.512    2|5|11|13|26|24|27|32|19|7| 6|20|27|31|24|20|19|11|8|4|
4.513    3|7|10|22|26|28|30|24|19|6| 7|20|29|25|28|21|16|10|7|5|
4.514    3|6|11|16|24|32|29|27|22|7| 6|15|30|25|30|22|14|9|7|4|
4.515    4|10|9|15|24|28|26|23|18|5| 10|17|24|32|28|24|16|10|8|4|
4.516    2|4|10|17|24|24|28|23|17|9| 6|18|26|25|27|27|19|13|6|3|
4.517    4|7|10|16|19|25|30|25|21|6| 9|16|29|33|26|25|18|10|5|3|
4.518    3|6|11|18|22|26|31|27|19|8| 6|17|28|33|30|24|15|11|5|4|
4.519    4|10|9|17|21|27|32|25|21|7| 7|20|28|38|23|21|13|13|7|2|
4.520    3|8|14|17|23|29|31|28|21|8| 8|18|29|28|25|24|17|12|6|4|
4.521    3|8|13|18|25|26|30|27|18|6| 6|22|26|31|26|29|15|13|10|4|
4.522    3|7|13|18|23|36|31|26|20|9| 7|16|24|28|25|21|20|11|7|4|
4.523    3|7|12|20|18|23|25|32|18|6| 8|17|28|29|26|21|15|12|7|5|
4.524    5|5|11|15|22|29|31|26|19|6| 6|17|35|22|30|24|15|11|5|4|
4.525    4|5|15|15|19|32|27|28|18|8| 7|17|23|31|29|30|17|13|8|3|
4.526    4|6|11|17|25|27|29|23|15|7| 7|20|24|28|32|24|22|12|8|3|
4.527    4|7|11|18|28|25|31|26|20|7| 6|24|27|30|28|21|18|11|6|3|
4.528    2|5|13|21|22|29|27|29|18|6| 7|16|29|36|31|18|19|10|4|5|
4.529    5|8|10|19|24|29|28|28|22|8| 7|21|28|34|31|20|18|14|6|7|
4.530    2|7|12|17|25|33|26|29|18|7| 6|18|22|27|31|21|17|11|4|3|
4.531    3|7|10|15|18|26|30|30|21|5| 8|17|33|29|31|25|15|9|7|4|
4.532    2|7|11|14|25|34|32|29|22|10| 10|16|32|31|29|22|23|11|4|5|
4.533    4|8|9|19|27|26|29|30|21|7| 7|23|27|30|23|24|15|15|7|2|
4.534    3|5|11|18|22|25|32|29|20|8| 7|23|28|34|29|20|17|14|8|3|
4.535    4|7|14|14|23|30|29|24|21|6| 7|19|27|34|31|22|18|9|7|2|
4.536    3|6|12|17|24|28|34|28|20|9| 7|19|31|35|28|24|20|11|7|4|
4.537    3|6|13|18|23|28|29|21|18|8| 6|19|31|28|31|20|15|11|6|2|
4.538    3|7|11|17|23|30|27|30|26|7| 10|20|33|26|30|27|19|10|6|4|
4.539    3|7|8|16|29|29|29|31|18|6| 5|19|29|31|28|21|18|14|5|3|
4.540    3|7|14|17|25|32|38|26|19|10| 8|21|25|34|29|27|18|11|5|7|
4.541    2|7|13|20|24|29|37|29|18|7| 6|20|25|34|28|24|16|12|6|4|
4.542    3|5|8|19|24|32|32|29|17|6| 7|21|29|30|25|24|18|12|8|3|
4.543    2|8|17|19|22|30|29|30|19|5| 8|15|31|31|26|22|18|11|8|4|
4.544    4|6|12|16|27|37|28|27|21|9| 7|20|29|26|28|22|16|12|6|3|
4.545    4|5|13|19|30|25|31|26|16|7| 9|22|27|32|29|24|18|9|8|3|
4.545    3|8|9|14|28|34|32|29|23|7| 8|22|30|28|26|20|14|12|7|2|
4.546    4|6|10|17|22|29|29|26|14|6| 8|20|27|27|32|21|20|14|9|3|
4.547    4|6|10|16|23|30|30|31|23|7| 8|21|27|26|36|25|15|12|7|4|
4.548    4|7|14|14|22|28|36|32|22|6| 8|19|31|37|30|23|19|13|6|6|
4.549    4|7|9|22|24|30|30|22|20|8| 7|20|29|32|30|25|20|13|7|4|
4.550    8|8|9|22|25|28|26|28|16|9| 7|19|27|31|33|27|19|9|4|6|
4.551    3|8|15|17|21|24|32|25|17|7| 8|18|28|32|29|24|21|10|8|6|
4.552    3|5|12|20|26|29|28|25|24|9| 6|21|32|34|28|24|21|14|7|4|
4.553    4|9|14|18|17|30|33|22|21|7| 6|22|29|32|26|23|20|10|7|4|
4.554    4|7|13|17|20|30|34|23|20|6| 7|17|30|33|31|23|16|14|12|5|
4.555    5|7|10|19|23|29|33|34|20|6| 5|18|25|28|29|28|16|13|6|4|
4.556    4|5|12|17|27|30|30|29|16|7| 7|19|28|35|30|22|19|11|6|4|
4.557    3|7|11|16|21|30|35|28|23|6| 6|23|31|35|32|30|17|11|7|5|
4.558    3|7|11|21|23|25|35|25|25|7| 8|19|28|36|30|28|16|16|8|4|
4.559    4|7|12|17|22|31|36|27|22|10| 7|20|31|34|31|17|17|10|6|4|
4.560    2|8|13|19|21|33|37|31|24|8| 7|19|23|32|26|23|20|12|5|4|
4.561    6|7|10|17|25|34|28|27|20|7| 8|19|28|33|30|24|20|11|9|5|
4.562    4|6|13|22|26|29|32|29|18|6| 7|23|27|31|31|28|15|12|7|3|
4.563    5|8|15|19|26|33|35|29|20|8| 8|24|34|37|34|27|19|12|5|4|
4.564    5|6|15|19|27|30|33|28|17|7| 8|19|25|30|27|24|19|9|7|4|
4.565    4|7|13|19|28|31|31|31|20|7| 9|18|30|35|33|25|23|15|6|4|
4.566    4|5|12|17|25|31|33|28|20|6| 8|19|28|34|29|27|20|14|8|5|
4.567    3|6|17|17|24|30|32|31|23|8| 8|23|29|33|28|24|18|11|5|4|
4.568    4|8|10|19|22|33|35|29|27|9| 5|26|32|34|27|27|20|12|10|4|
4.569    5|6|11|19|27|37|31|26|20|8| 7|21|26|34|27|25|21|10|7|5|
4.570    3|6|11|21|21|31|33|32|17|8| 10|18|30|39|27|22|21|14|5|3|
4.571    5|7|14|17|26|28|33|27|21|5| 8|21|32|33|32|23|20|14|6|4|
4.572    7|7|10|13|27|36|34|31|19|8| 8|23|29|40|38|24|21|11|6|3|
4.573    5|8|11|19|27|28|33|28|23|9| 7|20|33|35|32|25|19|12|5|1|
4.574    3|4|11|19|29|29|35|32|21|10| 7|23|36|31|28|25|21|14|5|5|
4.575    4|6|13|16|25|32|38|34|24|8| 8|22|29|32|31|26|22|11|6|3|
4.576    4|9|13|17|24|32|42|28|22|10| 7|25|31|28|32|25|20|10|7|5|
4.577    5|7|11|17|26|27|31|32|25|7| 7|23|34|36|32|20|16|17|8|4|
4.578    7|9|19|19|24|31|32|29|22|7| 7|24|35|36|35|32|15|8|4|5|
4.579    3|6|11|21|27|23|37|30|19|6| 7|20|28|36|33|27|14|15|6|3|
4.580    3|9|13|24|26|32|37|28|25|8| 7|21|33|34|35|24|17|15|9|3|
4.581    4|8|9|24|27|28|33|33|19|6| 8|21|31|32|31|29|21|16|9|6|
4.582    4|8|8|21|26|29|33|33|24|9| 8|23|36|35|27|24|18|12|8|4|
4.583    5|9|11|21|24|32|36|33|20|9| 9|24|31|37|30|28|20|16|5|5|
4.584    4|12|14|20|27|32|32|33|19|8| 6|19|30|34|33|24|16|11|9|5|
4.585    5|6|11|18|27|30|34|31|21|7| 8|21|31|31|30|27|20|14|10|4|
4.586    4|8|15|25|23|34|30|29|21|10| 8|25|31|37|34|23|18|13|7|5|
4.587    3|10|16|19|26|33|35|29|24|6| 8|22|31|30|32|28|19|11|6|5|
4.588    5|7|11|19|26|27|36|33|19|6| 8|20|33|33|36|29|19|11|5|7|
4.589    4|8|12|22|24|31|37|29|20|9| 11|20|30|37|26|23|17|10|8|4|
4.590    3|7|11|19|27|36|36|29|21|5| 8|21|30|37|31|25|18|12|10|4|
4.591    5|7|15|16|24|38|37|32|26|5| 6|24|29|35|32|30|23|15|7|4|
4.592    6|7|15|17|24|35|39|30|22|8| 8|23|30|33|29|24|17|15|6|5|
4.593    4|10|11|19|23|32|31|27|18|9| 9|21|33|36|35|23|18|13|9|5|
4.594    3|9|13|19|28|31|28|34|23|5| 8|21|26|34|25|28|19|10|9|2|
4.595    4|9|13|20|28|34|30|34|24|10| 9|23|33|31|32|28|20|15|7|3|
4.596    5|9|13|15|25|33|34|29|24|8| 7|20|38|31|35|26|22|15|8|6|
4.597    6|8|14|21|24|33|38|33|25|9| 5|23|30|37|32|22|21|13|9|7|
4.598    4|7|11|18|25|33|37|31|22|5| 5|22|33|38|32|29|17|13|8|4|
4.599    4|6|11|19|28|36|37|35|22|8| 7|22|29|35|33|26|19|14|10|3|
4.600    3|7|12|21|25|28|33|34|22|8| 10|24|29|35|36|26|19|15|9|4|
4.601    4|7|11|21|27|41|30|40|20|5| 5|20|28|35|30|24|24|9|7|5|
4.602    5|8|10|24|23|35|33|32|22|8| 7|22|34|34|34|25|25|13|6|1|
4.603    2|9|14|22|31|39|39|29|20|6| 7|22|29|33|27|28|21|11|10|4|
4.604    5|11|14|19|23|37|36|28|22|10| 7|25|31|41|32|27|20|12|7|6|
4.605    4|11|11|21|27|33|33|29|20|5| 6|22|36|33|29|27|24|12|7|4|
4.606    3|10|15|16|25|32|41|34|21|10| 9|20|33|35|33|27|19|13|6|4|
4.607    3|7|12|18|25|33|36|26|24|9| 7|20|36|33|34|32|18|12|9|5|
4.608    5|5|14|22|29|31|34|37|26|10| 9|18|31|36|31|24|17|10|8|3|
4.609    4|9|11|23|27|35|39|31|22|7| 9|25|32|35|42|28|20|15|5|5|
4.610    6|6|11|22|28|38|40|32|23|4| 8|21|35|34|33|31|22|12|9|5|
4.611    5|9|16|20|28|37|31|31|24|7| 8|20|36|33|36|28|20|16|9|3|
4.612    3|10|12|23|30|34|41|26|18|10| 7|25|34|39|36|28|21|15|7|5|
4.613    4|7|12|20|26|34|34|34|18|8| 8|24|31|37|37|28|18|10|7|6|
4.614    3|7|15|19|28|35|39|31|19|7| 11|25|38|33|32|23|19|15|10|3|
4.615    3|7|17|23|32|28|30|30|19|6| 10|25|29|36|31|31|22|16|9|5|
4.616    2|8|14|19|26|40|37|30|24|7| 10|21|31|34|33|27|16|15|9|4|
4.617    5|7|13|21|27|37|36|34|19|6| 9|18|36|35|39|33|17|13|7|5|
4.618    3|7|13|22|29|36|30|30|22|8| 8|21|32|40|39|23|18|13|8|5|
4.619    3|9|12|22|25|35|33|37|23|11| 11|18|32|33|37|27|20|15|11|5|
4.620    4|8|10|20|21|37|35|30|23|10| 6|21|37|39|35|33|22|13|8|4|
4.621    6|8|16|19|28|35|36|30|23|7| 6|22|36|38|32|25|21|12|6|5|
4.622    5|7|15|23|31|33|33|32|25|9| 8|23|36|36|32|27|21|21|8|6|
4.623    5|5|16|18|34|34|36|35|22|8| 9|29|32|38|35|29|24|17|7|7|
4.624    3|11|13|20|29|34|37|31|29|7| 8|26|34|40|37|26|23|14|10|3|
4.625    5|8|12|21|27|35|32|34|25|10| 8|21|32|36|32|27|22|14|9|6|
4.626    3|7|15|20|28|39|32|27|23|8| 7|24|35|41|31|31|17|13|11|5|
4.627    5|8|12|23|29|33|36|35|27|8| 8|20|29|31|35|29|17|16|8|5|
4.627    3|7|10|21|33|39|33|38|28|9| 11|21|37|39|31|27|17|12|10|5|
4.628    5|8|13|26|32|35|35|35|24|11| 8|24|31|34|31|27|19|14|9|4|
4.629    6|9|16|21|28|34|39|33|22|8| 8|26|33|35|38|26|21|14|9|5|
4.630    6|9|13|21|29|35|38|38|26|8| 10|22|38|38|35|32|26|13|7|4|
4.631    4|9|13|19|25|32|32|30|27|6| 8|28|37|33|30|35|22|15|8|4|
4.632    5|6|14|21|28|27|41|34|25|12| 10|24|33|34|33|29|21|17|5|3|
4.633    5|6|16|23|33|32|38|33|24|7| 10|22|34|33|36|28|23|12|8|6|
4.634    3|12|15|16|30|31|35|34|24|9| 8|25|36|44|40|32|25|14|11|4|
4.635    5|7|16|21|27|41|32|30|22|9| 7|24|35|34|37|29|21|15|6|6|
4.636    4|8|13|21|32|35|35|35|24|9| 10|29|35|34|40|29|25|14|8|7|
4.637    5|8|17|21|30|33|36|36|22|8| 8|30|32|39|35|27|20|14|7|5|
4.638    3|8|15|20|31|39|39|38|27|6| 8|19|35|39|36|31|18|12|9|4|
4.639    4|8|15|23|24|37|41|33|24|8| 11|21|33|35|35|31|21|18|9|6|
4.640    6|8|16|19|29|39|38|41|22|8| 6|24|30|38|31|30|21|10|8|4|
4.641    5|10|15|20|24|34|40|31|28|10| 8|27|36|37|32|27|19|14|8|3|
4.642    5|7|17|17|28|32|40|32|24|6| 8|29|29|32|39|35|23|21|8|4|
4.643    5|10|14|23|26|40|43|33|19|8| 8|24|36|36|41|32|20|14|8|4|
4.644    6|10|15|21|35|35|43|34|24|9| 7|26|38|37|39|29|21|14|8|5|
4.645    6|10|15|23|33|33|44|33|27|9| 9|23|40|40|36|30|22|14|9|7|
4.646    6|8|15|20|25|35|40|32|22|9| 10|23|36|38|34|27|27|15|7|5|
4.647    6|9|12|22|30|38|48|39|20|9| 9|29|34|41|43|29|25|16|8|5|
4.648    4|9|14|17|31|40|38|39|20|8| 6|24|40|35|40|28|24|15|7|5|
4.649    5|8|14|25|27|37|39|36|28|9| 10|24|41|38|34|32|20|16|9|4|
4.650    5|9|13|23|26|39|39|28|25|10| 9|22|41|41|35|26|21|14|9|4|
4.651    5|8|11|26|26|40|37|34|28|7| 9|26|31|38|30|27|21|16|8|3|
4.652    6|10|13|26|33|38|33|34|21|10| 12|25|36|40|35|31|26|15|10|5|
4.653    5|6|12|20|26|36|37|33|22|7| 9|24|38|39|38|29|25|20|10|4|
4.654    5|13|13|21|26|37|42|30|27|9| 10|21|37|35|31|29|24|14|8|5|
4.655    4|7|15|20|29|37|38|40|26|8| 6|21|39|48|36|30|20|15|10|3|
4.656    4|9|15|20|31|35|36|36|25|7| 11|24|33|37|32|32|20|15|9|6|
4.657    5|11|16|21|33|41|40|39|23|9| 9|24|40|36|38|36|21|13|10|6|
4.658    5|10|11|23|30|41|37|37|25|8| 10|25|33|45|41|29|21|13|9|5|
4.659    4|7|15|24|28|39|40|33|23|11| 6|25|35|43|41|28|25|12|9|5|
4.660    4|8|15|24|32|40|39|32|27|6| 10|24|37|40|34|27|26|17|9|5|
4.661    6|8|12|25|27|40|38|40|26|8| 8|27|31|42|41|36|21|16|12|5|
4.662    3|10|14|24|30|35|34|39|32|9| 8|24|36|37|36|29|23|12|7|6|
4.663    6|11|16|24|31|37|33|35|21|8| 11|24|38|37|39|30|19|15|8|6|
4.664    5|8|13|25|32|38|45|38|21|9| 7|25|36|37|42|28|23|12|10|6|
4.665    3|7|15|23|31|38|35|37|23|7| 8|24|35|37|38|29|22|15|8|4|
4.666    5|7|15|26|30|35|37|41|24|9| 11|28|34|40|35|31|20|14|9|6|
4.667    6|9|17|23|32|38|36|40|29|10| 10|27|37|38|36|35|22|12|11|4|
4.668    6|7|14|25|30|40|40|38|24|9| 8|27|37|38|36|29|22|15|12|4|
4.669    7|8|19|20|33|44|44|36|24|9| 9|24|38|36|43|37|26|14|10|5|
4.670    4|9|14|19|35|44|39|35|29|8| 8|28|36|37|40|29|24|16|10|4|
4.671    4|9|12|18|34|40|35|36|26|10| 7|27|40|40|42|32|24|12|9|5|
4.672    6|8|21|26|29|34|46|38|31|9| 10|27|38|34|39|26|20|16|11|6|
4.673    5|12|20|21|31|42|41|34|28|10| 9|23|34|40|35|31|21|15|10|4|
4.674    5|8|15|21|24|37|36|34|26|10| 9|25|36|38|34|32|24|19|14|3|
4.675    4|9|13|22|31|35|45|34|26|10| 9|30|38|42|41|27|21|13|9|8|
4.676    8|7|18|20|33|39|41|41|29|7| 8|26|35|37|34|31|20|16|7|4|
4.677    10|8|15|30|34|39|40|32|24|10| 13|25|41|46|52|33|21|16|9|3|
4.678    6|10|16|25|32|37|42|31|25|10| 8|27|36|38|39|30|19|16|7|6|
4.679    4|11|17|24|33|38|44|40|35|9| 9|27|36|41|39|34|24|16|10|5|
4.680    7|12|17|25|26|41|43|36|27|10| 12|22|32|39|37|26|24|13|9|4|
4.681    4|8|18|22|35|42|42|46|27|10| 11|27|34|42|38|32|23|16|10|5|
4.682    7|10|15|21|36|38|42|34|28|12| 8|29|32|38|37|27|21|17|11|4|
4.683    6|6|13|27|30|42|42|43|25|12| 7|26|36|44|36|37|24|17|10|6|
4.684    8|11|17|24|28|37|38|43|26|8| 7|25|37|36|40|39|19|14|9|7|
4.685    4|10|14|25|31|36|38|44|25|14| 8|23|37|43|35|29|27|15|10|6|
4.686    4|11|14|23|34|36|40|34|22|8| 11|26|44|41|42|31|27|17|9|4|
4.687    7|10|15|25|33|37|45|48|27|10| 10|24|37|41|36|38|22|18|15|6|
4.688    7|11|19|21|34|35|44|39|27|11| 8|30|33|43|45|34|28|9|7|5|
4.689    7|9|14|29|31|41|47|39|27|10| 12|23|38|40|39|35|23|16|9|7|
4.690    6|11|14|18|31|35|39|36|27|10| 11|26|41|38|39|33|24|18|10|5|
4.691    5|10|14|22|36|39|44|36|29|10| 10|26|46|42|45|31|23|12|10|5|
4.692    6|12|14|25|30|39|38|39|31|11| 10|26|41|43|41|34|28|16|11|5|
4.693    4|10|13|26|35|42|41|41|25|12| 13|25|42|45|37|35|23|15|5|6|
4.694    6|7|16|24|33|39|43|40|31|10| 9|32|34|40|41|32|25|15|8|5|
4.695    7|8|17|28|32|38|40|37|31|8| 8|24|41|42|36|30|25|15|9|4|
4.696    3|9|17|22|35|37|45|35|21|10| 9|26|35|40|47|35|23|16|11|4|
4.697    6|8|12|26|31|34|51|40|24|8| 10|26|38|40|42|33|25|16|12|4|
4.698    6|10|15|21|33|42|49|37|27|11| 12|24|37|44|34|31|24|16|10|7|
4.699    5|9|17|20|34|47|38|38|29|8| 10|23|31|40|39|32|29|17|10|7|
4.700    4|8|17|22|30|41|42|38|26|8| 10|32|39|40|38|33|23|14|11|7|
4.701    4|8|12|24|38|42|39|40|34|11| 10|26|44|45|41|28|26|14|7|6|
4.702    5|9|18|21|36|40|41|42|28|10| 10|29|43|37|41|31|24|18|7|6|
4.703    6|12|14|20|31|42|40|43|30|8| 11|30|36|43|39|30|24|18|11|7|
4.704    5|10|17|23|37|41|44|38|25|9| 12|25|40|41|45|37|24|14|9|3|
4.705    5|7|16|21|29|41|43|42|26|9| 11|26|41|43|37|33|29|17|9|5|
4.706    4|10|17|27|36|40|37|43|23|11| 12|27|43|46|38|35|24|18|12|6|
4.707    5|10|18|29|32|37|43|40|27|10| 12|28|36|46|36|34|22|16|11|6|
4.708    8|9|17|26|31|39|42|38|27|10| 13|26|41|45|46|35|23|17|9|4|
4.709    5|6|18|25|33|36|46|39|24|10| 11|24|43|41|33|31|28|18|7|6|
4.710    4|10|16|21|33|42|39|42|29|10| 9|25|36|35|39|33|23|17|10|3|
4.710    8|9|14|26|28|42|47|43|29|12| 13|28|37|50|41|32|25|14|8|5|
4.711    5|9|17|24|35|50|40|38|31|13| 9|29|39|50|37|30|26|16|10|5|
4.712    4|9|18|24|35|40|41|35|26|9| 10|28|41|44|39|35|26|18|10|7|
4.713    5|10|17|25|33|46|44|35|26|10| 10|32|42|45|44|32|25|15|13|4|
4.714    4|11|13|24|34|39|46|48|34|8| 9|22|38|41|41|37|23|18|11|4|
4.715    4|9|17|27|35|41|46|38|30|9| 10|29|42|39|43|34|27|16|10|3|
4.716    6|11|20|22|40|41|42|41|29|9| 12|31|44|40|41|32|23|12|12|5|
4.717    5|13|16|25|36|45|53|40|29|8| 11|27|37|44|41|37|24|15|9|4|
4.718    8|9|14|27|27|39|44|41|30|13| 9|26|39|46|45|33|21|15|10|6|
4.719    5|9|17|24|31|39|43|35|28|8| 8|26|37|38|41|35|24|22|8|6|
4.720    8|10|19|26|37|49|47|42|30|10| 8|21|43|46|43|37|29|16|10|6|
4.721    6|11|16|24|36|42|42|41|32|9| 11|27|37|47|39|31|27|18|10|6|
4.722    6|12|18|25|39|42|50|45|30|11| 9|26|43|47|39|35|32|18|11|5|
4.723    7|12|18|22|37|37|43|38|28|10| 11|26|43|44|41|41|31|18|10|7|
4.724    5|9|17|29|30|47|49|39|26|12| 10|27|34|42|38|34|23|15|10|6|
4.725    4|11|18|29|33|44|46|41|31|8| 7|31|39|42|40|34|27|21|9|6|
4.726    6|9|13|26|39|45|46|46|30|9| 11|31|43|45|40|39|27|17|11|5|
4.727    5|8|15|26|33|43|46|39|26|9| 8|26|40|47|39|35|21|15|10|4|
4.728    4|8|18|26|30|39|46|42|27|9| 12|27|42|46|40|35|26|15|7|6|
4.729    5|14|17|32|32|38|43|40|32|12| 10|29|39|43|39|36|27|16|8|5|
4.730    6|10|17|27|38|43|47|43|27|13| 13|27|42|44|47|38|24|16|11|5|
4.731    4|10|19|24|33|49|46|42|26|12| 13|34|37|46|39|33|25|15|7|4|
4.732    7|7|18|27|37|45|46|36|31|10| 11|26|40|41|43|41|27|15|9|6|
4.733    7|12|17|25|36|40|48|37|34|9| 11|26|47|42|39|37|26|19|10|5|
4.734    5|13|18|25|36|46|51|45|30|12| 9|32|43|49|45|31|23|17|10|5|
4.735    6|8|17|23|37|41|46|38|31|11| 13|30|40|47|40|38|22|21|10|6|
4.736    3|11|16|26|34|38|44|46|28|13| 13|28|48|56|48|37|27|14|9|6|
4.737    6|12|17|24|38|52|45|41|32|9| 12|30|41|46|52|33|25|21|10|6|
4.738    5|10|17|30|34|43|41|47|32|11| 10|34|48|50|38|32|28|21|13|5|
4.739    4|12|22|24|36|45|50|45|32|13| 8|31|46|44|44|33|29|18|10|7|
4.740    7|11|19|27|40|48|49|45|27|7| 12|29|39|53|48|30|27|22|12|6|
4.741    7|15|17|27|37|43|46|42|26|11| 11|27|38|43|38|30|22|18|12|4|
4.742    7|12|18|24|36|36|49|41|28|8| 12|27|39|47|42|41|24|20|13|5|
4.743    5|15|20|29|33|37|51|37|34|14| 12|33|47|47|40|28|23|17|12|6|
4.744    5|13|18|31|36|43|45|48|29|11| 14|32|43|49|39|34|23|19|11|7|
4.745    7|10|17|28|35|49|50|42|29|12| 9|29|36|43|43|36|24|20|11|7|
4.746    7|10|18|20|30|42|42|37|31|10| 10|27|43|48|47|36|27|20|9|6|
4.747    6|9|19|31|36|50|44|47|29|11| 8|33|42|45|43|40|28|17|11|7|
4.748    4|10|16|25|39|44|46|39|28|15| 12|32|47|48|44|35|30|16|11|4|
4.749    8|13|17|30|38|41|55|44|31|11| 8|33|40|48|41|40|26|17|14|4|
4.750    9|11|15|28|34|44|49|45|31|11| 8|31|44|44|43|33|26|18|11|7|
4.751    8|9|16|25|37|49|50|42|38|13| 12|29|42|41|43|37|24|21|12|3|
4.752    7|11|17|26|35|46|45|42|27|9| 12|33|45|40|46|37|29|21|12|5|
4.753    6|11|18|25|40|47|55|36|24|12| 11|35|40|48|47|35|26|14|8|6|
4.754    6|12|18|22|37|48|38|38|27|11| 11|28|48|50|49|36|28|18|12|8|
4.755    7|12|18|24|40|36|51|44|30|9| 8|32|42|44|46|40|29|16|14|7|
4.756    4|10|20|25|36|43|47|40|33|13| 10|27|45|47|49|36|28|14|9|5|
4.757    6|8|18|32|37|43|46|44|32|12| 9|29|43|53|50|36|28|21|13|8|
4.758    7|11|19|25|34|43|50|45|28|11| 9|35|47|51|45|39|24|17|13|5|
4.759    5|11|21|28|35|40|42|42|36|11| 12|32|42|48|47|32|23|21|9|5|
4.760    6|13|19|23|39|53|46|46|31|12| 11|36|53|49|45|38|28|21|9|8|
4.761    5|11|18|30|33|47|46|39|27|10| 9|30|37|44|43|39|29|21|8|6|
4.762    7|11|17|25|35|43|49|43|30|9| 16|31|42|45|45|37|33|18|12|7|
4.763    8|13|18|26|35|52|51|41|32|12| 9|29|44|52|42|33|27|20|14|6|
4.764    6|14|22|25|43|40|47|45|39|11| 14|30|42|49|45|39|28|15|13|7|
4.765    8|11|16|33|38|47|49|39|31|6| 10|26|48|47|39|34|30|19|8|7|
4.766    8|9|19|27|40|51|46|45|32|14| 9|34|46|46|49|36|28|19|11|5|
4.767    9|10|17|27|35|47|53|42|27|11| 12|29|44|52|45|34|29|15|11|6|
4.768    7|10|19|29|44|44|47|42|33|8| 11|29|43|49|47|38|33|20|10|7|
4.769    7|12|15|31|40|49|48|44|32|15| 10|31|46|51|42|36|29|17|12|6|
4.770    6|12|20|30|34|48|52|38|37|11| 10|31|41|52|51|40|29|18|11|6|
4.771    8|13|16|28|40|41|49|45|34|11| 12|28|37|54|40|39|22|19|8|8|
4.772    6|10|15|28|36|50|51|50|29|15| 10|34|45|47|50|39|26|19|8|7|
4.773    7|12|17|34|34|42|49|42|27|9| 13|36|40|42|50|36|26|18|11|9|
4.774    6|10|19|24|36|39|47|45|32|10| 11|27|46|52|41|43|29|18|10|5|
4.775    6|12|22|29|32|40|51|45|32|10| 11|33|38|55|48|40|34|20|14|6|
4.776    6|13|14|29|45|39|53|43|35|12| 9|36|42|50|48|45|27|18|7|8|
4.777    4|10|26|30|40|44|47|42|33|9| 11|31|44|51|57|42|28|19|12|5|
4.778    6|8|19|28|38|45|47|40|30|14| 10|27|52|50|43|36|33|18|9|8|
4.779    7|10|20|32|41|47|48|49|38|11| 8|32|45|49|46|35|24|18|11|4|
4.780    7|9|15|30|39|45|50|51|30|15| 11|34|44|53|46|37|35|22|10|5|
4.781    7|14|23|32|38|52|52|53|34|11| 10|37|47|58|50|38|25|22|10|5|
4.782    6|8|17|31|35|48|54|44|36|13| 11|32|49|49|51|39|31|18|12|5|
4.783    7|13|19|27|39|52|50|43|31|8| 10|31|48|54|42|36|32|21|12|7|
4.784    8|14|17|33|38|50|49|44|33|10| 8|33|41|43|42|40|24|21|11|6|
4.785    6|10|20|34|40|48|55|48|34|13| 13|26|45|52|46|34|26|16|13|7|
4.786    3|19|16|28|40|55|49|47|36|10| 9|35|42|49|49|43|25|19|15|7|
4.787    6|12|21|33|34|49|51|42|35|13| 11|34|44|52|44|41|29|21|13|6|
4.788    6|10|22|29|43|43|53|49|35|14| 10|36|43|53|52|43|31|22|10|6|
4.789    8|11|23|28|32|47|48|50|29|11| 9|27|45|44|51|46|27|20|11|5|
4.790    6|10|21|32|39|50|59|41|34|9| 10|31|50|55|50|44|33|20|11|6|
4.791    8|8|19|33|39|43|54|54|31|10| 14|29|48|53|52|40|29|18|11|5|
4.792    8|13|22|27|38|50|51|46|36|12| 12|34|41|51|49|34|30|18|14|6|
4.793    6|17|20|31|35|47|50|47|31|12| 9|34|51|48|48|42|33|20|13|7|
4.793    6|14|19|31|38|43|49|41|39|8| 11|32|47|49|48|37|28|20|9|5|
4.794    7|11|18|30|45|47|56|49|32|11| 11|31|52|46|48|37|32|20|12|7|
4.795    6|13|23|34|40|50|55|42|29|14| 11|28|45|52|43|45|36|19|12|4|
4.796    8|11|21|33|40|45|52|43|32|10| 10|32|51|48|44|39|32|20|12|6|
4.797    6|10|19|25|38|54|54|42|35|12| 15|39|51|47|42|41|28|18|11|8|
4.798    6|11|18|27|42|53|50|50|35|13| 11|33|46|52|52|42|30|22|12|7|
4.799    5|12|17|30|41|46|53|46|26|15| 12|34|45|57|44|41|24|18|10|7|
4.800    7|12|20|25|38|44|50|40|34|12| 12|33|52|57|54|41|29|23|14|8|
4.801    9|12|15|28|39|48|47|44|34|10| 15|32|45|52|52|39|32|18|11|9|
4.802    3|9|18|27|48|49|52|45|36|12| 12|32|46|50|48|43|31|19|14|6|
4.803    6|10|19|30|41|48|55|48|30|14| 11|36|50|54|48|42|38|19|11|6|
4.804    6|11|21|31|44|43|52|41|34|10| 14|32|47|57|47|45|29|21|14|6|
4.805    7|15|23|27|36|46|57|46|28|10| 13|39|52|55|50|46|29|19|10|8|
4.806    6|11|20|31|43|53|57|51|31|12| 15|34|51|56|59|43|28|19|17|8|
4.807    7|13|20|34|42|50|60|51|37|11| 11|29|52|58|49|40|37|23|12|7|
4.808    7|13|16|28|40|54|50|50|36|14| 10|39|53|54|54|41|30|21|14|7|
4.809    4|10|20|30|43|51|55|45|34|13| 12|33|56|54|47|42|34|24|10|7|
4.810    6|15|22|26|43|48|54|53|36|12| 12|28|44|58|48|43|31|21|11|5|
4.811    8|11|21|29|45|50|54|51|31|11| 13|32|46|55|54|45|28|24|10|11|
4.812    10|14|20|31|35|49|61|44|31|13| 12|38|50|55|55|45|35|20|15|4|
4.813    8|14|25|28|42|48|57|54|35|12| 12|32|51|50|53|44|35|20|10|5|
4.814    7|12|19|27|45|45|62|45|35|11| 11|35|55|56|58|43|38|25|12|10|
4.815    8|15|20|28|46|50|54|50|29|14| 11|31|48|49|59|40|27|19|9|7|
4.816    10|15|20|34|40|48|51|47|39|12| 13|37|48|57|55|45|29|20|13|10|
4.817    6|15|23|37|39|52|62|51|29|13| 15|38|47|58|51|39|33|16|10|5|
4.818    8|13|16|32|41|53|60|53|33|12| 16|31|50|50|55|41|32|23|13|8|
4.819    5|9|21|33|46|52|53|54|41|10| 14|31|45|57|50|43|35|24|12|6|
4.820    6|12|17|27|42|50|59|54|34|12| 14|29|55|56|44|44|34|19|12|4|
4.821    7|11|20|28|40|53|52|50|34|13| 14|36|46|57|53|41|32|18|11|7|
4.822    9|19|20|30|42|55|59|50|37|12| 12|33|47|55|53|44|34|25|9|7|
4.823    9|14|18|32|42|49|62|48|40|16| 14|34|46|61|55|43|27|20|14|9|
4.824    7|10|25|35|41|57|59|44|35|14| 12|36|52|64|47|45|30|18|13|9|
4.825    7|15|20|35|47|57|56|50|48|13| 15|34|49|55|53|43|31|18|11|6|
4.826    5|14|18|32|38|50|56|51|30|12| 11|34|53|61|52|40|31|23|14|5|
4.827    8|11|22|30|47|55|55|51|34|13| 14|35|51|59|58|35|30|19|11|6|
4.828    6|12|18|27|39|52|54|48|43|13| 13|34|50|53|50|51|32|20|10|8|
4.829    7|13|23|31|47|47|52|38|36|14| 15|37|49|54|49|43|30|26|16|8|
4.830    6|11|23|33|42|55|55|42|32|8| 11|38|50|57|53|45|31|20|14|7|
4.831    7|11|27|28|45|50|53|52|31|16| 16|39|58|60|53|42|33|24|12|6|
4.832    8|13|21|32|50|51|61|49|34|11| 13|36|44|64|53|48|34|19|12|9|
4.833    7|14|24|34|46|55|56|47|34|11| 11|33|48|54|49|45|30|20|14|8|
4.834    6|11|20|34|45|52|54|62|34|15| 12|35|51|60|60|41|31|20|11|8|
4.835    7|10|25|30|44|51|58|43|36|12| 10|42|51|50|50|44|33|18|14|5|
4.836    8|15|24|27|46|56|55|48|35|14| 14|31|53|59|55|45|31|21|13|7|
4.837    7|12|19|26|39|51|54|50|30|10| 11|32|55|54|59|40|32|19|12|7|
4.838    6|12|24|31|46|60|58|50|37|15| 16|33|54|60|56|43|25|22|14|6|
4.839    9|14|23|30|44|58|64|52|34|11| 14|43|56|50|60|49|32|22|17|8|
4.840    7|14|20|29|43|56|51|55|30|12| 15|36|52|56|53|38|29|19|11|7|
4.841    8|10|26|34|45|59|60|46|36|15| 13|35|46|54|56|40|33|23|13|7|
4.842    6|11|26|27|41|54|53|44|38|12| 10|39|52|57|53|49|29|24|14|8|
4.843    7|14|25|34|49|53|60|60|40|13| 11|36|59|51|52|40|31|23|15|8|
4.844    8|14|17|29|44|49|57|49|36|12| 16|33|53|53|51|48|29|21|12|9|
4.845    6|12|23|32|41|51|55|44|31|16| 12|41|55|53|56|45|44|20|11|4|
4.846    6|13|24|32|45|57|52|45|39|14| 16|36|51|62|56|41|32|23|16|7|
4.847    8|12|21|30|40|50|58|51|29|12| 12|37|52|56|61|41|28|22|16|6|
4.848    7|13|24|33|48|50|58|50|40|17| 19|39|58|57|52|48|34|26|12|7|
4.849    6|12|25|31|46|51|55|56|35|12| 13|35|53|68|52|43|33|23|13|9|
4.850    9|14|23|33|38|56|60|56|42|15| 12|44|48|59|52|46|34|21|15|6|
4.851    8|11|22|34|43|48|57|54|40|14| 15|42|51|60|57|44|33|22|13|9|
4.852    6|12|27|30|39|52|67|58|39|17| 12|38|47|66|51|46|31|22|10|7|
4.853    7|13|25|38|40|60|58|52|38|13| 15|36|55|56|48|46|32|19|13|7|
4.854    9|15|24|36|45|49|59|49|36|14| 11|40|51|63|59|45|37|24|14|9|
4.855    9|15|23|31|49|54|61|52|37|13| 10|35|50|57|59|46|32|23|11|4|
4.856    8|13|22|27|42|52|59|53|38|13| 11|38|50|52|60|47|34|22|12|7|
4.857    10|11|28|36|45|54|62|52|41|18| 11|34|53|60|67|40|34|24|13|6|
4.858    6|15|26|35|51|59|62|52|39|12| 12|37|56|52|58|44|37|23|15|6|
4.859    6|10|24|33|42|55|60|50|40|19| 13|38|53|61|57|50|38|25|14|9|
4.860    11|19|23|31|47|55|56|52|36|16| 12|40|54|68|61|49|32|21|18|8|
4.861    7|11|18|41|40|56|69|59|41|15| 12|37|56|61|54|53|32|26|12|8|
4.862    7|15|25|33|46|55|55|54|40|10| 14|41|48|60|58|44|31|22|13|8|
4.863    7|14|21|32|43|58|60|55|36|13| 12|38|57|54|59|45|31|24|15|7|
4.864    7|17|23|32|43|55|57|56|40|12| 12|34|49|62|58|50|41|25|13|8|
4.865    7|12|24|32|41|56|60|56|38|15| 12|39|50|58|54|45|32|32|17|6|
4.866    7|11|29|35|53|61|61|42|37|14| 14|41|44|61|55|46|33|27|16|8|
4.867    10|16|25|33|43|56|50|50|36|10| 13|34|61|55|53|45|39|22|13|8|
4.868    7|13|26|36|42|49|56|46|40|12| 15|37|61|63|58|49|34|25|17|6|
4.869    10|12|25|35|51|54|61|59|34|13| 14|43|58|58|59|52|36|22|14|9|
4.870    10|17|22|27|39|57|71|55|36|15| 13|34|58|64|58|45|31|27|12|6|
4.871    8|13|24|40|50|57|60|57|35|12| 15|35|56|67|52|49|38|25|13|10|
4.872    10|15|26|35|52|57|59|52|40|16| 15|41|57|62|61|42|34|28|16|4|
4.873    9|14|20|37|50|55|64|55|40|11| 15|39|50|60|60|45|36|24|14|8|
4.874    7|12|24|37|43|57|59|55|39|13| 12|36|57|55|54|47|34|27|14|8|
4.875    11|17|22|44|49|57|66|59|34|14| 11|37|59|61|55|46|32|24|15|11|
4.875    7|14|23|34|46|54|62|49|41|12| 15|37|53|60|58|50|37|20|13|9|
4.876    9|15|26|37|50|56|67|56|42|15| 14|41|55|64|53|52|35|22|16|8|
4.877    11|13|25|39|45|65|60|59|38|11| 12|40|59|59|53|44|34|22|12|12|
4.878    9|13|25|36|50|61|67|61|38|13| 13|41|63|64|50|46|32|26|16|9|
4.879    10|12|25|38|49|56|62|58|33|12| 14|41|55|67|54|43|28|23|17|11|
4.880    7|14|19|37|51|58|61|55|40|17| 15|38|60|57|57|44|41|25|11|6|
4.881    8|15|27|36|47|64|60|57|43|16| 14|42|57|63|69|47|38|21|13|6|
4.882    5|18|27|37|44|64|66|55|33|13| 15|47|49|68|54|49|33|30|16|11|
4.883    9|16|27|36|47|57|58|63|39|13| 12|39|57|56|59|44|38|22|17|9|
4.884    9|15|20|33|48|56|63|56|40|13| 14|40|51|61|50|50|37|23|15|7|
4.885    8|14|24|38|51|55|59|55|41|15| 11|40|57|61|57|50|39|20|19|10|
4.886    5|14|23|29|48|60|64|54|37|15| 17|38|55|69|59|49|34|23|13|9|
4.887    8|18|30|34|46|65|63|51|36|14| 15|38|55|58|60|46|33|26|15|8|
4.888    11|15|20|35|50|58|65|61|39|12| 11|37|56|58|62|46|34|27|12|8|
4.889    11|14|20|37|45|58|61|59|41|12| 18|37|57|65|57|51|36|20|15|9|
4.890    11|11|23|35|42|61|61|53|41|14| 16|40|50|57|59|43|38|25|16|5|
4.891    8|14|26|30|47|57|60|53|40|15| 13|36|57|60|56|49|42|23|13|8|
4.892    7|13|22|42|50|61|59|61|44|15| 14|47|56|62|68|47|36|26|14|8|
4.893    11|12|24|36|55|61|64|51|41|15| 15|38|59|72|57|54|41|28|17|10|
4.894    9|15|23|37|54|59|66|56|37|14| 14|43|53|60|54|49|36|31|13|9|
4.895    9|14|20|34|45|60|65|62|31|14| 13|37|54|59|51|53|36|24|13|8|
4.896    6|13|25|36|51|61|67|54|39|16| 15|38|59|65|58|50|39|22|14|9|
4.897    11|13|26|30|49|61|65|57|44|13| 15|39|54|69|63|58|40|30|16|8|
4.898    9|14|21|38|45|60|62|57|45|17| 10|38|57|72|63|50|39|25|14|9|
4.899    8|14|24|34|51|60|67|57|40|15| 16|46|53|68|58|45|35|26|14|10|
4.900    9|18|22|37|46|63|62|56|48|10| 16|41|50|63|60|51|34|22|15|8|
4.901    8|13|27|32|53|65|59|53|39|14| 15|42|58|62|60|52|39|24|20|9|
4.902    10|11|29|38|56|59|53|53|38|13| 16|38|58|69|62|57|37|24|15|8|
4.903    7|11|23|39|54|59|68|64|39|13| 14|33|57|64|65|49|33|29|17|7|
4.904    10|18|24|37|54|60|70|61|41|15| 12|42|68|62|61|49|35|25|17|8|
4.905    10|15|26|34|49|57|67|65|37|17| 14|42|55|59|56|55|39|25|16|7|
4.906    10|14|25|37|56|59|65|57|35|17| 16|43|54|56|63|52|35|22|17|9|
4.907    9|14|25|38|52|61|53|52|43|18| 19|36|60|70|57|55|40|33|14|9|
4.908    9|12|21|41|53|60|67|57|40|14| 11|41|56|62|71|53|42|25|15|13|
4.909    10|18|28|37|53|62|64|57|40|14| 18|43|54|72|66|49|35|28|13|9|
4.910    6|17|21|40|49|67|61|60|43|16| 11|44|56|65|64|48|35|30|16|8|
4.911    8|15|27|42|46|61|66|59|41|15| 14|38|59|61|62|57|44|21|14|11|
4.912    10|18|30|32|51|57|75|57|41|16| 17|41|63|65|61|51|38|23|16|7|
4.913    7|15|23|39|54|57|69|58|39|16| 18|45|57|58|62|54|42|27|18|10|
4.914    7|13|28|43|52|65|68|68|39|18| 17|37|63|63|60|56|43|30|17|12|
4.915    8|14|29|35|50|72|64|53|43|14| 15|43|64|68|56|52|40|30|17|7|
4.916    7|22|28|41|60|62|64|65|43|17| 16|42|68|63|68|49|41|30|16|9|
4.917    9|16|26|40|50|57|71|62|45|17| 14|39|58|61|64|51|40|25|18|9|
4.918    8|14|27|38|50|58|65|66|42|15| 18|35|63|69|68|51|40|26|20|8|
4.919    6|16|26|44|51|66|69|66|45|14| 17|42|61|64|61|52|33|24|15|8|
4.920    9|18|24|39|51|61|60|63|36|16| 17|43|65|68|60|53|38|28|15|7|
4.921    9|16|29|38|53|64|68|60|44|16| 16|38|54|65|65|46|41|27|16|10|
4.922    9|14|30|39|49|64|71|60|43|14| 15|42|48|68|58|51|40|29|19|8|
4.923    10|14|24|41|47|75|62|57|45|17| 16|41|64|69|69|54|42|26|13|8|
4.924    10|17|25|36|51|64|62|63|38|18| 15|51|63|67|61|48|35|29|13|10|
4.925    9|17|28|36|45|64|67|60|44|16| 14|43|58|69|73|57|39|21|16|7|
4.926    8|15|23|34|60|67|72|58|42|15| 14|40|74|69|55|51|46|24|18|7|
4.927    9|13|31|32|54|59|60|61|39|14| 14|42|54|60|66|52|33|27|16|9|
4.928    10|19|27|38|56|55|67|67|39|15| 15|41|60|70|63|54|45|25|16|9|
4.929    8|16|27|37|56|67|67|63|43|15| 17|44|58|69|65|55|41|26|15|10|
4.930    9|16|25|39|60|74|66|63|40|16| 12|47|60|63|57|53|36|30|14|11|
4.931    12|13|29|35|51|70|68|64|46|17| 15|51|67|69|68|54|39|31|18|9|
4.932    7|16|22|43|56|65|64|61|50|12| 20|44|57|63|66|57|38|24|16|10|
4.933    10|15|26|37|52|61|76|59|37|18| 16|42|67|73|73|55|41|25|17|10|
4.934    9|14|27|39|58|63|65|61|43|12| 14|33|62|68|57|50|42|26|16|9|
4.935    9|21|27|43|51|62|66|61|51|14| 16|49|63|66|71|53|45|24|17|6|
4.936    8|13|21|41|52|60|69|57|40|14| 15|44|64|79|56|52|46|27|17|10|
4.937    9|16|23|40|48|73|68|65|47|15| 16|41|62|63|68|50|40|23|18|11|
4.938    5|18|29|36|52|63|65|66|40|17| 15|47|65|71|68|55|40|26|21|9|
4.939    10|15|25|39|60|74|66|58|39|16| 18|43|60|69|63|55|41|28|16|8|
4.940    8|18|26|41|53|64|76|63|43|17| 13|38|60|65|66|51|37|25|16|8|
4.941    9|19|27|40|59|61|76|59|42|16| 16|40|65|67|69|51|44|31|21|11|
4.942    9|16|25|43|55|63|70|55|39|17| 16|41|61|73|63|52|37|21|16|11|
4.943    10|22|26|39|55|63|77|64|43|21| 16|42|63|72|61|56|42|32|17|12|
4.944    9|17|25|41|51|64|69|60|45|13| 15|43|59|65|67|57|48|28|14|7|
4.945    9|16|26|41|52|71|68|64|47|18| 19|48|69|73|61|55|38|28|14|12|
4.946    8|15|27|42|51|62|78|68|43|15| 17|43|67|69|69|52|45|30|18|9|
4.947    7|18|29|35|61|65|74|58|47|18| 17|50|67|63|70|51|44|31|15|11|
4.948    8|17|32|35|68|73|67|67|42|19| 14|50|64|66|71|52|45|23|19|7|
4.949    13|19|28|40|56|70|68|72|47|19| 22|45|58|74|59|59|44|27|18|9|
4.950    12|19|29|39|52|68|72|61|44|14| 17|37|69|67|60|54|36|27|16|11|
4.951    8|18|26|42|50|64|74|63|47|20| 13|48|68|73|63|56|45|26|17|8|
4.952    11|16|26|44|58|66|70|63|52|15| 13|46|70|80|67|62|44|27|16|9|
4.953    10|17|27|42|55|62|71|73|48|19| 13|47|69|72|68|50|41|29|17|12|
4.954    9|14|26|46|56|74|68|60|42|15| 18|44|68|74|74|55|44|32|21|10|
4.955    11|18|25|37|53|68|71|62|48|16| 14|47|63|68|69|54|38|34|18|9|
4.956    10|20|27|45|62|71|69|73|43|16| 17|50|63|74|74|56|46|31|16|8|
4.957    8|15|24|41|57|69|72|70|41|13| 15|49|62|68|71|53|45|30|13|11|
4.958    13|17|32|34|51|65|66|69|40|17| 18|39|65|65|70|55|39|26|19|10|
4.958    8|18|26|40|53|64|69|67|46|15| 15|41|65|73|76|59|38|23|18|10|
4.959    9|20|30|41|58|64|70|67|52|15| 16|41|63|75|70|57|44|33|18|9|
4.960    6|16|31|40|63|70|78|65|48|16| 16|46|66|65|70|50|42|27|17|12|
4.961    14|19|31|40|56|67|73|64|49|12| 13|46|62|70|70|65|47|31|20|9|
4.962    12|16|29|40|53|66|80|60|50|16| 21|43|68|80|60|58|42|26|16|9|
4.963    8|15|27|41|59|64|75|76|43|18| 19|54|67|79|67|55|41|31|18|8|
4.964    11|17|29|43|56|68|75|66|45|14| 17|51|67|67|67|55|39|30|17|13|
4.965    9|16|29|45|57|64|69|63|43|14| 12|43|69|71|66|61|37|29|16|10|
4.966    11|18|28|46|57|69|64|73|49|14| 17|38|61|73|66|54|43|31|18|13|
4.967    12|16|25|41|54|71|81|67|48|17| 16|49|68|71|75|66|42|26|19|10|
4.968    9|17|28|41|60|81|78|66|45|13| 18|42|67|79|76|60|47|30|13|10|
4.969    9|15|26|40|62|70|80|75|45|16| 19|42|66|72|77|63|40|28|20|10|
4.970    10|19|26|39|56|74|68|66|52|13| 18|43|65|76|70|55|45|24|19|10|
4.971    9|20|28|41|60|77|71|64|50|17| 16|51|69|77|73|56|37|27|20|12|
4.972    10|18|31|45|60|68|69|71|43|16| 18|41|59|80|72|56|44|27|17|9|
4.973    8|17|34|45|67|75|77|61|50|15| 16|49|69|73|70|54|41|33|15|13|
4.974    12|22|26|36|65|77|69|69|46|17| 20|43|69|73|68|67|39|26|17|8|
4.975    10|17|32|46|51|75|77|65|46|18| 20|41|75|72|71|57|47|29|15|9|
4.976    7|19|30|44|56|76|71|61|49|14| 18|50|71|70|71|55|43|32|21|10|
4.977    11|19|34|45|53|66|78|60|51|15| 18|50|57|73|65|61|40|28|20|9|
4.978    8|17|33|44|61|63|74|66|44|14| 18|42|73|74|70|55|40|31|15|7|
4.979    14|18|31|34|56|66|83|74|47|13| 18|43|66|69|76|60|50|33|19|8|
4.980    10|17|27|41|59|75|74|63|50|18| 19|51|74|73|68|57|48|25|23|7|
4.981    12|23|29|41|56|81|71|72|49|18| 19|56|71|79|68|59|46|31|20|10|
4.982    8|21|31|49|55|72|70|65|53|13| 13|49|61|73|75|61|47|32|19|11|
4.983    13|17|35|42|60|73|79|65|48|20| 17|45|77|72|71|59|50|29|17|11|
4.984    10|14|32|41|54|78|76|78|51|15| 18|53|65|78|67|56|40|37|19|9|
4.985    9|20|37|48|57|73|68|68|42|21| 13|50|67|70|65|58|49|28|19|12|
4.986    8|21|25|41|50|70|75|63|52|17| 16|44|62|80|69|60|46|27|16|10|
4.987    12|18|37|49|60|71|77|69|54|17| 12|41|75|68|76|59|39|28|14|10|
4.988    10|21|33|41|62|77|85|68|41|16| 17|52|59|75|78|54|43|28|20|14|
4.989    13|21|29|47|64|72|82|74|47|18| 17|47|66|77|72|61|45|34|17|8|
4.990    10|22|29|49|59|69|86|74|57|21| 16|48|69|82|72|59|40|30|20|10|
4.991    9|18|31|42|58|71|77|78|44|16| 17|42|69|77|72|57|46|28|23|8|
4.992    9|18|36|42|62|67|74|76|47|14| 16|54|74|81|75|61|47|30|18|9|
4.993    15|26|30|44|67|68|78|63|48|15| 18|50|70|68|69|61|43|32|21|8|
4.994    10|17|31|46|63|78|78|74|41|21| 20|48|71|75|72|63|45|32|19|11|
4.995    14|20|31|46|68|78|80|69|44|20| 16|45|61|76|78|55|46|38|19|9|
4.996    15|18|32|41|57|78|70|66|52|17| 18|46|75|74|79|61|51|29|16|8|
4.997    11|17|25|45|62|76|86|71|53|18| 18|54|78|75|76|68|47|32|16|7|
4.998    9|17|32|52|59|73|85|63|53|16| 18|54|66|82|77|60|41|27|20|9|
4.999    12|18|32|49|63|77|85|66|50|22| 15|51|64|78|75|65|51|29|21|10|
5.000    14|18|33|42|59|73|73|66|46|17| 20|50|71|74|83|61|54|35|21|12|
5.001    11|20|30|45|58|71|85|67|47|16| 19|53|68|81|75|69|47|33|13|8|
5.002    12|18|35|45|57|77|79|62|44|18| 16|54|71|75|81|69|44|29|25|11|
5.003    13|16|29|46|60|69|71|72|48|15| 23|52|60|77|77|62|46|35|20|10|
5.004    11|17|29|46|66|75|80|67|46|19| 19|46|75|83|74|57|47|32|15|9|
5.005    12|17|28|45|65|77|76|77|50|13| 17|57|67|80|70|63|48|30|18|11|
5.006    12|20|32|44|60|80|76|78|57|19| 20|55|68|76|75|64|49|37|19|12|
5.007    11|14|32|43|65|77|67|69|47|16| 16|49|68|83|73|64|44|36|20|8|
5.008    11|20|31|51|60|75|85|68|50|15| 17|49|68|78|78|70|52|35|19|11|
5.009    9|17|32|45|73|79|73|71|41|18| 18|49|68|81|81|67|49|32|21|14|
5.010    11|20|35|45|60|75|82|78|51|20| 20|51|72|75|77|62|50|35|17|10|
5.011    12|17|32|48|65|69|82|70|55|22| 17|48|80|81|84|63|46|24|16|10|
5.012    13|22|28|46|60|82|78|75|50|19| 15|47|77|82|73|64|55|34|18|12|
5.013    13|19|27|49|66|67|82|71|52|18| 13|51|69|86|82|61|44|32|19|10|
5.014    8|22|30|46|60|69|87|73|42|19| 16|43|64|78|79|65|47|29|19|12|
5.015    11|21|26|46|64|79|73|76|46|20| 18|48|71|79|79|59|46|32|24|10|
5.016    11|22|29|46|64|80|76|78|45|17| 22|48|70|77|84|63|51|29|18|10|
5.017    12|21|41|46|60|76|87|73|54|18| 20|51|69|84|79|64|49|34|20|12|
5.018    11|18|37|48|67|82|77|76|43|20| 20|46|69|85|75|61|45|31|19|12|
5.019    12|21|38|50|61|68|85|72|50|19| 19|54|76|80|79|61|52|32|22|15|
5.020    13|16|32|46|66|78|85|79|50|17| 20|56|75|78|82|63|49|37|26|9|
5.021    14|22|33|46|78|79|91|69|55|18| 17|47|74|77|81|65|49|28|20|10|
5.022    9|22|36|50|64|83|81|76|55|19| 21|47|81|79|74|64|42|32|21|10|
5.023    9|19|28|44|61|79|83|74|52|20| 18|51|67|82|79|64|44|30|22|11|
5.024    10|21|34|46|62|80|84|77|49|19| 20|50|78|77|81|67|53|31|18|12|
5.025    11|17|39|42|72|87|82|74|54|17| 16|53|76|77|69|70|43|34|19|11|
5.026    11|25|29|46|67|74|83|74|53|14| 20|56|77|77|85|60|48|34|21|14|
5.027    15|23|34|47|60|80|83|75|53|21| 21|47|77|78|77|61|51|33|19|11|
5.028    11|22|33|49|58|74|83|77|52|18| 21|62|73|92|75|68|55|34|19|11|
5.029    12|25|34|51|65|73|87|81|58|19| 18|56|72|83|81|60|51|36|23|9|
5.030    9|18|30|54|74|76|85|75|57|20| 18|55|73|88|74|67|45|33|18|10|
5.031    14|22|28|58|65|75|86|70|47|21| 18|52|72|83|74|62|48|35|18|10|
5.032    13|18|29|47|66|90|80|72|50|19| 19|51|69|84|74|64|56|34|20|12|
5.033    9|23|31|51|68|82|92|76|54|15| 23|50|76|81|86|62|51|28|18|12|
5.034    11|21|31|45|69|83|91|73|57|17| 20|51|67|83|77|74|51|34|23|11|
5.035    16|22|35|49|68|74|91|70|49|22| 17|54|74|93|83|62|47|31|24|10|
5.036    13|25|35|54|61|89|87|74|52|21| 17|58|71|82|78|65|47|37|18|9|
5.037    12|23|38|43|66|82|84|83|58|22| 16|49|75|86|87|62|50|32|21|12|
5.038    11|22|34|47|64|71|90|73|52|20| 19|50|75|88|81|63|48|38|22|12|
5.039    14|21|39|54|63|81|75|78|50|17| 21|51|79|90|81|63|50|31|22|10|
5.040    13|24|40|44|70|81|88|80|58|21| 18|58|75|85|83|67|42|37|17|9|
5.041    13|19|30|57|68|80|84|78|53|19| 17|56|73|93|83|71|47|31|22|10|
5.041    13|19|30|50|72|86|79|82|50|18| 21|55|82|82|77|66|51|38|20|12|
5.042    17|17|36|59|71|76|83|86|53|20| 19|49|77|84|81|59|52|34|18|12|
5.043    10|20|33|47|66|77|87|80|52|24| 15|55|80|84|81|69|53|37|22|8|
5.044    12|19|32|51|67|73|78|78|52|22| 18|55|69|82|84|73|53|29|19|12|
5.045    12|21|33|53|74|78|89|78|59|20| 22|55|70|82|75|64|44|36|21|9|
5.046    12|22|39|50|73|79|85|78|49|17| 20|59|78|87|74|70|56|28|22|13|
5.047    10|20|33|50|70|83|80|79|55|20| 18|53|70|81|84|65|49|36|20|9|
5.048    12|20|34|51|77|84|95|77|55|23| 17|52|86|83|81|72|52|29|19|14|
5.049    11|21|28|50|75|81|86|72|53|19| 15|49|74|86|83|68|48|33|22|9|
5.050    13|22|34|58|66|82|94|76|56|21| 18|52|80|83|90|70|47|38|24|12|
5.051    10|21|35|47|73|77|90|84|56|16| 19|48|71|80|79|71|57|34|22|15|
5.052    13|22|36|53|66|78|88|80|47|18| 19|55|76|82|85|71|51|36|24|14|
5.053    11|19|38|56|67|82|86|88|55|22| 20|51|83|84|78|75|58|28|25|10|
5.054    14|24|29|52|75|75|83|87|58|19| 18|56|68|85|81|70|53|37|22|8|
5.055    12|26|35|52|68|86|96|82|60|24| 24|63|77|84|83|69|48|38|22|12|
5.056    10|20|31|52|73|86|89|87|56|19| 19|54|79|93|78|64|56|37|21|14|
5.057    11|26|33|48|66|90|89|78|53|22| 23|52|89|92|83|68|50|36|22|14|
5.058    12|19|35|53|70|86|95|81|45|18| 24|59|82|89|81|76|51|39|23|13|
5.059    11|25|38|51|80|89|89|79|55|24| 20|56|81|83|73|69|51|35|24|11|
5.060    12|24|29|49|73|78|91|75|61|20| 20|52|89|90|82|73|51|36|20|12|
5.061    13|24|32|59|68|86|86|85|59|20| 19|62|82|86|86|73|54|35|23|9|
5.062    14|22|32|50|65|77|93|95|58|21| 18|55|74|88|88|72|52|32|20|10|
5.063    13|21|35|49|66|83|94|90|60|21| 20|51|88|79|79|65|54|40|18|11|
5.064    11|24|35|49|71|80|87|78|61|21| 22|54|81|103|86|65|58|41|22|14|
5.065    13|21|41|45|70|91|96|73|55|18| 20|46|78|86|80|71|49|34|21|14|
5.066    10|28|35|51|66|91|85|79|52|17| 21|56|89|95|91|74|57|35|23|12|
5.067    13|25|35|50|78|83|95|82|56|18| 18|50|71|94|87|72|54|41|24|13|
5.068    11|24|36|55|69|87|88|77|53|25| 22|49|77|91|83|71|56|30|23|14|
5.069    9|21|37|51|70|87|84|83|53|27| 23|55|84|85|89|70|53|33|22|12|
5.070    14|21|33|53|65|85|90|91|57|23| 20|54|83|88|84|73|54|34|22|12|
5.071    12|25|37|53|76|86|86|77|62|20| 23|53|75|88|86|79|49|42|20|12|
5.072    9|28|37|58|66|87|99|84|56|20| 19|56|83|98|86|70|49|41|23|13|
5.073    13|19|35|62|70|89|89|84|58|21| 21|62|83|91|81|80|61|34|21|14|
5.074    13|26|31|51|78|82|91|80|57|25| 19|59|84|88|91|71|59|36|18|11|
5.075    12|18|37|53|73|87|95|79|62|17| 21|56|87|87|81|77|56|39|21|13|
5.076    16|24|40|49|77|91|95|91|62|25| 25|55|88|91|97|77|49|38|19|16|
5.077    15|21|41|53|74|83|86|78|58|22| 20|50|86|99|83|74|50|33|20|10|
5.078    13|26|40|51|73|82|99|81|63|26| 22|56|86|87|92|68|47|35|24|12|
5.079    14|23|38|55|66|82|94|77|68|24| 23|62|86|93|87|79|54|39|29|13|
5.080    13|23|38|50|68|81|88|76|61|18| 19|62|84|84|82|66|54|40|21|11|
5.081    14|23|37|59|75|84|90|87|59|18| 19|66|87|97|95|67|59|37|18|13|
5.082    12|23|38|54|69|94|94|83|57|23| 22|54|82|95|94|72|54|42|22|15|
5.083    13|21|40|57|80|89|90|89|58|23| 18|60|82|87|86|72|56|34|22|13|
5.084    13|23|38|57|75|93|88|84|60|19| 18|54|84|86|82|75|55|39|21|14|
5.085    12|27|30|51|78|86|84|82|58|22| 20|51|91|92|88|64|55|35|25|11|
5.086    15|24|41|55|71|90|95|87|60|18| 22|60|87|90|89|73|52|43|26|12|
5.087    17|26|42|55|73|84|91|85|55|26| 22|58|83|98|86|63|53|38|27|15|
5.088    10|25|38|59|79|75|88|82|56|22| 22|58|85|98|86|72|58|41|21|11|
5.089    14|20|40|55|71|83|95|89|57|22| 24|58|84|87|91|76|59|34|20|10|
5.090    14|21|34|55|73|88|88|89|65|17| 19|56|90|93|87|69|53|41|25|14|
5.091    12|25|37|55|73|86|98|73|61|21| 23|63|88|90|94|87|57|46|19|13|
5.092    12|20|45|58|68|89|99|87|59|20| 22|62|86|85|86|76|52|35|26|14|
5.093    14|22|43|50|73|98|86|79|64|19| 25|64|89|97|86|71|51|44|29|15|
5.094    11|22|43|52|68|87|92|88|58|25| 22|57|86|95|89|79|56|33|23|15|
5.095    14|24|39|58|76|107|95|82|58|21| 23|60|89|97|85|77|57|39|31|13|
5.096    10|23|34|56|77|84|85|85|57|20| 23|58|88|98|87|71|59|42|27|12|
5.097    16|27|36|54|79|85|90|89|59|23| 21|57|91|86|85|69|62|32|22|11|
5.098    12|24|46|54|88|89|88|79|58|19| 24|59|78|96|90|78|48|37|26|15|
5.099    12|26|38|55|78|87|98|88|62|26| 21|55|88|90|90|70|55|38|21|11|
5.100    15|22|36|55|74|82|97|82|58|21| 26|60|93|97|89|90|52|38|24|13|
5.101    13|26|35|63|84|93|92|93|56|22| 19|63|84|94|84|76|60|44|24|15|
5.102    14|25|42|56|74|93|100|92|56|19| 21|65|80|99|89|77|61|41|28|15|
5.103    11|21|38|51|79|93|106|101|58|21| 21|66|80|99|90|72|62|38|25|12|
5.104    14|22|42|61|77|88|98|87|66|18| 25|58|84|93|86|75|57|39|20|12|
5.105    10|21|35|55|79|91|96|96|59|24| 22|65|88|91|94|71|56|41|22|15|
5.106    13|27|37|59|76|90|96|86|62|28| 20|58|91|95|100|78|64|35|26|12|
5.107    13|21|34|57|82|92|100|82|57|29| 18|56|94|94|99|79|58|40|27|11|
5.108    14|26|40|59|80|90|96|92|58|18| 19|59|79|91|90|89|60|39|24|15|
5.109    17|24|41|56|76|91|90|90|63|25| 21|59|86|89|95|83|58|40|25|14|
5.110    11|25|42|58|71|87|96|87|62|22| 20|60|95|103|91|67|60|40|29|16|
5.111    13|25|39|57|79|95|103|83|58|24| 21|60|81|99|89|79|52|40|21|15|
5.112    12|23|37|56|82|95|93|85|64|23| 21|67|90|95|96|84|58|40|27|10|
5.113    16|23|42|68|81|92|93|91|60|17| 19|61|87|101|100|70|57|38|23|14|
5.114    11|30|36|57|87|87|103|87|61|26| 20|71|88|109|93|84|58|39|25|12|
5.115    13|21|38|60|73|89|103|91|59|20| 26|65|87|103|85|80|59|39|25|14|
5.116    14|21|36|60|79|94|105|101|67|23| 16|60|82|104|95|70|60|36|21|12|
5.117    18|21|41|57|83|96|95|87|59|26| 21|61|88|100|87|75|60|41|20|10|
5.118    13|29|45|57|76|91|100|94|63|17| 20|56|93|97|88|78|64|35|27|14|
5.119    11|29|39|52|84|94|105|91|63|22| 24|64|86|94|99|76|58|41|26|11|
5.120    11|22|43|61|81|90|100|87|60|22| 23|61|80|96|89|84|58|35|23|10|
5.121    13|22|42|63|76|98|98|98|59|21| 24|62|94|90|96|78|58|40|23|15|
5.122    13|24|39|59|77|93|105|86|65|25| 25|67|83|103|97|76|62|46|26|14|
5.123    14|24|37|54|85|104|107|94|65|24| 25|55|95|99|103|81|61|43|31|12|
5.123    15|26|43|65|85|99|97|88|59|22| 22|70|91|104|102|83|57|43|20|15|
5.124    13|23|39|61|95|96|100|87|63|31| 22|66|96|110|89|75|60|42|21|14|
5.125    16|30|43|61|76|100|98|96|60|22| 24|59|85|99|90|82|60|39|25|15|
5.126    12|29|35|67|82|94|109|88|60|26| 22|73|89|106|98|85|59|45|27|15|
5.127    16|27|41|60|77|97|118|87|49|19| 21|68|88|105|91|76|55|45|23|13|
5.128    12|31|39|62|80|94|110|87|63|25| 26|63|97|108|98|81|56|41|23|12|
5.129    11|26|45|66|71|101|99|86|65|22| 21|58|91|108|98|82|64|42|24|13|
5.130    13|25|40|54|91|88|100|92|63|22| 24|61|91|95|99|86|61|44|24|13|
5.131    12|24|45|57|91|94|100|84|66|23| 18|68|88|114|95|81|57|39|21|13|
5.132    14|23|44|65|85|96|106|88|63|26| 21|68|105|110|91|83|57|37|24|14|
5.133    16|21|35|62|87|91|105|95|67|21| 21|62|90|98|105|68|60|43|28|13|
5.134    14|30|55|64|75|97|100|89|73|30| 21|67|95|107|97|87|67|45|21|12|
5.135    17|29|45|65|79|97|114|96|74|27| 23|67|97|106|100|74|61|41|32|17|
5.136    14|24|37|60|78|100|112|91|66|27| 22|66|96|98|95|82|55|44|23|17|
5.137    18|25|37|65|83|94|102|95|63|24| 23|59|96|102|107|83|62|41|24|14|
5.138    13|25|45|60|87|100|114|100|68|26| 24|61|89|107|99|84|59|43|25|13|
5.139    14|20|36|64|83|92|110|91|60|24| 25|64|87|105|106|81|55|46|29|13|
5.140    12|28|42|65|87|102|109|97|76|21| 23|62|95|109|103|76|57|43|27|16|
5.141    12|23|44|68|81|102|102|91|70|22| 26|66|87|95|98|96|64|40|24|15|
5.142    20|23|39|63|84|99|107|98|59|22| 28|69|82|104|104|85|63|30|23|15|
5.143    16|22|36|66|85|98|106|91|70|21| 24|68|99|106|104|80|62|35|27|16|
5.144    12|30|46|58|85|104|109|100|63|25| 22|59|104|113|95|83|67|42|28|15|
5.145    13|27|48|62|91|112|106|93|57|23| 22|64|96|106|102|80|65|39|26|11|
5.146    16|27|37|58|82|94|100|89|65|20| 30|66|92|98|100|81|65|46|24|15|
5.147    19|27|45|54|90|95|99|105|66|20| 22|66|100|111|96|93|61|36|25|13|
5.148    17|28|49|65|83|100|99|103|61|23| 24|72|94|108|98|77|63|46|28|13|
5.149    14|27|39|72|87|97|103|97|72|26| 22|62|98|105|102|89|65|42|29|15|
5.150    16|25|40|64|81|95|105|99|67|22| 23|64|95|106|95|85|69|42|28|14|
5.151    12|24|45|68|82|103|99|95|65|25| 25|63|92|105|97|82|58|43|21|16|
5.152    13|27|44|66|83|94|104|96|65|25| 31|64|91|104|93|91|58|43|27|12|
5.153    16|27|44|73|78|99|101|96|71|22| 22|63|96|108|105|80|54|40|25|16|
5.154    15|28|41|67|86|108|100|98|64|24| 21|70|100|108|106|87|68|42|30|14|
5.155    18|26|43|56|80|97|109|93|66|23| 27|71|100|116|102|85|67|44|25|16|
5.156    20|27|45|56|90|98|107|91|68|27| 27|66|100|104|104|85|64|42|28|13|
5.157    15|28|41|66|95|101|102|90|63|24| 26|71|98|112|105|85|62|46|28|15|
5.158    14|30|39|66|84|99|113|88|71|25| 28|58|92|107|108|89|63|40|24|16|
5.159    18|28|49|57|93|97|116|97|72|21| 27|66|95|115|91|80|79|50|22|17|
5.160    15|25|44|73|74|104|111|100|68|26| 23|75|87|116|110|85|63|46|26|18|
5.161    16|28|47|58|84|105|101|91|69|23| 22|66|96|107|105|81|66|44|26|15|
5.162    14|25|46|61|92|110|110|91|71|21| 25|70|101|100|103|81|59|45|26|14|
5.163    11|28|47|68|90|111|113|103|61|24| 25|70|95|111|97|85|62|45|24|15|
5.164    16|23|46|72|82|108|100|94|70|25| 30|66|109|112|115|85|69|44|26|14|
5.165    18|33|40|66|89|102|113|98|68|27| 29|62|98|108|108|88|64|37|29|11|
5.166    16|28|46|64|83|102|105|96|68|21| 24|71|99|106|104|84|60|40|29|17|
5.167    14|28|45|67|98|112|105|97|69|28| 23|70|98|116|108|96|69|43|32|17|
5.168    16|28|51|71|80|100|111|102|64|26| 27|73|108|107|102|78|68|50|33|15|
5.169    13|33|43|58|86|105|109|99|72|27| 24|70|94|106|115|88|63|45|25|19|
5.170    17|24|48|70|87|107|118|94|75|26| 26|65|108|121|125|90|68|48|25|17|
5.171    15|27|48|62|89|106|114|105|73|24| 20|69|95|104|107|86|64|48|33|18|
5.172    18|27|43|66|93|103|100|100|68|29| 26|67|96|104|114|87|67|48|27|15|
5.173    16|32|49|68|95|98|109|106|56|27| 24|71|112|103|114|90|64|45|29|17|
5.174    17|27|44|63|88|104|117|108|70|28| 32|70|99|109|114|85|72|41|31|17|
5.175    19|28|44|62|85|109|110|89|63|23| 26|71|100|118|103|87|60|43|30|16|
5.176    12|28|49|70|97|107|113|102|66|24| 27|61|101|110|107|88|66|42|29|18|
5.177    13|33|48|67|90|105|110|97|70|31| 27|70|99|109|111|89|58|48|24|18|
5.178    17|32|39|69|88|104|115|105|68|22| 22|77|99|111|103|88|62|45|27|17|
5.179    13|28|42|74|99|106|126|94|73|25| 23|72|96|110|108|95|62|44|28|17|
5.180    16|32|49|64|99|106|119|91|61|23| 27|70|103|109|109|94|67|42|30|16|
5.181    12|26|52|65|103|113|101|94|75|24| 24|69|106|108|103|88|63|49|30|16|
5.182    12|31|51|65|90|121|111|98|74|27| 28|72|99|107|121|91|68|46|31|15|
5.183    16|30|49|73|89|100|108|99|75|24| 25|73|104|114|112|89|65|44|27|13|
5.184    13|32|43|68|87|102|122|106|74|28| 24|74|106|116|111|90|68|44|26|17|
5.185    15|32|47|63|84|114|114|105|70|30| 27|69|103|105|106|95|69|45|30|14|
5.186    17|34|51|74|91|106|110|103|66|29| 24|74|108|113|105|98|68|40|30|13|
5.187    14|24|49|70|87|103|115|105|75|30| 31|64|98|116|103|96|64|48|26|18|
5.188    17|29|46|69|87|117|116|103|82|23| 25|73|106|117|111|85|72|52|29|17|
5.189    18|28|44|70|92|100|112|103|75|23| 22|70|102|114|105|92|69|49|26|17|
5.190    18|29|42|75|92|113|121|103|72|29| 29|72|96|123|110|84|69|47|29|17|
5.191    16|28|43|61|101|123|113|113|72|25| 25|77|104|119|105|89|71|51|31|15|
5.192    16|30|48|64|84|111|118|94|73|23| 23|68|100|119|107|94|60|47|29|24|
5.193    15|35|49|68|97|111|112|93|72|23| 26|71|98|115|106|93|70|42|30|17|
5.194    15|31|48|71|89|118|112|116|75|22| 25|81|107|108|110|92|62|50|27|14|
5.195    16|25|46|70|86|111|109|104|69|24| 28|75|102|124|115|98|74|52|34|19|
5.196    16|30|51|74|90|119|118|106|74|25| 23|84|107|125|110|89|58|52|33|18|
5.197    17|30|46|62|100|118|115|101|70|26| 29|73|108|114|105|93|71|50|29|24|
5.198    14|30|52|65|91|104|115|108|75|27| 25|78|109|120|110|80|77|48|26|17|
5.199    13|31|51|69|89|114|118|113|79|22| 29|76|99|121|109|91|79|48|30|17|
5.200    15|27|48|72|90|110|116|102|68|31| 28|72|101|119|114|88|70|50|30|16|
5.201    16|26|49|72|100|108|110|115|67|26| 26|65|106|121|111|90|72|55|25|18|
5.202    12|24|50|69|90|117|111|99|69|26| 26|80|106|122|97|89|74|45|28|15|
5.203    16|30|53|73|85|111|130|109|72|29| 25|70|109|105|103|93|70|48|27|16|
5.204    15|30|46|65|87|126|114|109|70|29| 26|77|115|113|111|88|69|48|32|17|
5.205    15|31|53|72|96|108|112|104|65|30| 26|76|116|119|107|82|68|46|26|17|
5.206    19|26|46|74|102|117|124|111|83|24| 27|74|105|114|110|97|67|42|29|17|
5.206    19|22|47|69|91|110|127|108|83|24| 30|64|114|114|117|95|74|48|25|19|
5.207    21|28|52|72|92|116|116|107|72|24| 22|74|108|123|110|86|70|41|34|15|
5.208    17|30|46|69|96|108|116|106|72|32| 25|80|103|119|124|89|73|52|29|16|
5.209    18|30|50|68|90|112|131|105|69|29| 32|79|110|118|121|95|79|45|28|18|
5.210    19|31|45|73|96|106|118|115|75|30| 31|74|113|120|122|91|69|44|30|16|
5.211    17|36|41|80|99|110|108|104|81|23| 26|77|106|121|118|101|84|47|31|15|
5.212    18|25|45|73|92|114|121|110|71|27| 27|75|114|120|121|102|75|49|33|15|
5.213    17|37|55|76|89|110|119|105|73|27| 33|85|114|121|108|94|68|48|25|16|
5.214    21|31|46|73|101|110|130|113|82|25| 28|69|112|127|123|102|71|53|27|17|
5.215    15|30|47|76|90|105|115|105|74|28| 27|73|103|121|121|96|76|40|31|18|
5.216    17|31|47|65|95|109|110|105|70|27| 25|76|121|113|122|99|71|55|30|15|
5.217    16|27|48|74|93|113|121|105|82|29| 27|68|108|124|109|94|69|51|31|21|
5.218    18|32|50|74|105|122|121|112|73|27| 25|66|96|128|124|93|68|48|29|18|
5.219    19|27|51|69|105|117|121|110|80|23| 29|74|103|117|112|97|74|45|26|18|
5.220    21|36|49|76|95|115|124|115|75|27| 22|76|103|116|107|99|79|51|30|18|
5.221    15|29|52|74|96|119|130|105|79|26| 30|78|107|130|115|100|73|53|28|16|
5.222    19|33|50|73|100|115|118|109|79|34| 27|75|110|117|127|106|75|45|31|17|
5.223    15|29|51|70|107|111|117|114|74|26| 22|74|104|120|116|94|74|46|32|18|
5.224    18|33|47|70|95|114|117|102|80|26| 32|78|115|124|111|105|79|52|28|15|
5.225    18|33|51|73|96|119|127|118|82|28| 30|75|119|120|119|94|81|50|31|17|
5.226    17|34|49|70|96|113|122|111|73|27| 25|84|109|116|117|101|69|45|27|20|
5.227    15|32|49|71|95|118|123|113|76|29| 27|74|100|129|116|104|80|45|29|19|
5.228    21|31|53|72|97|115|125|110|86|29| 28|79|103|121|118|94|69|52|29|19|
5.229    17|35|45|84|100|119|132|111|69|30| 30|73|114|122|122|94|77|52|37|19|
5.230    17|32|54|74|96|115|120|118|83|30| 25|78|103|132|119|103|77|43|30|17|
5.231    19|32|51|77|105|113|113|113|82|27| 28|71|106|124|124|97|81|52|33|20|
5.232    15|29|50|74|89|124|127|113|78|29| 30|75|112|128|126|98|74|56|28|16|
5.233    21|33|57|78|101|121|122|111|82|28| 33|87|112|126|123|100|69|55|30|19|
5.234    18|32|55|73|102|121|131|120|74|29| 20|88|113|137|118|99|76|49|31|19|
5.235    20|33|54|75|96|114|133|113|78|29| 30|76|122|121|122|100|74|44|31|22|
5.236    18|34|47|67|103|120|126|115|77|30| 27|80|117|120|119|99|74|55|28|17|
5.237    17|29|55|74|92|124|130|116|83|30| 25|80|111|123|131|102|74|54|31|17|
5.238    23|30|53|81|99|122|127|109|81|27| 27|85|107|127|118|99|73|54|37|17|
5.239    16|29|52|75|92|122|120|122|69|33| 33|81|108|140|126|93|74|49|34|16|
5.240    21|33|56|82|106|120|134|116|74|24| 25|83|116|129|125|102|87|55|32|15|
5.241    17|34|43|74|110|117|134|121|75|29| 24|85|121|126|116|100|79|48|33|22|
5.242    14|36|57|76|99|122|128|119|80|33| 26|87|119|128|125|107|81|58|30|22|
5.243    18|30|48|75|102|119|120|115|80|29| 34|83|109|129|129|105|76|55|30|15|
5.244    19|33|52|76|99|128|135|113|85|31| 29|79|126|131|132|110|71|48|35|16|
5.245    17|36|48|73|105|123|134|113|83|31| 27|78|105|127|118|108|70|58|31|16|
5.246    19|30|48|80|95|122|131|114|79|37| 24|71|106|133|122|95|73|55|33|20|
5.247    18|34|47|74|98|132|139|123|85|27| 27|74|115|116|132|114|76|52|34|21|
5.248    22|29|48|77|100|124|135|126|83|29| 27|80|115|137|118|105|82|51|33|19|
5.249    17|31|53|74|118|130|133|122|80|29| 29|80|108|129|130|91|76|56|38|19|
5.250    16|30|54|83|100|129|129|125|89|29| 32|83|115|135|128|102|71|63|32|17|
5.251    19|38|55|80|98|119|127|121|89|33| 27|79|119|138|117|100|84|45|34|16|
5.252    21|34|61|78|108|128|137|120|88|28| 25|72|116|123|123|97|79|53|34|17|
5.253    19|38|61|77|108|133|132|119|78|33| 34|80|116|128|128|102|67|50|40|22|
5.254    14|39|59|84|104|120|130|114|82|26| 27|75|120|136|123|110|82|55|30|19|
5.255    21|27|59|77|101|128|127|125|75|31| 32|74|119|127|125|100|89|57|31|18|
5.256    18|32|55|77|113|131|139|119|80|30| 29|75|118|133|133|113|76|52|32|19|
5.257    22|30|53|86|102|133|128|119|83|25| 30|80|126|137|116|107|77|50|27|20|
5.258    18|34|59|80|102|136|133|105|88|34| 30|82|131|137|114|101|80|54|36|15|
5.259    22|33|57|78|108|119|121|120|85|28| 30|80|121|136|115|106|71|48|34|19|
5.260    18|37|54|81|100|126|131|116|83|29| 29|84|109|145|131|103|76|56|34|23|
5.261    20|36|54|81|120|126|140|124|72|27| 28|77|125|134|129|98|74|57|31|20|
5.262    20|34|52|84|104|132|117|121|81|25| 29|76|109|138|120|107|75|52|31|18|
5.263    22|31|59|84|94|122|127|121|82|30| 31|84|114|135|118|108|82|56|33|18|
5.264    22|36|59|79|111|120|140|137|86|32| 30|84|116|126|140|101|84|56|28|17|
5.265    20|34|58|68|109|116|131|116|85|32| 27|76|119|128|128|110|83|56|29|23|
5.266    22|37|51|74|111|130|139|122|75|31| 29|80|130|131|121|102|79|60|32|17|
5.267    20|33|52|83|113|133|131|124|76|24| 31|83|119|130|123|114|77|58|29|19|
5.268    24|37|55|84|108|134|150|120|80|26| 29|80|122|135|123|102|88|62|31|20|
5.269    19|31|56|82|102|131|134|122|85|26| 28|83|119|144|132|102|88|51|31|19|
5.270    18|40|56|80|112|135|128|110|89|27| 28|80|118|130|129|101|82|53|32|17|
5.271    19|35|52|81|110|131|134|126|81|30| 34|84|120|134|126|111|88|59|37|18|
5.272    19|37|53|79|102|117|144|124|77|31| 34|87|126|138|131|96|73|56|33|23|
5.273    20|29|46|76|125|125|143|121|89|29| 27|85|125|129|133|119|87|58|41|19|
5.274    17|29|60|89|113|126|141|112|90|25| 29|88|123|139|131|110|82|55|35|17|
5.275    20|35|55|89|108|137|131|133|81|31| 28|89|116|140|125|106|85|60|34|22|
5.276    24|37|57|78|105|126|141|121|90|33| 28|87|133|134|124|101|83|55|36|23|
5.277    22|44|60|89|100|126|145|119|94|23| 29|92|123|136|130|99|85|60|36|21|
5.278    23|30|55|81|118|136|134|134|84|35| 24|93|116|148|127|105|82|63|36|19|
5.279    24|31|55|83|108|132|147|125|90|32| 28|84|124|138|135|116|78|54|29|17|
5.280    24|32|54|79|114|122|130|129|85|34| 31|92|127|128|127|111|82|62|36|22|
5.281    20|33|54|88|110|141|138|128|91|32| 30|88|131|144|123|106|87|59|40|21|
5.282    20|32|57|78|106|125|145|123|78|30| 32|92|121|129|129|109|80|56|33|20|
5.283    29|37|55|81|112|124|149|123|90|33| 30|82|125|135|132|107|89|65|37|21|
5.284    21|40|56|89|113|142|135|128|89|32| 35|83|118|132|131|116|77|57|37|23|
5.285    21|38|55|87|123|141|138|131|88|31| 28|88|125|145|138|110|79|58|36|21|
5.286    21|34|53|86|104|146|126|124|87|31| 32|95|139|132|133|111|86|60|42|21|
5.287    16|33|51|83|119|139|139|126|81|31| 31|88|139|138|129|109|78|61|31|19|
5.288    17|30|53|78|119|132|139|133|91|38| 29|82|118|141|138|111|84|57|40|25|
5.288    17|35|55|91|114|142|127|130|89|33| 24|89|125|136|128|112|79|53|36|19|
5.289    23|37|62|82|111|132|134|119|87|34| 30|85|131|149|131|109|87|60|39|19|
5.290    20|39|57|95|108|139|138|134|87|32| 29|84|125|152|144|112|89|61|38|19|
5.291    24|32|58|83|111|128|145|134|95|32| 38|86|129|141|142|127|84|57|33|21|
5.292    22|34|57|92|114|129|144|127|89|36| 28|84|137|137|129|121|82|57|38|19|
5.293    18|37|52|87|117|129|151|128|86|32| 34|88|118|151|145|116|87|61|35|20|
5.294    19|39|53|89|117|136|140|127|82|34| 32|92|127|140|145|122|84|55|31|18|
5.295    21|39|62|83|124|130|144|129|87|31| 36|94|117|137|137|126|83|62|33|22|
5.296    22|39|56|85|108|137|142|139|89|31| 37|87|134|145|137|109|84|58|38|22|
5.297    19|40|64|89|113|138|135|115|82|35| 30|85|123|146|131|114|92|61|43|21|
5.298    19|30|54|85|118|145|140|119|90|34| 29|89|124|150|147|111|88|66|36|20|
5.299    20|39|55|95|115|141|139|130|96|43| 26|85|132|151|122|122|87|61|34|20|
5.300    19|37|55|81|117|133|146|125|98|34| 34|86|125|133|135|119|79|55|36|22|
5.301    24|36|60|81|109|135|149|125|93|31| 35|96|122|145|135|117|82|51|36|22|
5.302    21|36|59|89|117|134|142|125|93|41| 36|85|121|147|132|127|86|59|38|20|
5.303    21|40|56|90|110|130|140|132|94|32| 34|85|139|129|146|125|87|63|38|19|
5.304    18|33|60|83|120|135|142|132|83|36| 29|96|127|139|133|117|86|58|36|17|
5.305    25|34|55|92|119|134|138|134|93|34| 32|96|129|157|132|116|81|58|34|21|
5.306    17|39|66|84|108|133|140|130|99|33| 30|95|128|147|145|112|87|62|38|23|
5.307    25|34|66|88|121|137|143|131|86|31| 28|92|144|141|146|120|84|56|34|19|
5.308    21|42|59|86|108|153|146|125|106|31| 38|99|139|151|134|116|93|60|33|22|
5.309    17|38|59|88|108|134|148|136|85|37| 34|96|126|140|136|110|91|62|33|25|
5.310    19|36|60|90|128|145|150|141|91|31| 33|96|123|148|139|105|93|52|41|17|
5.311    22|39|65|84|118|130|144|128|89|30| 31|97|121|148|158|118|97|57|32|21|
5.312    27|40|69|83|114|132|146|143|90|35| 36|95|121|149|137|124|92|63|40|21|
5.313    22|39|53|84|128|142|142|123|93|35| 38|91|138|154|146|118|88|54|29|18|
5.314    19|40|59|98|124|150|154|132|93|28| 35|94|135|140|136|108|91|58|39|21|
5.315    21|43|50|97|116|148|156|140|96|31| 35|99|138|141|139|110|91|58|38|22|
5.316    25|39|56|90|119|143|159|136|98|33| 35|90|124|135|131|131|84|69|34|16|
5.317    20|38|68|89|110|141|151|133|90|34| 35|97|137|145|143|120|94|67|37|21|
5.318    20|37|63|93|120|148|153|122|97|35| 36|97|133|147|143|133|97|57|36|21|
5.319    21|36|59|86|117|148|148|135|90|32| 34|95|131|143|145|130|95|62|36|19|
5.320    29|37|61|90|112|143|152|137|93|31| 30|95|138|153|142|114|94|65|44|24|
5.321    20|38|68|83|131|140|147|140|106|34| 27|104|143|157|134|120|90|64|43|20|
5.322    22|39|58|82|120|142|145|139|86|35| 35|97|130|144|138|117|95|70|37|24|
5.323    23|40|59|96|118|141|157|137|100|35| 36|87|126|148|142|126|98|62|40|18|
5.324    26|45|64|96|125|145|150|137|88|33| 41|99|131|149|152|111|98|68|35|19|
5.325    21|44|67|90|115|151|155|134|91|32| 31|101|138|139|133|126|86|67|38|26|
5.326    22|44|63|90|117|148|143|134|101|34| 39|93|141|149|145|129|91|66|37|20|
5.327    22|41|62|90|121|145|144|129|88|34| 39|99|136|146|149|125|97|67|36|22|
5.328    25|31|64|95|123|160|144|140|98|28| 32|89|138|156|148|126|90|63|35|19|
5.329    24|39|60|88|117|153|155|132|98|32| 32|106|134|159|139|127|90|63|37|19|
5.330    21|41|69|94|122|147|151|132|100|35| 33|90|131|150|143|124|94|68|41|23|
5.331    22|43|60|97|117|147|149|125|82|33| 34|101|134|155|148|123|96|63|40|20|
5.332    20|38|68|95|126|144|151|131|95|36| 39|98|142|151|129|126|91|61|33|21|
5.333    19|42|64|95|119|148|158|138|100|35| 41|98|140|157|145|113|93|64|42|25|
5.334    23|46|59|91|121|149|156|133|93|34| 34|108|131|155|154|133|93|56|43|22|
5.335    26|44|71|94|124|144|144|154|97|36| 33|97|137|153|149|123|89|65|44|19|
5.336    25|43|64|98|136|156|159|146|106|36| 35|91|132|151|138|120|96|59|35|23|
5.337    22|49|58|89|125|157|136|137|96|34| 32|98|136|150|147|129|88|57|38|24|
5.338    21|38|65|89|128|159|149|132|98|38| 33|110|142|159|143|118|90|71|38|25|
5.339    22|41|62|101|130|146|152|137|99|30| 32|101|139|135|151|124|98|57|37|19|
5.340    20|44|66|111|126|153|157|144|103|32| 32|87|137|162|151|118|100|60|41|27|
5.341    22|37|66|97|117|153|157|144|101|33| 34|105|133|152|154|132|99|76|42|21|
5.342    23|44|56|91|129|150|155|138|96|32| 37|109|137|167|159|129|87|68|39|23|
5.343    19|40|62|95|115|153|157|138|95|33| 33|94|142|151|147|133|92|69|43|24|
5.344    24|35|59|96|119|158|159|145|95|38| 40|92|143|169|149|130|97|70|37|22|
5.345    20|39|67|103|131|151|146|144|101|34| 35|99|147|156|161|117|93|57|38|20|
5.346    22|42|65|94|135|148|148|144|99|34| 36|91|144|155|151|140|91|68|46|22|
5.347    24|39|61|97|116|136|157|140|92|35| 39|102|135|144|151|125|96|70|42|23|
5.348    23|37|61|95|130|137|166|144|97|36| 37|97|146|157|152|123|92|70|38|27|
5.349    27|38|62|97|125|138|149|136|113|29| 42|97|132|158|130|125|103|61|37|18|
5.350    22|42|67|88|127|162|143|151|98|39| 38|101|142|151|146|136|97|70|38|23|
5.351    28|41|63|98|130|158|167|143|103|42| 33|103|155|155|149|135|104|64|41|25|
5.352    22|43|62|95|130|157|168|140|101|33| 38|98|142|167|157|129|93|62|43|21|
5.353    20|38|70|90|132|157|150|139|97|35| 34|98|143|166|147|126|105|65|41|19|
5.354    24|43|64|97|121|143|163|142|100|38| 36|104|148|157|158|132|102|59|41|24|
5.355    26|39|65|99|132|151|166|126|90|29| 38|104|152|163|157|129|92|63|37|22|
5.356    24|40|64|99|127|157|157|149|102|35| 35|100|150|174|166|130|100|61|40|28|
5.357    24|37|65|104|138|169|161|141|95|38| 38|97|142|162|171|130|97|69|41|28|
5.358    25|45|69|95|131|159|169|145|100|33| 31|98|143|159|146|115|89|71|40|20|
5.359    22|42|69|94|130|162|163|144|106|37| 37|102|149|156|155|135|99|65|43|21|
5.360    23|41|65|104|133|139|174|143|100|34| 35|98|133|160|167|124|97|66|45|25|
5.361    27|48|68|86|130|157|169|141|102|38| 35|104|150|163|164|132|101|74|40|24|
5.362    23|43|69|103|127|164|160|135|102|34| 38|102|151|160|156|134|101|70|41|24|
5.363    23|35|59|81|131|155|161|140|91|36| 39|100|146|167|169|122|106|70|42|27|
5.364    26|45|69|103|123|162|172|142|101|35| 37|99|144|161|153|129|98|70|40|26|
5.365    27|41|74|112|138|151|161|148|98|38| 35|112|134|182|148|131|105|73|47|30|
5.366    23|39|71|93|147|162|166|152|104|30| 39|101|141|177|150|131|93|67|43|25|
5.367    26|40|72|98|133|153|167|140|106|35| 40|95|146|155|171|138|98|60|40|22|
5.368    21|46|71|107|131|158|162|165|102|36| 44|111|154|179|141|123|97|65|43|21|
5.369    23|35|64|99|136|145|167|141|96|37| 39|109|148|159|156|132|93|67|42|26|
5.370    23|40|73|107|135|160|171|151|99|33| 43|93|141|155|161|132|95|75|43|24|
5.371    21|44|71|100|133|157|178|146|105|38| 35|106|159|168|160|126|105|59|42|24|
5.371    29|45|69|107|143|175|160|143|110|41| 39|111|144|175|150|131|97|68|43|24|
5.372    25|44|67|103|121|156|177|138|106|39| 37|106|138|167|153|130|101|72|46|27|
5.373    26|49|76|101|125|150|163|151|113|41| 27|102|154|159|156|136|97|71|38|25|
5.374    23|45|75|94|152|158|171|152|112|39| 37|110|148|163|165|140|101|68|44|22|
5.375    25|42|69|100|136|159|173|149|99|38| 32|99|154|159|153|148|106|74|46|22|
5.376    23|45|69|99|136|158|168|159|107|35| 39|107|151|158|162|136|106|71|45|26|
5.377    29|42|61|104|142|153|166|151|98|36| 33|100|153|172|164|126|96|66|37|21|
5.378    25|44|68|106|128|161|170|152|111|34| 39|107|163|175|162|139|103|73|48|32|
5.379    20|45|73|107|141|153|159|157|107|37| 36|105|157|184|157|132|112|67|43|22|
5.380    24|43|65|107|136|158|176|152|102|40| 44|109|157|171|168|131|108|64|47|22|
5.381    28|44|67|100|134|180|186|151|98|43| 36|94|145|168|172|137|101|74|48|28|
5.382    20|45|68|109|141|160|180|158|99|36| 40|106|157|170|153|140|94|73|45|24|
5.383    27|46|68|107|137|171|170|149|115|38| 36|108|147|168|162|141|100|70|46|28|
5.384    21|42|70|106|132|175|175|149|104|40| 39|99|148|179|163|142|101|74|44|31|
5.385    29|44|70|102|144|170|167|167|117|42| 37|104|151|174|160|127|103|69|46|22|
5.386    26|48|63|102|138|171|162|148|103|38| 41|99|154|178|172|137|102|70|47|25|
5.387    27|40|69|103|138|155|178|156|108|40| 41|102|151|170|159|135|97|71|38|26|
5.388    27|48|74|103|149|168|167|155|106|38| 39|103|151|163|159|136|101|83|38|25|
5.389    24|48|72|103|131|154|167|156|98|35| 38|99|148|177|168|141|105|72|48|28|
5.390    30|39|73|101|131|159|174|168|111|34| 39|103|167|181|162|123|100|71|42|28|
5.391    23|47|75|99|137|162|170|161|105|42| 39|116|166|176|164|131|104|76|45|26|
5.392    26|42|76|100|146|170|170|151|106|33| 36|99|156|177|156|138|108|69|48|23|
5.393    23|45|69|101|151|162|173|154|108|34| 37|102|153|166|169|132|102|78|48|28|
5.394    26|40|74|106|136|173|182|149|116|30| 34|111|161|173|155|140|116|67|49|28|
5.395    28|43|76|102|141|172|170|151|106|39| 40|109|148|170|170|147|105|66|44|24|
5.396    25|45|70|100|132|160|179|169|103|41| 39|112|150|169|162|141|102|80|50|25|
5.397    27|40|75|104|134|159|174|160|99|43| 33|102|155|175|172|130|115|75|46|30|
5.398    25|48|70|104|141|166|181|144|116|48| 38|120|161|174|166|139|101|75|46|20|
5.399    23|42|77|106|143|168|183|154|108|38| 39|103|155|182|164|139|109|73|45|24|
5.400    27|45|74|111|138|172|174|156|103|36| 38|107|157|183|166|147|108|71|48|29|
5.401    24|47|60|111|140|176|175|161|113|35| 33|104|169|179|170|144|110|77|41|23|
5.402    23|46|80|109|146|156|174|167|109|42| 44|116|158|189|166|144|105|69|43|24|
5.403    29|50|75|98|146|174|188|165|110|36| 37|113|166|165|167|143|111|70|39|26|
5.404    29|51|79|106|141|172|179|163|118|34| 38|112|161|184|169|148|103|74|50|32|
5.405    29|44|64|111|144|171|186|157|96|40| 43|112|153|180|179|141|120|75|46|24|
5.406    24|47|82|116|136|170|173|157|112|45| 38|103|149|164|174|146|112|78|41|25|
5.407    26|51|74|113|145|183|170|157|121|35| 39|112|164|193|182|144|110|72|45|28|
5.408    25|45|73|103|153|164|173|156|111|42| 39|107|159|162|178|156|105|75|52|28|
5.409    29|44|70|116|144|181|173|150|110|37| 40|115|175|178|166|141|113|72|44|24|
5.410    28|43|76|114|148|177|185|168|113|42| 45|116|155|182|169|149|102|80|41|27|
5.411    28|47|73|112|149|169|184|167|111|40| 35|101|167|187|175|149|112|63|49|27|
5.412    30|54|79|118|145|174|166|154|112|38| 40|110|159|178|173|142|119|83|45|23|
5.413    22|49|76|111|140|173|190|162|109|38| 43|106|161|179|181|151|108|71|50|28|
5.414    27|49|76|113|148|171|178|164|106|40| 42|116|164|186|166|145|101|75|48|23|
5.415    26|48|74|101|150|163|200|158|111|37| 43|123|173|177|180|136|104|70|44|24|
5.416    25|45|68|96|147|187|187|163|107|39| 41|115|154|182|169|136|112|75|54|32|
5.417    29|47|84|107|151|176|179|157|113|43| 35|110|158|187|174|138|109|71|49|25|
5.418    23|53|77|113|145|176|175|158|118|42| 42|121|151|181|163|143|108|75|47|22|
5.419    30|44|75|113|146|189|180|163|111|42| 39|117|167|184|182|142|114|84|45|29|
5.420    23|46|82|108|149|169|180|156|111|39| 37|118|173|189|176|143|115|79|43|24|
5.421    29|47|77|108|148|173|188|148|110|37| 42|110|182|180|168|145|114|77|42|23|
5.422    26|45|77|109|142|164|189|161|128|37| 41|111|169|196|174|155|116|84|51|30|
5.423    26|45|75|101|145|175|189|158|118|45| 41|111|153|180|169|146|118|68|50|26|
5.424    27|45|82|113|154|174|184|170|117|38| 41|115|172|189|182|146|110|77|46|31|
5.425    22|46|83|117|156|168|168|151|113|43| 40|105|163|184|174|156|107|70|47|27|
5.426    26|53|80|116|153|164|190|177|110|42| 39|104|176|194|160|137|110|81|48|28|
5.427    26|48|74|105|146|177|185|161|125|37| 44|121|172|180|173|155|115|77|51|24|
5.428    27|47|76|111|156|184|182|164|123|38| 43|121|170|192|192|152|111|79|42|28|
5.429    28|55|69|104|157|174|192|168|119|39| 39|114|167|185|183|145|121|81|47|25|
5.430    27|47|81|120|144|169|184|156|119|41| 46|122|168|188|171|145|111|78|46|30|
5.431    29|45|77|113|149|176|187|170|111|42| 39|123|170|187|186|147|119|85|52|31|
5.432    29|50|84|114|153|180|187|167|120|40| 40|120|171|202|193|149|117|77|50|29|
5.433    30|52|82|114|153|173|202|174|120|41| 43|120|162|185|183|148|113|80|49|28|
5.434    26|46|83|100|150|188|170|168|107|43| 43|118|168|172|178|156|115|76|48|26|
5.435    29|55|84|113|158|188|193|168|112|39| 50|114|172|205|185|159|123|78|49|31|
5.436    26|49|82|111|152|174|191|165|112|34| 46|116|182|198|176|162|124|77|54|32|
5.437    28|44|84|117|149|179|185|176|114|48| 40|113|163|197|177|154|122|84|45|28|
5.438    30|48|85|124|164|170|185|173|112|45| 46|130|169|186|185|147|137|78|49|22|
5.439    30|52|78|114|137|179|191|167|120|41| 42|103|180|186|182|153|109|83|43|26|
5.440    22|49|73|116|151|188|218|178|112|42| 46|126|171|184|176|149|113|75|52|27|
5.441    26|51|85|118|153|193|192|172|127|40| 47|120|165|195|184|149|107|73|50|27|
5.442    24|50|84|121|158|185|185|154|116|38| 45|123|167|197|174|152|123|86|46|36|
5.443    28|46|82|118|160|192|181|170|119|45| 40|117|179|197|183|167|115|79|44|29|
5.444    31|55|87|112|155|186|175|173|121|37| 39|118|174|198|193|147|108|93|46|30|
5.445    27|42|87|122|144|170|176|164|123|44| 47|127|174|189|169|158|108|89|50|33|
5.446    33|58|81|121|168|195|195|178|127|45| 43|116|174|183|194|156|121|79|52|33|
5.447    30|51|84|106|148|183|205|194|120|45| 41|113|180|190|193|149|112|76|49|30|
5.448    31|51|75|117|150|182|187|169|125|48| 44|121|185|197|192|155|110|76|44|27|
5.449    37|44|84|116|162|189|199|167|128|42| 41|124|173|188|192|145|111|83|53|28|
5.450    31|51|83|120|146|196|201|173|115|48| 41|122|175|200|182|151|131|82|52|29|
5.451    30|52|88|118|149|179|182|182|126|41| 42|115|173|188|179|155|120|80|48|26|
5.452    35|47|79|118|156|194|196|177|125|43| 41|123|173|194|183|177|119|88|50|25|
5.453    24|59|73|116|160|196|196|167|133|42| 45|114|172|189|186|150|113|74|54|30|
5.454    31|49|83|119|171|183|200|172|129|45| 42|123|177|177|186|159|118|82|55|27|
5.454    26|47|78|136|176|186|204|170|130|52| 48|111|183|197|184|160|125|85|55|31|
5.455    26|48|91|117|164|198|211|183|118|45| 44|118|181|190|185|158|130|88|57|28|
5.456    33|53|81|112|157|192|189|167|140|40| 40|128|181|204|182|154|116|97|52|29|
5.457    32|54|82|128|160|187|194|171|122|43| 44|122|183|210|200|167|119|83|51|28|
5.458    34|55|78|119|162|197|197|182|126|41| 40|123|174|205|194|158|123|87|60|29|
5.459    27|61|73|112|160|188|184|182|119|43| 47|117|164|209|181|156|119|85|53|32|
5.460    28|50|75|114|158|183|197|171|120|46| 47|134|168|210|197|163|118|74|61|29|
5.461    32|52|85|116|156|192|202|175|125|44| 48|125|183|213|185|151|119|76|47|28|
5.462    26|54|78|126|158|195|207|167|131|45| 45|125|177|198|195|162|124|84|55|27|
5.463    30|48|90|116|168|184|203|178|121|45| 45|125|170|197|188|166|121|91|56|30|
5.464    32|52|85|118|172|199|210|187|122|44| 47|124|174|202|201|150|123|85|52|30|
5.465    33|48|85|129|154|199|205|175|131|49| 47|124|190|198|201|160|112|90|52|27|
5.466    29|52|76|121|164|190|196|181|125|41| 39|127|180|216|188|151|127|79|56|28|
5.467    30|48|91|128|166|194|191|180|131|46| 41|119|184|219|195|163|126|91|52|29|
5.468    30|52|90|115|156|196|190|178|118|51| 44|125|182|192|198|164|132|89|55|33|
5.469    32|57|83|124|155|194|201|184|133|43| 47|132|182|203|191|162|116|94|51|33|
5.470    24|56|92|126|159|198|201|181|120|46| 41|124|180|205|189|166|132|80|53|29|
5.471    32|55|82|133|167|195|208|197|124|45| 46|123|179|188|197|171|125|88|58|32|
5.472    32|61|82|124|161|195|197|183|121|49| 47|129|179|198|185|152|118|84|50|28|
5.473    36|55|88|123|171|200|213|184|129|47| 49|135|190|206|195|170|116|84|52|35|
5.474    28|62|87|122|169|198|211|184|132|46| 50|140|169|202|194|174|123|87|51|29|
5.475    33|56|87|124|171|196|208|193|137|47| 48|128|185|205|202|167|127|82|56|35|
5.476    34|55|85|129|169|199|217|180|135|46| 46|119|185|214|208|165|116|92|52|31|
5.477    26|58|86|118|173|206|207|182|128|45| 40|117|175|194|200|160|138|92|53|30|
5.478    30|49|86|124|165|183|208|195|119|49| 52|122|182|201|210|166|126|87|60|32|
5.479    29|56|85|119|173|200|208|186|127|47| 49|123|198|211|199|165|127|96|57|32|
5.480    34|54|89|129|163|196|216|194|130|46| 44|129|168|208|203|150|124|83|52|35|
5.481    38|52|85|136|164|192|211|186|133|44| 48|128|175|206|204|166|122|79|50|33|
5.482    25|55|88|124|163|201|211|191|138|49| 46|137|185|210|210|159|115|88|53|29|
5.483    30|54|88|125|164|197|200|185|124|51| 45|144|185|218|202|172|134|85|55|35|
5.484    34|51|87|126|163|198|201|173|130|51| 48|128|178|197|201|168|117|81|55|32|
5.485    32|54|90|119|156|201|208|188|131|53| 45|130|192|206|187|171|132|88|63|34|
5.486    31|53|96|135|177|202|211|188|136|52| 49|129|182|217|197|166|126|90|49|27|
5.487    30|67|86|116|178|204|207|193|125|40| 44|122|186|206|194|165|123|94|63|35|
5.488    37|49|92|135|160|205|210|179|131|47| 48|143|184|222|210|168|129|98|53|29|
5.489    35|59|81|129|176|214|201|197|126|47| 47|136|187|210|193|173|123|90|60|31|
5.490    36|55|89|132|181|198|207|191|126|47| 50|136|191|206|206|172|130|87|56|33|
5.491    31|52|96|123|162|203|224|172|132|47| 52|138|179|208|205|176|126|91|55|33|
5.492    30|48|96|141|166|218|203|189|121|48| 47|132|193|222|208|160|143|90|50|30|
5.493    35|57|83|130|170|196|221|192|143|54| 49|130|180|207|209|169|129|97|60|30|
5.494    27|58|92|131|168|202|215|188|134|46| 47|122|194|223|203|163|125|93|62|28|
5.495    30|54|92|129|194|195|217|184|136|49| 43|141|204|212|206|165|130|87|61|34|
5.496    32|54|87|145|172|197|217|184|130|52| 46|126|199|206|199|174|132|87|58|31|
5.497    32|58|87|143|178|217|205|200|126|49| 43|143|179|219|201|167|141|91|58|33|
5.498    30|60|89|127|169|192|225|191|133|44| 45|119|183|226|204|175|127|89|55|32|
5.499    29|61|89|122|170|199|214|190|125|43| 43|130|205|220|209|175|119|94|63|31|
5.500    32|54|101|132|170|193|209|190|133|41| 47|135|202|227|197|170|131|92|54|37|
5.501    29|59|91|131|169|208|204|198|137|46| 45|140|195|212|201|180|137|97|61|31|
5.502    30|54|88|133|161|215|210|200|131|52| 50|136|185|212|199|185|125|93|56|33|
5.503    37|55|89|144|176|208|217|186|131|48| 45|146|191|220|199|168|136|83|59|38|
5.504    27|53|89|133|171|209|202|200|133|49| 45|136|198|209|231|165|131|98|58|30|
5.505    35|59|91|135|168|205|223|199|133|51| 47|128|186|214|200|178|121|91|63|29|
5.506    30|61|86|133|166|213|230|200|131|51| 46|133|202|217|210|186|134|100|58|35|
5.507    27|57|92|136|180|212|210|188|143|48| 47|137|185|223|220|179|132|85|59|35|
5.508    37|53|95|140|176|204|211|191|132|47| 53|142|197|216|203|181|134|96|53|28|
5.509    35|57|99|123|180|212|209|198|129|51| 48|137|198|227|208|175|131|89|58|35|
5.510    28|59|93|132|182|206|230|213|130|51| 46|138|204|233|220|169|123|92|57|34|
5.511    40|53|92|130|186|213|211|187|123|49| 52|130|195|213|220|176|130|86|64|39|
5.512    32|71|92|139|171|214|222|202|132|54| 47|146|190|224|230|178|146|90|62|35|
5.513    37|60|89|144|180|207|214|196|129|61| 54|140|191|215|205|172|124|86|59|36|
5.514    35|49|95|125|188|202|233|201|141|48| 57|135|202|220|208|183|143|98|65|37|
5.515    33|67|97|132|179|211|220|209|152|51| 46|144|203|232|219|170|141|85|58|32|
5.516    36|55|98|137|180|204|218|198|133|51| 51|129|194|226|209|178|137|94|55|34|
5.517    34|57|94|134|170|208|236|203|121|50| 47|136|196|210|215|170|128|93|58|34|
5.518    32|47|87|142|172|213|220|204|133|54| 52|128|206|222|209|178|126|96|57|38|
5.519    35|64|92|140|176|216|219|209|137|52| 50|140|193|219|217|195|132|90|64|31|
5.520    34|62|92|143|188|212|238|207|143|49| 56|136|203|222|215|170|142|109|60|41|
5.521    40|59|89|144|184|216|238|204|142|51| 50|145|189|240|215|188|135|97|52|33|
5.522    38|61|98|134|182|215|230|204|150|48| 48|154|198|231|205|172|136|104|65|38|
5.523    35|67|88|143|181|220|232|206|140|54| 55|138|197|215|218|185|138|93|62|36|
5.524    36|56|97|148|186|215|218|202|136|56| 53|137|194|223|211|174|131|89|60|35|
5.525    38|60|97|137|184|214|229|208|147|53| 49|146|201|230|217|201|134|98|58|28|
5.526    32|62|102|133|196|226|225|205|153|55| 53|145|215|225|216|170|139|95|59|35|
5.527    33|59|98|145|196|229|223|202|150|58| 50|148|194|223|234|182|139|96|58|44|
5.528    40|61|88|139|186|227|230|210|145|50| 47|151|201|215|215|176|146|98|65|30|
5.529    35|62|99|145|190|217|223|202|152|54| 43|139|206|221|236|186|144|91|57|31|
5.530    37|57|101|139|181|216|226|208|133|51| 52|141|203|238|236|196|136|94|66|40|
5.531    35|59|96|149|186|228|219|208|139|50| 49|141|206|222|222|173|138|96|62|37|
5.532    33|60|99|143|190|219|227|216|137|49| 50|146|208|232|214|188|145|99|65|39|
5.533    34|64|96|145|184|230|225|206|145|48| 50|148|206|234|208|179|142|93|58|32|
5.534    37|65|93|132|186|222|231|206|141|50| 46|145|207|233|212|185|137|100|58|34|
5.535    35|60|98|153|192|213|227|199|139|50| 53|155|219|233|229|183|143|102|66|36|
5.536    33|66|101|138|194|209|214|205|140|59| 51|148|216|218|229|184|136|99|52|36|
5.536    33|63|107|155|204|218|228|202|139|49| 48|137|212|215|223|179|136|98|66|25|
5.537    35|56|100|135|189|232|234|210|139|57| 49|143|210|228|231|191|140|101|59|37|
5.538    39|67|92|150|188|228|241|203|143|57| 45|142|207|225|231|185|146|93|71|36|
5.539    39|61|98|144|198|227|247|224|150|54| 53|153|206|223|227|179|136|104|65|35|
5.540    39|65|108|138|193|222|242|216|149|51| 51|140|203|241|231|189|140|94|57|37|
5.541    31|60|102|141|200|227|234|208|134|51| 49|144|212|238|222|191|132|105|58|39|
5.542    33|69|110|149|191|222|231|203|146|52| 58|141|209|231|224|189|135|95|67|33|
5.543    37|63|107|133|201|221|224|204|144|50| 51|142|219|241|222|170|148|95|63|35|
5.544    39|65|105|139|189|235|235|210|151|56| 48|145|210|221|235|200|139|99|69|32|
5.545    29|57|104|138|186|223|233|210|147|54| 49|147|209|231|228|186|137|101|57|35|
5.546    34|64|98|151|186|226|248|207|146|52| 58|147|212|232|219|185|152|100|67|35|
5.547    40|61|91|137|194|234|232|219|140|50| 51|153|212|224|232|189|152|108|62|36|
5.548    36|65|100|153|190|218|244|201|141|53| 50|146|196|241|228|198|137|96|65|36|
5.549    34|57|101|142|191|247|243|205|141|48| 46|146|202|235|228|195|148|95|68|30|
5.550    38|67|97|147|206|225|243|211|148|55| 52|145|213|231|236|199|143|107|68|35|
5.551    39|69|112|148|182|227|249|209|143|61| 54|152|208|226|226|191|139|110|59|40|
5.552    38|64|100|145|189|226|255|217|148|50| 47|146|203|236|236|202|153|100|65|33|
5.553    34|68|101|157|199|218|241|215|154|54| 51|150|206|241|229|194|144|107|59|42|
5.554    36|64|107|148|189|236|232|200|160|50| 52|143|221|252|221|195|146|108|62|37|
5.555    37|68|97|153|196|232|250|208|140|57| 46|145|199|238|236|216|148|103|69|41|
5.556    36|68|102|145|192|236|246|211|151|58| 55|145|218|229|237|185|152|104|68|38|
5.557    39|68|101|145|206|232|234|197|152|54| 59|144|212|242|227|198|146|100|65|34|
5.558    41|63|104|152|193|233|254|221|148|58| 45|151|211|228|227|191|155|102|69|37|
5.559    36|70|111|146|191|235|232|218|145|65| 56|157|205|247|240|198|159|106|73|36|
5.560    36|69|102|136|190|229|242|222|144|62| 53|153|212|245|236|198|152|109|65|36|
5.561    38|67|104|149|187|234|245|203|160|59| 57|150|220|259|235|192|153|106|65|38|
5.562    34|65|101|148|201|233|239|214|141|52| 55|155|226|248|226|192|157|106|70|35|
5.563    36|65|103|140|211|235|248|220|144|54| 52|154|210|250|236|193|151|105|68|36|
5.564    36|63|101|139|199|252|243|210|151|53| 56|144|216|255|239|191|137|116|59|34|
5.565    36|61|104|146|208|222|232|208|149|51| 51|155|221|264|234|202|147|117|61|45|
5.566    34|62|113|153|190|232|238|216|163|59| 53|148|225|246|235|195|170|104|60|37|
5.567    36|70|99|141|204|251|225|223|149|53| 48|152|214|250|245|190|151|98|71|40|
5.568    38|73|105|154|188|238|251|221|152|61| 58|150|215|237|246|189|155|107|62|39|
5.569    36|72|109|153|212|248|244|224|140|56| 55|148|232|248|239|196|148|98|64|33|
5.570    45|64|96|146|197|238|249|230|156|60| 63|154|231|252|236|200|149|106|68|41|
5.571    30|64|101|149|203|243|252|226|170|56| 54|143|239|249|239|207|158|104|68|39|
5.572    36|64|105|157|203|228|252|217|154|60| 59|162|231|247|261|204|153|118|71|44|
5.573    38|75|103|164|209|238|249|233|167|55| 63|159|225|246|247|191|150|108|66|44|
5.574    39|74|107|153|195|222|260|220|154|57| 58|157|230|255|241|198|155|107|75|40|
5.575    34|76|112|147|199|242|249|230|149|52| 56|155|218|259|240|204|150|109|68|35|
5.576    38|67|109|161|200|237|252|225|147|60| 52|153|242|273|245|199|173|105|66|35|
5.577    46|60|115|153|212|247|250|216|157|55| 50|164|212|262|242|207|153|105|69|38|
5.578    39|69|110|159|192|239|254|229|164|54| 55|147|228|251|245|211|160|104|67|41|
5.579    44|67|112|158|197|232|249|211|152|54| 53|141|234|254|258|215|157|109|72|43|
5.580    35|77|105|147|204|243|234|221|164|55| 58|157|221|271|244|213|159|107|68|42|
5.581    39|65|115|153|209|231|246|236|157|53| 61|165|222|271|230|222|150|98|69|39|
5.582    38|67|102|170|226|240|264|228|152|52| 53|158|228|256|233|200|154|105|70|34|
5.583    39|73|110|156|205|232|241|227|159|50| 55|155|214|267|242|194|149|105|74|41|
5.584    41|71|101|157|207|244|264|227|155|50| 61|169|229|258|251|203|170|111|72|36|
5.585    37|60|106|149|211|247|249|235|155|58| 59|151|221|256|243|204|168|111|71|36|
5.586    36|64|111|161|208|249|248|220|153|53| 58|172|226|254|248|204|148|110|76|35|
5.587    39|70|111|160|215|262|240|238|153|59| 64|171|233|256|258|208|165|110|61|36|
5.588    39|71|114|151|221|254|258|223|153|51| 58|165|228|261|260|201|156|113|67|42|
5.589    37|67|104|158|209|251|265|243|151|59| 58|155|219|253|258|204|152|115|69|37|
5.590    43|69|113|153|211|253|280|250|153|52| 60|173|239|258|257|204|167|109|65|41|
5.591    38|73|117|155|214|238|270|222|164|56| 58|148|224|268|237|204|165|113|69|37|
5.592    43|70|106|168|202|246|278|222|158|55| 57|159|241|260|242|204|165|102|69|34|
5.593    42|69|112|170|201|251|254|234|154|63| 58|170|229|261|258|215|154|103|68|49|
5.594    37|70|115|161|211|250|253|237|152|58| 58|156|239|252|259|217|155|108|81|41|
5.595    34|67|102|162|219|249|255|233|165|55| 52|163|221|260|237|213|167|109|70|39|
5.596    37|66|119|176|219|247|259|241|169|57| 50|150|244|270|259|209|157|93|66|42|
5.597    40|69|115|162|213|242|271|239|166|53| 56|154|246|253|246|218|173|109|74|37|
5.598    33|72|107|151|223|269|261|232|164|60| 60|153|234|252|252|225|161|108|71|42|
5.599    39|72|116|170|216|233|268|244|154|60| 61|170|220|272|259|211|164|109|67|45|
5.600    41|68|111|163|206|255|275|238|168|64| 52|163|236|265|252|224|163|115|70|42|
5.601    45|67|102|161|224|262|258|228|163|56| 62|162|241|274|255|218|156|108|67|43|
5.602    41|68|110|167|224|249|260|232|162|60| 52|157|240|251|247|210|160|117|72|40|
5.603    43|69|113|169|219|259|265|221|167|60| 65|171|243|270|271|214|170|109|70|37|
5.604    38|63|106|165|227|246|245|226|157|56| 69|152|226|285|255|214|161|114|71|42|
5.605    45|75|118|172|216|252|277|236|176|63| 55|162|246|268|245|208|167|114|72|39|
5.606    40|66|109|173|214|247|275|237|177|50| 67|153|233|272|251|213|172|101|75|37|
5.607    42|79|107|170|219|266|276|233|159|57| 54|161|249|260|262|227|174|112|66|47|
5.608    38|71|105|172|211|260|260|241|177|57| 58|163|238|268|267|220|159|107|69|37|
5.609    43|71|116|165|224|245|261|237|176|58| 61|158|245|264|255|226|170|115|78|41|
5.610    48|74|118|173|231|257|259|251|162|63| 58|165|235|261|252|219|159|116|71|40|
5.611    37|69|119|154|227|264|263|249|170|66| 63|176|228|277|254|201|158|118|77|43|
5.612    42|72|127|166|221|274|267|231|176|58| 57|182|246|271|244|226|167|111|76|40|
5.613    41|78|116|160|221|272|273|233|164|62| 62|161|241|270|259|230|164|115|87|48|
5.614    41|70|112|169|223|256|293|243|164|58| 61|160|239|271|256|217|164|116|80|47|
5.615    43|73|101|158|214|257|276|252|157|61| 58|161|251|261|247|220|162|118|76|36|
5.616    43|73|120|167|227|271|268|240|170|60| 57|167|247|269|266|213|161|129|74|39|
5.617    47|68|112|166|231|267|283|234|162|53| 66|166|239|276|258|218|176|123|64|47|
5.618    43|79|129|170|238|255|266|235|163|55| 68|159|236|283|271|220|169|109|69|48|
5.619    44|76|117|161|226|271|273|238|168|58| 56|168|239|271|265|237|162|113|81|42|
5.619    45|84|105|167|224|267|271|229|173|63| 63|162|244|269|263|218|166|121|72|40|
5.620    44|74|119|166|223|262|267|236|165|58| 58|176|229|276|260|214|186|123|77|45|
5.621    42|69|117|164|228|276|270|240|169|61| 59|180|250|274|274|214|172|118|72|43|
5.622    46|82|121|167|227|266|280|253|184|53| 63|177|249|284|269|226|181|130|66|38|
5.623    39|75|114|170|226|269|269|241|165|60| 63|175|257|266|281|224|182|117|77|46|
5.624    41|77|124|168|221|264|269|259|173|57| 61|161|251|282|270|237|169|119|68|44|
5.625    44|67|119|182|212|272|260|256|172|64| 54|172|258|282|268|229|166|127|75|35|
5.626    44|79|107|174|225|263|292|257|161|71| 69|168|245|270|268|227|185|124|75|45|
5.627    47|85|123|171|223|271|273|241|187|63| 70|169|256|282|248|228|174|122|82|38|
5.628    46|75|127|177|223|273|272|235|171|65| 60|162|245|286|267|234|164|116|75|46|
5.629    40|79|114|179|243|257|274|246|172|59| 63|160|248|283|264|224|169|125|77|50|
5.630    49|74|119|170|230|267|281|241|160|61| 58|170|235|279|273|224|183|128|79|44|
5.631    44|79|118|171|230|268|282|237|167|63| 63|165|248|268|277|236|171|118|72|47|
5.632    44|76|124|177|238|273|276|252|162|62| 62|182|248|282|279|216|188|122|77|42|
5.633    44|76|123|169|230|270|285|245|178|64| 68|180|247|287|284|223|177|122|77|47|
5.634    48|82|115|176|233|265|278|248|175|60| 73|180|256|278|269|232|168|128|83|45|
5.635    49|70|121|181|227|285|290|248|184|55| 62|169|241|280|264|241|176|112|73|43|
5.636    48|74|117|167|241|274|277|244|177|69| 63|166|240|286|259|223|175|121|75|44|
5.637    53|77|122|159|229|285|274|256|181|63| 62|177|248|287|285|227|182|116|77|46|
5.638    45|84|121|186|230|281|305|240|190|61| 67|176|247|274|296|243|186|114|71|47|
5.639    43|79|121|165|220|276|281|244|179|67| 68|176|275|289|268|249|172|136|86|49|
5.640    46|73|121|177|241|286|304|245|177|68| 65|171|249|285|275|247|181|126|77|45|
5.641    44|85|130|176|226|274|290|261|177|61| 64|173|249|287|269|240|178|114|70|49|
5.642    39|84|124|184|228|270|291|260|187|65| 64|181|271|299|268|244|182|124|78|47|
5.643    45|78|127|161|225|279|286|254|181|62| 67|172|254|290|275|225|181|122|80|46|
5.644    44|79|120|184|239|282|287|261|177|62| 63|182|247|290|287|234|192|117|79|46|
5.645    47|87|123|174|234|270|306|274|196|70| 69|181|249|279|271|235|174|118|80|47|
5.646    41|82|126|194|232|274|292|273|174|68| 65|177|263|282|282|233|181|127|77|44|
5.647    44|74|134|185|235|295|301|243|192|66| 63|179|252|294|274|222|174|120|78|39|
5.648    46|76|119|172|239|270|291|276|162|61| 71|168|252|295|290|253|182|119|74|47|
5.649    45|82|123|170|247|279|283|252|192|58| 61|161|259|286|277|227|183|122|86|45|
5.650    39|74|132|177|237|267|291|262|181|65| 63|173|257|305|281|239|183|114|80|54|
5.651    45|80|126|178|235|285|284|259|193|72| 70|171|260|299|274|226|186|121|82|45|
5.652    51|76|123|180|226|288|290|247|183|68| 60|186|251|283|284|252|183|129|80|44|
5.653    51|76|124|177|237|285|308|270|189|68| 70|190|245|291|275|243|205|120|78|44|
5.654    49|81|129|188|241|280|298|273|195|65| 60|179|266|288|274|254|185|133|86|45|
5.655    48|79|130|176|232|296|294|260|179|62| 61|178|265|295|291|244|186|115|76|47|
5.656    50|84|134|167|244|276|290|265|174|62| 56|173|278|293|302|239|183|120|79|50|
5.657    37|83|127|189|226|305|301|263|185|63| 69|174|261|291|285|249|189|129|75|45|
5.658    40|82|126|185|233|284|304|265|183|60| 70|172|254|306|289|235|179|127|80|45|
5.659    51|87|130|191|244|280|306|277|187|62| 74|179|252|284|280|240|177|131|84|46|
5.660    58|77|126|183|258|286|287|274|197|69| 61|175|246|304|308|242|186|128|81|44|
5.661    50|81|128|184|242|280|318|280|186|70| 76|180|271|294|277|253|187|136|75|50|
5.662    52|82|123|175|250|281|313|276|185|76| 65|188|282|294|282|251|182|132|75|43|
5.663    43|82|130|196|232|279|298|259|186|58| 69|183|255|306|266|248|188|121|77|49|
5.664    47|79|125|183|238|290|316|259|185|61| 71|173|258|292|292|250|173|131|86|46|
5.665    47|79|125|189|244|270|314|271|193|66| 67|177|262|298|270|226|180|132|89|44|
5.666    49|82|123|188|243|288|315|273|182|68| 65|189|277|297|294|228|185|120|78|45|
5.667    42|92|126|180|237|293|290|272|189|59| 66|187|274|305|280|249|191|126|86|48|
5.668    48|79|139|188|260|295|291|262|180|70| 72|200|273|320|283|241|180|122|86|46|
5.669    47|76|117|183|251|292|325|265|186|68| 76|183|281|312|304|254|196|138|81|43|
5.670    49|74|128|183|251|298|311|273|191|63| 63|190|280|300|289|249|192|134|88|44|
5.671    51|79|126|188|247|293|310|267|186|70| 59|188|266|309|307|259|190|122|82|57|
5.672    46|80|127|186|251|289|307|278|191|68| 72|184|282|316|305|246|176|132|88|47|
5.673    48|88|123|199|232|307|304|261|181|62| 68|192|276|296|301|246|178|127|83|55|
5.674    45|82|128|176|237|301|317|280|188|72| 62|187|275|312|282|255|182|133|84|51|
5.675    49|85|136|191|247|301|310|263|192|64| 63|181|271|314|279|254|190|131|86|47|
5.676    46|92|134|190|246|284|310|258|196|65| 68|185|272|309|289|249|187|133|86|46|
5.677    47|83|134|187|252|314|306|271|174|65| 66|188|275|298|293|261|198|125|79|53|
5.678    52|88|131|190|269|321|319|281|195|65| 66|184|279|314|294|240|194|131|85|53|
5.679    49|89|132|199|253|297|320|275|187|65| 67|197|284|307|311|240|196|127|77|47|
5.680    52|82|138|187|262|303|312|258|199|64| 67|188|272|314|300|240|198|129|85|48|
5.681    48|90|133|188|245|287|293|293|190|62| 65|189|298|299|306|273|186|134|80|50|
5.682    39|87|133|182|246|299|299|272|186|65| 74|198|294|297|292|252|192|132|79|44|
5.683    47|89|125|192|260|304|299|281|194|65| 67|194|272|315|296|249|192|139|83|51|
5.684    52|89|133|190|244|297|325|273|199|68| 73|197|267|320|291|263|200|143|87|51|
5.685    49|89|135|199|261|290|310|287|186|65| 68|204|295|322|294|249|199|132|84|54|
5.686    46|74|131|212|268|300|315|278|204|62| 68|200|278|324|308|253|181|134|96|49|
5.687    57|79|145|200|272|279|328|281|198|69| 69|204|286|307|318|253|185|130|89|46|
5.688    49|91|131|197|257|281|312|262|205|68| 72|200|280|301|313|276|198|138|89|48|
5.689    45|81|134|201|253|295|303|265|197|71| 64|191|269|328|315|249|199|137|84|51|
5.690    56|83|138|187|258|301|326|282|204|76| 81|190|284|309|306|259|199|130|92|52|
5.691    51|91|134|185|260|301|300|281|190|64| 73|193|274|331|303|254|187|139|81|46|
5.692    53|84|148|188|253|295|316|298|200|74| 74|193|277|319|306|264|197|139|81|57|
5.693    50|86|139|199|254|304|320|291|186|72| 71|196|291|302|296|255|214|134|87|53|
5.694    49|93|138|211|253|305|319|294|193|81| 68|178|285|317|310|274|199|128|90|57|
5.695    48|87|130|187|271|302|306|295|194|71| 64|207|281|317|306|251|203|139|85|54|
5.696    54|85|135|192|265|295|330|298|205|78| 70|202|269|311|313|273|191|145|92|54|
5.697    48|84|143|208|260|316|329|275|190|67| 80|206|290|320|302|275|197|137|87|53|
5.698    45|94|135|192|260|292|311|280|196|69| 74|203|299|322|322|241|210|137|92|55|
5.699    48|92|142|182|257|297|333|285|195|59| 75|200|267|340|308|254|204|143|91|53|
5.700    45|99|141|205|266|309|319|289|202|66| 70|203|290|326|313|261|195|144|97|50|
5.701    55|84|136|206|264|322|323|297|196|73| 63|185|284|320|314|262|209|137|86|52|
5.702    46|87|144|198|261|314|314|293|207|85| 75|196|287|325|311|273|204|147|92|49|
5.702    57|81|145|211|264|318|327|309|198|79| 72|193|284|315|309|263|208|144|86|53|
5.703    51|80|142|210|264|316|328|313|193|73| 65|197|282|332|312|266|209|143|89|52|
5.704    60|86|139|205|271|312|330|279|208|77| 81|216|287|318|316|269|199|155|80|57|
5.705    54|93|149|209|269|316|333|287|197|73| 71|194|281|318|321|278|209|143|87|60|
5.706    55|96|146|202|269|308|328|293|208|75| 70|189|287|326|310|264|202|146|86|49|
5.707    51|78|138|214|265|295|330|307|197|74| 78|191|294|339|310|274|208|143|89|49|
5.708    53|86|150|199|268|322|336|282|194|67| 85|202|292|316|322|266|216|127|88|58|
5.709    49|85|134|213|275|343|338|306|217|74| 77|213|286|311|316|263|190|145|90|54|
5.710    51|95|147|210|248|310|341|284|198|81| 65|198|277|326|345|272|211|141|86|59|
5.711    51|95|138|216|270|326|343|275|210|77| 75|208|282|310|319|269|217|141|88|59|
5.712    61|87|145|216|259|313|336|309|190|62| 72|194|293|325|307|262|227|134|96|50|
5.713    49|92|133|193|268|321|317|291|204|73| 85|204|309|326|309|270|208|133|88|52|
5.714    55|89|139|216|265|335|324|295|191|70| 76|193|296|301|303|266|198|143|92|62|
5.715    54|90|152|203|261|317|327|302|197|78| 72|191|300|324|322|273|204|144|96|57|
5.716    54|93|149|213|266|316|338|301|204|74| 78|206|308|317|320|264|203|147|90|60|
5.717    54|90|150|206|270|324|332|298|199|74| 68|206|288|313|323|279|218|137|93|47|
5.718    53|93|147|224|269|324|337|290|193|79| 70|193|304|333|314|275|223|150|91|58|
5.719    57|95|145|197|281|317|335|297|210|83| 80|214|292|337|315|268|220|144|102|50|
5.720    52|90|136|211|274|321|335|304|196|70| 75|206|295|348|322|266|215|140|93|51|
5.721    50|82|139|205|267|332|337|307|216|79| 70|211|295|336|309|289|215|133|93|52|
5.722    53|100|150|204|272|326|330|294|203|73| 70|217|301|340|312|279|220|148|100|65|
5.723    46|100|155|222|287|338|331|286|219|79| 76|211|313|333|309|271|222|152|87|52|
5.724    52|106|157|221|282|334|330|289|207|75| 61|215|312|340|315|272|208|149|92|54|
5.725    53|88|141|218|289|334|342|299|199|76| 72|207|319|342|328|276|199|144|88|54|
5.726    53|95|151|212|281|324|351|299|207|78| 71|194|308|350|326|279|208|142|88|51|
5.727    50|86|137|205|285|326|340|313|198|77| 71|222|309|343|331|280|208|137|89|54|
5.728    58|92|147|208|289|357|351|300|216|78| 75|210|309|347|313|283|214|147|92|54|
5.729    55|94|146|215|274|331|348|307|221|73| 72|206|310|341|329|271|214|152|91|57|
5.730    51|102|147|212|275|331|335|299|213|66| 78|196|311|341|314|281|217|149|95|56|
5.731    51|91|137|218|262|329|341|314|203|76| 73|213|311|346|324|275|201|145|93|55|
5.732    58|83|151|213|279|332|361|304|221|74| 82|218|288|335|338|276|203|144|96|57|
5.733    55|85|147|207|278|322|334|308|202|85| 74|201|321|351|346|279|211|139|90|53|
5.734    66|92|159|214|283|320|332|302|210|82| 76|233|315|346|334|259|224|152|91|49|
5.735    58|95|148|218|302|331|352|319|229|84| 73|207|321|349|328|282|212|168|103|52|
5.736    54|96|151|206|273|330|340|309|206|76| 73|203|294|358|325|290|222|147|95|54|
5.737    59|91|153|214|292|325|341|293|218|71| 79|217|303|349|340|293|221|144|101|57|
5.738    55|97|145|217|288|314|335|320|211|82| 72|215|299|336|327|277|216|149|101|61|
5.739    60|97|149|213|287|329|346|300|219|89| 85|218|324|348|331|282|219|154|92|59|
5.740    56|105|139|210|273|321|344|312|220|69| 86|225|317|351|351|297|204|151|90|62|
5.741    53|97|149|211|297|351|344|305|228|83| 69|220|313|367|339|287|205|161|95|55|
5.742    59|103|160|215|282|338|350|314|208|73| 74|217|307|353|332|269|209|157|94|60|
5.743    52|98|147|233|289|348|348|303|216|65| 78|224|317|368|328|294|223|155|96|59|
5.744    59|95|153|200|283|367|358|319|224|79| 84|204|318|362|344|284|226|160|104|54|
5.745    56|98|152|228|290|323|353|321|208|81| 71|221|322|369|333|306|215|147|91|65|
5.746    53|100|143|217|294|342|353|334|218|80| 78|218|303|341|340|282|221|150|99|62|
5.747    56|98|168|208|304|362|345|325|219|76| 70|208|315|354|351|304|215|146|94|59|
5.748    53|103|158|223|285|342|343|319|209|83| 79|227|313|363|349|279|233|145|95|66|
5.749    60|100|165|213|282|351|351|332|226|82| 72|219|329|334|352|311|215|157|97|63|
5.750    54|111|158|234|282|353|362|325|220|74| 70|230|306|351|356|294|220|142|103|62|
5.751    58|93|157|216|299|358|344|328|218|75| 84|211|319|341|340|275|234|159|100|58|
5.752    59|96|156|227|296|336|352|324|232|75| 77|227|313|342|330|294|237|155|91|62|
5.753    53|99|157|227|288|341|360|308|216|81| 68|226|325|365|322|285|226|160|109|59|
5.754    61|100|145|224|293|350|366|310|226|79| 82|225|313|381|355|280|215|156|101|59|
5.755    54|101|153|232|287|337|384|320|226|80| 81|227|330|363|355|286|220|146|95|58|
5.756    60|95|159|229|312|358|367|293|227|81| 78|219|337|335|368|280|216|155|94|61|
5.757    60|106|155|213|292|358|359|308|238|76| 78|226|327|358|351|303|229|166|99|62|
5.758    63|90|175|227|295|343|376|320|212|82| 73|220|319|371|347|300|231|156|98|57|
5.759    59|105|160|231|312|352|373|320|213|79| 81|221|319|364|365|304|232|159|104|57|
5.760    63|98|143|226|306|353|375|326|223|80| 80|217|317|372|349|308|228|145|103|56|
5.761    54|114|159|237|301|340|380|327|229|80| 83|209|303|373|360|288|214|157|96|60|
5.762    56|96|161|220|294|353|374|331|217|77| 79|232|311|370|345|292|230|157|102|69|
5.763    56|101|151|219|299|340|358|333|218|79| 90|230|314|359|360|310|228|157|106|56|
5.764    57|94|163|222|297|353|391|317|216|83| 83|224|309|372|360|283|214|153|92|58|
5.765    53|96|161|222|300|354|384|310|215|83| 72|238|322|382|360|298|239|157|100|57|
5.766    54|99|171|226|306|342|381|323|222|88| 80|223|326|364|352|304|230|164|105|58|
5.767    55|104|165|229|318|350|370|334|229|83| 79|243|313|383|354|312|209|172|99|58|
5.768    58|102|152|220|303|370|370|322|226|82| 73|212|324|357|378|305|215|166|108|61|
5.769    58|102|150|233|299|357|363|319|227|76| 78|233|334|361|345|308|230|159|103|63|
5.770    62|104|164|240|309|368|364|334|232|79| 87|231|343|357|339|305|235|160|107|50|
5.771    64|99|155|228|311|364|358|326|217|76| 79|226|330|380|360|287|255|160|96|59|
5.772    51|105|152|220|292|349|362|330|230|86| 83|214|327|376|361|308|233|162|103|62|
5.773    66|104|166|232|309|358|354|337|223|84| 84|219|331|361|368|305|231|161|104|58|
5.774    55|99|158|235|300|337|375|310|228|85| 82|237|336|366|339|314|217|159|104|58|
5.775    67|102|179|234|313|349|392|348|226|85| 80|228|334|378|346|305|236|157|105|57|
5.776    60|103|158|230|297|349|368|326|237|83| 77|245|334|377|362|304|239|161|96|63|
5.777    63|109|168|225|289|360|390|329|241|87| 87|231|341|361|376|305|238|169|105|65|
5.778    64|95|159|235|306|362|372|356|227|93| 89|235|322|397|355|316|235|171|107|63|
5.779    64|104|168|245|298|350|378|322|229|83| 86|238|329|372|366|310|237|166|112|58|
5.780    59|104|168|240|289|350|372|338|229|88| 91|227|336|386|371|309|228|154|108|63|
5.781    66|100|173|245|333|381|388|342|244|83| 89|245|335|375|346|322|239|159|94|61|
5.782    57|107|166|239|309|371|386|353|241|91| 87|234|339|396|350|298|240|171|100|60|
5.783    60|92|157|245|316|374|394|339|236|70| 87|233|342|389|375|291|244|163|104|65|
5.784    72|101|161|248|300|336|393|327|235|81| 86|230|334|380|363|309|241|167|103|56|
5.784    63|102|166|240|292|371|367|333|225|93| 81|246|361|378|368|316|239|158|108|63|
5.785    58|108|180|225|292|349|369|339|228|87| 92|243|328|361|371|305|238|167|106|66|
5.786    65|120|166|219|312|374|384|361|245|81| 86|241|357|377|381|314|233|162|100|61|
5.787    57|107|165|238|313|372|383|348|233|90| 90|232|344|383|377|303|247|172|106|67|
5.788    61|101|166|249|316|363|379|350|231|92| 85|254|329|382|367|313|242|154|115|69|
5.789    63|114|160|251|320|367|398|331|245|88| 91|243|343|391|352|311|236|162|95|60|
5.790    62|107|177|234|320|369|380|331|233|81| 95|236|332|389|369|316|242|172|110|62|
5.791    62|111|165|243|332|358|392|342|222|87| 87|225|362|397|389|325|259|176|112|64|
5.792    69|107|160|242|320|383|394|354|246|86| 85|236|358|395|402|306|241|167|105|59|
5.793    60|114|179|244|324|381|389|338|223|88| 88|247|352|406|359|305|241|166|107|55|
5.794    59|106|181|240|313|383|402|361|233|88| 91|242|363|403|388|308|240|169|99|59|
5.795    61|106|168|246|308|375|392|345|239|86| 84|230|346|404|387|326|242|182|104|56|
5.796    65|107|161|250|342|370|386|325|239|79| 83|231|340|388|375|320|234|167|105|61|
5.797    65|112|171|249|325|374|387|349|244|92| 85|242|346|389|386|316|254|165|118|62|
5.798    66|97|162|255|317|364|404|355|255|89| 86|239|347|390|382|325|243|167|110|59|
5.799    60|109|184|248|321|384|381|351|234|84| 83|245|364|380|373|342|246|178|101|69|
5.800    66|114|164|250|332|381|409|344|236|84| 87|259|355|394|383|328|243|165|105|62|
5.801    58|115|172|263|331|368|405|347|246|80| 92|247|353|388|385|328|252|160|112|68|
5.802    70|107|173|256|326|382|407|359|250|94| 86|249|353|390|385|344|246|166|99|69|
5.803    63|117|164|247|328|359|402|361|259|84| 87|243|369|377|375|308|239|172|111|60|
5.804    60|117|167|249|312|382|396|358|256|91| 95|242|368|389|392|331|256|171|114|69|
5.805    61|102|164|256|322|383|409|352|235|80| 81|252|347|401|394|336|254|174|103|64|
5.806    67|116|173|245|332|398|406|346|246|83| 89|255|353|393|371|324|240|173|115|66|
5.807    61|118|168|244|332|391|403|338|260|84| 93|242|362|402|391|332|245|171|100|69|
5.808    64|105|180|252|316|380|411|356|241|95| 82|262|347|396|375|347|266|163|112|67|
5.809    62|103|174|260|330|359|404|361|243|84| 84|243|357|390|390|336|263|166|112|70|
5.810    65|108|174|241|320|384|394|356|239|82| 87|247|363|404|407|332|247|176|103|66|
5.811    65|115|176|267|354|390|410|364|239|82| 88|244|357|412|404|329|278|164|100|66|
5.812    69|116|180|238|328|377|416|368|253|82| 87|257|357|398|384|328|254|178|118|65|
5.813    63|110|178|244|320|404|396|355|255|84| 82|258|354|412|382|348|267|168|118|66|
5.814    66|122|174|248|329|396|378|359|241|91| 85|249|351|407|395|343|259|182|119|71|
5.815    67|113|176|245|323|378|401|359|255|94| 94|245|355|379|381|341|257|163|117|68|
5.816    71|110|176|268|346|395|410|367|248|92| 89|255|354|407|395|320|264|183|122|73|
5.817    64|108|158|263|331|389|419|382|236|87| 92|263|363|413|401|330|247|181|111|64|
5.818    68|109|178|252|354|404|405|353|249|102| 81|265|349|410|401|340|253|174|116|66|
5.819    65|113|184|272|327|406|418|376|254|88| 91|244|362|417|397|337|255|191|102|75|
5.820    63|109|190|256|340|392|416|374|247|95| 80|244|357|399|403|327|270|176|119|63|
5.821    69|112|181|265|343|392|411|378|242|97| 97|245|373|420|388|349|263|191|117|70|
5.822    68|121|179|275|340|407|423|368|256|90| 91|252|361|418|396|324|264|189|115|75|
5.823    71|112|193|266|359|415|412|351|262|81| 92|249|362|415|406|325|262|183|119|66|
5.824    63|134|168|260|346|410|414|362|247|94| 90|274|354|420|394|344|247|178|113|66|
5.825    66|114|190|252|351|413|382|375|244|95| 95|251|370|422|399|324|261|171|111|74|
5.826    66|120|197|281|341|404|418|380|239|92| 87|256|365|410|413|333|268|190|120|73|
5.827    73|106|188|252|345|392|406|367|258|87| 90|251|380|415|399|352|256|185|116|72|
5.828    72|114|189|259|336|409|410|381|243|94| 96|252|380|400|400|340|255|187|114|65|
5.829    76|113|177|280|347|408|408|369|242|85| 103|265|359|414|404|343|270|185|122|61|
5.830    66|112|192|266|353|406|409|369|262|90| 94|256|378|425|384|361|255|188|109|70|
5.831    67|120|177|264|334|398|423|380|245|96| 89|253|376|430|411|348|248|191|110|62|
5.832    71|122|190|282|328|426|423|365|263|87| 89|253|371|417|406|355|264|180|120|68|
5.833    75|119|194|276|351|409|426|378|266|85| 88|272|385|407|417|345|273|180|116|67|
5.834    75|124|190|275|344|409|418|375|270|101| 88|252|381|420|410|358|266|178|113|62|
5.835    73|116|179|271|335|401|411|387|275|86| 97|251|379|421|416|356|273|173|125|73|
5.836    64|106|190|270|341|401|427|376|263|98| 90|283|385|422|389|344|262|182|109|72|
5.837    65|115|189|288|353|418|402|368|268|99| 103|260|370|428|431|356|259|186|115|60|
5.838    71|121|176|261|358|434|427|378|258|85| 98|249|362|439|430|364|264|177|129|70|
5.839    72|118|198|276|358|389|413|372|281|97| 99|256|381|414|403|360|276|190|120|72|
5.840    66|132|182|269|360|408|433|369|262|94| 89|265|390|408|425|366|272|176|107|73|
5.841    68|124|191|268|354|423|441|378|278|103| 93|273|373|416|420|330|269|173|118|71|
5.842    76|114|195|268|346|423|415|376|255|87| 95|274|390|417|430|335|272|198|122|65|
5.843    72|118|194|270|365|400|424|389|268|93| 91|271|391|422|427|352|265|183|125|77|
5.844    80|121|191|276|377|418|425|394|262|103| 97|277|395|432|417|366|260|186|117|63|
5.845    76|117|187|268|355|426|435|376|257|94| 101|264|370|432|413|372|285|190|112|78|
5.846    71|125|184|279|371|403|436|370|262|96| 95|272|383|444|416|376|275|196|118|68|
5.847    68|120|175|268|351|427|429|380|257|92| 99|265|373|440|405|338|273|188|123|73|
5.848    83|125|196|278|353|406|434|384|274|105| 92|258|389|420|428|358|271|202|118|71|
5.849    75|118|186|278|375|428|439|397|262|90| 95|270|375|426|430|370|265|199|112|72|
5.850    73|109|197|274|364|417|463|384|269|100| 103|272|383|437|431|345|263|194|121|80|
5.851    68|116|195|287|362|413|433|399|269|98| 107|275|379|429|413|350|276|204|116|70|
5.852    70|112|184|282|356|416|433|379|272|89| 94|275|388|446|425|354|261|198|119|70|
5.853    72|112|196|284|343|434|436|389|273|91| 97|283|385|457|430|350|289|198|141|69|
5.854    74|126|186|278|361|415|434|387|257|108| 98|284|395|458|434|365|278|184|120|79|
5.855    72|124|181|275|363|413|434|394|269|109| 95|268|390|440|414|346|288|183|121|77|
5.856    70|125|184|278|374|424|444|391|262|98| 91|266|387|449|444|352|285|189|113|79|
5.857    69|115|176|279|357|416|454|404|281|91| 106|268|365|440|422|369|282|184|127|73|
5.858    72|126|199|278|365|421|435|377|268|102| 97|275|405|440|412|371|274|191|122|70|
5.859    65|122|201|277|378|431|447|407|269|102| 97|278|396|441|432|347|296|203|139|71|
5.860    80|122|183|283|369|412|444|402|267|103| 97|274|391|436|435|380|283|198|117|76|
5.861    72|122|191|275|369|438|451|391|269|98| 97|267|374|454|420|352|269|193|132|70|
5.862    71|124|196|291|381|429|439|414|278|107| 101|271|396|458|424|355|295|190|130|72|
5.863    72|118|182|286|367|435|463|382|267|97| 103|272|395|448|425|370|266|203|126|75|
5.864    69|128|202|286|359|434|433|390|274|99| 103|283|393|453|429|385|302|199|119|69|
5.865    76|121|197|275|364|442|441|404|266|94| 98|280|383|454|440|358|292|202|135|79|
5.866    80|134|193|295|376|447|447|393|278|99| 88|263|393|447|428|375|286|190|129|70|
5.867    73|133|207|273|380|440|458|405|278|95| 97|274|398|462|429|375|276|203|120|75|
5.867    75|126|198|278|365|439|455|412|273|99| 97|272|396|464|438|359|284|205|134|74|
5.868    83|124|209|285|376|463|470|411|271|104| 93|290|405|451|443|364|293|198|130|74|
5.869    74|123|211|291|385|445|445|413|282|95| 101|289|406|464|439|365|283|193|131|69|
5.870    68|131|199|297|378|448|473|396|268|99| 97|278|410|464|432|373|283|202|125|72|
5.871    71|121|187|302|379|433|479|423|273|96| 93|283|395|451|439|370|295|208|129|73|
5.872    76|126|195|290|385|426|472|398|285|103| 99|278|412|448|453|375|292|208|131|79|
5.873    79|134|200|283|373|440|443|401|284|107| 101|269|402|466|436|402|294|203|130|73|
5.874    78|131|208|293|376|446|436|393|295|99| 101|278|405|450|448|388|288|203|128|74|
5.875    84|124|195|293|367|429|460|407|280|103| 95|275|393|435|445|359|299|210|121|78|
5.876    86|129|198|287|366|440|456|401|287|97| 92|298|407|466|424|352|304|200|125|75|
5.877    72|135|209|305|389|460|473|402|301|106| 103|298|422|456|451|398|289|203|121|76|
5.878    77|124|198|307|390|446|445|410|280|98| 101|284|396|448|453|389|277|211|130|77|
5.879    76|125|200|302|382|468|469|408|289|96| 114|286|415|461|438|382|313|203|124|80|
5.880    79|134|196|303|392|449|457|428|290|101| 100|286|430|457|439|383|304|202|124|72|
5.881    73|126|209|279|381|449|482|429|283|99| 99|289|411|452|471|385|294|201|136|79|
5.882    78|127|198|302|377|453|477|418|278|97| 112|290|411|456|460|378|301|201|126|80|
5.883    84|125|197|294|386|454|473|412|289|107| 112|284|412|476|465|385|295|203|126|74|
5.884    78|131|205|296|384|469|461|411|285|113| 104|273|418|467|440|385|304|214|130|78|
5.885    65|133|209|297|394|470|461|405|289|105| 98|280|394|469|458|384|290|202|127|74|
5.886    72|135|208|284|407|441|473|416|294|100| 97|292|430|464|483|385|295|205|139|77|
5.887    80|128|203|288|379|461|453|412|291|107| 100|274|421|483|448|393|318|216|135|78|
5.888    78|122|201|303|403|463|463|437|288|103| 105|309|439|478|443|386|300|205|128|77|
5.889    73|128|189|298|387|453|446|423|299|112| 105|294|440|448|462|362|308|205|128|75|
5.890    74|129|210|299|372|444|462|418|292|104| 102|302|416|458|455|379|295|209|137|71|
5.891    78|155|207|314|388|470|450|420|296|105| 112|293|418|484|463|405|295|204|134|78|
5.892    78|138|218|290|364|456|489|437|296|103| 104|293|428|494|468|400|270|219|133|73|
5.893    82|129|212|312|399|463|478|420|293|110| 104|290|416|501|460|393|310|213|134|70|
5.894    76|134|198|300|378|469|470|448|297|105| 97|282|412|476|450|412|297|201|139|97|
5.895    75|137|209|284|406|451|471|414|291|112| 107|289|430|465|461|397|303|212|142|79|
5.896    75|130|211|313|400|485|484|436|301|101| 121|299|436|478|461|411|299|208|130|87|
5.897    76|143|225|304|410|468|475|411|286|104| 114|297|411|470|444|405|298|199|136|81|
5.898    83|132|206|292|397|457|466|457|298|107| 107|285|433|464|437|405|316|212|141|74|
5.899    71|131|215|289|387|457|463|415|301|115| 100|305|437|486|466|381|299|214|132|74|
5.900    76|129|220|281|403|471|476|415|289|117| 108|299|445|491|459|413|307|208|136|83|
5.901    86|143|216|303|397|465|474|457|306|104| 103|310|420|475|471|389|309|214|135|83|
5.902    80|137|209|314|401|477|512|451|299|102| 111|315|430|487|481|407|300|205|130|84|
5.903    75|153|227|298|434|455|474|425|292|108| 106|285|434|494|479|412|309|213|133|79|
5.904    76|131|224|333|408|481|517|415|308|106| 117|283|444|487|455|395|321|226|136|88|
5.905    82|133|210|301|401|468|506|426|293|110| 103|304|424|484|464|417|298|205|129|76|
5.906    76|133|216|303|398|466|480|451|311|106| 115|315|443|498|462|403|295|218|131|89|
5.907    77|140|213|303|391|477|484|456|310|99| 107|292|438|480|464|419|306|220|139|79|
5.908    92|147|224|315|432|492|479|424|303|107| 105|302|438|517|458|416|319|226|132|84|
5.909    89|137|221|319|400|475|494|451|293|112| 118|288|435|484|477|397|313|235|129|77|
5.910    86|152|216|310|409|483|505|447|309|105| 103|281|429|501|484|388|322|200|134|76|
5.911    82|132|213|313|406|478|516|447|296|105| 104|315|415|496|460|412|327|212|143|87|
5.912    84|139|214|311|417|483|509|442|310|106| 102|302|447|508|489|412|302|223|144|85|
5.913    80|134|226|313|405|477|521|445|304|106| 115|311|439|511|475|403|315|228|141|83|
5.914    79|138|228|315|407|480|514|430|298|112| 106|299|461|507|486|406|325|231|142|87|
5.915    79|150|210|312|404|491|493|431|298|109| 110|297|451|494|502|419|321|227|153|78|
5.916    77|155|229|311|391|497|494|427|304|117| 104|309|429|508|482|405|309|224|149|79|
5.917    81|131|217|311|409|481|500|449|302|111| 117|318|440|489|488|437|296|225|143|81|
5.918    80|153|215|311|429|466|505|441|333|116| 112|309|438|510|478|421|317|223|143|80|
5.919    86|147|228|322|409|492|487|464|307|114| 106|315|441|494|504|419|310|210|140|83|
5.920    88|136|243|314|422|478|503|436|317|105| 110|296|438|496|477|417|317|220|142|89|
5.921    89|145|231|318|420|491|503|439|297|122| 93|299|444|511|495|418|306|210|147|88|
5.922    81|133|227|324|422|488|522|455|305|111| 110|294|469|513|490|426|325|222|145|86|
5.923    93|145|222|314|438|483|520|456|294|103| 114|332|455|526|497|426|327|226|151|86|
5.924    76|144|225|336|424|498|514|432|317|115| 109|302|467|514|522|420|319|225|146|83|
5.925    86|154|227|321|419|496|495|464|330|128| 118|317|459|498|472|423|311|229|146|94|
5.926    87|147|218|324|424|468|506|466|325|115| 109|314|453|513|496|421|317|215|151|91|
5.927    88|158|219|315|411|516|518|465|313|107| 103|306|439|505|488|421|309|221|140|82|
5.928    79|145|231|317|424|493|497|463|324|111| 108|304|463|507|488|409|321|243|143|88|
5.929    89|144|235|304|426|505|507|454|301|116| 106|325|457|511|484|419|332|230|157|77|
5.930    87|145|253|329|437|510|516|460|305|115| 114|322|471|511|502|433|320|219|152|86|
5.931    89|145|224|318|436|498|534|459|315|108| 116|314|464|526|487|426|322|233|144|87|
5.932    78|140|224|330|426|495|534|449|330|107| 117|320|456|535|495|428|334|225|146|85|
5.933    78|143|243|317|422|521|521|458|331|113| 116|310|446|520|512|452|326|214|143|85|
5.934    82|157|236|334|416|530|514|446|324|115| 112|324|463|516|471|409|325|226|152|82|
5.935    95|143|236|323|440|513|525|467|314|106| 115|314|458|526|496|415|331|228|154|92|
5.936    88|148|236|322|425|490|528|474|319|117| 115|326|471|515|516|437|346|243|156|84|
5.937    91|150|228|334|430|505|520|469|314|111| 114|325|470|514|478|423|318|228|143|88|
5.938    81|145|238|322|425|498|513|461|310|112| 110|321|461|524|500|459|354|236|142|82|
5.939    77|139|227|340|420|512|530|466|321|109| 118|335|456|520|504|433|330|223|153|88|
5.940    81|156|238|330|421|477|540|474|326|113| 102|321|464|538|488|424|323|237|141|85|
5.941    94|143|223|344|449|511|543|474|312|114| 108|324|467|509|532|428|340|236|143|91|
5.942    87|135|243|335|434|510|502|467|309|118| 115|319|469|522|518|432|337|228|161|89|
5.943    85|156|238|339|430|526|538|456|322|118| 104|316|457|535|514|437|331|229|140|88|
5.944    93|154|242|344|443|526|540|479|324|116| 115|324|443|533|513|433|338|234|149|81|
5.945    87|153|229|319|438|509|520|469|315|116| 123|311|458|539|498|445|337|247|151|92|
5.946    91|148|245|340|449|509|534|473|324|110| 122|321|483|505|531|450|324|240|157|95|
5.947    98|149|249|345|425|519|514|456|315|120| 113|321|474|522|491|446|348|237|148|85|
5.948    87|152|228|345|444|521|516|467|333|113| 117|340|456|537|512|441|343|242|164|88|
5.949    95|153|231|325|450|502|536|463|320|107| 125|309|498|526|519|449|340|237|152|90|
5.950    85|151|250|349|439|510|541|472|341|117| 110|342|482|533|502|448|327|254|160|88|
5.950    89|162|243|366|436|529|541|468|343|117| 115|323|467|527|549|459|331|229|155|94|
5.951    87|142|218|335|448|539|531|489|333|123| 124|329|481|537|504|445|352|241|143|96|
5.952    97|148|244|347|440|516|532|467|329|116| 126|333|472|550|504|420|331|243|162|87|
5.953    87|156|241|359|447|492|539|490|327|117| 119|336|462|544|525|433|343|251|140|95|
5.954    89|160|237|329|437|526|543|474|348|118| 124|315|477|548|521|441|352|238|164|95|
5.955    90|156|234|345|440|537|556|469|345|118| 119|331|494|541|534|432|343|235|160|80|
5.956    88|154|234|349|471|533|538|467|312|115| 109|341|479|552|532|478|348|243|151|97|
5.957    86|150|234|342|446|522|551|509|341|109| 122|336|474|533|522|443|349|240|149|89|
5.958    90|144|249|349|452|524|541|468|322|116| 121|358|457|533|518|459|340|242|154|89|
5.959    92|160|241|357|456|523|555|490|344|109| 119|343|482|551|541|450|342|243|166|85|
5.960    92|156|223|344|459|512|544|480|333|118| 115|339|489|563|526|460|345|234|156|91|
5.961    86|149|249|361|452|551|547|472|337|120| 115|332|472|549|527|456|352|250|160|82|
5.962    97|155|235|352|455|546|527|477|341|120| 115|319|481|567|517|466|347|239|155|89|
5.963    95|167|247|343|476|525|544|474|333|118| 109|342|480|545|542|449|353|253|151|91|
5.964    92|157|228|364|457|532|567|488|349|130| 108|337|484|562|507|455|355|241|155|95|
5.965    100|160|239|350|454|520|560|511|336|129| 119|356|493|581|536|468|342|247|159|92|
5.966    86|158|230|346|457|522|558|492|334|120| 111|341|498|556|540|464|346|250|157|92|
5.967    99|157|250|370|465|542|543|489|341|128| 120|349|500|578|557|463|350|249|155|89|
5.968    87|159|240|336|461|566|555|485|338|125| 119|348|474|551|524|465|363|254|154|86|
5.969    96|159|255|334|471|530|579|493|334|120| 144|336|480|562|516|457|338|255|149|93|
5.970    89|164|247|351|449|560|559|489|340|117| 121|342|494|542|543|466|352|236|162|94|
5.971    94|161|260|362|448|517|551|480|332|118| 112|335|513|569|544|449|358|258|158|87|
5.972    97|148|251|359|458|550|552|509|349|123| 131|357|488|556|554|465|357|246|166|99|
5.973    99|157|238|360|466|542|573|489|329|114| 122|341|494|549|531|477|347|235|153|95|
5.974    93|152|262|367|473|537|569|489|370|127| 134|350|501|554|547|466|356|249|164|84|
5.975    84|156|249|373|473|549|566|491|336|132| 126|331|522|555|548|456|363|256|171|99|
5.976    92|158|244|354|472|545|558|491|350|119| 121|345|506|558|567|450|351|249|163|87|
5.977    82|160|256|354|470|546|550|522|330|122| 129|341|491|591|546|471|364|255|149|98|
5.978    83|159|267|380|478|552|578|492|346|120| 120|341|495|559|516|469|379|250|157|91|
5.979    90|166|247|365|486|537|578|493|349|126| 131|341|502|575|567|477|368|256|164|99|
5.980    99|157|263|367|459|567|580|494|338|147| 123|350|501|562|553|475|364|249|157|94|
5.981    95|158|256|361|465|549|567|506|363|130| 126|346|499|574|557|471|374|251|183|105|
5.982    92|160|255|354|463|538|566|485|361|123| 128|366|523|569|552|468|369|256|155|105|
5.983    96|163|242|372|464|555|578|521|334|132| 123|343|493|575|574|482|363|242|182|103|
5.984    96|159|248|379|456|588|580|513|362|128| 130|358|526|571|557|486|368|258|169|101|
5.985    91|166|255|355|447|548|571|524|354|128| 124|351|515|564|570|462|366|239|165|94|
5.986    96|170|267|354|484|580|543|508|342|128| 129|349|491|587|541|470|355|256|172|98|
5.987    97|176|272|370|479|554|580|524|358|129| 123|357|510|594|569|469|360|252|175|94|
5.988    91|163|268|376|483|573|594|502|360|116| 123|347|534|579|569|485|371|258|163|101|
5.989    99|160|266|366|475|557|574|524|358|121| 131|322|516|567|555|470|369|265|159|85|
5.990    95|173|281|359|474|573|576|509|367|130| 121|347|525|587|555|461|393|265|173|106|
5.991    92|169|265|364|481|579|573|512|374|128| 128|361|523|557|565|493|366|242|164|99|
5.992    91|165|252|371|485|568|582|501|345|132| 129|351|508|582|575|474|369|261|172|110|
5.993    97|159|244|363|491|568|576|518|349|126| 127|355|509|564|552|501|355|238|162|96|
5.994    97|171|258|381|475|559|569|500|354|135| 124|349|512|582|562|471|376|263|165|97|
5.995    100|166|254|370|483|564|567|534|364|122| 125|365|506|575|564|488|372|263|162|95|
5.996    99|170|261|369|489|575|568|530|363|137| 138|370|500|560|550|512|372|267|159|94|
5.997    95|169|274|357|471|566|583|521|369|123| 133|372|527|608|561|481|394|270|162|96|
5.998    94|167|260|377|486|560|583|530|357|130| 125|384|545|583|603|514|375|262|173|98|
5.999    100|171|265|364|490|594|594|532|351|122| 136|344|512|589|568|485|365|265|177|98|
6.000    104|167|265|367|474|585|571|521|365|130| 130|379|538|565|548|484|374|257|162|94|
6.001    96|167|240|367|481|565|591|512|352|118| 141|366|535|580|567|494|369|255|166|101|
6.002    105|169|264|397|484|558|606|521|371|129| 119|357|537|596|573|488|386|284|174|102|
6.003    99|165|255|386|494|552|608|519|370|130| 130|357|543|604|583|485|379|253|166|92|
6.004    104|163|272|388|528|571|605|540|362|133| 129|359|530|617|573|496|376|259|165|106|
6.005    96|164|268|382|498|562|608|528|377|127| 121|354|538|586|600|483|400|265|173|108|
6.006    98|163|262|395|501|572|597|511|349|136| 126|348|504|583|575|509|392|269|168|103|
6.007    104|170|261|360|489|543|601|539|379|141| 119|375|526|599|582|482|389|268|156|109|
6.008    101|161|269|394|496|598|606|541|384|133| 135|367|523|599|597|483|390|277|174|103|
6.009    85|165|275|361|486|588|579|534|361|141| 130|379|515|584|605|493|374|266|161|95|
6.010    110|174|267|373|501|593|610|539|375|125| 129|365|545|610|598|481|392|267|175|108|
6.011    101|170|275|381|505|590|601|529|397|121| 139|358|549|612|592|501|383|256|164|106|
6.012    95|173|281|388|514|587|613|523|362|136| 132|382|543|610|587|484|378|260|169|103|
6.013    104|164|273|379|507|603|611|535|370|139| 145|386|523|635|578|503|405|273|164|97|
6.014    98|169|268|394|498|606|623|557|365|140| 126|362|541|601|591|485|381|277|179|95|
6.015    101|171|272|374|490|583|617|544|360|140| 128|362|514|595|629|529|390|277|167|115|
6.016    112|174|280|376|505|596|622|532|375|127| 130|353|545|619|627|506|381|267|176|105|
6.017    102|161|274|382|504|590|627|533|376|132| 137|374|538|646|588|519|388|269|174|101|
6.018    107|161|279|388|538|618|623|538|385|132| 122|362|519|623|609|485|390|281|169|101|
6.019    98|170|266|378|497|592|620|555|385|136| 140|392|552|632|562|519|385|263|176|104|
6.020    105|194|298|397|517|582|622|546|382|133| 131|383|554|618|592|522|386|277|173|105|
6.021    110|170|280|403|513|594|621|553|375|128| 138|379|562|625|596|528|398|273|183|109|
6.022    111|165|270|393|526|584|613|530|380|145| 132|379|551|602|597|508|369|273|178|94|
6.023    111|180|276|396|500|609|624|554|378|136| 141|383|561|616|608|488|396|262|177|94|
6.024    111|175|271|403|508|611|616|528|372|133| 137|394|555|642|637|518|380|271|193|106|
6.025    103|170|274|390|538|581|616|571|379|131| 135|397|544|623|605|515|396|269|185|107|
6.026    102|189|292|401|545|597|607|533|383|125| 141|387|569|617|612|524|397|270|176|113|
6.027    109|167|272|395|545|603|628|552|368|143| 138|388|551|625|596|522|384|288|174|103|
6.028    98|185|278|391|527|607|637|558|373|144| 131|367|557|627|596|519|390|265|186|103|
6.029    115|182|265|406|522|599|617|555|384|136| 141|394|550|615|606|531|427|279|180|112|
6.030    105|192|297|393|522|597|638|556|387|132| 147|386|532|628|627|528|396|271|177|105|
6.031    109|177|296|403|508|609|631|560|389|124| 138|371|548|633|606|519|415|276|185|103|
6.032    112|192|286|406|526|630|613|548|386|139| 138|394|545|627|628|534|399|270|170|110|
6.032    109|178|286|398|524|598|618|570|373|139| 122|384|555|671|606|516|412|278|186|104|
6.033    109|177|287|415|506|609|637|548|401|132| 139|396|561|611|616|514|384|283|195|109|
6.034    110|178|284|408|528|616|601|566|390|137| 132|401|527|643|600|530|419|276|179|113|
6.035    116|179|284|405|522|622|637|564|401|147| 150|384|556|632|590|516|387|278|176|98|
6.036    101|182|278|426|545|619|624|568|382|146| 136|398|569|654|622|527|416|295|194|111|
6.037    107|183|287|408|512|612|637|553|393|134| 139|389|569|671|597|533|427|290|184|110|
6.038    111|193|291|409|503|596|630|562|388|133| 143|400|543|645|616|510|409|276|193|107|
6.039    107|171|280|403|522|607|639|563|394|141| 142|381|582|648|615|516|417|285|191|116|
6.040    109|182|269|410|520|604|656|576|392|139| 143|421|559|617|638|523|410|271|206|105|
6.041    102|198|286|394|525|617|662|579|396|143| 130|403|553|650|626|540|418|292|184|103|
6.042    112|184|302|405|536|631|642|570|399|152| 145|395|587|647|632|534|398|295|174|117|
6.043    108|190|273|414|527|618|642|589|394|153| 143|394|575|640|616|546|410|288|184|116|
6.044    107|184|285|397|540|622|641|567|402|141| 147|404|548|659|616|546|413|284|181|105|
6.045    108|196|277|437|532|639|649|592|417|146| 151|389|563|637|620|544|412|282|182|116|
6.046    110|193|295|426|530|613|658|591|398|142| 145|407|580|647|631|538|403|293|191|118|
6.047    109|191|287|418|524|631|648|587|388|132| 147|393|586|648|609|546|404|304|183|108|
6.048    109|196|284|419|530|642|667|582|409|142| 140|415|589|681|657|548|407|305|184|102|
6.049    115|190|280|419|555|628|640|596|375|138| 140|396|579|653|618|558|415|290|192|103|
6.050    107|184|284|412|547|636|662|578|381|142| 143|410|589|646|644|568|411|297|196|112|
6.051    112|183|303|415|534|650|674|573|399|144| 130|390|585|670|624|532|407|288|188|112|
6.052    123|190|284|432|544|647|646|590|385|145| 144|404|568|681|636|551|403|292|187|116|
6.053    111|183|302|437|526|622|654|589|409|136| 150|399|584|676|660|575|420|317|201|114|
6.054    119|203|288|414|558|659|651|590|385|144| 143|390|589|677|624|547|423|281|185|112|
6.055    110|185|295|424|547|649|653|583|411|149| 140|402|591|661|642|533|434|294|189|114|
6.056    109|197|294|429|550|652|668|567|420|153| 143|404|597|676|642|564|398|313|198|113|
6.057    104|181|311|427|550|643|621|599|405|146| 145|395|595|688|649|545|435|287|183|109|
6.058    113|189|305|426|564|662|664|572|413|140| 152|404|555|677|634|564|430|307|189|111|
6.059    114|189|292|448|558|671|674|584|391|143| 162|395|585|676|643|556|442|296|209|117|
6.060    119|198|307|445|557|648|668|597|407|151| 149|415|583|645|654|551|438|299|206|106|
6.061    116|197|301|439|556|642|678|626|424|157| 162|408|598|677|667|532|416|290|196|113|
6.062    112|184|296|419|555|649|654|614|417|137| 153|420|589|651|665|564|429|301|187|117|
6.063    122|189|304|427|556|654|669|606|395|150| 143|394|612|685|649|558|420|303|187|106|
6.064    117|187|313|435|538|648|669|587|399|158| 143|408|594|686|671|559|427|287|190|114|
6.065    110|207|303|438|566|665|673|596|415|155| 160|416|599|654|654|558|439|301|193|108|
6.066    115|198|290|427|551|662|686|586|406|141| 144|421|613|677|654|563|446|289|189|107|
6.067    116|200|314|442|569|670|687|590|423|138| 146|426|628|674|659|552|419|299|183|107|
6.068    115|193|307|449|542|665|671|595|432|146| 144|416|590|670|669|586|436|307|209|123|
6.069    115|184|291|426|554|634|686|618|423|144| 155|390|615|648|665|583|440|315|207|117|
6.070    114|189|301|423|592|642|682|583|412|151| 155|412|612|691|683|560|446|290|185|117|
6.071    111|201|289|442|568|661|667|608|401|147| 159|386|600|675|662|566|468|296|199|105|
6.072    111|205|328|444|570|670|689|632|435|140| 150|404|595|676|670|576|434|307|208|111|
6.073    112|193|299|433|574|656|684|639|415|152| 153|415|610|717|661|578|446|306|204|132|
6.074    122|189|309|447|585|672|699|618|414|143| 152|417|601|681|669|578|421|315|197|118|
6.075    120|192|298|433|594|649|681|634|406|159| 151|417|626|676|653|585|447|320|188|112|
6.076    125|193|299|434|588|672|689|610|416|163| 142|414|600|697|654|596|443|303|210|118|
6.077    119|198|307|417|568|670|688|607|442|150| 142|423|590|671|655|591|433|317|190|119|
6.078    124|205|307|456|584|666|727|614|440|142| 158|436|605|704|692|557|459|309|200|113|
6.079    125|208|316|437|560|677|683|620|413|165| 150|430|627|684|682|560|443|322|205|126|
6.080    120|205|298|452|572|674|693|628|423|143| 153|417|606|721|653|575|445|320|193|122|
6.081    118|193|302|455|577|671|712|621|427|157| 153|424|612|693|666|600|421|319|208|120|
6.082    118|198|324|455|565|672|685|610|437|141| 137|436|624|688|661|592|452|319|211|127|
6.083    121|200|301|463|596|713|695|609|422|158| 149|428|606|697|677|584|440|318|202|118|
6.084    136|190|316|423|590|678|713|618|439|146| 161|420|623|718|668|569|455|319|202|119|
6.085    113|199|314|452|589|682|710|636|426|154| 148|427|634|717|689|588|449|319|203|113|
6.086    127|203|323|447|615|683|679|637|432|158| 165|440|632|715|683|591|433|318|199|123|
6.087    125|204|331|450|586|697|700|630|439|160| 146|419|614|691|685|582|455|311|199|125|
6.088    119|205|319|442|600|681|729|624|437|163| 155|422|609|731|694|613|460|335|203|131|
6.089    111|208|322|447|580|678|712|614|437|151| 160|447|617|720|705|600|481|313|187|121|
6.090    119|206|322|458|602|683|722|619|435|153| 154|445|623|712|696|596|467|322|215|121|
6.091    119|201|305|457|580|708|721|631|419|157| 165|432|646|710|700|579|448|328|211|128|
6.092    127|223|326|466|582|679|735|635|445|161| 144|421|644|732|711|570|457|331|210|113|
6.093    126|205|321|431|601|710|717|648|433|151| 153|434|622|719|717|589|428|320|215|116|
6.094    131|215|316|455|604|694|710|613|431|156| 158|443|641|717|674|606|449|323|197|119|
6.095    118|189|320|470|602|708|715|593|442|157| 155|432|646|711|706|594|460|330|217|125|
6.096    129|197|321|438|604|690|713|642|442|159| 174|427|635|729|689|590|468|321|192|121|
6.097    129|223|332|476|586|692|730|638|452|174| 158|438|629|733|702|604|468|325|207|120|
6.098    133|203|310|462|608|693|716|640|446|148| 155|438|637|721|712|611|468|318|206|119|
6.099    126|213|338|464|599|677|720|622|462|162| 168|439|634|727|699|597|461|322|216|119|
6.100    117|214|333|473|597|716|719|638|464|152| 143|441|660|713|711|607|469|331|201|123|
6.101    131|210|312|467|622|681|717|650|454|150| 171|442|636|704|707|620|459|321|194|117|
6.102    126|229|333|466|602|693|720|639|441|159| 159|442|644|717|718|595|491|313|218|121|
6.103    117|213|324|477|621|700|737|640|453|162| 169|456|636|734|694|615|472|334|202|114|
6.104    128|214|335|476|603|720|726|684|444|169| 158|452|638|736|706|619|485|321|222|124|
6.105    124|213|322|470|608|718|703|661|437|155| 156|436|646|733|712|602|481|333|219|124|
6.106    125|219|333|471|603|708|722|655|429|163| 157|456|638|719|728|598|457|342|215|126|
6.107    118|211|337|481|634|694|741|649|448|169| 171|467|630|733|720|608|473|341|206|133|
6.108    132|205|350|454|597|696|744|656|427|173| 168|447|664|724|709|604|482|347|223|138|
6.109    134|224|342|473|641|703|740|668|466|156| 156|434|626|728|725|614|486|331|202|116|
6.110    121|205|344|475|606|704|731|669|476|160| 172|450|660|732|718|625|479|345|222|114|
6.111    126|216|336|483|616|720|735|638|448|158| 174|456|662|751|734|618|474|337|216|127|
6.112    125|210|332|495|608|723|731|663|458|170| 162|454|660|749|709|617|481|305|220|125|
6.113    115|221|338|488|587|701|744|672|445|174| 167|438|653|745|719|610|480|335|220|140|
6.114    122|213|325|465|612|718|737|685|463|160| 174|461|687|758|737|612|486|341|205|124|
6.115    121|212|322|505|613|734|727|661|452|161| 167|456|658|740|726|643|470|344|225|133|
6.115    135|224|321|473|610|726|746|638|450|164| 149|456|669|742|724|627|493|351|213|133|
6.116    134|217|342|484|633|735|767|663|467|157| 165|444|643|756|734|614|502|347|224|130|
6.117    127|237|349|517|638|714|764|654|464|169| 173|469|675|772|732|630|481|321|226|135|
6.118    133|210|329|478|609|710|761|659|468|165| 162|457|656|746|713|624|507|341|212|133|
6.119    137|227|351|498|645|726|774|699|457|161| 162|467|642|760|726|630|475|327|228|126|
6.120    118|221|343|464|624|742|769|675|473|151| 167|479|671|762|720|642|486|330|221|134|
6.121    143|224|339|516|632|710|753|667|464|157| 157|476|654|747|763|633|500|347|220|135|
6.122    118|223|340|488|631|721|737|666|460|166| 173|466|669|759|743|636|496|338|222|127|
6.123    134|227|337|500|671|743|794|685|448|158| 160|453|690|759|719|629|498|345|208|137|
6.124    127|231|342|496|614|718|741|685|470|171| 176|474|676|760|724|629|486|352|233|127|
6.125    128|213|341|498|628|725|750|692|450|163| 160|472|673|737|744|640|456|361|220|136|
6.126    142|228|354|504|642|755|733|690|456|150| 162|481|669|754|730|650|475|354|226|129|
6.127    135|235|351|495|639|771|760|673|451|153| 181|470|686|745|758|642|494|346|217|134|
6.128    131|224|344|511|645|746|770|684|482|171| 171|478|675|754|766|613|493|338|229|125|
6.129    126|235|346|507|636|758|766|679|462|170| 165|461|681|755|744|670|502|350|227|131|
6.130    139|237|349|509|650|770|766|675|471|164| 176|478|672|760|746|656|474|361|228|125|
6.131    134|229|361|512|633|734|783|684|466|158| 182|457|691|756|743|655|503|362|234|128|
6.132    133|223|347|494|645|739|770|693|475|177| 181|476|679|766|756|644|517|361|234|121|
6.133    134|230|357|499|645|780|795|689|463|163| 164|484|677|787|765|617|482|348|225|124|
6.134    134|222|349|511|658|738|771|700|481|169| 167|462|699|772|746|661|515|354|224|129|
6.135    130|231|350|502|629|781|778|685|466|172| 171|491|696|775|743|670|514|352|216|131|
6.136    129|221|332|523|680|768|810|704|465|167| 171|486|673|785|785|670|511|357|229|132|
6.137    127|224|357|515|638|743|766|694|465|161| 169|470|684|807|775|668|500|338|233|137|
6.138    144|228|353|521|681|763|793|687|482|168| 175|493|696|780|758|655|507|351|226|132|
6.139    137|232|357|497|664|777|785|708|479|166| 169|467|678|813|781|625|508|347|231|138|
6.140    134|223|360|515|658|766|769|723|468|175| 169|502|670|787|761|645|513|350|221|134|
6.141    140|234|340|515|660|782|818|674|477|181| 156|451|695|782|757|652|484|357|222|135|
6.142    137|232|364|519|650|762|801|707|492|172| 172|482|707|790|769|660|528|358|235|145|
6.143    143|235|363|502|644|768|792|700|505|174| 173|452|712|787|782|670|518|364|230|133|
6.144    128|244|352|508|668|776|791|700|473|176| 158|485|719|799|764|654|505|363|224|128|
6.145    135|217|355|511|676|756|792|695|501|173| 166|471|700|820|779|638|495|367|230|145|
6.146    147|229|371|513|660|757|777|724|491|168| 165|470|689|781|793|674|522|371|229|134|
6.147    143|228|356|495|628|768|812|703|495|178| 189|513|699|791|785|670|523|368|233|137|
6.148    135|227|345|525|670|766|773|726|499|173| 180|474|703|805|791|661|513|340|237|138|
6.149    146|230|351|516|665|776|793|713|484|185| 168|471|714|809|755|704|519|372|232|137|
6.150    139|236|371|519|657|765|814|720|485|175| 176|502|719|812|783|660|522|369|241|145|
6.151    146|247|351|514|666|787|789|697|487|170| 186|484|705|818|798|659|525|361|230|136|
6.152    143|240|373|528|671|784|796|713|521|167| 181|471|706|815|776|696|512|365|239|146|
6.153    143|242|374|509|667|767|819|715|489|187| 177|496|721|815|785|669|509|362|243|136|
6.154    129|244|358|522|666|772|805|760|489|176| 160|497|711|810|808|685|514|361|232|135|
6.155    130|237|375|509|677|780|821|711|496|173| 170|499|732|827|798|695|513|374|239|141|
6.156    144|240|370|523|698|794|784|741|487|170| 184|494|709|813|774|699|527|384|226|142|
6.157    146|228|362|530|691|780|818|680|490|176| 173|521|725|809|771|669|522|367|253|134|
6.158    136|228|372|515|665|790|806|721|506|176| 179|497|709|841|796|690|552|361|230|147|
6.159    132|238|376|527|680|830|813|730|465|179| 182|499|709|820|797|691|536|376|233|137|
6.160    142|249|366|512|660|795|810|726|492|172| 170|484|734|789|783|687|518|361|233|138|
6.161    136|230|357|520|687|790|807|717|524|167| 193|515|724|835|797|684|531|387|241|146|
6.162    138|244|383|522|689|796|826|746|505|174| 168|509|729|848|796|684|519|368|237|142|
6.163    141|226|383|529|693|813|819|718|507|186| 177|496|750|838|805|666|540|377|236|143|
6.164    138|239|390|544|668|807|839|725|495|181| 175|503|755|828|799|681|524|370|247|162|
6.165    149|233|377|520|679|792|833|752|506|190| 177|513|728|829|775|708|524|373|240|150|
6.166    151|236|381|536|695|831|827|738|499|187| 170|533|748|807|786|658|531|370|250|145|
6.167    155|251|372|546|704|823|821|725|500|190| 187|508|705|860|793|673|545|382|241|140|
6.168    148|244|368|531|714|815|823|756|515|180| 188|530|750|825|807|691|514|385|247|147|
6.169    133|250|365|552|699|803|856|744|503|191| 175|498|736|849|792|703|546|393|238|149|
6.170    147|252|389|540|705|815|824|750|516|178| 177|485|753|814|809|694|543|383|250|145|
6.171    149|268|375|538|700|788|820|739|527|197| 199|527|732|826|803|696|550|382|240|134|
6.172    136|234|383|547|695|821|872|745|509|181| 193|521|747|825|829|691|538|380|241|148|
6.173    139|250|374|557|708|842|859|742|518|189| 192|509|735|826|824|675|563|383|241|138|
6.174    153|248|397|556|703|823|847|753|488|183| 192|494|762|862|790|721|548|388|240|144|
6.175    150|250|380|563|703|827|855|738|511|178| 181|512|744|845|839|704|550|396|243|144|
6.176    149|250|407|535|724|848|840|749|528|171| 185|525|753|826|846|699|540|371|256|136|
6.177    140|257|394|534|697|830|849|759|520|188| 186|514|750|856|814|699|536|383|236|140|
6.178    149|256|395|560|689|826|813|764|503|190| 187|514|727|846|835|688|543|365|235|151|
6.179    145|249|388|541|695|852|836|778|526|193| 193|514|734|858|845|696|556|384|255|155|
6.180    152|240|399|563|719|831|856|749|531|196| 187|530|725|843|824|704|528|386|256|144|
6.181    153|253|387|543|714|821|854|768|526|179| 188|513|762|876|831|700|556|381|242|147|
6.182    157|249|388|533|708|828|855|737|525|176| 190|518|758|820|841|719|561|394|240|154|
6.183    146|237|386|577|724|851|860|747|546|190| 183|509|771|874|864|712|567|400|255|154|
6.184    134|232|379|539|726|828|888|767|533|184| 200|517|731|866|842|705|558|400|247|152|
6.185    157|257|396|544|743|831|852|765|533|193| 185|506|769|868|850|690|577|391|243|155|
6.186    155|260|387|585|702|827|873|761|541|186| 183|508|750|860|845|704|560|383|252|149|
6.187    141|265|389|551|736|845|864|772|534|193| 186|514|760|852|839|723|535|383|256|153|
6.188    148|254|399|553|734|844|877|769|510|190| 196|524|781|876|829|705|551|398|260|159|
6.189    145|260|397|548|737|850|894|754|532|186| 190|525|797|865|838|751|541|395|251|150|
6.190    159|274|391|568|720|836|858|761|522|180| 185|494|761|869|834|725|553|376|269|149|
6.191    154|244|422|552|730|875|830|785|545|180| 188|530|796|859|847|725|556|395|254|151|
6.192    140|258|366|578|738|867|853|782|530|202| 179|532|780|869|824|749|566|397|250|152|
6.193    155|253|402|577|723|835|863|776|552|190| 196|537|788|883|885|726|558|404|258|151|
6.194    174|247|410|572|723|848|866|793|542|184| 183|528|763|898|846|715|565|406|258|166|
6.195    158|259|402|574|708|869|894|768|536|183| 185|515|770|872|849|713|572|401|250|161|
6.196    155|261|398|543|748|856|908|787|537|204| 189|557|785|863|838|741|558|398|250|163|
6.197    163|258|410|574|733|842|903|766|523|183| 193|554|791|900|860|713|570|414|255|146|
6.197    150|258|408|561|744|873|900|785|556|194| 187|546|781|890|884|740|571|405|259|145|
6.198    153|259|411|558|755|836|872|799|523|188| 194|528|776|878|861|747|562|412|243|158|
6.199    166|258|402|564|752|850|869|767|566|198| 189|538|782|893|828|755|562|397|255|140|
6.200    154|282|413|570|731|867|906|790|548|199| 199|550|815|887|826|765|556|402|256|164|
6.201    149|262|409|570|747|876|915|798|556|190| 194|544|773|894|833|758|584|387|264|159|
6.202    155|258|397|587|767|861|904|807|555|202| 204|557|806|903|871|743|580|412|264|168|
6.203    169|251|403|555|715|868|915|800|537|175| 199|521|785|908|883|754|562|396|275|141|
6.204    144|272|434|586|744|897|856|773|542|188| 207|566|835|905|880|730|564|403|264|156|
6.205    157|273|398|584|733|900|880|810|532|192| 199|537|786|869|861|743|574|420|266|151|
6.206    154|256|413|588|750|876|885|793|540|202| 207|519|791|885|886|752|588|416|262|156|
6.207    176|262|407|571|713|875|893|791|535|189| 191|543|788|899|898|732|580|407|275|152|
6.208    153|258|402|588|760|870|888|781|558|191| 196|557|780|914|892|748|576|415|283|161|
6.209    154|266|406|570|747|868|888|793|556|173| 205|562|801|901|895|750|588|416|267|156|
6.210    164|258|434|588|731|880|910|781|562|210| 197|549|824|919|866|748|592|421|273|155|
6.211    158|262|394|599|764|874|917|806|554|189| 195|572|825|923|888|754|594|415|262|163|
6.212    157|264|399|575|734|893|914|813|556|206| 201|567|791|902|880|736|590|418|281|158|
6.213    163|271|424|603|741|931|925|792|546|198| 205|575|787|907|889|761|587|441|269|148|
6.214    155|288|433|584|789|896|922|812|560|197| 194|564|804|925|905|762|580|427|275|145|
6.215    160|262|407|607|780|903|886|840|571|197| 196|557|795|907|863|774|602|421|260|159|
6.216    170|265|430|586|773|904|922|811|565|194| 190|558|800|946|876|787|585|403|266|156|
6.217    166|258|436|604|751|899|931|834|533|204| 183|552|833|914|897|774|586|420|265|169|
6.218    159|268|411|609|763|934|917|775|563|194| 212|567|824|933|908|771|589|438|285|157|
6.219    156|280|405|594|781|898|888|823|562|206| 212|569|810|902|904|772|617|414|267|162|
6.220    155|271|425|592|760|900|899|825|551|198| 206|571|846|929|898|751|595|418|269|168|
6.221    158|276|417|607|787|896|940|795|550|198| 200|568|823|934|889|782|595|423|266|151|
6.222    153|276|421|589|770|927|908|814|541|205| 202|574|819|947|910|766|602|430|278|163|
6.223    181|274|425|609|788|922|933|806|567|177| 196|580|818|951|869|776|590|432|264|156|
6.224    165|257|415|599|750|894|931|827|592|202| 197|571|832|925|919|793|604|423|274|154|
6.225    164|282|423|600|741|948|940|813|590|202| 197|559|810|943|899|783|623|425|273|152|
6.226    157|259|415|608|766|914|936|827|571|218| 206|586|827|943|906|804|610|433|282|156|
6.227    165|274|429|598|785|904|937|823|558|212| 205|580|827|944|921|762|624|424|278|162|
6.228    157|271|432|602|784|909|952|826|565|199| 208|564|831|922|933|786|615|437|274|165|
6.229    158|287|414|597|798|924|976|820|576|195| 217|587|843|925|899|818|617|436|287|162|
6.230    168|270|434|614|795|931|973|819|583|203| 205|604|839|948|896|823|593|433|293|161|
6.231    161|269|450|607|811|940|951|836|586|208| 198|573|794|937|911|801|618|409|285|161|
6.232    159|300|443|595|807|893|928|859|561|205| 207|573|823|965|927|786|615|450|275|168|
6.233    164|275|431|645|805|908|958|815|590|222| 203|587|848|951|912|827|629|431|281|170|
6.234    173|283|428|611|815|930|933|878|557|220| 213|604|826|934|951|803|621|428|279|174|
6.235    161|279|448|623|801|937|961|851|594|196| 196|575|839|976|911|787|621|416|280|181|
6.236    157|296|427|615|810|919|953|887|582|217| 208|589|834|966|956|805|606|436|294|159|
6.237    170|299|445|598|802|914|948|878|570|216| 205|589|831|977|937|820|600|415|280|177|
6.238    159|294|424|605|796|894|981|859|573|218| 207|580|841|948|904|796|629|446|296|167|
6.239    173|285|446|624|797|925|973|859|576|212| 215|588|825|979|924|774|615|446|281|164|
6.240    180|275|448|619|808|944|987|844|580|216| 214|605|860|980|926|810|614|461|283|161|
6.241    181|288|450|607|800|924|952|841|599|199| 210|572|858|958|943|815|623|437|287|156|
6.242    168|296|440|607|814|968|993|845|589|209| 212|593|855|961|924|812|623|427|294|180|
6.243    190|291|428|619|837|944|984|853|589|219| 221|598|851|963|915|806|617|433|295|175|
6.244    185|297|450|646|829|966|992|878|596|203| 216|579|855|981|947|837|633|461|287|175|
6.245    172|282|467|634|789|940|965|835|592|212| 206|589|847|982|940|795|652|441|289|169|
6.246    173|281|444|631|813|971|973|835|588|208| 217|613|862|961|967|817|629|443|275|174|
6.247    175|272|443|627|805|951|986|852|617|209| 223|603|843|997|959|792|631|456|288|162|
6.248    173|277|440|605|809|976|991|865|580|214| 197|610|883|959|950|835|633|453|293|175|
6.249    171|299|461|633|835|926|960|861|596|210| 212|580|870|989|951|824|636|442|295|177|
6.250    173|290|446|650|835|936|984|872|616|209| 215|588|842|988|959|853|648|445|301|185|
6.251    177|290|462|645|809|952|979|884|579|201| 209|593|888|969|945|833|620|432|287|182|
6.252    160|289|449|650|840|937|1010|855|591|209| 218|623|905|1012|946|821|624|459|293|178|
6.253    185|297|466|655|831|954|1013|879|605|211| 215|618|887|955|991|834|640|451|298|179|
6.254    168|300|476|637|861|929|966|865|597|208| 206|611|883|1017|962|800|653|455|305|175|
6.255    160|302|460|639|807|941|983|871|620|219| 225|619|871|988|970|816|652|455|296|164|
6.256    184|301|447|663|819|955|1005|900|615|221| 230|610|874|1034|947|846|629|457|286|172|
6.257    175|311|458|635|850|955|977|894|575|220| 230|619|854|973|964|818|658|468|294|180|
6.258    167|285|464|631|820|970|996|847|600|217| 224|625|870|1018|946|827|657|472|288|171|
6.259    186|290|473|640|861|969|1006|872|600|227| 219|604|868|1016|965|837|644|463|298|172|
6.260    176|300|456|639|861|954|1003|907|618|237| 229|606|913|1024|973|837|633|472|296|180|
6.261    181|294|486|655|838|965|1020|877|631|210| 224|597|872|1009|982|852|649|451|298|177|
6.262    175|302|481|653|863|960|990|884|596|210| 211|621|883|1027|966|830|644|471|299|171|
6.263    166|298|457|659|853|947|1034|895|606|225| 203|617|882|1006|987|859|644|459|293|168|
6.264    180|305|446|661|866|973|996|897|608|223| 217|624|873|1007|986|861|658|461|292|170|
6.265    186|297|473|646|857|985|1013|902|610|216| 223|616|922|1012|978|850|652|457|294|177|
6.266    172|289|469|649|873|987|994|905|627|221| 229|625|890|1028|1019|828|673|453|301|185|
6.267    172|306|469|659|810|977|1037|889|619|231| 225|627|892|1008|1008|876|642|460|290|180|
6.268    184|298|458|652|825|990|1006|875|628|217| 223|602|904|1011|983|859|688|477|324|174|
6.269    170|303|441|666|862|1010|1017|890|626|228| 229|646|886|1006|972|872|658|480|322|186|
6.270    163|310|465|628|867|999|1014|895|619|222| 225|623|908|995|991|857|678|477|301|189|
6.271    166|313|483|684|843|1001|1037|879|600|226| 232|646|886|1022|997|855|670|461|286|193|
6.272    179|319|470|681|861|982|1038|895|647|221| 224|630|875|1039|991|858|670|463|310|182|
6.273    173|295|463|661|872|972|1035|895|632|221| 222|626|939|1037|1024|847|646|493|306|188|
6.274    176|304|462|653|898|992|1043|907|638|208| 219|629|894|1048|988|837|684|471|283|180|
6.275    183|326|489|675|866|989|1058|914|639|220| 216|641|895|1047|1002|877|688|477|316|182|
6.276    177|293|462|653|895|1011|1050|888|623|219| 229|617|905|1011|996|893|680|467|304|176|
6.277    177|308|492|699|856|988|1035|932|631|226| 237|608|929|1027|1009|871|643|471|311|195|
6.278    188|302|473|659|865|994|1058|937|621|236| 225|634|919|1048|1022|887|666|468|293|184|
6.279    190|314|480|673|876|983|1018|936|626|228| 230|637|921|1061|1023|865|679|477|315|186|
6.280    184|302|489|670|863|986|1044|936|634|225| 215|634|930|1102|1015|875|669|464|304|187|
6.280    188|316|488|664|866|1021|1024|923|624|223| 230|622|913|1012|1040|871|688|489|293|188|
6.281    185|311|472|661|857|1034|1045|914|635|235| 219|646|931|1056|1037|876|642|483|310|171|
6.282    187|301|511|679|897|1013|1036|920|640|227| 235|643|938|1050|1026|887|661|478|319|173|
6.283    186|329|479|689|885|1005|1065|910|638|228| 215|649|909|1031|999|877|661|480|318|190|
6.284    193|303|489|688|911|1045|1041|932|637|227| 219|648|923|1064|1014|866|673|485|303|180|
6.285    189|306|489|666|882|1010|1055|934|660|233| 231|647|934|1024|1029|897|696|488|318|173|
6.286    195|318|465|672|893|1009|1071|905|638|219| 234|650|934|1045|1020|884|714|485|319|187|
6.287    174|311|470|714|874|1034|1081|934|634|238| 244|646|927|1049|1024|910|700|479|321|185|
6.288    180|316|491|669|892|1048|1051|942|648|230| 231|646|917|1061|1048|882|681|485|326|178|
6.289    187|295|473|682|901|1029|1060|923|644|238| 231|654|922|1073|1043|901|683|480|304|200|
6.290    199|314|476|702|874|1036|1054|937|632|243| 226|662|959|1072|1035|911|693|465|322|196|
6.291    186|319|489|680|892|1045|1101|934|644|235| 235|657|950|1068|1044|895|680|502|318|187|
6.292    181|329|494|695|862|1021|1088|937|654|245| 236|653|955|1090|1047|892|703|467|319|189|
6.293    194|313|493|699|901|1028|1068|988|665|236| 228|628|932|1084|1042|889|676|506|312|188|
6.294    177|315|507|713|906|1005|1070|958|678|241| 232|633|935|1045|1072|884|718|494|314|183|
6.295    196|332|495|713|926|1049|1074|950|647|236| 232|632|943|1073|1029|935|700|491|322|192|
6.296    190|327|494|701|900|1050|1058|937|660|226| 229|655|904|1096|999|889|688|502|340|191|
6.297    192|327|480|696|927|1006|1100|967|670|239| 238|670|953|1108|1023|908|704|503|318|184|
6.298    197|319|505|685|922|1060|1087|941|648|219| 238|653|932|1084|1040|903|711|502|325|191|
6.299    192|326|479|701|924|1058|1076|974|656|244| 251|650|937|1077|1024|920|677|503|323|193|
6.300    189|332|507|706|920|1076|1059|963|658|218| 226|666|960|1080|1061|918|721|499|333|185|
6.301    198|323|503|723|867|1040|1103|957|656|224| 244|649|975|1070|1051|905|688|512|328|192|
6.302    188|332|493|733|939|1104|1088|985|665|235| 242|655|973|1092|1067|915|700|498|311|201|
6.303    198|313|494|715|910|1074|1096|971|660|229| 245|666|980|1079|1056|937|727|510|316|189|
6.304    196|326|511|712|952|1067|1076|952|685|250| 230|664|978|1082|1091|900|706|531|332|202|
6.305    204|354|496|745|901|1082|1113|968|665|228| 251|663|950|1096|1071|924|715|511|310|193|
6.306    199|341|510|721|905|1097|1112|979|652|233| 231|679|967|1128|1047|922|699|507|329|202|
6.307    194|349|510|727|924|1051|1123|994|655|232| 243|672|1001|1117|1056|913|723|504|335|191|
6.308    213|334|491|702|930|1055|1109|940|677|241| 221|662|982|1094|1073|928|748|518|341|195|
6.309    199|349|504|719|941|1056|1087|985|666|237| 239|667|992|1108|1054|946|728|522|318|195|
6.310    199|331|518|762|928|1074|1137|1002|686|242| 243|637|967|1123|1088|953|726|525|326|204|
6.311    197|328|504|724|930|1098|1108|984|689|240| 240|677|971|1098|1063|935|726|507|345|202|
6.312    203|338|504|733|921|1109|1113|982|670|236| 234|699|984|1100|1097|950|713|498|341|199|
6.313    193|328|515|737|910|1071|1114|1009|697|241| 251|671|960|1102|1093|922|746|516|340|201|
6.314    195|314|523|712|925|1088|1109|977|686|235| 244|678|940|1133|1096|931|742|524|331|198|
6.315    202|342|537|733|952|1097|1148|1012|674|242| 253|693|1011|1113|1094|924|743|502|342|192|
6.316    205|327|518|730|931|1063|1092|977|705|261| 244|691|989|1114|1070|933|723|518|360|203|
6.317    199|326|516|722|960|1106|1072|968|703|251| 233|691|1018|1131|1123|961|742|510|330|200|
6.318    208|343|518|724|962|1100|1129|983|661|237| 248|688|980|1098|1121|958|729|524|329|210|
6.319    193|322|521|728|986|1107|1135|1015|724|243| 250|680|1006|1148|1052|948|730|509|346|200|
6.320    218|345|516|745|951|1100|1150|995|664|256| 235|679|989|1159|1114|972|742|526|336|188|
6.321    194|343|512|734|955|1124|1127|1005|680|240| 252|686|1001|1118|1102|933|744|522|343|208|
6.322    208|335|530|766|965|1049|1141|1018|700|244| 258|693|1002|1129|1109|997|722|517|332|213|
6.323    191|319|533|762|957|1099|1153|1021|703|253| 254|676|1009|1167|1129|975|746|513|365|197|
6.324    195|337|512|742|962|1146|1140|1003|678|242| 263|679|1008|1134|1144|917|742|530|344|198|
6.325    202|327|535|747|960|1101|1177|998|700|246| 256|686|1014|1170|1086|997|774|525|341|196|
6.326    213|343|528|774|963|1118|1162|997|717|260| 260|663|1009|1141|1127|968|731|520|343|193|
6.327    194|334|527|738|940|1107|1170|1010|680|248| 239|695|1018|1155|1107|958|747|542|337|201|
6.328    208|338|540|744|960|1118|1130|1001|700|261| 247|693|997|1148|1121|985|700|522|344|209|
6.329    205|337|532|754|967|1113|1119|1026|686|246| 248|702|1016|1132|1156|999|732|517|326|201|
6.330    196|334|543|758|974|1113|1145|1020|712|250| 242|714|1004|1134|1106|978|752|514|352|210|
6.331    213|350|545|763|965|1119|1177|1018|697|252| 258|691|1023|1153|1086|985|762|554|337|206|
6.332    200|334|531|748|960|1121|1123|1014|702|249| 255|700|1010|1166|1119|977|737|546|351|201|
6.333    207|341|502|743|985|1122|1145|1017|684|266| 257|700|1013|1178|1131|979|752|513|343|195|
6.334    212|340|529|764|1001|1135|1189|1041|732|252| 248|693|1043|1154|1130|954|741|532|333|220|
6.335    209|347|555|765|1003|1142|1200|986|728|249| 235|711|1037|1154|1126|960|738|561|344|214|
6.336    206|354|553|777|951|1146|1170|1043|705|243| 237|696|1025|1156|1127|1014|749|544|353|215|
6.337    208|336|533|764|997|1122|1190|1053|716|256| 258|756|1049|1185|1177|991|771|531|341|202|
6.338    202|327|543|795|989|1177|1202|1041|688|261| 259|721|1040|1156|1143|965|767|542|365|203|
6.339    200|343|558|758|999|1132|1200|1031|701|244| 257|698|1015|1189|1141|1014|754|554|359|207|
6.340    202|367|551|788|983|1145|1173|1015|714|265| 246|733|1062|1174|1156|998|792|546|349|207|
6.341    208|350|520|753|990|1158|1166|1026|718|246| 260|713|1042|1188|1134|952|760|525|368|214|
6.342    214|356|555|768|995|1156|1159|1056|711|264| 251|711|1044|1183|1162|1015|768|533|348|213|
6.343    213|331|539|773|991|1174|1159|1055|718|260| 265|724|1052|1214|1131|1029|789|539|343|210|
6.344    220|351|565|789|1017|1163|1180|1072|746|264| 258|715|1059|1182|1169|1004|792|590|373|201|
6.345    216|347|544|751|1020|1146|1174|1064|723|258| 269|737|1096|1200|1175|1018|811|574|355|201|
6.346    204|351|561|786|1034|1154|1174|1059|730|253| 250|726|1051|1186|1149|992|802|543|354|223|
6.347    208|360|552|793|998|1158|1204|1093|716|268| 240|737|1077|1191|1150|1018|779|558|353|210|
6.348    219|354|567|765|1009|1183|1220|1078|732|258| 267|752|1037|1218|1155|983|803|549|353|210|
6.349    215|366|541|809|993|1171|1200|1078|749|262| 255|718|1073|1212|1163|1037|775|552|372|227|
6.350    210|351|537|806|1012|1125|1210|1059|730|261| 264|732|1045|1215|1195|1022|772|551|356|221|
6.351    219|364|548|800|1014|1167|1212|1081|731|271| 248|723|1072|1193|1190|1017|783|544|348|222|
6.352    195|364|547|786|1025|1189|1200|1074|741|268| 256|753|1050|1213|1178|1016|809|561|369|212|
6.353    210|367|566|809|1028|1177|1203|1052|736|258| 250|726|1071|1234|1186|1023|797|559|368|216|
6.354    209|344|553|783|996|1186|1226|1055|750|265| 270|723|1072|1220|1176|1015|785|565|372|227|
6.355    214|366|538|793|1014|1174|1219|1071|736|275| 265|752|1076|1231|1178|1024|786|576|366|210|
6.356    209|368|568|818|1025|1247|1210|1066|721|273| 266|737|1067|1208|1220|1033|787|569|359|232|
6.357    219|364|574|787|1011|1195|1185|1092|743|266| 256|723|1049|1244|1186|1038|789|540|373|218|
6.358    213|374|567|783|981|1190|1229|1084|750|260| 260|728|1050|1198|1184|1032|814|555|384|213|
6.359    226|367|566|815|1023|1192|1206|1061|742|280| 249|721|1120|1219|1148|1077|807|568|367|237|
6.360    214|348|563|791|1026|1192|1219|1080|720|272| 256|731|1072|1212|1190|1044|801|574|359|228|
6.361    224|373|558|784|1060|1235|1242|1071|735|260| 276|739|1082|1236|1200|1013|799|579|370|222|
6.362    232|367|578|793|1060|1230|1241|1076|747|258| 267|752|1087|1247|1152|1034|799|554|351|226|
6.363    241|362|597|782|1053|1213|1232|1102|755|268| 268|740|1082|1262|1219|1029|791|577|373|212|
6.363    215|360|560|808|1037|1247|1230|1082|765|253| 288|736|1078|1261|1191|1024|805|573|366|222|
6.364    225|383|578|800|1049|1218|1255|1078|736|265| 270|742|1084|1218|1198|1040|829|559|373|228|
6.365    226|378|577|795|1043|1206|1224|1095|763|256| 273|748|1064|1244|1190|1034|780|550|384|224|
6.366    237|366|560|828|1029|1197|1247|1107|770|273| 281|781|1086|1217|1215|1052|811|580|379|221|
6.367    215|386|595|833|1030|1230|1232|1120|755|269| 271|760|1103|1259|1216|1070|797|549|388|238|
6.368    230|376|570|808|1032|1230|1225|1071|752|271| 276|753|1097|1252|1207|1057|807|579|372|232|
6.369    226|372|595|798|1058|1248|1221|1129|747|267| 255|783|1098|1247|1205|1041|841|581|378|245|
6.370    227|377|572|843|1067|1225|1246|1108|780|254| 275|747|1098|1221|1190|1025|814|586|382|221|
6.371    213|387|581|819|1060|1202|1234|1105|747|271| 283|784|1113|1261|1240|1071|827|574|366|219|
6.372    226|377|563|811|1045|1268|1246|1110|760|282| 266|755|1118|1315|1249|1047|828|584|383|217|
6.373    246|378|585|814|1038|1218|1215|1108|777|270| 278|759|1109|1257|1220|1069|827|590|395|224|
6.374    241|376|577|805|1090|1196|1263|1135|778|278| 265|769|1116|1253|1241|1062|836|587|379|227|
6.375    216|377|602|825|1105|1223|1287|1134|788|277| 264|786|1089|1273|1244|1092|836|594|397|215|
6.376    235|378|602|844|1055|1244|1291|1116|752|278| 289|820|1116|1292|1237|1055|834|570|366|230|
6.377    230|379|596|849|1099|1219|1254|1126|777|272| 291|793|1116|1223|1201|1081|822|582|379|229|
6.378    236|384|598|825|1078|1222|1265|1096|795|302| 266|759|1115|1257|1263|1064|826|601|399|219|
6.379    217|383|585|842|1071|1246|1305|1110|788|287| 264|784|1126|1294|1260|1063|836|589|365|232|
6.380    224|384|593|847|1104|1263|1250|1144|786|273| 273|776|1109|1280|1256|1065|880|576|404|233|
6.381    229|395|599|812|1073|1269|1268|1144|754|277| 274|800|1134|1306|1255|1106|863|593|388|218|
6.382    231|400|596|827|1084|1226|1299|1159|761|289| 296|765|1138|1267|1283|1099|861|596|386|238|
6.383    225|392|609|832|1061|1279|1269|1114|790|271| 286|792|1123|1324|1228|1069|872|598|390|245|
6.384    220|391|573|840|1067|1233|1293|1128|771|279| 292|781|1141|1274|1248|1071|848|631|373|240|
6.385    238|376|599|834|1104|1249|1302|1150|781|287| 288|801|1151|1315|1246|1096|875|605|374|233|
6.386    221|397|618|869|1051|1263|1293|1152|809|279| 307|782|1139|1324|1238|1100|864|593|399|228|
6.387    240|399|597|845|1056|1274|1280|1152|785|295| 271|804|1142|1308|1251|1093|851|618|386|223|
6.388    236|386|610|835|1071|1260|1280|1110|806|279| 279|782|1151|1280|1246|1089|823|598|403|237|
6.389    226|384|601|866|1086|1219|1308|1142|783|280| 299|790|1132|1348|1289|1084|868|603|408|230|
6.390    237|381|603|851|1105|1278|1317|1137|798|281| 278|807|1149|1327|1281|1088|866|617|386|254|
6.391    229|396|598|871|1073|1284|1316|1129|789|281| 284|787|1142|1288|1301|1117|853|604|392|231|
6.392    244|385|609|833|1118|1283|1303|1159|781|284| 281|812|1165|1324|1269|1101|882|635|400|238|
6.393    229|406|599|853|1117|1252|1331|1135|805|278| 292|799|1171|1331|1301|1074|873|623|390|248|
6.394    241|401|609|863|1128|1326|1337|1171|810|297| 265|814|1154|1294|1273|1102|858|614|397|238|
6.395    233|417|610|864|1139|1264|1309|1164|797|290| 273|792|1132|1329|1261|1098|890|611|410|230|
6.396    233|384|618|868|1131|1307|1328|1177|780|294| 281|778|1189|1322|1296|1118|874|602|394|245|
6.397    233|387|635|870|1120|1283|1387|1143|809|274| 283|802|1135|1340|1294|1104|867|611|386|237|
6.398    234|409|610|878|1090|1312|1357|1202|783|289| 279|798|1150|1316|1238|1115|877|619|397|234|
6.399    246|389|609|861|1114|1339|1327|1157|803|279| 280|831|1171|1308|1259|1106|885|604|420|223|
6.400    260|426|607|876|1146|1275|1321|1187|803|300| 286|829|1154|1323|1276|1133|843|610|392|230|
6.401    239|396|622|873|1104|1306|1342|1177|829|281| 283|806|1168|1343|1310|1136|864|595|406|247|
6.402    250|404|611|881|1113|1293|1328|1170|801|276| 282|816|1186|1350|1305|1122|863|627|381|240|
6.403    233|417|625|867|1143|1333|1332|1182|805|288| 281|845|1175|1343|1285|1121|896|614|416|235|
6.404    241|418|621|860|1107|1330|1354|1163|804|308| 302|812|1193|1383|1318|1109|884|633|386|240|
6.405    243|397|632|875|1125|1320|1357|1177|814|311| 296|813|1196|1341|1322|1142|876|617|404|246|
6.406    239|403|635|889|1164|1323|1353|1180|812|297| 295|825|1178|1352|1311|1143|891|635|407|244|
6.407    253|390|631|896|1139|1320|1355|1188|821|291| 296|821|1182|1331|1320|1144|874|622|403|240|
6.408    249|403|649|882|1168|1314|1366|1181|840|315| 301|836|1210|1359|1308|1172|880|629|416|242|
6.409    246|422|624|930|1145|1302|1395|1191|827|300| 292|811|1187|1326|1316|1131|899|645|409|237|
6.410    260|411|624|893|1154|1316|1371|1197|835|307| 302|829|1164|1371|1332|1158|909|640|414|231|
6.411    244|416|626|905|1162|1326|1363|1183|829|287| 295|825|1196|1345|1340|1153|893|656|416|258|
6.412    259|442|640|892|1137|1312|1377|1195|825|284| 287|822|1205|1325|1338|1158|920|641|405|245|
6.413    262|396|640|894|1160|1324|1390|1219|821|306| 304|831|1221|1384|1299|1150|918|649|404|234|
6.414    238|411|649|917|1146|1327|1348|1236|808|304| 283|822|1224|1338|1378|1185|927|652|400|256|
6.415    230|396|643|902|1158|1350|1364|1199|864|303| 280|830|1203|1396|1333|1155|897|648|406|247|
6.416    243|402|619|912|1181|1338|1367|1212|812|290| 297|829|1228|1402|1341|1182|908|624|410|250|
6.417    229|408|631|920|1149|1365|1358|1225|843|293| 304|847|1196|1392|1337|1150|915|648|423|249|
6.418    239|414|651|902|1180|1362|1395|1188|845|302| 299|802|1199|1382|1358|1186|896|656|424|265|
6.419    267|400|657|924|1167|1339|1384|1258|829|296| 313|851|1223|1403|1363|1146|935|668|423|244|
6.420    251|413|639|933|1155|1369|1373|1229|822|305| 299|855|1231|1360|1357|1157|938|651|416|239|
6.421    258|409|643|897|1160|1374|1384|1210|849|292| 291|831|1207|1375|1305|1194|919|647|422|242|
6.422    240|425|651|911|1182|1390|1408|1234|860|291| 295|859|1255|1402|1339|1150|916|631|414|259|
6.423    248|416|652|908|1154|1374|1371|1216|871|292| 309|815|1218|1406|1359|1176|903|654|415|246|
6.424    253|428|659|930|1183|1350|1372|1233|838|298| 309|845|1229|1414|1351|1193|925|645|417|255|
6.425    249|425|652|932|1191|1368|1407|1225|864|309| 302|859|1201|1360|1354|1180|902|637|425|239|
6.426    253|424|620|915|1180|1328|1377|1244|862|291| 315|857|1245|1392|1389|1214|915|653|425|248|
6.427    250|430|663|892|1189|1364|1433|1217|853|305| 290|835|1216|1387|1366|1168|901|675|427|253|
6.428    260|429|659|925|1162|1384|1441|1245|849|298| 293|848|1241|1403|1367|1213|939|664|431|270|
6.429    255|414|662|903|1199|1355|1443|1264|851|284| 292|867|1251|1420|1374|1176|917|665|434|239|
6.430    278|431|659|943|1205|1378|1416|1238|839|303| 307|861|1221|1410|1411|1209|928|657|440|271|
6.431    260|430|655|940|1182|1389|1397|1259|874|324| 307|888|1241|1423|1374|1172|912|657|422|269|
6.432    241|448|668|903|1218|1366|1433|1242|852|293| 304|878|1235|1404|1354|1165|944|678|426|259|
6.433    254|441|667|914|1195|1380|1405|1268|865|294| 300|869|1282|1461|1378|1211|937|684|426|257|
6.434    259|441|630|950|1192|1398|1412|1254|846|301| 339|864|1252|1397|1370|1204|954|663|434|266|
6.435    255|433|648|945|1184|1399|1426|1255|848|312| 309|882|1258|1422|1384|1150|919|665|418|256|
6.436    260|437|667|908|1236|1391|1423|1270|877|328| 309|847|1245|1445|1419|1199|910|663|452|258|
6.437    248|411|671|939|1264|1413|1439|1229|876|292| 323|861|1284|1453|1410|1231|916|673|431|249|
6.438    271|449|671|915|1180|1402|1458|1262|864|303| 298|891|1256|1438|1395|1199|954|658|460|249|
6.439    257|427|668|939|1210|1396|1442|1275|868|332| 318|888|1254|1417|1418|1225|954|682|436|260|
6.440    259|437|685|931|1208|1401|1417|1280|850|323| 304|861|1282|1431|1393|1187|949|675|444|256|
6.441    261|441|664|946|1215|1401|1447|1266|910|318| 319|875|1238|1474|1431|1229|924|666|443|255|
6.442    264|450|675|960|1204|1417|1458|1276|870|317| 314|873|1307|1452|1431|1224|968|667|473|247|
6.443    265|431|691|966|1212|1429|1499|1262|894|318| 318|893|1265|1448|1386|1200|942|682|431|264|
6.444    266|418|687|953|1216|1446|1451|1283|901|298| 330|872|1308|1442|1414|1226|964|684|463|264|
6.445    278|446|667|976|1241|1432|1491|1277|884|334| 306|887|1271|1451|1410|1217|971|685|438|247|
6.445    273|440|677|961|1241|1410|1463|1299|868|331| 317|905|1292|1437|1407|1249|935|690|444|270|
6.446    272|441|681|936|1243|1407|1480|1315|875|326| 328|898|1297|1453|1415|1212|968|670|447|278|
6.447    271|448|671|963|1259|1444|1438|1298|910|325| 296|896|1288|1466|1419|1240|976|688|432|279|
6.448    265|455|691|953|1241|1444|1457|1281|893|319| 324|879|1306|1488|1413|1219|946|700|457|267|
6.449    276|445|675|1004|1262|1442|1482|1288|896|320| 334|902|1311|1498|1450|1246|980|696|436|276|
6.450    277|462|707|968|1236|1419|1451|1277|893|306| 314|873|1284|1481|1474|1263|978|672|424|264|
6.451    264|412|663|976|1244|1448|1475|1285|912|331| 317|879|1302|1484|1418|1251|982|696|449|261|
6.452    258|460|680|982|1299|1440|1496|1286|904|329| 325|893|1299|1484|1432|1225|991|693|464|276|
6.453    290|443|673|964|1231|1465|1469|1310|906|299| 324|902|1298|1506|1455|1262|952|691|448|276|
6.454    271|453|713|978|1265|1467|1508|1274|928|326| 334|892|1318|1442|1467|1227|968|699|453|258|
6.455    268|446|708|968|1246|1490|1512|1328|920|322| 308|905|1291|1479|1476|1209|978|718|456|277|
6.456    270|450|696|997|1282|1472|1530|1316|878|323| 334|919|1307|1501|1455|1240|974|695|441|281|
6.457    265|477|705|973|1221|1449|1504|1324|939|338| 327|898|1324|1500|1457|1262|970|706|456|279|
6.458    278|451|720|1000|1293|1420|1489|1331|910|300| 318|930|1327|1488|1472|1255|1001|717|451|285|
6.459    289|456|702|982|1254|1503|1479|1299|892|319| 319|895|1339|1513|1467|1254|983|713|447|269|
6.460    275|452|723|999|1273|1445|1511|1324|909|330| 329|918|1298|1471|1457|1298|989|730|445|286|
6.461    269|458|715|989|1281|1488|1489|1300|895|361| 314|926|1328|1509|1471|1272|977|728|454|261|
6.462    285|474|692|1013|1275|1480|1514|1347|921|338| 319|919|1349|1519|1479|1273|972|711|475|277|
6.463    278|446|735|1009|1281|1487|1539|1320|918|336| 314|893|1308|1506|1463|1249|993|686|475|272|
6.464    279|484|716|1017|1297|1503|1522|1334|912|331| 329|917|1326|1535|1495|1298|979|708|471|276|
6.465    265|456|717|1015|1308|1463|1506|1336|906|328| 329|928|1329|1559|1458|1268|996|729|465|292|
6.466    277|461|697|1006|1277|1480|1529|1321|929|330| 325|909|1365|1541|1501|1306|998|672|460|289|
6.467    284|471|738|997|1275|1479|1501|1331|941|337| 329|925|1338|1496|1500|1295|990|714|459|283|
6.468    292|439|713|982|1284|1491|1546|1331|931|321| 329|930|1326|1523|1478|1291|976|722|473|288|
6.469    288|469|719|999|1302|1478|1524|1326|934|335| 333|910|1336|1510|1519|1271|961|731|468|271|
6.470    278|471|706|1023|1275|1491|1511|1329|919|333| 344|930|1342|1523|1513|1340|1005|701|463|277|
6.471    274|468|725|995|1298|1484|1541|1354|903|330| 336|961|1383|1549|1497|1281|1007|745|481|291|
6.472    283|468|729|1006|1285|1509|1546|1381|912|340| 330|905|1356|1562|1472|1265|1013|714|476|281|
6.473    296|461|731|1023|1309|1457|1582|1334|925|340| 335|921|1367|1549|1500|1307|1026|728|463|280|
6.474    279|480|714|1017|1288|1506|1571|1334|946|326| 323|946|1357|1542|1528|1298|1017|739|457|287|
6.475    280|481|733|1005|1305|1533|1564|1356|945|331| 349|968|1354|1534|1502|1339|1004|755|470|296|
6.476    282|479|719|1024|1327|1515|1560|1392|919|334| 349|942|1351|1565|1545|1335|1037|714|461|285|
6.477    278|491|743|1006|1282|1517|1559|1375|949|334| 344|944|1368|1547|1518|1277|1021|729|465|280|
6.478    290|475|722|1029|1287|1530|1592|1362|918|345| 318|951|1332|1548|1544|1317|1042|741|486|299|
6.479    292|480|719|999|1297|1504|1558|1364|939|333| 344|895|1400|1543|1547|1332|1021|725|470|270|
6.480    288|488|702|1024|1315|1495|1583|1350|956|337| 332|960|1337|1522|1498|1311|1040|723|478|290|
6.481    302|463|732|996|1348|1532|1569|1361|929|344| 321|962|1357|1579|1567|1333|1046|745|492|293|
6.482    287|484|751|994|1364|1531|1565|1426|950|328| 340|963|1403|1564|1524|1333|1052|746|495|291|
6.483    278|472|761|1018|1322|1537|1590|1388|967|354| 349|948|1365|1582|1509|1309|1035|742|472|308|
6.484    285|481|762|1055|1303|1551|1576|1371|944|365| 339|971|1412|1595|1560|1335|1026|748|476|290|
6.485    289|471|735|1051|1333|1546|1598|1405|966|338| 351|973|1373|1556|1532|1341|1049|760|483|284|
6.486    292|476|751|1066|1338|1556|1602|1413|932|329| 338|947|1405|1564|1545|1327|1055|729|491|291|
6.487    302|510|728|1032|1326|1559|1553|1373|993|325| 344|963|1406|1574|1517|1328|1004|758|473|287|
6.488    295|495|739|1055|1334|1545|1596|1404|974|345| 335|988|1377|1598|1544|1368|1059|694|488|303|
6.489    298|482|731|1061|1349|1577|1584|1409|1000|343| 362|960|1383|1613|1581|1405|1088|729|499|293|
6.490    291|472|767|1056|1347|1568|1584|1432|945|342| 349|952|1364|1610|1537|1372|1031|741|486|307|
6.491    298|495|770|1071|1353|1563|1567|1399|951|341| 337|969|1409|1585|1585|1343|1055|757|503|302|
6.492    289|488|771|1046|1330|1535|1620|1404|955|332| 333|979|1397|1627|1554|1357|1048|757|486|293|
6.493    278|497|726|1068|1357|1557|1633|1403|947|356| 353|991|1411|1600|1557|1358|1076|752|483|293|
6.494    296|495|752|1049|1344|1618|1588|1429|960|330| 337|951|1405|1608|1613|1364|1077|759|487|312|
6.495    285|474|790|1056|1335|1600|1586|1449|991|336| 345|979|1447|1615|1560|1336|1067|748|505|303|
6.496    301|516|767|1047|1347|1595|1612|1414|953|351| 346|969|1429|1635|1613|1375|1064|733|489|299|
6.497    279|525|764|1075|1398|1636|1557|1447|938|354| 364|987|1430|1634|1598|1348|1081|776|506|301|
6.498    304|490|771|1066|1406|1623|1632|1425|986|347| 354|1011|1424|1618|1589|1399|1088|752|502|304|
6.499    298|504|769|1078|1382|1615|1588|1420|967|340| 355|997|1422|1607|1593|1393|1061|738|483|297|
6.500    283|485|778|1074|1361|1621|1648|1436|1000|368| 354|991|1426|1620|1560|1353|1077|753|497|308|
6.501    298|501|757|1074|1388|1592|1591|1440|989|375| 360|1003|1433|1631|1576|1378|1077|747|526|311|
6.502    296|516|761|1108|1373|1613|1665|1464|970|349| 363|1001|1385|1621|1569|1401|1067|782|495|300|
6.503    304|493|754|1103|1374|1599|1705|1463|984|355| 354|996|1446|1668|1574|1364|1114|758|490|292|
6.504    311|497|773|1089|1397|1600|1663|1410|989|353| 347|998|1490|1658|1600|1423|1117|771|490|289|
6.505    293|497|761|1091|1410|1580|1621|1430|979|351| 366|984|1468|1649|1606|1404|1096|760|507|309|
6.506    304|500|780|1086|1365|1626|1652|1451|973|361| 350|1010|1455|1679|1571|1352|1109|757|509|302|
6.507    306|511|779|1044|1415|1610|1676|1450|999|362| 349|986|1462|1659|1600|1378|1097|759|514|305|
6.508    291|507|801|1078|1391|1597|1652|1449|983|356| 342|983|1454|1692|1631|1436|1073|782|520|298|
6.509    309|501|780|1076|1405|1607|1651|1473|987|359| 363|1010|1459|1702|1571|1429|1120|776|501|303|
6.510    304|528|749|1093|1396|1601|1691|1481|1038|355| 373|994|1468|1678|1614|1422|1119|771|518|303|
6.511    307|513|784|1084|1418|1645|1656|1438|1020|374| 365|1012|1449|1651|1680|1402|1109|771|521|314|
6.512    302|501|784|1091|1403|1614|1652|1440|1021|366| 376|1044|1454|1669|1635|1395|1098|806|510|317|
6.513    311|515|774|1099|1431|1630|1679|1516|1021|364| 362|1010|1472|1671|1598|1399|1064|782|538|307|
6.514    315|525|805|1119|1422|1627|1664|1482|1005|351| 366|994|1510|1652|1636|1391|1114|774|520|311|
6.515    316|524|817|1163|1398|1663|1673|1460|1014|351| 363|1014|1512|1664|1640|1438|1124|774|528|313|
6.516    311|525|793|1117|1436|1640|1715|1483|1027|368| 357|1029|1455|1698|1672|1418|1086|777|532|302|
6.517    316|513|771|1100|1481|1681|1729|1496|1050|359| 364|1042|1514|1681|1613|1410|1127|789|536|318|
6.518    309|520|788|1092|1455|1662|1700|1451|1029|363| 375|1029|1448|1713|1652|1422|1114|814|530|306|
6.519    306|523|791|1135|1437|1652|1702|1482|989|362| 359|1016|1499|1710|1676|1439|1112|803|509|301|
6.520    321|517|799|1131|1440|1655|1686|1484|1017|366| 367|1021|1485|1697|1691|1459|1154|804|527|325|
6.521    313|522|816|1132|1431|1640|1725|1486|1026|369| 378|1048|1503|1723|1638|1474|1147|808|513|306|
6.522    339|506|798|1152|1434|1658|1685|1481|1007|360| 348|1033|1481|1717|1658|1436|1112|797|538|308|
6.523    321|507|813|1150|1435|1688|1700|1522|1036|379| 377|1033|1516|1751|1613|1431|1133|820|530|320|
6.524    308|525|803|1167|1416|1654|1683|1516|1015|371| 355|1028|1526|1704|1683|1432|1109|793|532|318|
6.525    319|530|806|1130|1431|1655|1748|1520|1045|367| 370|1020|1538|1758|1674|1471|1127|787|526|315|
6.526    326|526|820|1125|1460|1668|1694|1516|1034|380| 371|1058|1508|1712|1705|1464|1122|813|512|304|
6.527    316|504|793|1156|1436|1688|1743|1515|1020|368| 372|1041|1535|1697|1664|1411|1155|805|534|303|
6.528    335|524|789|1116|1447|1679|1748|1520|1043|387| 377|1026|1506|1740|1695|1448|1153|828|529|324|
6.528    349|532|829|1128|1451|1678|1689|1535|1055|392| 367|1089|1518|1719|1680|1431|1129|801|542|314|
6.529    316|549|836|1141|1476|1694|1751|1525|1050|367| 365|1030|1529|1694|1716|1487|1144|820|516|314|
6.530    315|538|808|1147|1480|1697|1715|1555|1036|370| 363|1027|1536|1716|1704|1463|1145|827|535|320|
6.531    319|565|829|1137|1455|1701|1767|1547|1057|356| 377|1062|1519|1711|1701|1472|1155|808|516|327|
6.532    327|518|804|1169|1503|1688|1729|1523|1061|389| 355|1078|1523|1701|1686|1456|1161|817|520|328|
6.533    316|538|845|1148|1454|1687|1755|1562|1053|370| 387|1067|1517|1779|1677|1466|1145|811|535|316|
6.534    319|549|850|1153|1449|1678|1745|1560|1075|378| 372|1068|1573|1718|1692|1461|1151|821|532|323|
6.535    317|535|824|1138|1456|1711|1760|1553|1023|379| 392|1052|1564|1766|1701|1481|1145|838|546|318|
6.536    323|538|842|1194|1499|1707|1769|1565|1053|368| 374|1074|1554|1786|1690|1510|1162|858|550|337|
6.537    330|562|809|1192|1495|1742|1794|1521|1062|379| 364|1078|1536|1763|1709|1492|1153|816|543|311|
6.538    331|527|791|1188|1501|1715|1736|1552|1048|379| 373|1064|1564|1747|1740|1488|1168|831|558|335|
6.539    326|543|843|1166|1471|1771|1740|1543|1057|364| 375|1062|1571|1785|1756|1503|1153|838|561|338|
6.540    331|551|827|1175|1501|1703|1787|1578|1077|377| 375|1074|1529|1768|1748|1521|1155|817|539|317|
6.541    329|523|793|1167|1494|1705|1775|1571|1050|402| 386|1079|1535|1805|1754|1500|1182|839|547|335|
6.542    340|554|823|1160|1525|1739|1815|1546|1106|377| 394|1084|1583|1795|1741|1497|1177|839|565|343|
6.543    325|546|820|1180|1548|1753|1771|1558|1075|384| 384|1083|1603|1782|1738|1515|1174|832|556|331|
6.544    330|548|827|1206|1488|1732|1795|1566|1057|386| 385|1069|1579|1832|1753|1497|1192|823|539|328|
6.545    340|558|859|1165|1482|1723|1849|1547|1087|367| 390|1081|1572|1817|1752|1509|1158|846|544|332|
6.546    305|548|861|1168|1514|1739|1831|1560|1070|387| 395|1081|1586|1799|1716|1533|1192|871|522|343|
6.547    323|548|848|1200|1551|1777|1786|1554|1102|374| 365|1063|1561|1811|1778|1517|1189|834|537|332|
6.548    342|573|846|1183|1458|1768|1839|1573|1101|375| 379|1086|1563|1827|1759|1528|1191|859|548|334|
6.549    339|561|842|1195|1568|1803|1789|1557|1091|375| 406|1072|1604|1809|1723|1544|1194|872|555|336|
6.550    339|550|854|1212|1490|1763|1839|1617|1108|387| 384|1119|1579|1792|1763|1540|1180|840|545|332|
6.551    340|549|834|1205|1511|1769|1854|1561|1096|374| 383|1108|1551|1832|1769|1547|1190|847|576|334|
6.552    350|556|890|1185|1544|1762|1785|1586|1103|386| 397|1073|1575|1813|1790|1538|1191|854|531|330|
6.553    346|550|855|1198|1527|1757|1810|1592|1094|372| 394|1098|1578|1887|1738|1568|1178|869|572|324|
6.554    335|553|858|1190|1531|1775|1802|1595|1072|396| 388|1128|1589|1791|1781|1547|1249|866|569|329|
6.555    338|571|854|1202|1519|1769|1751|1588|1122|391| 387|1129|1597|1900|1785|1554|1185|860|551|345|
6.556    344|561|885|1200|1540|1777|1806|1596|1096|416| 386|1106|1579|1820|1805|1530|1229|872|558|350|
6.557    352|569|883|1202|1532|1792|1849|1627|1104|393| 399|1118|1568|1804|1797|1548|1207|836|553|330|
6.558    345|555|858|1231|1574|1786|1816|1605|1132|389| 395|1121|1610|1849|1793|1548|1186|882|555|335|
6.559    358|561|887|1206|1557|1798|1837|1599|1133|395| 408|1120|1639|1845|1797|1572|1192|865|572|324|
6.560    336|554|885|1227|1548|1846|1867|1578|1092|390| 385|1133|1635|1882|1803|1537|1223|868|560|344|
6.561    341|553|868|1243|1551|1794|1809|1633|1134|382| 401|1106|1651|1847|1831|1596|1228|857|560|335|
6.562    349|580|899|1197|1592|1794|1858|1635|1119|407| 389|1121|1658|1860|1808|1591|1213|861|565|349|
6.563    333|556|885|1211|1595|1826|1903|1639|1142|401| 399|1109|1638|1849|1824|1588|1202|874|570|346|
6.564    332|572|883|1221|1558|1839|1847|1623|1101|414| 401|1148|1612|1834|1804|1575|1256|858|557|335|
6.565    345|583|878|1211|1557|1804|1858|1612|1128|412| 398|1077|1647|1833|1817|1573|1206|853|583|334|
6.566    350|584|870|1276|1615|1797|1873|1641|1120|403| 396|1122|1659|1852|1822|1588|1244|880|567|337|
6.567    333|567|883|1233|1628|1811|1892|1665|1123|422| 388|1149|1675|1867|1814|1574|1234|869|551|360|
6.568    337|593|880|1253|1550|1817|1882|1640|1133|400| 398|1125|1645|1886|1841|1572|1243|884|557|354|
6.569    354|588|877|1234|1626|1827|1896|1648|1117|404| 416|1125|1631|1882|1824|1575|1230|899|589|356|
6.570    356|580|892|1246|1616|1851|1862|1621|1134|413| 395|1160|1648|1860|1824|1577|1254|917|587|340|
6.571    344|576|891|1248|1569|1821|1900|1649|1156|400| 408|1170|1655|1878|1844|1599|1248|870|574|363|
6.572    346|581|897|1211|1587|1861|1873|1652|1159|398| 421|1125|1647|1884|1865|1605|1243|890|575|344|
6.573    340|575|915|1288|1635|1852|1883|1657|1124|412| 401|1171|1704|1870|1845|1569|1297|873|586|363|
6.574    344|597|885|1243|1579|1844|1891|1643|1118|420| 386|1141|1649|1872|1860|1573|1260|886|590|342|
6.575    349|572|877|1283|1621|1885|1910|1665|1124|416| 426|1167|1663|1885|1830|1635|1226|904|575|362|
6.576    353|584|920|1280|1624|1871|1882|1682|1137|417| 405|1160|1704|1942|1853|1674|1242|869|589|371|
6.577    346|605|885|1261|1597|1853|1936|1670|1146|421| 416|1152|1690|1909|1855|1626|1256|915|588|354|
6.578    351|612|889|1243|1621|1830|1904|1632|1164|402| 417|1171|1694|1934|1841|1624|1282|923|578|381|
6.579    348|595|876|1291|1608|1930|1935|1680|1131|426| 402|1158|1698|1952|1898|1595|1248|899|597|363|
6.580    363|584|919|1254|1637|1884|1885|1698|1143|414| 413|1153|1665|1906|1876|1606|1288|907|592|349|
6.581    355|574|909|1251|1630|1860|1909|1690|1155|413| 409|1190|1674|1915|1897|1595|1286|916|565|357|
6.582    351|608|904|1287|1632|1839|1912|1695|1149|415| 417|1146|1693|1942|1876|1624|1275|931|589|368|
6.583    358|599|923|1265|1610|1878|1914|1697|1165|424| 402|1177|1680|1931|1818|1623|1277|914|605|341|
6.584    357|604|903|1299|1648|1876|1969|1693|1162|420| 425|1183|1680|1900|1888|1628|1263|907|595|373|
6.585    361|582|923|1278|1656|1884|1942|1730|1175|428| 418|1185|1732|1953|1851|1669|1281|929|595|360|
6.586    353|609|920|1270|1658|1892|1986|1695|1172|437| 423|1155|1693|1900|1934|1650|1286|926|601|380|
6.587    374|574|914|1307|1679|1898|1951|1702|1160|428| 420|1151|1716|1969|1887|1629|1290|903|595|349|
6.588    358|589|932|1290|1642|1882|1930|1672|1182|438| 414|1182|1742|1985|1869|1647|1288|897|605|362|
6.589    387|593|917|1325|1624|1906|1959|1712|1163|397| 407|1163|1699|1978|1910|1618|1266|934|635|357|
6.590    368|616|924|1286|1668|1972|1958|1729|1148|415| 428|1191|1722|2008|1877|1641|1313|956|596|366|
6.591    361|611|926|1306|1677|1946|1981|1727|1169|416| 425|1144|1765|1962|1933|1652|1316|955|614|365|
6.592    363|608|956|1289|1677|1956|1989|1728|1162|430| 427|1168|1720|1950|1909|1663|1280|944|602|346|
6.593    371|606|940|1321|1682|1917|1930|1758|1188|425| 423|1183|1737|2007|1922|1684|1305|913|627|347|
6.594    380|617|922|1278|1658|1897|2004|1723|1205|420| 444|1199|1732|1972|1906|1677|1290|933|592|359|
6.595    360|619|941|1327|1684|1894|1955|1722|1201|441| 445|1161|1748|1971|1904|1697|1298|941|605|381|
6.596    372|627|953|1327|1682|1890|2032|1695|1215|437| 392|1208|1756|1991|1949|1659|1279|935|597|359|
6.597    368|604|946|1357|1697|1955|1970|1756|1179|460| 420|1164|1741|1998|1966|1701|1339|946|597|365|
6.598    376|612|949|1307|1691|1972|2005|1752|1196|431| 444|1192|1717|2016|1944|1697|1336|954|624|360|
6.599    369|597|954|1347|1699|1968|1993|1739|1215|424| 434|1183|1741|2008|1918|1681|1352|952|602|359|
6.600    375|617|944|1333|1684|1953|1976|1736|1201|425| 443|1195|1750|1977|1948|1695|1331|936|617|380|
6.601    389|614|936|1309|1720|1930|1995|1730|1210|433| 422|1193|1709|2006|1942|1708|1345|943|629|369|
6.602    365|652|949|1293|1705|1938|1982|1738|1197|421| 429|1188|1763|2003|1965|1680|1362|944|638|368|
6.603    359|644|989|1335|1744|1984|2003|1763|1197|435| 447|1223|1776|2004|1944|1710|1330|958|630|371|
6.604    387|625|956|1327|1695|1969|1998|1724|1223|420| 439|1229|1768|2000|1986|1710|1299|943|614|369|
6.605    375|591|916|1319|1677|1969|2001|1744|1209|451| 444|1208|1810|2044|1981|1672|1340|952|608|375|
6.606    383|625|987|1360|1676|1968|2042|1792|1209|441| 441|1225|1746|2002|2016|1667|1329|962|633|373|
6.607    382|603|975|1349|1726|1977|2032|1793|1203|442| 454|1229|1764|2046|2004|1687|1336|937|634|369|
6.608    388|634|943|1323|1675|1969|2069|1802|1215|443| 454|1238|1725|2002|1949|1695|1314|972|624|372|
6.609    361|620|980|1357|1736|2005|2060|1772|1239|428| 473|1225|1803|2042|1990|1719|1330|982|627|386|
6.610    365|634|979|1334|1746|2004|2018|1798|1211|446| 423|1253|1836|2040|1999|1714|1390|1004|655|360|
6.611    374|622|996|1351|1762|1975|2036|1785|1195|429| 414|1230|1818|2083|2015|1718|1361|949|632|378|
6.611    379|632|941|1401|1768|1983|2075|1791|1215|443| 428|1239|1801|2012|1968|1736|1379|979|627|378|
6.612    392|609|954|1402|1748|2025|2042|1821|1222|434| 454|1233|1795|2037|1997|1736|1339|963|636|388|
6.613    406|626|949|1361|1727|2036|2058|1795|1225|452| 426|1237|1815|2046|2019|1756|1363|983|628|385|
6.614    377|653|970|1372|1728|1992|2062|1779|1228|442| 450|1264|1795|2081|1995|1729|1363|988|658|397|
6.615    385|645|966|1387|1773|2035|2066|1808|1222|430| 457|1254|1827|2074|2017|1764|1371|964|627|384|
6.616    392|636|953|1380|1752|2023|2053|1819|1256|447| 440|1221|1818|2097|2020|1782|1367|992|651|383|
6.617    398|648|1011|1388|1741|2014|2104|1780|1225|454| 456|1261|1790|2092|2034|1763|1426|992|637|394|
6.618    388|646|1016|1356|1726|2059|2087|1795|1245|446| 452|1258|1833|2060|2029|1720|1366|966|639|392|
6.619    394|645|1009|1400|1775|2042|2063|1838|1262|467| 446|1219|1837|2078|2035|1735|1372|1007|644|402|
6.620    402|630|979|1390|1772|1992|2074|1832|1256|441| 453|1241|1832|2086|2045|1800|1370|990|659|399|
6.621    381|660|990|1404|1761|1990|2039|1813|1232|449| 475|1263|1838|2083|2059|1769|1410|1005|655|391|
6.622    384|645|1015|1351|1752|2050|2108|1790|1244|463| 451|1258|1822|2108|2051|1784|1378|992|655|394|
6.623    388|648|980|1389|1734|2063|2142|1828|1268|478| 458|1256|1891|2107|2055|1728|1435|969|658|392|
6.624    397|670|1018|1385|1749|2061|2092|1831|1284|422| 463|1265|1846|2068|2059|1784|1407|1008|663|403|
6.625    392|656|1003|1407|1782|2079|2135|1844|1271|451| 463|1296|1853|2047|2046|1806|1429|1019|646|398|
6.626    392|661|1019|1381|1798|1997|2162|1828|1248|466| 439|1305|1808|2112|2072|1787|1405|1034|631|399|
6.627    398|645|1017|1432|1819|2045|2095|1893|1263|455| 443|1265|1824|2113|2067|1763|1439|1015|679|400|
6.628    381|660|1014|1403|1782|2058|2103|1853|1259|475| 448|1298|1855|2100|2067|1806|1417|1009|676|371|
6.629    400|650|1011|1434|1798|2099|2093|1885|1251|455| 465|1263|1863|2138|2025|1806|1432|1040|672|387|
6.630    408|669|1017|1425|1849|2079|2095|1844|1282|443| 472|1300|1911|2152|2085|1763|1426|989|663|404|
6.631    396|671|1034|1399|1814|2108|2070|1918|1280|449| 474|1270|1838|2144|2085|1850|1452|1054|639|399|
6.632    409|672|1002|1453|1802|2095|2110|1878|1278|456| 458|1301|1885|2109|2073|1835|1425|1011|678|408|
6.633    387|669|1026|1418|1807|2092|2133|1901|1308|454| 437|1327|1869|2159|2149|1850|1428|1019|664|407|
6.634    416|673|992|1412|1845|2128|2136|1893|1310|464| 462|1309|1908|2138|2054|1824|1415|1037|667|401|
6.635    398|665|1044|1449|1823|2078|2131|1900|1294|443| 477|1292|1867|2170|2139|1835|1420|1033|661|401|
6.636    409|662|1030|1413|1842|2083|2116|1907|1289|470| 457|1280|1921|2179|2078|1806|1428|1016|648|408|
6.637    414|667|1033|1429|1828|2134|2178|1899|1297|457| 491|1313|1924|2179|2079|1826|1448|1039|670|390|
6.638    401|684|1005|1423|1875|2156|2181|1871|1301|445| 463|1324|1899|2133|2138|1848|1454|994|684|419|
6.639    411|681|1018|1452|1834|2138|2181|1892|1281|467| 460|1319|1905|2195|2078|1886|1453|1027|677|395|
6.640    413|686|1009|1413|1851|2115|2187|1889|1289|469| 454|1306|1934|2153|2120|1825|1443|1053|699|417|
6.641    396|674|1029|1466|1810|2121|2183|1917|1319|469| 477|1337|1895|2139|2073|1808|1434|983|685|407|
6.642    407|682|1029|1447|1821|2133|2181|1919|1338|475| 465|1283|1907|2212|2114|1805|1436|1055|655|399|
6.643    417|685|1025|1428|1853|2100|2157|1920|1304|478| 473|1305|1875|2212|2149|1821|1433|1018|690|418|
6.644    395|687|1041|1439|1868|2093|2170|1900|1325|479| 486|1339|1938|2158|2124|1851|1439|1041|694|401|
6.645    429|664|1020|1463|1837|2148|2194|1898|1272|471| 480|1337|1905|2148|2096|1880|1444|1038|686|409|
6.646    415|683|1015|1493|1881|2126|2196|1921|1330|479| 470|1321|1924|2188|2118|1846|1449|1046|665|416|
6.647    407|674|1054|1470|1880|2173|2224|1906|1329|458| 482|1322|1900|2240|2111|1872|1445|1052|672|405|
6.648    400|700|1063|1449|1879|2182|2207|1956|1330|460| 467|1285|1939|2231|2149|1870|1434|1048|689|431|
6.649    413|685|1054|1462|1874|2176|2217|1904|1313|461| 471|1356|1913|2233|2156|1857|1471|1063|699|422|
6.650    412|706|1044|1461|1896|2137|2220|1943|1285|478| 466|1332|1939|2239|2163|1901|1419|1025|677|427|
6.651    418|690|1065|1468|1891|2175|2220|1951|1316|480| 466|1336|1933|2214|2130|1891|1493|1052|688|414|
6.652    421|688|1040|1507|1870|2188|2184|1919|1336|499| 488|1358|1985|2196|2161|1892|1470|1034|678|387|
6.653    422|679|1056|1474|1881|2164|2196|1971|1330|475| 470|1354|1991|2213|2226|1844|1512|1079|696|419|
6.654    434|715|1073|1504|1892|2213|2255|1953|1380|480| 453|1338|1943|2257|2167|1885|1494|1059|728|429|
6.655    419|698|1065|1465|1916|2227|2209|1948|1313|477| 460|1366|1971|2253|2166|1926|1462|1088|702|422|
6.656    425|710|1059|1476|1931|2191|2257|1972|1367|467| 479|1337|1928|2276|2244|1886|1526|1057|692|418|
6.657    438|673|1026|1493|1860|2198|2205|1985|1371|468| 498|1350|1981|2255|2168|1885|1471|1042|693|426|
6.658    431|705|1080|1496|1925|2200|2256|1968|1345|468| 492|1384|1963|2241|2227|1879|1451|1070|693|426|
6.659    427|703|1077|1508|1916|2206|2231|1938|1374|481| 473|1360|1990|2223|2199|1914|1494|1072|700|414|
6.660    425|698|1084|1556|1935|2172|2232|1930|1358|500| 497|1359|1958|2273|2193|1914|1489|1087|697|443|
6.661    421|696|1066|1461|1917|2208|2256|1975|1319|478| 511|1365|1967|2215|2221|1876|1521|1100|715|414|
6.662    426|693|1062|1507|1917|2248|2239|2050|1354|494| 492|1377|1991|2277|2200|1940|1529|1062|716|438|
6.663    416|738|1092|1504|1915|2215|2270|1995|1410|493| 474|1395|1967|2313|2206|1942|1486|1072|708|411|
6.664    425|707|1099|1508|1896|2257|2274|2013|1372|489| 488|1332|1993|2237|2251|1951|1535|1101|734|417|
6.665    443|724|1079|1496|1918|2217|2288|2012|1374|481| 503|1360|2036|2275|2265|1905|1508|1085|709|431|
6.666    434|713|1087|1535|1916|2255|2314|2009|1390|494| 503|1358|1955|2256|2234|1916|1519|1109|747|443|
6.667    416|745|1099|1525|1947|2256|2323|2002|1339|476| 475|1378|2014|2296|2250|1916|1536|1089|729|429|
6.668    429|694|1094|1525|1951|2203|2270|2065|1344|503| 507|1387|1995|2285|2234|1950|1492|1074|703|437|
6.669    438|719|1111|1565|1957|2236|2295|2014|1383|508| 497|1376|2007|2267|2214|1918|1518|1084|695|423|
6.670    450|687|1109|1534|1998|2231|2233|2041|1387|483| 498|1402|2004|2255|2238|1923|1537|1070|729|446|
6.671    439|726|1095|1546|1904|2255|2303|2012|1350|488| 511|1383|1992|2311|2297|1956|1514|1108|723|416|
6.672    456|716|1106|1560|1954|2276|2339|1997|1417|499| 502|1385|2021|2294|2241|2009|1545|1077|717|455|
6.673    419|713|1093|1561|1969|2259|2328|2013|1385|496| 490|1402|2009|2284|2287|1962|1543|1123|712|451|
6.674    429|729|1088|1525|1965|2243|2336|2039|1397|490| 483|1396|2025|2306|2246|1988|1560|1110|727|431|
6.675    435|733|1113|1528|1977|2248|2303|2026|1400|509| 506|1428|2015|2324|2257|1939|1571|1116|737|447|
6.676    441|724|1126|1549|1989|2242|2352|2048|1444|501| 497|1428|2029|2323|2291|1985|1562|1117|718|447|
6.677    461|709|1081|1582|1998|2269|2364|2041|1417|479| 491|1422|2086|2355|2282|1968|1540|1147|733|440|
6.678    434|741|1092|1556|1998|2252|2369|2023|1387|520| 491|1445|2051|2339|2307|2013|1553|1136|743|419|
6.679    449|738|1133|1523|2022|2285|2360|2075|1388|489| 505|1402|2045|2311|2275|1997|1570|1101|738|456|
6.680    430|742|1100|1574|2019|2308|2357|2039|1431|518| 506|1430|2040|2304|2343|1981|1555|1116|734|463|
6.681    451|713|1130|1524|1986|2319|2339|2084|1454|521| 502|1399|2054|2326|2263|2029|1561|1110|714|457|
6.682    459|732|1136|1552|1967|2310|2362|2092|1448|520| 513|1430|2118|2334|2303|1967|1541|1151|741|444|
6.683    451|752|1147|1605|2020|2298|2341|2044|1427|501| 524|1439|2106|2360|2294|2013|1573|1126|759|442|
6.684    454|752|1126|1577|1983|2295|2378|2084|1406|510| 523|1392|2077|2384|2322|2022|1565|1134|743|468|
6.685    456|751|1124|1561|1987|2347|2388|2036|1393|491| 541|1435|2060|2435|2299|2049|1588|1139|739|465|
6.686    434|765|1124|1556|1991|2285|2351|2105|1424|518| 513|1415|2103|2378|2311|2046|1588|1118|766|440|
6.687    442|736|1087|1619|2037|2341|2384|2088|1422|508| 514|1400|2109|2373|2338|2024|1573|1144|719|433|
6.688    464|738|1101|1577|2042|2344|2419|2119|1444|491| 507|1436|2085|2404|2303|2029|1572|1134|748|449|
6.689    443|743|1145|1579|2028|2336|2370|2062|1452|519| 504|1483|2085|2398|2333|2055|1598|1154|750|460|
6.690    465|727|1151|1621|2007|2361|2404|2085|1447|490| 505|1425|2135|2373|2292|2009|1569|1189|760|436|
6.691    469|744|1135|1603|2010|2372|2412|2093|1424|508| 505|1442|2080|2463|2323|2043|1568|1152|778|463|
6.692    460|766|1145|1604|2029|2368|2446|2082|1457|517| 537|1441|2072|2470|2359|2031|1624|1139|757|446|
6.693    444|750|1139|1594|2026|2366|2402|2170|1412|525| 519|1465|2104|2419|2322|2043|1627|1120|724|464|
6.693    470|767|1177|1605|2043|2360|2423|2142|1454|525| 523|1434|2141|2425|2326|2104|1599|1168|771|433|
6.694    469|761|1154|1616|2089|2373|2411|2122|1435|531| 528|1420|2128|2366|2384|2031|1617|1162|759|442|
6.695    465|786|1134|1588|2076|2358|2390|2136|1499|520| 525|1470|2139|2479|2371|2047|1623|1163|767|458|
6.696    452|764|1150|1614|2085|2335|2463|2186|1477|525| 534|1452|2148|2428|2398|2051|1624|1170|759|451|
6.697    448|779|1160|1663|2039|2365|2478|2149|1487|541| 530|1447|2101|2415|2383|2050|1595|1181|780|444|
6.698    488|757|1177|1583|2048|2380|2469|2142|1442|557| 532|1486|2178|2433|2379|2074|1609|1169|768|482|
6.699    479|774|1167|1604|2085|2359|2457|2163|1472|524| 518|1513|2125|2455|2444|2106|1636|1157|777|472|
6.700    467|754|1146|1662|2023|2446|2461|2140|1507|532| 520|1463|2160|2456|2418|2104|1628|1186|773|447|
6.701    460|768|1189|1700|2109|2398|2470|2184|1458|532| 530|1487|2139|2404|2413|2079|1607|1168|771|466|
6.702    456|767|1173|1648|2094|2410|2424|2151|1504|531| 544|1489|2156|2462|2425|2100|1622|1181|765|455|
6.703    470|775|1183|1638|2091|2422|2458|2125|1486|524| 514|1466|2169|2417|2420|2078|1639|1185|762|467|
6.704    473|769|1195|1639|2105|2402|2477|2151|1476|544| 524|1506|2163|2460|2397|2075|1672|1163|800|458|
6.705    451|771|1207|1669|2101|2370|2409|2148|1489|526| 524|1506|2165|2455|2449|2117|1643|1176|786|475|
6.706    474|770|1189|1660|2101|2439|2463|2162|1501|534| 546|1504|2138|2516|2424|2141|1640|1203|776|487|
6.707    468|785|1200|1687|2105|2440|2527|2202|1503|564| 552|1467|2181|2486|2428|2112|1655|1196|783|484|
6.708    490|781|1182|1656|2152|2475|2476|2181|1503|542| 544|1487|2238|2530|2436|2097|1661|1206|756|485|
6.709    471|783|1186|1667|2099|2470|2480|2186|1510|551| 515|1508|2163|2463|2419|2104|1640|1214|793|465|
6.710    484|794|1177|1675|2109|2473|2479|2176|1466|550| 537|1487|2202|2553|2434|2075|1669|1203|775|467|
6.711    460|791|1202|1692|2113|2426|2510|2217|1495|549| 534|1507|2190|2499|2471|2121|1635|1216|772|456|
6.712    487|784|1186|1657|2171|2424|2520|2204|1523|529| 552|1472|2220|2506|2506|2094|1683|1195|779|475|
6.713    481|781|1218|1643|2139|2454|2512|2278|1534|538| 533|1537|2247|2523|2499|2146|1628|1204|789|487|
6.714    478|786|1214|1652|2128|2484|2539|2199|1513|538| 539|1517|2198|2527|2479|2147|1707|1219|794|499|
6.715    475|802|1193|1679|2137|2424|2521|2225|1533|549| 552|1514|2212|2530|2436|2134|1640|1212|779|483|
6.716    481|765|1182|1728|2203|2472|2525|2218|1520|530| 557|1549|2287|2546|2454|2147|1684|1239|788|471|
6.717    464|812|1209|1674|2153|2518|2559|2203|1497|558| 553|1549|2232|2563|2505|2150|1716|1204|793|487|
6.718    470|804|1205|1719|2157|2492|2500|2202|1563|539| 536|1560|2202|2546|2500|2127|1726|1242|768|461|
6.719    475|806|1200|1706|2118|2511|2509|2236|1543|542| 546|1535|2230|2528|2517|2204|1688|1253|817|489|
6.720    502|823|1196|1671|2179|2508|2577|2207|1516|541| 567|1568|2224|2472|2462|2157|1690|1220|832|467|
6.721    501|777|1218|1698|2174|2562|2539|2239|1479|564| 551|1553|2189|2604|2557|2164|1680|1237|802|481|
6.722    499|813|1203|1744|2176|2484|2552|2228|1513|553| 557|1545|2225|2572|2482|2172|1697|1222|794|497|
6.723    505|800|1199|1713|2190|2509|2583|2264|1568|550| 536|1539|2243|2523|2495|2183|1710|1235|799|483|
6.724    477|811|1232|1687|2162|2514|2557|2216|1580|547| 531|1530|2230|2598|2535|2250|1697|1216|809|485|
6.725    493|782|1239|1698|2180|2540|2587|2256|1576|548| 562|1550|2254|2614|2566|2192|1725|1270|782|498|
6.726    500|803|1216|1737|2213|2559|2559|2264|1534|568| 569|1533|2249|2580|2529|2214|1750|1234|802|497|
6.727    495|802|1268|1738|2227|2512|2608|2262|1579|556| 550|1583|2272|2563|2545|2162|1696|1236|786|485|
6.728    467|830|1246|1710|2216|2549|2589|2246|1559|552| 543|1564|2310|2614|2531|2221|1754|1240|802|482|
6.729    499|826|1243|1744|2240|2510|2581|2251|1562|557| 569|1580|2310|2595|2528|2225|1777|1211|810|498|
6.730    501|820|1248|1731|2179|2535|2606|2270|1551|542| 575|1585|2272|2575|2567|2192|1726|1249|807|506|
6.731    495|832|1248|1727|2215|2545|2610|2273|1547|568| 558|1567|2239|2574|2549|2241|1753|1240|820|492|
6.732    486|815|1230|1740|2259|2519|2587|2275|1572|562| 557|1572|2283|2618|2553|2209|1762|1223|829|510|
6.733    525|816|1260|1734|2228|2532|2657|2279|1579|572| 563|1593|2270|2607|2564|2233|1732|1257|831|488|
6.734    506|839|1247|1770|2251|2561|2605|2276|1582|557| 552|1592|2291|2660|2621|2232|1755|1259|825|489|
6.735    526|829|1263|1763|2222|2585|2646|2301|1574|562| 568|1530|2343|2625|2602|2283|1790|1253|825|495|
6.736    497|840|1260|1757|2253|2547|2678|2326|1567|574| 547|1591|2326|2648|2554|2254|1762|1248|827|503|
6.737    511|822|1282|1802|2279|2544|2622|2338|1596|539| 564|1619|2298|2621|2587|2304|1779|1288|827|488|
6.738    504|833|1262|1716|2273|2603|2642|2286|1590|563| 576|1641|2279|2665|2626|2256|1771|1246|836|504|
6.739    514|808|1268|1811|2278|2575|2636|2307|1596|565| 583|1626|2336|2707|2597|2273|1742|1279|872|519|
6.740    499|843|1269|1771|2229|2560|2660|2342|1603|570| 594|1606|2318|2667|2539|2216|1755|1246|817|512|
6.741    512|833|1256|1749|2243|2600|2661|2365|1575|564| 559|1597|2350|2666|2565|2264|1793|1249|846|512|
6.742    523|829|1264|1776|2296|2590|2633|2292|1600|571| 584|1614|2331|2687|2600|2213|1784|1273|847|505|
6.743    494|833|1279|1759|2258|2584|2649|2339|1602|570| 557|1579|2319|2663|2623|2242|1794|1322|866|493|
6.744    510|856|1266|1783|2308|2621|2687|2320|1589|585| 576|1597|2368|2660|2579|2280|1812|1275|842|498|
6.745    517|837|1293|1798|2327|2633|2672|2299|1599|586| 560|1615|2357|2674|2584|2283|1782|1302|860|494|
6.746    518|857|1284|1817|2240|2674|2690|2386|1616|575| 580|1632|2353|2672|2653|2309|1767|1271|831|506|
6.747    525|857|1274|1812|2292|2606|2675|2351|1618|557| 595|1615|2380|2673|2636|2330|1785|1312|883|533|
6.748    518|858|1289|1833|2299|2617|2686|2385|1655|566| 588|1640|2319|2648|2692|2292|1834|1293|847|515|
6.749    527|827|1299|1836|2304|2646|2696|2341|1629|582| 585|1639|2372|2693|2612|2319|1755|1256|843|535|
6.750    533|857|1265|1819|2287|2610|2699|2375|1633|578| 572|1652|2395|2739|2603|2334|1793|1318|867|542|
6.751    521|853|1297|1841|2289|2639|2711|2368|1638|575| 570|1588|2350|2730|2670|2255|1809|1306|845|546|
6.752    514|842|1311|1839|2286|2662|2726|2361|1657|575| 592|1646|2387|2738|2621|2329|1821|1304|871|520|
6.753    517|832|1302|1835|2280|2656|2710|2380|1593|590| 600|1627|2392|2707|2655|2331|1790|1287|840|505|
6.754    527|849|1358|1871|2321|2623|2732|2404|1660|585| 597|1661|2365|2685|2673|2321|1853|1313|865|516|
6.755    534|867|1284|1828|2347|2686|2748|2392|1626|589| 573|1647|2401|2771|2728|2319|1838|1303|870|506|
6.756    544|878|1309|1837|2337|2748|2695|2385|1629|585| 578|1628|2425|2747|2684|2323|1829|1303|884|529|
6.757    524|880|1350|1871|2338|2725|2702|2375|1648|592| 612|1650|2425|2720|2696|2314|1834|1333|845|528|
6.758    565|873|1270|1848|2365|2614|2736|2379|1662|590| 600|1680|2399|2770|2695|2321|1823|1321|859|533|
6.759    530|876|1295|1834|2349|2690|2765|2414|1654|615| 582|1666|2344|2746|2700|2374|1839|1324|904|534|
6.760    556|865|1328|1837|2329|2667|2782|2468|1651|605| 571|1663|2454|2781|2698|2358|1849|1355|882|536|
6.761    509|853|1341|1884|2340|2692|2795|2465|1684|611| 587|1691|2405|2775|2721|2392|1850|1312|870|532|
6.762    515|894|1337|1910|2353|2737|2805|2427|1710|587| 604|1673|2437|2776|2728|2333|1851|1340|879|543|
6.763    545|886|1301|1884|2364|2710|2777|2406|1707|594| 595|1662|2467|2751|2700|2350|1873|1333|862|528|
6.764    534|880|1371|1882|2378|2676|2754|2424|1639|628| 608|1673|2465|2774|2704|2338|1858|1348|875|542|
6.765    537|888|1336|1844|2361|2774|2808|2426|1671|607| 610|1656|2450|2788|2778|2422|1876|1350|899|557|
6.766    540|887|1339|1883|2403|2720|2803|2480|1686|595| 604|1695|2451|2776|2740|2386|1900|1334|880|550|
6.767    553|886|1375|1879|2355|2750|2805|2444|1679|614| 611|1695|2433|2807|2725|2381|1895|1329|881|525|
6.768    525|889|1349|1913|2386|2713|2777|2463|1686|597| 602|1707|2415|2836|2775|2363|1877|1388|890|537|
6.769    545|902|1341|1876|2422|2804|2816|2391|1663|626| 607|1712|2490|2827|2781|2422|1907|1379|890|518|
6.770    526|881|1395|1874|2452|2753|2840|2473|1690|593| 617|1670|2432|2823|2744|2362|1895|1365|881|520|
6.771    556|911|1339|1913|2429|2766|2846|2468|1679|623| 570|1694|2435|2832|2787|2376|1871|1375|912|532|
6.772    547|899|1364|1944|2434|2799|2853|2470|1755|615| 593|1718|2442|2847|2779|2418|1919|1376|884|554|
6.773    569|912|1351|1898|2416|2739|2822|2496|1667|629| 600|1745|2548|2852|2756|2422|1884|1367|866|548|
6.774    535|900|1387|1943|2407|2746|2810|2530|1718|621| 592|1704|2503|2872|2886|2401|1918|1336|893|538|
6.775    550|893|1411|1917|2451|2770|2881|2480|1694|615| 616|1712|2509|2824|2765|2474|1897|1384|912|553|
6.776    533|900|1379|1900|2446|2785|2857|2574|1721|615| 633|1703|2503|2817|2758|2430|1928|1394|896|556|
6.776    553|869|1388|1930|2471|2849|2877|2475|1713|593| 602|1721|2491|2870|2763|2427|1943|1369|908|559|
6.777    536|888|1379|1941|2451|2798|2900|2547|1719|581| 611|1668|2515|2852|2854|2431|1910|1366|933|550|
6.778    549|918|1363|1934|2479|2828|2837|2519|1733|617| 602|1743|2534|2929|2787|2397|1983|1362|909|544|
6.779    537|911|1395|1898|2461|2827|2876|2527|1709|624| 615|1748|2479|2820|2823|2444|1912|1383|896|542|
6.780    547|916|1375|1897|2467|2862|2873|2568|1742|623| 599|1769|2514|2890|2817|2509|1952|1348|894|563|
6.781    555|922|1402|1939|2484|2861|2840|2491|1727|599| 599|1732|2526|2888|2863|2457|1929|1395|907|571|
6.782    563|943|1391|1931|2517|2814|2917|2554|1761|601| 631|1709|2540|2891|2851|2435|1927|1406|919|553|
6.783    551|903|1406|2009|2481|2826|2899|2523|1742|625| 616|1750|2558|2876|2816|2424|1946|1469|928|564|
6.784    556|947|1419|1911|2455|2841|2875|2599|1726|631| 615|1710|2569|2885|2874|2496|1948|1451|914|537|
6.785    564|949|1415|1969|2509|2838|2908|2616|1761|630| 630|1786|2589|2903|2901|2482|1940|1400|923|532|
6.786    543|915|1407|1988|2516|2878|2893|2568|1765|628| 633|1772|2522|2898|2890|2494|1951|1413|927|549|
6.787    549|953|1439|2002|2520|2858|2881|2585|1753|616| 648|1752|2561|2922|2865|2478|1969|1402|937|553|
6.788    557|923|1377|1992|2497|2814|2937|2604|1723|639| 619|1773|2539|2948|2802|2488|1969|1431|941|552|
6.789    585|914|1406|1919|2530|2874|2977|2596|1782|633| 595|1798|2585|2945|2858|2472|1958|1400|950|565|
6.790    584|909|1437|1961|2488|2819|2942|2639|1787|635| 624|1781|2579|2945|2854|2498|1968|1389|926|545|
6.791    576|925|1404|1974|2530|2916|2944|2560|1772|628| 636|1830|2510|2932|2872|2535|1932|1431|960|576|
6.792    599|927|1413|1937|2545|2843|2952|2597|1779|628| 629|1801|2548|2954|2862|2540|1961|1431|914|572|
6.793    571|967|1455|1995|2561|2885|3001|2570|1784|652| 636|1780|2572|3007|2923|2541|1978|1465|947|573|
6.794    552|943|1443|1991|2557|2905|2933|2594|1798|659| 623|1777|2637|2952|2951|2572|1984|1428|939|584|
6.795    572|961|1421|2010|2548|2861|2977|2577|1781|630| 654|1784|2617|2979|2894|2550|1951|1412|911|602|
6.796    568|942|1426|1943|2599|2952|2971|2561|1806|636| 664|1740|2616|2977|2902|2514|1998|1371|954|573|
6.797    587|966|1418|2009|2537|2943|2991|2561|1764|633| 623|1767|2652|3004|2904|2524|1993|1416|924|571|
6.798    566|937|1443|1973|2524|2923|3026|2585|1782|631| 632|1769|2599|2999|2942|2536|2058|1437|950|563|
6.799    577|959|1444|2027|2570|2940|2968|2632|1780|638| 627|1795|2592|2989|2925|2523|1991|1468|958|573|
6.800    581|960|1457|2008|2562|2976|2980|2619|1819|646| 642|1788|2606|2976|3002|2560|2011|1422|928|562|
6.801    606|952|1472|2010|2531|2942|3011|2597|1809|649| 643|1765|2629|2990|2937|2557|1979|1468|944|597|
6.802    561|986|1469|2012|2575|2894|3004|2626|1816|659| 632|1848|2623|2957|2940|2560|2014|1469|964|595|
6.803    595|946|1418|2016|2609|2938|3079|2621|1813|631| 660|1821|2666|3026|2955|2573|2000|1457|959|601|
6.804    571|977|1480|2021|2523|2971|3030|2694|1774|660| 645|1798|2662|2984|2932|2581|2010|1473|953|560|
6.805    586|967|1442|2076|2549|2963|2980|2639|1812|632| 619|1791|2628|3108|3008|2554|2010|1460|989|589|
6.806    574|973|1486|2044|2634|2957|3047|2626|1819|663| 657|1806|2639|3041|2948|2571|2019|1459|955|592|
6.807    573|954|1477|2020|2608|2936|3034|2698|1849|650| 650|1838|2618|3077|2981|2617|2044|1483|952|582|
6.808    571|967|1449|2041|2613|3019|3055|2637|1860|629| 648|1846|2651|3019|3002|2593|2049|1449|967|587|
6.809    579|949|1477|2045|2625|3053|3036|2637|1811|657| 661|1853|2675|3030|2968|2636|2009|1493|958|590|
6.810    612|957|1492|2055|2610|2998|3065|2679|1841|649| 634|1853|2718|3095|2998|2584|2129|1476|984|590|
6.811    594|948|1492|2109|2624|2974|3071|2715|1807|660| 657|1849|2652|3089|3028|2624|2061|1475|981|578|
6.812    589|968|1479|2083|2624|3036|3044|2646|1858|657| 649|1829|2670|3076|3017|2627|2080|1507|979|609|
6.813    603|965|1464|2099|2604|2978|3113|2729|1800|681| 643|1826|2736|3064|3007|2560|2120|1526|994|596|
6.814    618|987|1493|2059|2650|3023|3029|2709|1888|656| 660|1856|2702|3032|3021|2582|2104|1486|954|604|
6.815    576|949|1507|2051|2615|3028|3083|2714|1840|672| 669|1840|2713|3096|3026|2649|2071|1500|967|596|
6.816    595|995|1500|2069|2613|3061|3093|2719|1815|665| 666|1870|2693|3047|3015|2640|2072|1496|994|617|
6.817    611|929|1497|2033|2659|3018|3124|2739|1888|663| 651|1874|2690|3057|3029|2621|2108|1508|985|617|
6.818    592|998|1497|2125|2650|3052|3106|2713|1862|660| 641|1897|2694|3062|3029|2626|2070|1512|1023|606|
6.819    611|1010|1525|2099|2692|3052|3137|2720|1865|623| 676|1846|2738|3130|3027|2637|2110|1510|979|598|
6.820    602|988|1460|2124|2673|3021|3103|2750|1869|680| 640|1884|2719|3168|3038|2681|2062|1488|977|607|
6.821    614|1004|1523|2074|2643|3059|3100|2743|1908|705| 676|1894|2701|3116|3051|2658|2153|1527|979|611|
6.822    615|1030|1486|2099|2625|3020|3167|2738|1920|672| 658|1897|2743|3080|3074|2674|2130|1531|1012|584|
6.823    614|1016|1530|2163|2696|2983|3159|2733|1857|678| 682|1880|2702|3175|3102|2675|2140|1514|984|611|
6.824    608|991|1517|2114|2697|3072|3149|2776|1927|685| 664|1880|2709|3127|3097|2700|2094|1536|1012|612|
6.825    609|1022|1542|2135|2684|3090|3127|2775|1904|677| 670|1869|2787|3136|3131|2727|2118|1534|985|615|
6.826    622|1036|1491|2133|2685|3100|3142|2704|1895|667| 674|1874|2800|3193|3123|2705|2154|1549|1041|626|
6.827    633|1013|1521|2120|2672|3094|3162|2763|1902|647| 685|1903|2798|3152|3113|2704|2143|1502|1023|600|
6.828    615|981|1518|2130|2709|3109|3154|2757|1914|669| 671|1913|2786|3152|3094|2741|2158|1539|1050|628|
6.829    607|1028|1489|2106|2704|3101|3174|2737|1976|674| 683|1902|2783|3162|3129|2709|2128|1543|1009|622|
6.830    600|1018|1548|2110|2702|3146|3185|2782|1935|706| 696|1904|2760|3159|3076|2736|2119|1518|1019|615|
6.831    623|1009|1532|2193|2743|3153|3228|2822|1922|678| 683|1900|2818|3190|3182|2752|2125|1514|1024|609|
6.832    623|1045|1563|2117|2746|3114|3203|2814|1897|688| 686|1906|2773|3210|3100|2762|2143|1558|1026|624|
6.833    618|985|1545|2167|2740|3145|3229|2783|1958|688| 729|1910|2778|3226|3169|2707|2172|1568|999|616|
6.834    616|1021|1560|2168|2758|3118|3209|2800|1936|705| 678|1961|2828|3216|3123|2680|2145|1553|1018|624|
6.835    630|1012|1585|2136|2777|3189|3211|2839|1935|689| 701|1935|2840|3212|3136|2811|2197|1551|1046|626|
6.836    639|1049|1570|2219|2764|3179|3250|2829|1945|684| 677|1926|2804|3274|3185|2769|2171|1578|1040|630|
6.837    654|1015|1567|2189|2749|3139|3269|2824|1916|700| 680|1935|2824|3206|3173|2773|2169|1539|1017|621|
6.838    634|1025|1574|2179|2770|3198|3235|2842|1933|679| 732|1922|2824|3241|3168|2781|2180|1580|1025|614|
6.839    642|1028|1542|2190|2716|3148|3220|2911|1907|720| 692|1954|2810|3244|3210|2758|2175|1558|1021|625|
6.840    639|1044|1559|2215|2736|3196|3263|2828|1960|695| 689|1970|2827|3252|3159|2767|2154|1586|1030|643|
6.841    656|1080|1571|2245|2737|3192|3213|2842|1974|692| 692|1939|2787|3256|3188|2774|2204|1598|1082|620|
6.842    642|1019|1576|2194|2803|3169|3236|2856|1951|727| 677|1977|2831|3290|3209|2766|2173|1566|1032|625|
6.843    621|1042|1581|2214|2760|3238|3272|2865|1958|728| 694|1974|2856|3234|3230|2799|2187|1588|1054|645|
6.844    637|1061|1579|2181|2802|3171|3329|2837|1970|698| 694|1936|2858|3239|3235|2809|2213|1582|1062|650|
6.845    613|1027|1584|2197|2851|3188|3245|2863|1966|717| 703|2017|2845|3222|3214|2804|2170|1600|1042|652|
6.846    639|1015|1616|2200|2798|3291|3330|2823|1968|709| 700|1961|2907|3260|3264|2800|2215|1589|1053|635|
6.847    617|1057|1580|2273|2821|3188|3290|2926|1949|715| 682|2006|2886|3320|3252|2795|2171|1592|1077|629|
6.848    646|1063|1579|2242|2849|3258|3312|2914|1970|695| 703|1976|2893|3333|3260|2844|2202|1584|1053|629|
6.849    641|1058|1600|2237|2832|3294|3238|2891|1995|722| 730|1976|2883|3301|3228|2789|2226|1601|1061|624|
6.850    624|1059|1608|2215|2869|3263|3293|2849|2024|711| 710|1949|2919|3333|3234|2821|2220|1623|1044|655|
6.851    683|1071|1609|2249|2893|3272|3337|2876|1973|719| 712|2026|2934|3308|3275|2886|2249|1602|1078|642|
6.852    645|1053|1603|2250|2903|3221|3360|2921|2018|705| 735|2009|2953|3301|3247|2810|2236|1587|1017|640|
6.853    646|1098|1621|2285|2846|3276|3377|2910|2025|704| 698|2014|2852|3337|3277|2860|2207|1596|1071|660|
6.854    645|1061|1618|2228|2835|3377|3307|2929|1992|713| 711|2032|2947|3347|3242|2822|2245|1582|1060|652|
6.855    666|1092|1632|2254|2887|3277|3302|2906|2038|729| 705|1966|2912|3285|3269|2859|2236|1602|1062|663|
6.856    654|1123|1618|2297|2909|3342|3363|2899|1961|725| 726|1996|2922|3348|3277|2915|2265|1621|1073|649|
6.857    640|1090|1650|2302|2871|3326|3362|2933|2036|708| 716|2023|2928|3411|3283|2885|2213|1642|1058|655|
6.858    657|1060|1655|2276|2896|3299|3377|2968|1983|736| 746|1989|2930|3384|3340|2890|2255|1651|1085|659|
6.858    638|1050|1621|2279|2899|3339|3406|2931|2004|721| 706|2014|2953|3323|3325|2813|2273|1616|1062|663|
6.859    652|1104|1673|2299|2884|3293|3408|2905|2021|718| 722|2031|2966|3422|3327|2879|2284|1629|1098|686|
6.860    658|1071|1643|2298|2932|3287|3389|2963|2062|710| 733|2012|2945|3436|3329|2867|2271|1638|1104|656|
6.861    632|1090|1651|2268|2926|3267|3376|2969|2035|730| 734|2067|2987|3371|3336|2946|2234|1648|1132|679|
6.862    659|1095|1652|2279|2878|3301|3392|3000|1983|704| 737|2027|3009|3377|3427|2936|2286|1678|1079|657|
6.863    688|1087|1654|2299|2918|3326|3432|2990|2089|728| 733|2050|2980|3375|3295|2940|2288|1676|1105|659|
6.864    631|1115|1648|2317|2924|3332|3451|2977|2033|748| 721|2053|2988|3398|3344|2913|2287|1635|1115|655|
6.865    652|1105|1624|2273|2916|3377|3430|3002|2063|738| 739|2090|2956|3425|3389|2891|2286|1694|1105|691|
6.866    677|1084|1698|2340|2932|3383|3466|2969|2044|730| 756|2046|2974|3417|3414|2960|2286|1653|1105|669|
6.867    700|1086|1692|2309|2962|3347|3434|3013|2036|726| 723|2042|3038|3489|3364|2951|2303|1697|1066|679|
6.868    670|1088|1670|2330|2890|3375|3441|3034|2058|734| 700|2085|3003|3468|3377|2909|2324|1697|1102|648|
6.869    677|1111|1679|2302|2949|3448|3473|3002|2069|757| 735|2053|3058|3439|3337|2978|2328|1704|1120|668|
6.870    676|1125|1666|2302|2943|3394|3424|3062|2083|734| 741|2077|3015|3423|3411|2925|2345|1697|1085|682|
6.871    691|1101|1661|2360|2957|3373|3387|3122|2087|749| 714|2101|3077|3464|3401|2962|2328|1671|1106|675|
6.872    649|1124|1689|2381|2963|3419|3467|3033|2065|726| 746|2074|3033|3506|3406|2958|2357|1696|1107|698|
6.873    678|1121|1674|2350|3001|3456|3524|3019|2094|745| 740|2056|3076|3389|3434|3009|2364|1676|1117|650|
6.874    675|1092|1708|2371|2966|3442|3465|3004|2117|730| 742|2096|3010|3460|3436|3024|2363|1723|1140|668|
6.875    688|1138|1686|2368|2997|3404|3517|3022|2110|746| 747|2067|3061|3483|3406|3011|2360|1680|1142|676|
6.876    691|1126|1666|2363|2964|3468|3509|3106|2078|734| 746|2083|3074|3482|3431|2978|2346|1701|1127|690|
6.877    674|1125|1698|2421|3018|3424|3479|3047|2067|737| 759|2072|3046|3474|3398|3029|2391|1699|1130|683|
6.878    703|1141|1720|2400|2962|3396|3528|3044|2118|759| 760|2061|3011|3588|3429|3028|2401|1766|1108|684|
6.879    685|1111|1711|2384|3025|3447|3500|3088|2105|749| 760|2122|3105|3491|3457|2998|2463|1688|1103|666|
6.880    702|1149|1707|2384|2971|3503|3565|3060|2113|750| 746|2125|3059|3520|3444|2995|2352|1736|1148|672|
6.881    695|1150|1717|2385|3044|3482|3586|3124|2144|765| 766|2139|3075|3494|3432|3045|2353|1730|1117|696|
6.882    686|1127|1725|2370|3017|3480|3515|3120|2151|751| 771|2164|3071|3519|3471|3007|2347|1704|1131|705|
6.883    695|1135|1703|2427|3014|3534|3503|3125|2148|766| 742|2181|3072|3575|3477|3030|2382|1719|1112|708|
6.884    735|1133|1723|2373|2988|3493|3575|3142|2084|750| 754|2154|3137|3540|3502|3059|2416|1762|1155|690|
6.885    697|1141|1747|2391|3037|3499|3568|3156|2120|784| 765|2145|3102|3523|3539|3069|2367|1722|1133|663|
6.886    697|1138|1741|2417|3088|3505|3564|3111|2137|756| 772|2178|3104|3598|3446|3069|2452|1729|1123|700|
6.887    692|1135|1743|2417|3058|3471|3607|3123|2125|777| 754|2112|3143|3602|3492|3110|2442|1740|1185|694|
6.888    685|1157|1739|2395|3019|3550|3603|3132|2153|747| 748|2164|3096|3597|3483|3096|2435|1747|1145|715|
6.889    700|1160|1749|2427|3101|3530|3608|3156|2188|786| 757|2190|3107|3570|3554|3056|2437|1723|1150|705|
6.890    726|1126|1770|2438|3089|3597|3651|3168|2152|740| 785|2181|3130|3607|3504|3133|2431|1706|1148|690|
6.891    726|1171|1784|2450|3026|3542|3597|3204|2163|764| 789|2165|3159|3629|3513|3048|2444|1759|1172|721|
6.892    710|1182|1746|2465|3060|3554|3662|3137|2147|766| 788|2201|3128|3613|3534|3073|2441|1774|1149|670|
6.893    703|1136|1751|2430|3028|3538|3610|3146|2138|771| 761|2214|3110|3640|3538|3085|2421|1744|1174|701|
6.894    724|1215|1770|2453|3075|3573|3638|3231|2168|790| 752|2225|3166|3641|3555|3154|2439|1772|1187|689|
6.895    683|1165|1810|2475|3059|3603|3630|3116|2183|765| 772|2191|3132|3628|3608|3097|2479|1786|1148|722|
6.896    703|1187|1778|2432|3161|3561|3616|3156|2169|750| 792|2195|3166|3644|3521|3099|2468|1771|1162|692|
6.897    715|1198|1780|2448|3116|3590|3696|3185|2225|754| 765|2212|3153|3691|3617|3095|2469|1808|1150|729|
6.898    720|1184|1790|2467|3125|3584|3710|3195|2171|774| 790|2195|3234|3692|3623|3170|2465|1832|1186|709|
6.899    744|1158|1808|2453|3104|3609|3641|3207|2237|769| 799|2228|3153|3673|3536|3169|2512|1780|1158|730|
6.900    714|1154|1797|2506|3194|3572|3648|3247|2180|770| 795|2189|3197|3674|3549|3123|2528|1834|1155|693|
6.901    736|1200|1805|2464|3173|3626|3638|3210|2211|772| 790|2224|3207|3631|3614|3167|2506|1805|1198|698|
6.902    728|1187|1792|2467|3092|3698|3686|3270|2265|800| 773|2233|3240|3667|3619|3160|2491|1763|1186|721|
6.903    695|1189|1808|2473|3220|3660|3663|3183|2191|777| 790|2219|3160|3681|3648|3167|2474|1784|1161|707|
6.904    710|1185|1767|2475|3151|3680|3729|3188|2193|773| 818|2236|3192|3700|3599|3223|2519|1794|1186|754|
6.905    733|1168|1823|2503|3182|3616|3705|3245|2199|785| 767|2220|3242|3730|3634|3184|2478|1773|1188|723|
6.906    730|1180|1800|2522|3183|3687|3687|3239|2223|811| 773|2191|3225|3745|3615|3175|2494|1806|1182|740|
6.907    728|1224|1824|2525|3202|3607|3722|3272|2227|785| 778|2227|3218|3759|3670|3208|2517|1803|1155|716|
6.908    736|1201|1817|2454|3237|3669|3698|3233|2250|798| 808|2232|3295|3714|3653|3199|2522|1804|1206|697|
6.909    720|1217|1798|2503|3158|3658|3701|3272|2264|779| 797|2242|3272|3727|3638|3235|2489|1833|1168|705|
6.910    733|1199|1850|2545|3255|3645|3720|3264|2236|800| 781|2256|3278|3737|3580|3229|2559|1832|1221|735|
6.911    746|1220|1847|2576|3224|3745|3699|3255|2238|785| 819|2247|3292|3721|3776|3166|2561|1861|1227|715|
6.912    753|1199|1815|2528|3227|3656|3739|3280|2262|816| 803|2242|3281|3740|3646|3195|2504|1838|1239|748|
6.913    750|1213|1831|2545|3196|3724|3781|3244|2220|791| 822|2281|3323|3674|3724|3247|2538|1835|1218|733|
6.914    728|1185|1772|2557|3230|3717|3782|3317|2263|816| 809|2213|3270|3749|3703|3273|2594|1849|1243|758|
6.915    741|1219|1825|2556|3216|3692|3731|3297|2243|804| 822|2262|3300|3800|3655|3286|2585|1864|1243|717|
6.916    720|1204|1867|2576|3288|3721|3810|3275|2231|814| 831|2323|3356|3816|3653|3256|2587|1831|1219|755|
Total Number of Levels = 23932110
Realization 0
    0 / 30000
    0 / 30000
Saving Progress
    10 / 30000
Saving Progress
    20 / 30000
Saving Progress
    30 / 30000
Saving Progress
    40 / 30000
Saving Progress
    50 / 30000
Saving Progress
    60 / 30000
    60 / 30000
Saving Progress
    70 / 30000
Saving Progress
    80 / 30000
Saving Progress
    90 / 30000
Saving Progress
    100 / 30000
Saving Progress
    110 / 30000
Saving Progress
    120 / 30000
    120 / 30000
Saving Progress
    130 / 30000
Saving Progress
    140 / 30000
Saving Progress
    150 / 30000
Saving Progress
    160 / 30000
Saving Progress
    170 / 30000
Saving Progress
    180 / 30000
    180 / 30000
Saving Progress
    190 / 30000
Saving Progress
    200 / 30000
Saving Progress
    210 / 30000
Saving Progress
    220 / 30000
Saving Progress
    230 / 30000
Saving Progress
    240 / 30000
    240 / 30000
Saving Progress
    250 / 30000
Saving Progress
    260 / 30000
Saving Progress
    270 / 30000
Saving Progress
    280 / 30000
Saving Progress
    290 / 30000
Saving Progress
    300 / 30000
    300 / 30000
Saving Progress
    310 / 30000
Saving Progress
    320 / 30000
Saving Progress
    330 / 30000
Saving Progress
    340 / 30000
Saving Progress
    350 / 30000
Saving Progress
    360 / 30000
    360 / 30000
Saving Progress
    370 / 30000
Saving Progress
    380 / 30000
Saving Progress
    390 / 30000
Saving Progress
    400 / 30000
Saving Progress
    410 / 30000
Saving Progress
    420 / 30000
    420 / 30000
Saving Progress
    430 / 30000
Saving Progress
    440 / 30000
Saving Progress
    450 / 30000
Saving Progress
    460 / 30000
Saving Progress
    470 / 30000
Saving Progress
    480 / 30000
    480 / 30000
Saving Progress
    490 / 30000
Saving Progress
    500 / 30000
Saving Progress
    510 / 30000
Saving Progress
    520 / 30000
Saving Progress
    530 / 30000
Saving Progress
    540 / 30000
    540 / 30000
Saving Progress
    550 / 30000
Saving Progress
    560 / 30000
Saving Progress
    570 / 30000
Saving Progress
    580 / 30000
Saving Progress
    590 / 30000
Saving Progress
    600 / 30000
    600 / 30000
Saving Progress
    610 / 30000
Saving Progress
    620 / 30000
Saving Progress
    630 / 30000
Saving Progress
    640 / 30000
Saving Progress
    650 / 30000
Saving Progress
    660 / 30000
    660 / 30000
Saving Progress
    670 / 30000
Saving Progress
    680 / 30000
Saving Progress
    690 / 30000
Saving Progress
    700 / 30000
Saving Progress
    710 / 30000
Saving Progress
    720 / 30000
    720 / 30000
Saving Progress
    730 / 30000
Saving Progress
    740 / 30000
Saving Progress
    750 / 30000
Saving Progress
    760 / 30000
Saving Progress
    770 / 30000
Saving Progress
    780 / 30000
    780 / 30000
Saving Progress
    790 / 30000
Saving Progress
    800 / 30000
Saving Progress
    810 / 30000
Saving Progress
    820 / 30000
Saving Progress
    830 / 30000
Saving Progress
    840 / 30000
    840 / 30000
Saving Progress
    850 / 30000
Saving Progress
    860 / 30000
Saving Progress
    870 / 30000
Saving Progress
    880 / 30000
Saving Progress
    890 / 30000
Saving Progress
    900 / 30000
    900 / 30000
Saving Progress
    910 / 30000
Saving Progress
    920 / 30000
Saving Progress
    930 / 30000
Saving Progress
    940 / 30000
Saving Progress
    950 / 30000
Saving Progress
    960 / 30000
    960 / 30000
Saving Progress
    970 / 30000
Saving Progress
    980 / 30000
Saving Progress
    990 / 30000
Saving Progress
    1000 / 30000
Saving Progress
    1010 / 30000
Saving Progress
    1020 / 30000
    1020 / 30000
Saving Progress
    1030 / 30000
Saving Progress
    1040 / 30000
Saving Progress
    1050 / 30000
Saving Progress
    1060 / 30000
Saving Progress
    1070 / 30000
Saving Progress
    1080 / 30000
    1080 / 30000
Saving Progress
    1090 / 30000
Saving Progress
    1100 / 30000
Saving Progress
    1110 / 30000
Saving Progress
    1120 / 30000
Saving Progress
    1130 / 30000
Saving Progress
    1140 / 30000
    1140 / 30000
Saving Progress
    1150 / 30000
Saving Progress
    1160 / 30000
Saving Progress
    1170 / 30000
Saving Progress
    1180 / 30000
Saving Progress
    1190 / 30000
Saving Progress
    1200 / 30000
    1200 / 30000
Saving Progress
    1210 / 30000
Saving Progress
    1220 / 30000
Saving Progress
    1230 / 30000
Saving Progress
    1240 / 30000
Saving Progress
    1250 / 30000
Saving Progress
    1260 / 30000
    1260 / 30000
Saving Progress
    1270 / 30000
Saving Progress
    1280 / 30000
Saving Progress
    1290 / 30000
Saving Progress
    1300 / 30000
Saving Progress
    1310 / 30000
Saving Progress
    1320 / 30000
    1320 / 30000
Saving Progress
    1330 / 30000
Saving Progress
    1340 / 30000
Saving Progress
    1350 / 30000
Saving Progress
    1360 / 30000
Saving Progress
    1370 / 30000
Saving Progress
    1380 / 30000
    1380 / 30000
Saving Progress
    1390 / 30000
Saving Progress
    1400 / 30000
Saving Progress
    1410 / 30000
Saving Progress
    1420 / 30000
Saving Progress
    1430 / 30000
Saving Progress
    1440 / 30000
    1440 / 30000
Saving Progress
    1450 / 30000
Saving Progress
    1460 / 30000
Saving Progress
    1470 / 30000
Saving Progress
    1480 / 30000
Saving Progress
    1490 / 30000
Saving Progress
    1500 / 30000
    1500 / 30000
Saving Progress
    1510 / 30000
Saving Progress
    1520 / 30000
Saving Progress
    1530 / 30000
Saving Progress
    1540 / 30000
Saving Progress
    1550 / 30000
Saving Progress
    1560 / 30000
    1560 / 30000
Saving Progress
    1570 / 30000
Saving Progress
    1580 / 30000
Saving Progress
    1590 / 30000
Saving Progress
    1600 / 30000
Saving Progress
    1610 / 30000
Saving Progress
    1620 / 30000
    1620 / 30000
Saving Progress
    1630 / 30000
Saving Progress
    1640 / 30000
Saving Progress
    1650 / 30000
Saving Progress
    1660 / 30000
Saving Progress
    1670 / 30000
Saving Progress
    1680 / 30000
    1680 / 30000
Saving Progress
    1690 / 30000
Saving Progress
    1700 / 30000
Saving Progress
    1710 / 30000
Saving Progress
    1720 / 30000
Saving Progress
    1730 / 30000
Saving Progress
    1740 / 30000
    1740 / 30000
Saving Progress
    1750 / 30000
Saving Progress
    1760 / 30000
Saving Progress
    1770 / 30000
Saving Progress
    1780 / 30000
Saving Progress
    1790 / 30000
Saving Progress
    1800 / 30000
    1800 / 30000
Saving Progress
    1810 / 30000
Saving Progress
    1820 / 30000
Saving Progress
    1830 / 30000
Saving Progress
    1840 / 30000
Saving Progress
    1850 / 30000
Saving Progress
    1860 / 30000
    1860 / 30000
Saving Progress
    1870 / 30000
Saving Progress
    1880 / 30000
Saving Progress
    1890 / 30000
Saving Progress
    1900 / 30000
Saving Progress
    1910 / 30000
Saving Progress
    1920 / 30000
    1920 / 30000
Saving Progress
    1930 / 30000
Saving Progress
    1940 / 30000
Saving Progress
    1950 / 30000
Saving Progress
    1960 / 30000
Saving Progress
    1970 / 30000
Saving Progress
    1980 / 30000
    1980 / 30000
Saving Progress
    1990 / 30000
Saving Progress
    2000 / 30000
Saving Progress
    2010 / 30000
Saving Progress
    2020 / 30000
Saving Progress
    2030 / 30000
Saving Progress
    2040 / 30000
    2040 / 30000
Saving Progress
    2050 / 30000
Saving Progress
    2060 / 30000
Saving Progress
    2070 / 30000
Saving Progress
    2080 / 30000
Saving Progress
    2090 / 30000
Saving Progress
    2100 / 30000
    2100 / 30000
Saving Progress
    2110 / 30000
Saving Progress
    2120 / 30000
Saving Progress
    2130 / 30000
Saving Progress
    2140 / 30000
Saving Progress
    2150 / 30000
Saving Progress
    2160 / 30000
    2160 / 30000
Saving Progress
    2170 / 30000
Saving Progress
    2180 / 30000
Saving Progress
    2190 / 30000
Saving Progress
    2200 / 30000
Saving Progress
    2210 / 30000
Saving Progress
    2220 / 30000
    2220 / 30000
Saving Progress
    2230 / 30000
Saving Progress
    2240 / 30000
Saving Progress
    2250 / 30000
Saving Progress
    2260 / 30000
Saving Progress
    2270 / 30000
Saving Progress
    2280 / 30000
    2280 / 30000
Saving Progress
    2290 / 30000
Saving Progress
    2300 / 30000
Saving Progress
    2310 / 30000
Saving Progress
    2320 / 30000
Saving Progress
    2330 / 30000
Saving Progress
    2340 / 30000
    2340 / 30000
Saving Progress
    2350 / 30000
Saving Progress
    2360 / 30000
Saving Progress
    2370 / 30000
Saving Progress
    2380 / 30000
Saving Progress
    2390 / 30000
Saving Progress
    2400 / 30000
    2400 / 30000
Saving Progress
    2410 / 30000
Saving Progress
    2420 / 30000
Saving Progress
    2430 / 30000
Saving Progress
    2440 / 30000
Saving Progress
    2450 / 30000
Saving Progress
    2460 / 30000
    2460 / 30000
Saving Progress
    2470 / 30000
Saving Progress
    2480 / 30000
Saving Progress
    2490 / 30000
Saving Progress
    2500 / 30000
Saving Progress
    2510 / 30000
Saving Progress
    2520 / 30000
    2520 / 30000
Saving Progress
    2530 / 30000
Saving Progress
    2540 / 30000
Saving Progress
    2550 / 30000
Saving Progress
    2560 / 30000
Saving Progress
    2570 / 30000
Saving Progress
    2580 / 30000
    2580 / 30000
Saving Progress
    2590 / 30000
Saving Progress
    2600 / 30000
Saving Progress
    2610 / 30000
Saving Progress
    2620 / 30000
Saving Progress
    2630 / 30000
Saving Progress
    2640 / 30000
    2640 / 30000
Saving Progress
    2650 / 30000
Saving Progress
    2660 / 30000
Saving Progress
    2670 / 30000
Saving Progress
    2680 / 30000
Saving Progress
    2690 / 30000
Saving Progress
    2700 / 30000
    2700 / 30000
Saving Progress
    2710 / 30000
Saving Progress
    2720 / 30000
Saving Progress
    2730 / 30000
Saving Progress
    2740 / 30000
Saving Progress
    2750 / 30000
Saving Progress
    2760 / 30000
    2760 / 30000
Saving Progress
    2770 / 30000
Saving Progress
    2780 / 30000
Saving Progress
    2790 / 30000
Saving Progress
    2800 / 30000
Saving Progress
    2810 / 30000
Saving Progress
    2820 / 30000
    2820 / 30000
Saving Progress
    2830 / 30000
Saving Progress
    2840 / 30000
Saving Progress
    2850 / 30000
Saving Progress
    2860 / 30000
Saving Progress
    2870 / 30000
Saving Progress
    2880 / 30000
    2880 / 30000
Saving Progress
    2890 / 30000
Saving Progress
    2900 / 30000
Saving Progress
    2910 / 30000
Saving Progress
    2920 / 30000
Saving Progress
    2930 / 30000
Saving Progress
    2940 / 30000
    2940 / 30000
Saving Progress
    2950 / 30000
Saving Progress
    2960 / 30000
Saving Progress
    2970 / 30000
Saving Progress
    2980 / 30000
Saving Progress
    2990 / 30000
Saving Progress
    3000 / 30000
    3000 / 30000
Saving Progress
    3010 / 30000
Saving Progress
    3020 / 30000
Saving Progress
    3030 / 30000
Saving Progress
    3040 / 30000
Saving Progress
    3050 / 30000
Saving Progress
    3060 / 30000
    3060 / 30000
Saving Progress
    3070 / 30000
Saving Progress
    3080 / 30000
Saving Progress
    3090 / 30000
Saving Progress
    3100 / 30000
Saving Progress
    3110 / 30000
Saving Progress
    3120 / 30000
    3120 / 30000
Saving Progress
    3130 / 30000
Saving Progress
    3140 / 30000
Saving Progress
    3150 / 30000
Saving Progress
    3160 / 30000
Saving Progress
    3170 / 30000
Saving Progress
    3180 / 30000
    3180 / 30000
Saving Progress
    3190 / 30000
Saving Progress
    3200 / 30000
Saving Progress
    3210 / 30000
Saving Progress
    3220 / 30000
Saving Progress
    3230 / 30000
Saving Progress
    3240 / 30000
    3240 / 30000
Saving Progress
    3250 / 30000
Saving Progress
    3260 / 30000
Saving Progress
    3270 / 30000
Saving Progress
    3280 / 30000
Saving Progress
    3290 / 30000
Saving Progress
    3300 / 30000
    3300 / 30000
Saving Progress
    3310 / 30000
Saving Progress
    3320 / 30000
Saving Progress
    3330 / 30000
Saving Progress
    3340 / 30000
Saving Progress
    3350 / 30000
Saving Progress
    3360 / 30000
    3360 / 30000
Saving Progress
    3370 / 30000
Saving Progress
    3380 / 30000
Saving Progress
    3390 / 30000
Saving Progress
    3400 / 30000
Saving Progress
    3410 / 30000
Saving Progress
    3420 / 30000
    3420 / 30000
Saving Progress
    3430 / 30000
Saving Progress
    3440 / 30000
Saving Progress
    3450 / 30000
Saving Progress
    3460 / 30000
Saving Progress
    3470 / 30000
Saving Progress
    3480 / 30000
    3480 / 30000
Saving Progress
    3490 / 30000
Saving Progress
    3500 / 30000
Saving Progress
    3510 / 30000
Saving Progress
    3520 / 30000
Saving Progress
    3530 / 30000
Saving Progress
    3540 / 30000
    3540 / 30000
Saving Progress
    3550 / 30000
Saving Progress
    3560 / 30000
Saving Progress
    3570 / 30000
Saving Progress
    3580 / 30000
Saving Progress
    3590 / 30000
Saving Progress
    3600 / 30000
    3600 / 30000
Saving Progress
    3610 / 30000
Saving Progress
    3620 / 30000
Saving Progress
    3630 / 30000
Saving Progress
    3640 / 30000
Saving Progress
    3650 / 30000
Saving Progress
    3660 / 30000
    3660 / 30000
Saving Progress
    3670 / 30000
Saving Progress
    3680 / 30000
Saving Progress
    3690 / 30000
Saving Progress
    3700 / 30000
Saving Progress
    3710 / 30000
Saving Progress
    3720 / 30000
    3720 / 30000
Saving Progress
    3730 / 30000
Saving Progress
    3740 / 30000
Saving Progress
    3750 / 30000
Saving Progress
    3760 / 30000
Saving Progress
    3770 / 30000
Saving Progress
    3780 / 30000
    3780 / 30000
Saving Progress
    3790 / 30000
Saving Progress
    3800 / 30000
Saving Progress
    3810 / 30000
Saving Progress
    3820 / 30000
Saving Progress
    3830 / 30000
Saving Progress
    3840 / 30000
    3840 / 30000
Saving Progress
    3850 / 30000
Saving Progress
    3860 / 30000
Saving Progress
    3870 / 30000
Saving Progress
    3880 / 30000
Saving Progress
    3890 / 30000
Saving Progress
    3900 / 30000
    3900 / 30000
Saving Progress
    3910 / 30000
Saving Progress
    3920 / 30000
Saving Progress
    3930 / 30000
Saving Progress
    3940 / 30000
Saving Progress
    3950 / 30000
Saving Progress
    3960 / 30000
    3960 / 30000
Saving Progress
    3970 / 30000
Saving Progress
    3980 / 30000
Saving Progress
    3990 / 30000
Saving Progress
    4000 / 30000
Saving Progress
    4010 / 30000
Saving Progress
    4020 / 30000
    4020 / 30000
Saving Progress
    4030 / 30000
Saving Progress
    4040 / 30000
Saving Progress
    4050 / 30000
Saving Progress
    4060 / 30000
Saving Progress
    4070 / 30000
Saving Progress
    4080 / 30000
    4080 / 30000
Saving Progress
    4090 / 30000
Saving Progress
    4100 / 30000
Saving Progress
    4110 / 30000
Saving Progress
    4120 / 30000
Saving Progress
    4130 / 30000
Saving Progress
    4140 / 30000
    4140 / 30000
Saving Progress
    4150 / 30000
Saving Progress
    4160 / 30000
Saving Progress
    4170 / 30000
Saving Progress
    4180 / 30000
Saving Progress
    4190 / 30000
Saving Progress
    4200 / 30000
    4200 / 30000
Saving Progress
    4210 / 30000
Saving Progress
    4220 / 30000
Saving Progress
    4230 / 30000
Saving Progress
    4240 / 30000
Saving Progress
    4250 / 30000
Saving Progress
    4260 / 30000
    4260 / 30000
Saving Progress
    4270 / 30000
Saving Progress
    4280 / 30000
Saving Progress
    4290 / 30000
Saving Progress
    4300 / 30000
Saving Progress
    4310 / 30000
Saving Progress
    4320 / 30000
    4320 / 30000
Saving Progress
    4330 / 30000
Saving Progress
    4340 / 30000
Saving Progress
    4350 / 30000
Saving Progress
    4360 / 30000
Saving Progress
    4370 / 30000
Saving Progress
    4380 / 30000
    4380 / 30000
Saving Progress
    4390 / 30000
Saving Progress
    4400 / 30000
Saving Progress
    4410 / 30000
Saving Progress
    4420 / 30000
Saving Progress
    4430 / 30000
Saving Progress
    4440 / 30000
    4440 / 30000
Saving Progress
    4450 / 30000
Saving Progress
    4460 / 30000
Saving Progress
    4470 / 30000
Saving Progress
    4480 / 30000
Saving Progress
    4490 / 30000
Saving Progress
    4500 / 30000
    4500 / 30000
Saving Progress
    4510 / 30000
Saving Progress
    4520 / 30000
Saving Progress
    4530 / 30000
Saving Progress
    4540 / 30000
Saving Progress
    4550 / 30000
Saving Progress
    4560 / 30000
    4560 / 30000
Saving Progress
    4570 / 30000
Saving Progress
    4580 / 30000
Saving Progress
    4590 / 30000
Saving Progress
    4600 / 30000
Saving Progress
    4610 / 30000
Saving Progress
    4620 / 30000
    4620 / 30000
Saving Progress
    4630 / 30000
Saving Progress
    4640 / 30000
Saving Progress
    4650 / 30000
Saving Progress
    4660 / 30000
Saving Progress
    4670 / 30000
Saving Progress
    4680 / 30000
    4680 / 30000
Saving Progress
    4690 / 30000
Saving Progress
    4700 / 30000
Saving Progress
    4710 / 30000
Saving Progress
    4720 / 30000
Saving Progress
    4730 / 30000
Saving Progress
    4740 / 30000
    4740 / 30000
Saving Progress
    4750 / 30000
Saving Progress
    4760 / 30000
Saving Progress
    4770 / 30000
Saving Progress
    4780 / 30000
Saving Progress
    4790 / 30000
Saving Progress
    4800 / 30000
    4800 / 30000
Saving Progress
    4810 / 30000
Saving Progress
    4820 / 30000
Saving Progress
    4830 / 30000
Saving Progress
    4840 / 30000
Saving Progress
    4850 / 30000
Saving Progress
    4860 / 30000
    4860 / 30000
Saving Progress
    4870 / 30000
Saving Progress
    4880 / 30000
Saving Progress
    4890 / 30000
Saving Progress
    4900 / 30000
Saving Progress
    4910 / 30000
Saving Progress
    4920 / 30000
    4920 / 30000
Saving Progress
    4930 / 30000
Saving Progress
    4940 / 30000
Saving Progress
    4950 / 30000
Saving Progress
    4960 / 30000
Saving Progress
    4970 / 30000
Saving Progress
    4980 / 30000
    4980 / 30000
Saving Progress
    4990 / 30000
Saving Progress
    5000 / 30000
Saving Progress
    5010 / 30000
Saving Progress
    5020 / 30000
Saving Progress
    5030 / 30000
Saving Progress
    5040 / 30000
    5040 / 30000
Saving Progress
    5050 / 30000
Saving Progress
    5060 / 30000
Saving Progress
    5070 / 30000
Saving Progress
    5080 / 30000
Saving Progress
    5090 / 30000
Saving Progress
    5100 / 30000
    5100 / 30000
Saving Progress
    5110 / 30000
Saving Progress
    5120 / 30000
Saving Progress
    5130 / 30000
Saving Progress
    5140 / 30000
Saving Progress
    5150 / 30000
Saving Progress
    5160 / 30000
    5160 / 30000
Saving Progress
    5170 / 30000
Saving Progress
    5180 / 30000
Saving Progress
    5190 / 30000
Saving Progress
    5200 / 30000
Saving Progress
    5210 / 30000
Saving Progress
    5220 / 30000
    5220 / 30000
Saving Progress
    5230 / 30000
Saving Progress
    5240 / 30000
Saving Progress
    5250 / 30000
Saving Progress
    5260 / 30000
Saving Progress
    5270 / 30000
Saving Progress
    5280 / 30000
    5280 / 30000
Saving Progress
    5290 / 30000
Saving Progress
    5300 / 30000
Saving Progress
    5310 / 30000
Saving Progress
    5320 / 30000
Saving Progress
    5330 / 30000
Saving Progress
    5340 / 30000
    5340 / 30000
Saving Progress
    5350 / 30000
Saving Progress
    5360 / 30000
Saving Progress
    5370 / 30000
Saving Progress
    5380 / 30000
Saving Progress
    5390 / 30000
Saving Progress
    5400 / 30000
    5400 / 30000
Saving Progress
    5410 / 30000
Saving Progress
    5420 / 30000
Saving Progress
    5430 / 30000
Saving Progress
    5440 / 30000
Saving Progress
    5450 / 30000
Saving Progress
    5460 / 30000
    5460 / 30000
Saving Progress
    5470 / 30000
Saving Progress
    5480 / 30000
Saving Progress
    5490 / 30000
Saving Progress
    5500 / 30000
Saving Progress
    5510 / 30000
Saving Progress
    5520 / 30000
    5520 / 30000
Saving Progress
    5530 / 30000
Saving Progress
    5540 / 30000
Saving Progress
    5550 / 30000
Saving Progress
    5560 / 30000
Saving Progress
    5570 / 30000
Saving Progress
    5580 / 30000
    5580 / 30000
Saving Progress
    5590 / 30000
Saving Progress
    5600 / 30000
Saving Progress
    5610 / 30000
Saving Progress
    5620 / 30000
Saving Progress
    5630 / 30000
Saving Progress
    5640 / 30000
    5640 / 30000
Saving Progress
    5650 / 30000
Saving Progress
    5660 / 30000
Saving Progress
    5670 / 30000
Saving Progress
    5680 / 30000
Saving Progress
    5690 / 30000
Saving Progress
    5700 / 30000
    5700 / 30000
Saving Progress
    5710 / 30000
Saving Progress
    5720 / 30000
Saving Progress
    5730 / 30000
Saving Progress
    5740 / 30000
Saving Progress
    5750 / 30000
Saving Progress
    5760 / 30000
    5760 / 30000
Saving Progress
    5770 / 30000
Saving Progress
    5780 / 30000
Saving Progress
    5790 / 30000
Saving Progress
    5800 / 30000
Saving Progress
    5810 / 30000
Saving Progress
    5820 / 30000
    5820 / 30000
Saving Progress
    5830 / 30000
Saving Progress
    5840 / 30000
Saving Progress
    5850 / 30000
Saving Progress
    5860 / 30000
Saving Progress
    5870 / 30000
Saving Progress
    5880 / 30000
    5880 / 30000
Saving Progress
    5890 / 30000
Saving Progress
    5900 / 30000
Saving Progress
    5910 / 30000
Saving Progress
    5920 / 30000
Saving Progress
    5930 / 30000
Saving Progress
    5940 / 30000
    5940 / 30000
Saving Progress
    5950 / 30000
Saving Progress
    5960 / 30000
Saving Progress
    5970 / 30000
Saving Progress
    5980 / 30000
Saving Progress
    5990 / 30000
Saving Progress
    6000 / 30000
    6000 / 30000
Saving Progress
    6010 / 30000
Saving Progress
    6020 / 30000
Saving Progress
    6030 / 30000
Saving Progress
    6040 / 30000
Saving Progress
    6050 / 30000
Saving Progress
    6060 / 30000
    6060 / 30000
Saving Progress
    6070 / 30000
Saving Progress
    6080 / 30000
Saving Progress
    6090 / 30000
Saving Progress
    6100 / 30000
Saving Progress
    6110 / 30000
Saving Progress
    6120 / 30000
    6120 / 30000
Saving Progress
    6130 / 30000
Saving Progress
    6140 / 30000
Saving Progress
    6150 / 30000
Saving Progress
    6160 / 30000
Saving Progress
    6170 / 30000
Saving Progress
    6180 / 30000
    6180 / 30000
Saving Progress
    6190 / 30000
Saving Progress
    6200 / 30000
Saving Progress
    6210 / 30000
Saving Progress
    6220 / 30000
Saving Progress
    6230 / 30000
Saving Progress
    6240 / 30000
    6240 / 30000
Saving Progress
    6250 / 30000
Saving Progress
    6260 / 30000
Saving Progress
    6270 / 30000
Saving Progress
    6280 / 30000
Saving Progress
    6290 / 30000
Saving Progress
    6300 / 30000
    6300 / 30000
Saving Progress
    6310 / 30000
Saving Progress
    6320 / 30000
Saving Progress
    6330 / 30000
Saving Progress
    6340 / 30000
Saving Progress
    6350 / 30000
Saving Progress
    6360 / 30000
    6360 / 30000
Saving Progress
    6370 / 30000
Saving Progress
    6380 / 30000
Saving Progress
    6390 / 30000
Saving Progress
    6400 / 30000
Saving Progress
    6410 / 30000
Saving Progress
    6420 / 30000
    6420 / 30000
Saving Progress
    6430 / 30000
Saving Progress
    6440 / 30000
Saving Progress
    6450 / 30000
Saving Progress
    6460 / 30000
Saving Progress
    6470 / 30000
Saving Progress
    6480 / 30000
    6480 / 30000
Saving Progress
    6490 / 30000
Saving Progress
    6500 / 30000
Saving Progress
    6510 / 30000
Saving Progress
    6520 / 30000
Saving Progress
    6530 / 30000
Saving Progress
    6540 / 30000
    6540 / 30000
Saving Progress
    6550 / 30000
Saving Progress
    6560 / 30000
Saving Progress
    6570 / 30000
Saving Progress
    6580 / 30000
Saving Progress
    6590 / 30000
Saving Progress
    6600 / 30000
    6600 / 30000
Saving Progress
    6610 / 30000
Saving Progress
    6620 / 30000
Saving Progress
    6630 / 30000
Saving Progress
    6640 / 30000
Saving Progress
    6650 / 30000
Saving Progress
    6660 / 30000
    6660 / 30000
Saving Progress
    6670 / 30000
Saving Progress
    6680 / 30000
Saving Progress
    6690 / 30000
Saving Progress
    6700 / 30000
Saving Progress
    6710 / 30000
Saving Progress
    6720 / 30000
    6720 / 30000
Saving Progress
    6730 / 30000
Saving Progress
    6740 / 30000
Saving Progress
    6750 / 30000
Saving Progress
    6760 / 30000
Saving Progress
    6770 / 30000
Saving Progress
    6780 / 30000
    6780 / 30000
Saving Progress
    6790 / 30000
Saving Progress
    6800 / 30000
Saving Progress
    6810 / 30000
Saving Progress
    6820 / 30000
Saving Progress
    6830 / 30000
Saving Progress
    6840 / 30000
    6840 / 30000
Saving Progress
    6850 / 30000
Saving Progress
    6860 / 30000
Saving Progress
    6870 / 30000
Saving Progress
    6880 / 30000
Saving Progress
    6890 / 30000
Saving Progress
    6900 / 30000
    6900 / 30000
Saving Progress
    6910 / 30000
Saving Progress
    6920 / 30000
Saving Progress
    6930 / 30000
Saving Progress
    6940 / 30000
Saving Progress
    6950 / 30000
Saving Progress
    6960 / 30000
    6960 / 30000
Saving Progress
    6970 / 30000
Saving Progress
    6980 / 30000
Saving Progress
    6990 / 30000
Saving Progress
    7000 / 30000
Saving Progress
    7010 / 30000
Saving Progress
    7020 / 30000
    7020 / 30000
Saving Progress
    7030 / 30000
Saving Progress
    7040 / 30000
Saving Progress
    7050 / 30000
Saving Progress
    7060 / 30000
Saving Progress
    7070 / 30000
Saving Progress
    7080 / 30000
    7080 / 30000
Saving Progress
    7090 / 30000
Saving Progress
    7100 / 30000
Saving Progress
    7110 / 30000
Saving Progress
    7120 / 30000
Saving Progress
    7130 / 30000
Saving Progress
    7140 / 30000
    7140 / 30000
Saving Progress
    7150 / 30000
Saving Progress
    7160 / 30000
Saving Progress
    7170 / 30000
Saving Progress
    7180 / 30000
Saving Progress
    7190 / 30000
Saving Progress
    7200 / 30000
    7200 / 30000
Saving Progress
    7210 / 30000
Saving Progress
    7220 / 30000
Saving Progress
    7230 / 30000
Saving Progress
    7240 / 30000
Saving Progress
    7250 / 30000
Saving Progress
    7260 / 30000
    7260 / 30000
Saving Progress
    7270 / 30000
Saving Progress
    7280 / 30000
Saving Progress
    7290 / 30000
Saving Progress
    7300 / 30000
Saving Progress
    7310 / 30000
Saving Progress
    7320 / 30000
    7320 / 30000
Saving Progress
    7330 / 30000
Saving Progress
    7340 / 30000
Saving Progress
    7350 / 30000
Saving Progress
    7360 / 30000
Saving Progress
    7370 / 30000
Saving Progress
    7380 / 30000
    7380 / 30000
Saving Progress
    7390 / 30000
Saving Progress
    7400 / 30000
Saving Progress
    7410 / 30000
Saving Progress
    7420 / 30000
Saving Progress
    7430 / 30000
Saving Progress
    7440 / 30000
    7440 / 30000
Saving Progress
    7450 / 30000
Saving Progress
    7460 / 30000
Saving Progress
    7470 / 30000
Saving Progress
    7480 / 30000
Saving Progress
    7490 / 30000
Saving Progress
    7500 / 30000
    7500 / 30000
Saving Progress
    7510 / 30000
Saving Progress
    7520 / 30000
Saving Progress
    7530 / 30000
Saving Progress
    7540 / 30000
Saving Progress
    7550 / 30000
Saving Progress
    7560 / 30000
    7560 / 30000
Saving Progress
    7570 / 30000
Saving Progress
    7580 / 30000
Saving Progress
    7590 / 30000
Saving Progress
    7600 / 30000
Saving Progress
    7610 / 30000
Saving Progress
    7620 / 30000
    7620 / 30000
Saving Progress
    7630 / 30000
Saving Progress
    7640 / 30000
Saving Progress
    7650 / 30000
Saving Progress
    7660 / 30000
Saving Progress
    7670 / 30000
Saving Progress
    7680 / 30000
    7680 / 30000
Saving Progress
    7690 / 30000
Saving Progress
    7700 / 30000
Saving Progress
    7710 / 30000
Saving Progress
    7720 / 30000
Saving Progress
    7730 / 30000
Saving Progress
    7740 / 30000
    7740 / 30000
Saving Progress
    7750 / 30000
Saving Progress
    7760 / 30000
Saving Progress
    7770 / 30000
Saving Progress
    7780 / 30000
Saving Progress
    7790 / 30000
Saving Progress
    7800 / 30000
    7800 / 30000
Saving Progress
    7810 / 30000
Saving Progress
    7820 / 30000
Saving Progress
    7830 / 30000
Saving Progress
    7840 / 30000
Saving Progress
    7850 / 30000
Saving Progress
    7860 / 30000
    7860 / 30000
Saving Progress
    7870 / 30000
Saving Progress
    7880 / 30000
Saving Progress
    7890 / 30000
Saving Progress
    7900 / 30000
Saving Progress
    7910 / 30000
Saving Progress
    7920 / 30000
    7920 / 30000
Saving Progress
    7930 / 30000
Saving Progress
    7940 / 30000
Saving Progress
    7950 / 30000
Saving Progress
    7960 / 30000
Saving Progress
    7970 / 30000
Saving Progress
    7980 / 30000
    7980 / 30000
Saving Progress
    7990 / 30000
Saving Progress
    8000 / 30000
Saving Progress
    8010 / 30000
Saving Progress
    8020 / 30000
Saving Progress
    8030 / 30000
Saving Progress
    8040 / 30000
    8040 / 30000
Saving Progress
    8050 / 30000
Saving Progress
    8060 / 30000
Saving Progress
    8070 / 30000
Saving Progress
    8080 / 30000
Saving Progress
    8090 / 30000
Saving Progress
    8100 / 30000
    8100 / 30000
Saving Progress
    8110 / 30000
Saving Progress
    8120 / 30000
Saving Progress
    8130 / 30000
Saving Progress
    8140 / 30000
Saving Progress
    8150 / 30000
Saving Progress
    8160 / 30000
    8160 / 30000
Saving Progress
    8170 / 30000
Saving Progress
    8180 / 30000
Saving Progress
    8190 / 30000
Saving Progress
    8200 / 30000
Saving Progress
    8210 / 30000
Saving Progress
    8220 / 30000
    8220 / 30000
Saving Progress
    8230 / 30000
Saving Progress
    8240 / 30000
Saving Progress
    8250 / 30000
Saving Progress
    8260 / 30000
Saving Progress
    8270 / 30000
Saving Progress
    8280 / 30000
    8280 / 30000
Saving Progress
    8290 / 30000
Saving Progress
    8300 / 30000
Saving Progress
    8310 / 30000
Saving Progress
    8320 / 30000
Saving Progress
    8330 / 30000
Saving Progress
    8340 / 30000
    8340 / 30000
Saving Progress
    8350 / 30000
Saving Progress
    8360 / 30000
Saving Progress
    8370 / 30000
Saving Progress
    8380 / 30000
Saving Progress
    8390 / 30000
Saving Progress
    8400 / 30000
    8400 / 30000
Saving Progress
    8410 / 30000
Saving Progress
    8420 / 30000
Saving Progress
    8430 / 30000
Saving Progress
    8440 / 30000
Saving Progress
    8450 / 30000
Saving Progress
    8460 / 30000
    8460 / 30000
Saving Progress
    8470 / 30000
Saving Progress
    8480 / 30000
Saving Progress
    8490 / 30000
Saving Progress
    8500 / 30000
Saving Progress
    8510 / 30000
Saving Progress
    8520 / 30000
    8520 / 30000
Saving Progress
    8530 / 30000
Saving Progress
    8540 / 30000
Saving Progress
    8550 / 30000
Saving Progress
    8560 / 30000
Saving Progress
    8570 / 30000
Saving Progress
    8580 / 30000
    8580 / 30000
Saving Progress
    8590 / 30000
Saving Progress
    8600 / 30000
Saving Progress
    8610 / 30000
Saving Progress
    8620 / 30000
Saving Progress
    8630 / 30000
Saving Progress
    8640 / 30000
    8640 / 30000
Saving Progress
    8650 / 30000
Saving Progress
    8660 / 30000
Saving Progress
    8670 / 30000
Saving Progress
    8680 / 30000
Saving Progress
    8690 / 30000
Saving Progress
    8700 / 30000
    8700 / 30000
Saving Progress
    8710 / 30000
Saving Progress
    8720 / 30000
Saving Progress
    8730 / 30000
Saving Progress
    8740 / 30000
Saving Progress
    8750 / 30000
Saving Progress
    8760 / 30000
    8760 / 30000
Saving Progress
    8770 / 30000
Saving Progress
    8780 / 30000
Saving Progress
    8790 / 30000
Saving Progress
    8800 / 30000
Saving Progress
    8810 / 30000
Saving Progress
    8820 / 30000
    8820 / 30000
Saving Progress
    8830 / 30000
Saving Progress
    8840 / 30000
Saving Progress
    8850 / 30000
Saving Progress
    8860 / 30000
Saving Progress
    8870 / 30000
Saving Progress
    8880 / 30000
    8880 / 30000
Saving Progress
    8890 / 30000
Saving Progress
    8900 / 30000
Saving Progress
    8910 / 30000
Saving Progress
    8920 / 30000
Saving Progress
    8930 / 30000
Saving Progress
    8940 / 30000
    8940 / 30000
Saving Progress
    8950 / 30000
Saving Progress
    8960 / 30000
Saving Progress
    8970 / 30000
Saving Progress
    8980 / 30000
Saving Progress
    8990 / 30000
Saving Progress
    9000 / 30000
    9000 / 30000
Saving Progress
    9010 / 30000
Saving Progress
    9020 / 30000
Saving Progress
    9030 / 30000
Saving Progress
    9040 / 30000
Saving Progress
    9050 / 30000
Saving Progress
    9060 / 30000
    9060 / 30000
Saving Progress
    9070 / 30000
Saving Progress
    9080 / 30000
Saving Progress
    9090 / 30000
Saving Progress
    9100 / 30000
Saving Progress
    9110 / 30000
Saving Progress
    9120 / 30000
    9120 / 30000
Saving Progress
    9130 / 30000
Saving Progress
    9140 / 30000
Saving Progress
    9150 / 30000
Saving Progress
    9160 / 30000
Saving Progress
    9170 / 30000
Saving Progress
    9180 / 30000
    9180 / 30000
Saving Progress
    9190 / 30000
Saving Progress
    9200 / 30000
Saving Progress
    9210 / 30000
Saving Progress
    9220 / 30000
Saving Progress
    9230 / 30000
Saving Progress
    9240 / 30000
    9240 / 30000
Saving Progress
    9250 / 30000
Saving Progress
    9260 / 30000
Saving Progress
    9270 / 30000
Saving Progress
    9280 / 30000
Saving Progress
    9290 / 30000
Saving Progress
    9300 / 30000
    9300 / 30000
Saving Progress
    9310 / 30000
Saving Progress
    9320 / 30000
Saving Progress
    9330 / 30000
Saving Progress
    9340 / 30000
Saving Progress
    9350 / 30000
Saving Progress
    9360 / 30000
    9360 / 30000
Saving Progress
    9370 / 30000
Saving Progress
    9380 / 30000
Saving Progress
    9390 / 30000
Saving Progress
    9400 / 30000
Saving Progress
    9410 / 30000
Saving Progress
    9420 / 30000
    9420 / 30000
Saving Progress
    9430 / 30000
Saving Progress
    9440 / 30000
Saving Progress
    9450 / 30000
Saving Progress
    9460 / 30000
Saving Progress
    9470 / 30000
Saving Progress
    9480 / 30000
    9480 / 30000
Saving Progress
    9490 / 30000
Saving Progress
    9500 / 30000
Saving Progress
    9510 / 30000
Saving Progress
    9520 / 30000
Saving Progress
    9530 / 30000
Saving Progress
    9540 / 30000
    9540 / 30000
Saving Progress
    9550 / 30000
Saving Progress
    9560 / 30000
Saving Progress
    9570 / 30000
Saving Progress
    9580 / 30000
Saving Progress
    9590 / 30000
Saving Progress
    9600 / 30000
    9600 / 30000
Saving Progress
    9610 / 30000
Saving Progress
    9620 / 30000
Saving Progress
    9630 / 30000
Saving Progress
    9640 / 30000
Saving Progress
    9650 / 30000
Saving Progress
    9660 / 30000
    9660 / 30000
Saving Progress
    9670 / 30000
Saving Progress
    9680 / 30000
Saving Progress
    9690 / 30000
Saving Progress
    9700 / 30000
Saving Progress
    9710 / 30000
Saving Progress
    9720 / 30000
    9720 / 30000
Saving Progress
    9730 / 30000
Saving Progress
    9740 / 30000
Saving Progress
    9750 / 30000
Saving Progress
    9760 / 30000
Saving Progress
    9770 / 30000
Saving Progress
    9780 / 30000
    9780 / 30000
Saving Progress
    9790 / 30000
Saving Progress
    9800 / 30000
Saving Progress
    9810 / 30000
Saving Progress
    9820 / 30000
Saving Progress
    9830 / 30000
Saving Progress
    9840 / 30000
    9840 / 30000
Saving Progress
    9850 / 30000
Saving Progress
    9860 / 30000
Saving Progress
    9870 / 30000
Saving Progress
    9880 / 30000
Saving Progress
    9890 / 30000
Saving Progress
    9900 / 30000
    9900 / 30000
Saving Progress
    9910 / 30000
Saving Progress
    9920 / 30000
Saving Progress
    9930 / 30000
Saving Progress
    9940 / 30000
Saving Progress
    9950 / 30000
Saving Progress
    9960 / 30000
    9960 / 30000
Saving Progress
    9970 / 30000
Saving Progress
    9980 / 30000
Saving Progress
    9990 / 30000
Saving Progress
    10000 / 30000
Saving Progress
    10010 / 30000
Saving Progress
    10020 / 30000
    10020 / 30000
Saving Progress
    10030 / 30000
Saving Progress
    10040 / 30000
Saving Progress
    10050 / 30000
Saving Progress
    10060 / 30000
Saving Progress
    10070 / 30000
Saving Progress
    10080 / 30000
    10080 / 30000
Saving Progress
    10090 / 30000
Saving Progress
    10100 / 30000
Saving Progress
    10110 / 30000
Saving Progress
    10120 / 30000
Saving Progress
    10130 / 30000
Saving Progress
    10140 / 30000
    10140 / 30000
Saving Progress
    10150 / 30000
Saving Progress
    10160 / 30000
Saving Progress
    10170 / 30000
Saving Progress
    10180 / 30000
Saving Progress
    10190 / 30000
Saving Progress
    10200 / 30000
    10200 / 30000
Saving Progress
    10210 / 30000
Saving Progress
    10220 / 30000
Saving Progress
    10230 / 30000
Saving Progress
    10240 / 30000
Saving Progress
    10250 / 30000
Saving Progress
    10260 / 30000
    10260 / 30000
Saving Progress
    10270 / 30000
Saving Progress
    10280 / 30000
Saving Progress
    10290 / 30000
Saving Progress
    10300 / 30000
Saving Progress
    10310 / 30000
Saving Progress
    10320 / 30000
    10320 / 30000
Saving Progress
    10330 / 30000
Saving Progress
    10340 / 30000
Saving Progress
    10350 / 30000
Saving Progress
    10360 / 30000
Saving Progress
    10370 / 30000
Saving Progress
    10380 / 30000
    10380 / 30000
Saving Progress
    10390 / 30000
Saving Progress
    10400 / 30000
Saving Progress
    10410 / 30000
Saving Progress
    10420 / 30000
Saving Progress
    10430 / 30000
Saving Progress
    10440 / 30000
    10440 / 30000
Saving Progress
    10450 / 30000
Saving Progress
    10460 / 30000
Saving Progress
    10470 / 30000
Saving Progress
    10480 / 30000
Saving Progress
    10490 / 30000
Saving Progress
    10500 / 30000
    10500 / 30000
Saving Progress
    10510 / 30000
Saving Progress
    10520 / 30000
Saving Progress
    10530 / 30000
Saving Progress
    10540 / 30000
Saving Progress
    10550 / 30000
Saving Progress
    10560 / 30000
    10560 / 30000
Saving Progress
    10570 / 30000
Saving Progress
    10580 / 30000
Saving Progress
    10590 / 30000
Saving Progress
    10600 / 30000
Saving Progress
    10610 / 30000
Saving Progress
    10620 / 30000
    10620 / 30000
Saving Progress
    10630 / 30000
Saving Progress
    10640 / 30000
Saving Progress
    10650 / 30000
Saving Progress
    10660 / 30000
Saving Progress
    10670 / 30000
Saving Progress
    10680 / 30000
    10680 / 30000
Saving Progress
    10690 / 30000
Saving Progress
    10700 / 30000
Saving Progress
    10710 / 30000
Saving Progress
    10720 / 30000
Saving Progress
    10730 / 30000
Saving Progress
    10740 / 30000
    10740 / 30000
Saving Progress
    10750 / 30000
Saving Progress
    10760 / 30000
Saving Progress
    10770 / 30000
Saving Progress
    10780 / 30000
Saving Progress
    10790 / 30000
Saving Progress
    10800 / 30000
    10800 / 30000
Saving Progress
    10810 / 30000
Saving Progress
    10820 / 30000
Saving Progress
    10830 / 30000
Saving Progress
    10840 / 30000
Saving Progress
    10850 / 30000
Saving Progress
    10860 / 30000
    10860 / 30000
Saving Progress
    10870 / 30000
Saving Progress
    10880 / 30000
Saving Progress
    10890 / 30000
Saving Progress
    10900 / 30000
Saving Progress
    10910 / 30000
Saving Progress
    10920 / 30000
    10920 / 30000
Saving Progress
    10930 / 30000
Saving Progress
    10940 / 30000
Saving Progress
    10950 / 30000
Saving Progress
    10960 / 30000
Saving Progress
    10970 / 30000
Saving Progress
    10980 / 30000
    10980 / 30000
Saving Progress
    10990 / 30000
Saving Progress
    11000 / 30000
Saving Progress
    11010 / 30000
Saving Progress
    11020 / 30000
Saving Progress
    11030 / 30000
Saving Progress
    11040 / 30000
    11040 / 30000
Saving Progress
    11050 / 30000
Saving Progress
    11060 / 30000
Saving Progress
    11070 / 30000
Saving Progress
    11080 / 30000
Saving Progress
    11090 / 30000
Saving Progress
    11100 / 30000
    11100 / 30000
Saving Progress
    11110 / 30000
Saving Progress
    11120 / 30000
Saving Progress
    11130 / 30000
Saving Progress
    11140 / 30000
Saving Progress
    11150 / 30000
Saving Progress
    11160 / 30000
    11160 / 30000
Saving Progress
    11170 / 30000
Saving Progress
    11180 / 30000
Saving Progress
    11190 / 30000
Saving Progress
    11200 / 30000
Saving Progress
    11210 / 30000
Saving Progress
    11220 / 30000
    11220 / 30000
Saving Progress
    11230 / 30000
Saving Progress
    11240 / 30000
Saving Progress
    11250 / 30000
Saving Progress
    11260 / 30000
Saving Progress
    11270 / 30000
Saving Progress
    11280 / 30000
    11280 / 30000
Saving Progress
    11290 / 30000
Saving Progress
    11300 / 30000
Saving Progress
    11310 / 30000
Saving Progress
    11320 / 30000
Saving Progress
    11330 / 30000
Saving Progress
    11340 / 30000
    11340 / 30000
Saving Progress
    11350 / 30000
Saving Progress
    11360 / 30000
Saving Progress
    11370 / 30000
Saving Progress
    11380 / 30000
Saving Progress
    11390 / 30000
Saving Progress
    11400 / 30000
    11400 / 30000
Saving Progress
    11410 / 30000
Saving Progress
    11420 / 30000
Saving Progress
    11430 / 30000
Saving Progress
    11440 / 30000
Saving Progress
    11450 / 30000
Saving Progress
    11460 / 30000
    11460 / 30000
Saving Progress
    11470 / 30000
Saving Progress
    11480 / 30000
Saving Progress
    11490 / 30000
Saving Progress
    11500 / 30000
Saving Progress
    11510 / 30000
Saving Progress
    11520 / 30000
    11520 / 30000
Saving Progress
    11530 / 30000
Saving Progress
    11540 / 30000
Saving Progress
    11550 / 30000
Saving Progress
    11560 / 30000
Saving Progress
    11570 / 30000
Saving Progress
    11580 / 30000
    11580 / 30000
Saving Progress
    11590 / 30000
Saving Progress
    11600 / 30000
Saving Progress
    11610 / 30000
Saving Progress
    11620 / 30000
Saving Progress
    11630 / 30000
Saving Progress
    11640 / 30000
    11640 / 30000
Saving Progress
    11650 / 30000
Saving Progress
    11660 / 30000
Saving Progress
    11670 / 30000
Saving Progress
    11680 / 30000
Saving Progress
    11690 / 30000
Saving Progress
    11700 / 30000
    11700 / 30000
Saving Progress
    11710 / 30000
Saving Progress
    11720 / 30000
Saving Progress
    11730 / 30000
Saving Progress
    11740 / 30000
Saving Progress
    11750 / 30000
Saving Progress
    11760 / 30000
    11760 / 30000
Saving Progress
    11770 / 30000
Saving Progress
    11780 / 30000
Saving Progress
    11790 / 30000
Saving Progress
    11800 / 30000
Saving Progress
    11810 / 30000
Saving Progress
    11820 / 30000
    11820 / 30000
Saving Progress
    11830 / 30000
Saving Progress
    11840 / 30000
Saving Progress
    11850 / 30000
Saving Progress
    11860 / 30000
Saving Progress
    11870 / 30000
Saving Progress
    11880 / 30000
    11880 / 30000
Saving Progress
    11890 / 30000
Saving Progress
    11900 / 30000
Saving Progress
    11910 / 30000
Saving Progress
    11920 / 30000
Saving Progress
    11930 / 30000
Saving Progress
    11940 / 30000
    11940 / 30000
Saving Progress
    11950 / 30000
Saving Progress
    11960 / 30000
Saving Progress
    11970 / 30000
Saving Progress
    11980 / 30000
Saving Progress
    11990 / 30000
Saving Progress
    12000 / 30000
    12000 / 30000
Saving Progress
    12010 / 30000
Saving Progress
    12020 / 30000
Saving Progress
    12030 / 30000
Saving Progress
    12040 / 30000
Saving Progress
    12050 / 30000
Saving Progress
    12060 / 30000
    12060 / 30000
Saving Progress
    12070 / 30000
Saving Progress
    12080 / 30000
Saving Progress
    12090 / 30000
Saving Progress
    12100 / 30000
Saving Progress
    12110 / 30000
Saving Progress
    12120 / 30000
    12120 / 30000
Saving Progress
    12130 / 30000
Saving Progress
    12140 / 30000
Saving Progress
    12150 / 30000
Saving Progress
    12160 / 30000
Saving Progress
    12170 / 30000
Saving Progress
    12180 / 30000
    12180 / 30000
Saving Progress
    12190 / 30000
Saving Progress
    12200 / 30000
Saving Progress
    12210 / 30000
Saving Progress
    12220 / 30000
Saving Progress
    12230 / 30000
Saving Progress
    12240 / 30000
    12240 / 30000
Saving Progress
    12250 / 30000
Saving Progress
    12260 / 30000
Saving Progress
    12270 / 30000
Saving Progress
    12280 / 30000
Saving Progress
    12290 / 30000
Saving Progress
    12300 / 30000
    12300 / 30000
Saving Progress
    12310 / 30000
Saving Progress
    12320 / 30000
Saving Progress
    12330 / 30000
Saving Progress
    12340 / 30000
Saving Progress
    12350 / 30000
Saving Progress
    12360 / 30000
    12360 / 30000
Saving Progress
    12370 / 30000
Saving Progress
    12380 / 30000
Saving Progress
    12390 / 30000
Saving Progress
    12400 / 30000
Saving Progress
    12410 / 30000
Saving Progress
    12420 / 30000
    12420 / 30000
Saving Progress
    12430 / 30000
Saving Progress
    12440 / 30000
Saving Progress
    12450 / 30000
Saving Progress
    12460 / 30000
Saving Progress
    12470 / 30000
Saving Progress
    12480 / 30000
    12480 / 30000
Saving Progress
    12490 / 30000
Saving Progress
    12500 / 30000
Saving Progress
    12510 / 30000
Saving Progress
    12520 / 30000
Saving Progress
    12530 / 30000
Saving Progress
    12540 / 30000
    12540 / 30000
Saving Progress
    12550 / 30000
Saving Progress
    12560 / 30000
Saving Progress
    12570 / 30000
Saving Progress
    12580 / 30000
Saving Progress
    12590 / 30000
Saving Progress
    12600 / 30000
    12600 / 30000
Saving Progress
    12610 / 30000
Saving Progress
    12620 / 30000
Saving Progress
    12630 / 30000
Saving Progress
    12640 / 30000
Saving Progress
    12650 / 30000
Saving Progress
    12660 / 30000
    12660 / 30000
Saving Progress
    12670 / 30000
Saving Progress
    12680 / 30000
Saving Progress
    12690 / 30000
Saving Progress
    12700 / 30000
Saving Progress
    12710 / 30000
Saving Progress
    12720 / 30000
    12720 / 30000
Saving Progress
    12730 / 30000
Saving Progress
    12740 / 30000
Saving Progress
    12750 / 30000
Saving Progress
    12760 / 30000
Saving Progress
    12770 / 30000
Saving Progress
    12780 / 30000
    12780 / 30000
Saving Progress
    12790 / 30000
Saving Progress
    12800 / 30000
Saving Progress
    12810 / 30000
Saving Progress
    12820 / 30000
Saving Progress
    12830 / 30000
Saving Progress
    12840 / 30000
    12840 / 30000
Saving Progress
    12850 / 30000
Saving Progress
    12860 / 30000
Saving Progress
    12870 / 30000
Saving Progress
    12880 / 30000
Saving Progress
    12890 / 30000
Saving Progress
    12900 / 30000
    12900 / 30000
Saving Progress
    12910 / 30000
Saving Progress
    12920 / 30000
Saving Progress
    12930 / 30000
Saving Progress
    12940 / 30000
Saving Progress
    12950 / 30000
Saving Progress
    12960 / 30000
    12960 / 30000
Saving Progress
    12970 / 30000
Saving Progress
    12980 / 30000
Saving Progress
    12990 / 30000
Saving Progress
    13000 / 30000
Saving Progress
    13010 / 30000
Saving Progress
    13020 / 30000
    13020 / 30000
Saving Progress
    13030 / 30000
Saving Progress
    13040 / 30000
Saving Progress
    13050 / 30000
Saving Progress
    13060 / 30000
Saving Progress
    13070 / 30000
Saving Progress
    13080 / 30000
    13080 / 30000
Saving Progress
    13090 / 30000
Saving Progress
    13100 / 30000
Saving Progress
    13110 / 30000
Saving Progress
    13120 / 30000
Saving Progress
    13130 / 30000
Saving Progress
    13140 / 30000
    13140 / 30000
Saving Progress
    13150 / 30000
Saving Progress
    13160 / 30000
Saving Progress
    13170 / 30000
Saving Progress
    13180 / 30000
Saving Progress
    13190 / 30000
Saving Progress
    13200 / 30000
    13200 / 30000
Saving Progress
    13210 / 30000
Saving Progress
    13220 / 30000
Saving Progress
    13230 / 30000
Saving Progress
    13240 / 30000
Saving Progress
    13250 / 30000
Saving Progress
    13260 / 30000
    13260 / 30000
Saving Progress
    13270 / 30000
Saving Progress
    13280 / 30000
Saving Progress
    13290 / 30000
Saving Progress
    13300 / 30000
Saving Progress
    13310 / 30000
Saving Progress
    13320 / 30000
    13320 / 30000
Saving Progress
    13330 / 30000
Saving Progress
    13340 / 30000
Saving Progress
    13350 / 30000
Saving Progress
    13360 / 30000
Saving Progress
    13370 / 30000
Saving Progress
    13380 / 30000
    13380 / 30000
Saving Progress
    13390 / 30000
Saving Progress
    13400 / 30000
Saving Progress
    13410 / 30000
Saving Progress
    13420 / 30000
Saving Progress
    13430 / 30000
Saving Progress
    13440 / 30000
    13440 / 30000
Saving Progress
    13450 / 30000
Saving Progress
    13460 / 30000
Saving Progress
    13470 / 30000
Saving Progress
    13480 / 30000
Saving Progress
    13490 / 30000
Saving Progress
    13500 / 30000
    13500 / 30000
Saving Progress
    13510 / 30000
Saving Progress
    13520 / 30000
Saving Progress
    13530 / 30000
Saving Progress
    13540 / 30000
Saving Progress
    13550 / 30000
Saving Progress
    13560 / 30000
    13560 / 30000
Saving Progress
    13570 / 30000
Saving Progress
    13580 / 30000
Saving Progress
    13590 / 30000
Saving Progress
    13600 / 30000
Saving Progress
    13610 / 30000
Saving Progress
    13620 / 30000
    13620 / 30000
Saving Progress
    13630 / 30000
Saving Progress
    13640 / 30000
Saving Progress
    13650 / 30000
Saving Progress
    13660 / 30000
Saving Progress
    13670 / 30000
Saving Progress
    13680 / 30000
    13680 / 30000
Saving Progress
    13690 / 30000
Saving Progress
    13700 / 30000
Saving Progress
    13710 / 30000
Saving Progress
    13720 / 30000
Saving Progress
    13730 / 30000
Saving Progress
    13740 / 30000
    13740 / 30000
Saving Progress
    13750 / 30000
Saving Progress
    13760 / 30000
Saving Progress
    13770 / 30000
Saving Progress
    13780 / 30000
Saving Progress
    13790 / 30000
Saving Progress
    13800 / 30000
    13800 / 30000
Saving Progress
    13810 / 30000
Saving Progress
    13820 / 30000
Saving Progress
    13830 / 30000
Saving Progress
    13840 / 30000
Saving Progress
    13850 / 30000
Saving Progress
    13860 / 30000
    13860 / 30000
Saving Progress
    13870 / 30000
Saving Progress
    13880 / 30000
Saving Progress
    13890 / 30000
Saving Progress
    13900 / 30000
Saving Progress
    13910 / 30000
Saving Progress
    13920 / 30000
    13920 / 30000
Saving Progress
    13930 / 30000
Saving Progress
    13940 / 30000
Saving Progress
    13950 / 30000
Saving Progress
    13960 / 30000
Saving Progress
    13970 / 30000
Saving Progress
    13980 / 30000
    13980 / 30000
Saving Progress
    13990 / 30000
Saving Progress
    14000 / 30000
Saving Progress
    14010 / 30000
Saving Progress
    14020 / 30000
Saving Progress
    14030 / 30000
Saving Progress
    14040 / 30000
    14040 / 30000
Saving Progress
    14050 / 30000
Saving Progress
    14060 / 30000
Saving Progress
    14070 / 30000
Saving Progress
    14080 / 30000
Saving Progress
    14090 / 30000
Saving Progress
    14100 / 30000
    14100 / 30000
Saving Progress
    14110 / 30000
Saving Progress
    14120 / 30000
Saving Progress
    14130 / 30000
Saving Progress
    14140 / 30000
Saving Progress
    14150 / 30000
Saving Progress
    14160 / 30000
    14160 / 30000
Saving Progress
    14170 / 30000
Saving Progress
    14180 / 30000
Saving Progress
    14190 / 30000
Saving Progress
    14200 / 30000
Saving Progress
    14210 / 30000
Saving Progress
    14220 / 30000
    14220 / 30000
Saving Progress
    14230 / 30000
Saving Progress
    14240 / 30000
Saving Progress
    14250 / 30000
Saving Progress
    14260 / 30000
Saving Progress
    14270 / 30000
Saving Progress
    14280 / 30000
    14280 / 30000
Saving Progress
    14290 / 30000
Saving Progress
    14300 / 30000
Saving Progress
    14310 / 30000
Saving Progress
    14320 / 30000
Saving Progress
    14330 / 30000
Saving Progress
    14340 / 30000
    14340 / 30000
Saving Progress
    14350 / 30000
Saving Progress
    14360 / 30000
Saving Progress
    14370 / 30000
Saving Progress
    14380 / 30000
Saving Progress
    14390 / 30000
Saving Progress
    14400 / 30000
    14400 / 30000
Saving Progress
    14410 / 30000
Saving Progress
    14420 / 30000
Saving Progress
    14430 / 30000
Saving Progress
    14440 / 30000
Saving Progress
    14450 / 30000
Saving Progress
    14460 / 30000
    14460 / 30000
Saving Progress
    14470 / 30000
Saving Progress
    14480 / 30000
Saving Progress
    14490 / 30000
Saving Progress
    14500 / 30000
Saving Progress
    14510 / 30000
Saving Progress
    14520 / 30000
    14520 / 30000
Saving Progress
    14530 / 30000
Saving Progress
    14540 / 30000
Saving Progress
    14550 / 30000
Saving Progress
    14560 / 30000
Saving Progress
    14570 / 30000
Saving Progress
    14580 / 30000
    14580 / 30000
Saving Progress
    14590 / 30000
Saving Progress
    14600 / 30000
Saving Progress
    14610 / 30000
Saving Progress
    14620 / 30000
Saving Progress
    14630 / 30000
Saving Progress
    14640 / 30000
    14640 / 30000
Saving Progress
    14650 / 30000
Saving Progress
    14660 / 30000
Saving Progress
    14670 / 30000
Saving Progress
    14680 / 30000
Saving Progress
    14690 / 30000
Saving Progress
    14700 / 30000
    14700 / 30000
Saving Progress
    14710 / 30000
Saving Progress
    14720 / 30000
Saving Progress
    14730 / 30000
Saving Progress
    14740 / 30000
Saving Progress
    14750 / 30000
Saving Progress
    14760 / 30000
    14760 / 30000
Saving Progress
    14770 / 30000
Saving Progress
    14780 / 30000
Saving Progress
    14790 / 30000
Saving Progress
    14800 / 30000
Saving Progress
    14810 / 30000
Saving Progress
    14820 / 30000
    14820 / 30000
Saving Progress
    14830 / 30000
Saving Progress
    14840 / 30000
Saving Progress
    14850 / 30000
Saving Progress
    14860 / 30000
Saving Progress
    14870 / 30000
Saving Progress
    14880 / 30000
    14880 / 30000
Saving Progress
    14890 / 30000
Saving Progress
    14900 / 30000
Saving Progress
    14910 / 30000
Saving Progress
    14920 / 30000
Saving Progress
    14930 / 30000
Saving Progress
    14940 / 30000
    14940 / 30000
Saving Progress
    14950 / 30000
Saving Progress
    14960 / 30000
Saving Progress
    14970 / 30000
Saving Progress
    14980 / 30000
Saving Progress
    14990 / 30000
Saving Progress
    15000 / 30000
    15000 / 30000
Saving Progress
    15010 / 30000
Saving Progress
    15020 / 30000
Saving Progress
    15030 / 30000
Saving Progress
    15040 / 30000
Saving Progress
    15050 / 30000
Saving Progress
    15060 / 30000
    15060 / 30000
Saving Progress
    15070 / 30000
Saving Progress
    15080 / 30000
Saving Progress
    15090 / 30000
Saving Progress
    15100 / 30000
Saving Progress
    15110 / 30000
Saving Progress
    15120 / 30000
    15120 / 30000
Saving Progress
    15130 / 30000
Saving Progress
    15140 / 30000
Saving Progress
    15150 / 30000
Saving Progress
    15160 / 30000
Saving Progress
    15170 / 30000
Saving Progress
    15180 / 30000
    15180 / 30000
Saving Progress
    15190 / 30000
Saving Progress
    15200 / 30000
Saving Progress
    15210 / 30000
Saving Progress
    15220 / 30000
Saving Progress
    15230 / 30000
Saving Progress
    15240 / 30000
    15240 / 30000
Saving Progress
    15250 / 30000
Saving Progress
    15260 / 30000
Saving Progress
    15270 / 30000
Saving Progress
    15280 / 30000
Saving Progress
    15290 / 30000
Saving Progress
    15300 / 30000
    15300 / 30000
Saving Progress
    15310 / 30000
Saving Progress
    15320 / 30000
Saving Progress
    15330 / 30000
Saving Progress
    15340 / 30000
Saving Progress
    15350 / 30000
Saving Progress
    15360 / 30000
    15360 / 30000
Saving Progress
    15370 / 30000
Saving Progress
    15380 / 30000
Saving Progress
    15390 / 30000
Saving Progress
    15400 / 30000
Saving Progress
    15410 / 30000
Saving Progress
    15420 / 30000
    15420 / 30000
Saving Progress
    15430 / 30000
Saving Progress
    15440 / 30000
Saving Progress
    15450 / 30000
Saving Progress
    15460 / 30000
Saving Progress
    15470 / 30000
Saving Progress
    15480 / 30000
    15480 / 30000
Saving Progress
    15490 / 30000
Saving Progress
    15500 / 30000
Saving Progress
    15510 / 30000
Saving Progress
    15520 / 30000
Saving Progress
    15530 / 30000
Saving Progress
    15540 / 30000
    15540 / 30000
Saving Progress
    15550 / 30000
Saving Progress
    15560 / 30000
Saving Progress
    15570 / 30000
Saving Progress
    15580 / 30000
Saving Progress
    15590 / 30000
Saving Progress
    15600 / 30000
    15600 / 30000
Saving Progress
    15610 / 30000
Saving Progress
    15620 / 30000
Saving Progress
    15630 / 30000
Saving Progress
    15640 / 30000
Saving Progress
    15650 / 30000
Saving Progress
    15660 / 30000
    15660 / 30000
Saving Progress
    15670 / 30000
Saving Progress
    15680 / 30000
Saving Progress
    15690 / 30000
Saving Progress
    15700 / 30000
Saving Progress
    15710 / 30000
Saving Progress
    15720 / 30000
    15720 / 30000
Saving Progress
    15730 / 30000
Saving Progress
    15740 / 30000
Saving Progress
    15750 / 30000
Saving Progress
    15760 / 30000
Saving Progress
    15770 / 30000
Saving Progress
    15780 / 30000
    15780 / 30000
Saving Progress
    15790 / 30000
Saving Progress
    15800 / 30000
Saving Progress
    15810 / 30000
Saving Progress
    15820 / 30000
Saving Progress
    15830 / 30000
Saving Progress
    15840 / 30000
    15840 / 30000
Saving Progress
    15850 / 30000
Saving Progress
    15860 / 30000
Saving Progress
    15870 / 30000
Saving Progress
    15880 / 30000
Saving Progress
    15890 / 30000
Saving Progress
    15900 / 30000
    15900 / 30000
Saving Progress
    15910 / 30000
Saving Progress
    15920 / 30000
Saving Progress
    15930 / 30000
Saving Progress
    15940 / 30000
Saving Progress
    15950 / 30000
Saving Progress
    15960 / 30000
    15960 / 30000
Saving Progress
    15970 / 30000
Saving Progress
    15980 / 30000
Saving Progress
    15990 / 30000
Saving Progress
    16000 / 30000
Saving Progress
    16010 / 30000
Saving Progress
    16020 / 30000
    16020 / 30000
Saving Progress
    16030 / 30000
Saving Progress
    16040 / 30000
Saving Progress
    16050 / 30000
Saving Progress
    16060 / 30000
Saving Progress
    16070 / 30000
Saving Progress
    16080 / 30000
    16080 / 30000
Saving Progress
    16090 / 30000
Saving Progress
    16100 / 30000
Saving Progress
    16110 / 30000
Saving Progress
    16120 / 30000
Saving Progress
    16130 / 30000
Saving Progress
    16140 / 30000
    16140 / 30000
Saving Progress
    16150 / 30000
Saving Progress
    16160 / 30000
Saving Progress
    16170 / 30000
Saving Progress
    16180 / 30000
Saving Progress
    16190 / 30000
Saving Progress
    16200 / 30000
    16200 / 30000
Saving Progress
    16210 / 30000
Saving Progress
    16220 / 30000
Saving Progress
    16230 / 30000
Saving Progress
    16240 / 30000
Saving Progress
    16250 / 30000
Saving Progress
    16260 / 30000
    16260 / 30000
Saving Progress
    16270 / 30000
Saving Progress
    16280 / 30000
Saving Progress
    16290 / 30000
Saving Progress
    16300 / 30000
Saving Progress
    16310 / 30000
Saving Progress
    16320 / 30000
    16320 / 30000
Saving Progress
    16330 / 30000
Saving Progress
    16340 / 30000
Saving Progress
    16350 / 30000
Saving Progress
    16360 / 30000
Saving Progress
    16370 / 30000
Saving Progress
    16380 / 30000
    16380 / 30000
Saving Progress
    16390 / 30000
Saving Progress
    16400 / 30000
Saving Progress
    16410 / 30000
Saving Progress
    16420 / 30000
Saving Progress
    16430 / 30000
Saving Progress
    16440 / 30000
    16440 / 30000
Saving Progress
    16450 / 30000
Saving Progress
    16460 / 30000
Saving Progress
    16470 / 30000
Saving Progress
    16480 / 30000
Saving Progress
    16490 / 30000
Saving Progress
    16500 / 30000
    16500 / 30000
Saving Progress
    16510 / 30000
Saving Progress
    16520 / 30000
Saving Progress
    16530 / 30000
Saving Progress
    16540 / 30000
Saving Progress
    16550 / 30000
Saving Progress
    16560 / 30000
    16560 / 30000
Saving Progress
    16570 / 30000
Saving Progress
    16580 / 30000
Saving Progress
    16590 / 30000
Saving Progress
    16600 / 30000
Saving Progress
    16610 / 30000
Saving Progress
    16620 / 30000
    16620 / 30000
Saving Progress
    16630 / 30000
Saving Progress
    16640 / 30000
Saving Progress
    16650 / 30000
Saving Progress
    16660 / 30000
Saving Progress
    16670 / 30000
Saving Progress
    16680 / 30000
    16680 / 30000
Saving Progress
    16690 / 30000
Saving Progress
    16700 / 30000
Saving Progress
    16710 / 30000
Saving Progress
    16720 / 30000
Saving Progress
    16730 / 30000
Saving Progress
    16740 / 30000
    16740 / 30000
Saving Progress
    16750 / 30000
Saving Progress
    16760 / 30000
Saving Progress
    16770 / 30000
Saving Progress
    16780 / 30000
Saving Progress
    16790 / 30000
Saving Progress
    16800 / 30000
    16800 / 30000
Saving Progress
    16810 / 30000
Saving Progress
    16820 / 30000
Saving Progress
    16830 / 30000
Saving Progress
    16840 / 30000
Saving Progress
    16850 / 30000
Saving Progress
    16860 / 30000
    16860 / 30000
Saving Progress
    16870 / 30000
Saving Progress
    16880 / 30000
Saving Progress
    16890 / 30000
Saving Progress
    16900 / 30000
Saving Progress
    16910 / 30000
Saving Progress
    16920 / 30000
    16920 / 30000
Saving Progress
    16930 / 30000
Saving Progress
    16940 / 30000
Saving Progress
    16950 / 30000
Saving Progress
    16960 / 30000
Saving Progress
    16970 / 30000
Saving Progress
    16980 / 30000
    16980 / 30000
Saving Progress
    16990 / 30000
Saving Progress
    17000 / 30000
Saving Progress
    17010 / 30000
Saving Progress
    17020 / 30000
Saving Progress
    17030 / 30000
Saving Progress
    17040 / 30000
    17040 / 30000
Saving Progress
    17050 / 30000
Saving Progress
    17060 / 30000
Saving Progress
    17070 / 30000
Saving Progress
    17080 / 30000
Saving Progress
    17090 / 30000
Saving Progress
    17100 / 30000
    17100 / 30000
Saving Progress
    17110 / 30000
Saving Progress
    17120 / 30000
Saving Progress
    17130 / 30000
Saving Progress
    17140 / 30000
Saving Progress
    17150 / 30000
Saving Progress
    17160 / 30000
    17160 / 30000
Saving Progress
    17170 / 30000
Saving Progress
    17180 / 30000
Saving Progress
    17190 / 30000
Saving Progress
    17200 / 30000
Saving Progress
    17210 / 30000
Saving Progress
    17220 / 30000
    17220 / 30000
Saving Progress
    17230 / 30000
Saving Progress
    17240 / 30000
Saving Progress
    17250 / 30000
Saving Progress
    17260 / 30000
Saving Progress
    17270 / 30000
Saving Progress
    17280 / 30000
    17280 / 30000
Saving Progress
    17290 / 30000
Saving Progress
    17300 / 30000
Saving Progress
    17310 / 30000
Saving Progress
    17320 / 30000
Saving Progress
    17330 / 30000
Saving Progress
    17340 / 30000
    17340 / 30000
Saving Progress
    17350 / 30000
Saving Progress
    17360 / 30000
Saving Progress
    17370 / 30000
Saving Progress
    17380 / 30000
Saving Progress
    17390 / 30000
Saving Progress
    17400 / 30000
    17400 / 30000
Saving Progress
    17410 / 30000
Saving Progress
    17420 / 30000
Saving Progress
    17430 / 30000
Saving Progress
    17440 / 30000
Saving Progress
    17450 / 30000
Saving Progress
    17460 / 30000
    17460 / 30000
Saving Progress
    17470 / 30000
Saving Progress
    17480 / 30000
Saving Progress
    17490 / 30000
Saving Progress
    17500 / 30000
Saving Progress
    17510 / 30000
Saving Progress
    17520 / 30000
    17520 / 30000
Saving Progress
    17530 / 30000
Saving Progress
    17540 / 30000
Saving Progress
    17550 / 30000
Saving Progress
    17560 / 30000
Saving Progress
    17570 / 30000
Saving Progress
    17580 / 30000
    17580 / 30000
Saving Progress
    17590 / 30000
Saving Progress
    17600 / 30000
Saving Progress
    17610 / 30000
Saving Progress
    17620 / 30000
Saving Progress
    17630 / 30000
Saving Progress
    17640 / 30000
    17640 / 30000
Saving Progress
    17650 / 30000
Saving Progress
    17660 / 30000
Saving Progress
    17670 / 30000
Saving Progress
    17680 / 30000
Saving Progress
    17690 / 30000
Saving Progress
    17700 / 30000
    17700 / 30000
Saving Progress
    17710 / 30000
Saving Progress
    17720 / 30000
Saving Progress
    17730 / 30000
Saving Progress
    17740 / 30000
Saving Progress
    17750 / 30000
Saving Progress
    17760 / 30000
    17760 / 30000
Saving Progress
    17770 / 30000
Saving Progress
    17780 / 30000
Saving Progress
    17790 / 30000
Saving Progress
    17800 / 30000
Saving Progress
    17810 / 30000
Saving Progress
    17820 / 30000
    17820 / 30000
Saving Progress
    17830 / 30000
Saving Progress
    17840 / 30000
Saving Progress
    17850 / 30000
Saving Progress
    17860 / 30000
Saving Progress
    17870 / 30000
Saving Progress
    17880 / 30000
    17880 / 30000
Saving Progress
    17890 / 30000
Saving Progress
    17900 / 30000
Saving Progress
    17910 / 30000
Saving Progress
    17920 / 30000
Saving Progress
    17930 / 30000
Saving Progress
    17940 / 30000
    17940 / 30000
Saving Progress
    17950 / 30000
Saving Progress
    17960 / 30000
Saving Progress
    17970 / 30000
Saving Progress
    17980 / 30000
Saving Progress
    17990 / 30000
Saving Progress
    18000 / 30000
    18000 / 30000
Saving Progress
    18010 / 30000
Saving Progress
    18020 / 30000
Saving Progress
    18030 / 30000
Saving Progress
    18040 / 30000
Saving Progress
    18050 / 30000
Saving Progress
    18060 / 30000
    18060 / 30000
Saving Progress
    18070 / 30000
Saving Progress
    18080 / 30000
Saving Progress
    18090 / 30000
Saving Progress
    18100 / 30000
Saving Progress
    18110 / 30000
Saving Progress
    18120 / 30000
    18120 / 30000
Saving Progress
    18130 / 30000
Saving Progress
    18140 / 30000
Saving Progress
    18150 / 30000
Saving Progress
    18160 / 30000
Saving Progress
    18170 / 30000
Saving Progress
    18180 / 30000
    18180 / 30000
Saving Progress
    18190 / 30000
Saving Progress
    18200 / 30000
Saving Progress
    18210 / 30000
Saving Progress
    18220 / 30000
Saving Progress
    18230 / 30000
Saving Progress
    18240 / 30000
    18240 / 30000
Saving Progress
    18250 / 30000
Saving Progress
    18260 / 30000
Saving Progress
    18270 / 30000
Saving Progress
    18280 / 30000
Saving Progress
    18290 / 30000
Saving Progress
    18300 / 30000
    18300 / 30000
Saving Progress
    18310 / 30000
Saving Progress
    18320 / 30000
Saving Progress
    18330 / 30000
Saving Progress
    18340 / 30000
Saving Progress
    18350 / 30000
Saving Progress
    18360 / 30000
    18360 / 30000
Saving Progress
    18370 / 30000
Saving Progress
    18380 / 30000
Saving Progress
    18390 / 30000
Saving Progress
    18400 / 30000
Saving Progress
    18410 / 30000
Saving Progress
    18420 / 30000
    18420 / 30000
Saving Progress
    18430 / 30000
Saving Progress
    18440 / 30000
Saving Progress
    18450 / 30000
Saving Progress
    18460 / 30000
Saving Progress
    18470 / 30000
Saving Progress
    18480 / 30000
    18480 / 30000
Saving Progress
    18490 / 30000
Saving Progress
    18500 / 30000
Saving Progress
    18510 / 30000
Saving Progress
    18520 / 30000
Saving Progress
    18530 / 30000
Saving Progress
    18540 / 30000
    18540 / 30000
Saving Progress
    18550 / 30000
Saving Progress
    18560 / 30000
Saving Progress
    18570 / 30000
Saving Progress
    18580 / 30000
Saving Progress
    18590 / 30000
Saving Progress
    18600 / 30000
    18600 / 30000
Saving Progress
    18610 / 30000
Saving Progress
    18620 / 30000
Saving Progress
    18630 / 30000
Saving Progress
    18640 / 30000
Saving Progress
    18650 / 30000
Saving Progress
    18660 / 30000
    18660 / 30000
Saving Progress
    18670 / 30000
Saving Progress
    18680 / 30000
Saving Progress
    18690 / 30000
Saving Progress
    18700 / 30000
Saving Progress
    18710 / 30000
Saving Progress
    18720 / 30000
    18720 / 30000
Saving Progress
    18730 / 30000
Saving Progress
    18740 / 30000
Saving Progress
    18750 / 30000
Saving Progress
    18760 / 30000
Saving Progress
    18770 / 30000
Saving Progress
    18780 / 30000
    18780 / 30000
Saving Progress
    18790 / 30000
Saving Progress
    18800 / 30000
Saving Progress
    18810 / 30000
Saving Progress
    18820 / 30000
Saving Progress
    18830 / 30000
Saving Progress
    18840 / 30000
    18840 / 30000
Saving Progress
    18850 / 30000
Saving Progress
    18860 / 30000
Saving Progress
    18870 / 30000
Saving Progress
    18880 / 30000
Saving Progress
    18890 / 30000
Saving Progress
    18900 / 30000
    18900 / 30000
Saving Progress
    18910 / 30000
Saving Progress
    18920 / 30000
Saving Progress
    18930 / 30000
Saving Progress
    18940 / 30000
Saving Progress
    18950 / 30000
Saving Progress
    18960 / 30000
    18960 / 30000
Saving Progress
    18970 / 30000
Saving Progress
    18980 / 30000
Saving Progress
    18990 / 30000
Saving Progress
    19000 / 30000
Saving Progress
    19010 / 30000
Saving Progress
    19020 / 30000
    19020 / 30000
Saving Progress
    19030 / 30000
Saving Progress
    19040 / 30000
Saving Progress
    19050 / 30000
Saving Progress
    19060 / 30000
Saving Progress
    19070 / 30000
Saving Progress
    19080 / 30000
    19080 / 30000
Saving Progress
    19090 / 30000
Saving Progress
    19100 / 30000
Saving Progress
    19110 / 30000
Saving Progress
    19120 / 30000
Saving Progress
    19130 / 30000
Saving Progress
    19140 / 30000
    19140 / 30000
Saving Progress
    19150 / 30000
Saving Progress
    19160 / 30000
Saving Progress
    19170 / 30000
Saving Progress
    19180 / 30000
Saving Progress
    19190 / 30000
Saving Progress
    19200 / 30000
    19200 / 30000
Saving Progress
    19210 / 30000
Saving Progress
    19220 / 30000
Saving Progress
    19230 / 30000
Saving Progress
    19240 / 30000
Saving Progress
    19250 / 30000
Saving Progress
    19260 / 30000
    19260 / 30000
Saving Progress
    19270 / 30000
Saving Progress
    19280 / 30000
Saving Progress
    19290 / 30000
Saving Progress
    19300 / 30000
Saving Progress
    19310 / 30000
Saving Progress
    19320 / 30000
    19320 / 30000
Saving Progress
    19330 / 30000
Saving Progress
    19340 / 30000
Saving Progress
    19350 / 30000
Saving Progress
    19360 / 30000
Saving Progress
    19370 / 30000
Saving Progress
    19380 / 30000
    19380 / 30000
Saving Progress
    19390 / 30000
Saving Progress
    19400 / 30000
Saving Progress
    19410 / 30000
Saving Progress
    19420 / 30000
Saving Progress
    19430 / 30000
Saving Progress
    19440 / 30000
    19440 / 30000
Saving Progress
    19450 / 30000
Saving Progress
    19460 / 30000
Saving Progress
    19470 / 30000
Saving Progress
    19480 / 30000
Saving Progress
    19490 / 30000
Saving Progress
    19500 / 30000
    19500 / 30000
Saving Progress
    19510 / 30000
Saving Progress
    19520 / 30000
Saving Progress
    19530 / 30000
Saving Progress
    19540 / 30000
Saving Progress
    19550 / 30000
Saving Progress
    19560 / 30000
    19560 / 30000
Saving Progress
    19570 / 30000
Saving Progress
    19580 / 30000
Saving Progress
    19590 / 30000
Saving Progress
    19600 / 30000
Saving Progress
    19610 / 30000
Saving Progress
    19620 / 30000
    19620 / 30000
Saving Progress
    19630 / 30000
Saving Progress
    19640 / 30000
Saving Progress
    19650 / 30000
Saving Progress
    19660 / 30000
Saving Progress
    19670 / 30000
Saving Progress
    19680 / 30000
    19680 / 30000
Saving Progress
    19690 / 30000
Saving Progress
    19700 / 30000
Saving Progress
    19710 / 30000
Saving Progress
    19720 / 30000
Saving Progress
    19730 / 30000
Saving Progress
    19740 / 30000
    19740 / 30000
Saving Progress
    19750 / 30000
Saving Progress
    19760 / 30000
Saving Progress
    19770 / 30000
Saving Progress
    19780 / 30000
Saving Progress
    19790 / 30000
Saving Progress
    19800 / 30000
    19800 / 30000
Saving Progress
    19810 / 30000
Saving Progress
    19820 / 30000
Saving Progress
    19830 / 30000
Saving Progress
    19840 / 30000
Saving Progress
    19850 / 30000
Saving Progress
    19860 / 30000
    19860 / 30000
Saving Progress
    19870 / 30000
Saving Progress
    19880 / 30000
Saving Progress
    19890 / 30000
Saving Progress
    19900 / 30000
Saving Progress
    19910 / 30000
Saving Progress
    19920 / 30000
    19920 / 30000
Saving Progress
    19930 / 30000
Saving Progress
    19940 / 30000
Saving Progress
    19950 / 30000
Saving Progress
    19960 / 30000
Saving Progress
    19970 / 30000
Saving Progress
    19980 / 30000
    19980 / 30000
Saving Progress
    19990 / 30000
Saving Progress
    20000 / 30000
Saving Progress
    20010 / 30000
Saving Progress
    20020 / 30000
Saving Progress
    20030 / 30000
Saving Progress
    20040 / 30000
    20040 / 30000
Saving Progress
    20050 / 30000
Saving Progress
    20060 / 30000
Saving Progress
    20070 / 30000
Saving Progress
    20080 / 30000
Saving Progress
    20090 / 30000
Saving Progress
    20100 / 30000
    20100 / 30000
Saving Progress
    20110 / 30000
Saving Progress
    20120 / 30000
Saving Progress
    20130 / 30000
Saving Progress
    20140 / 30000
Saving Progress
    20150 / 30000
Saving Progress
    20160 / 30000
    20160 / 30000
Saving Progress
    20170 / 30000
Saving Progress
    20180 / 30000
Saving Progress
    20190 / 30000
Saving Progress
    20200 / 30000
Saving Progress
    20210 / 30000
Saving Progress
    20220 / 30000
    20220 / 30000
Saving Progress
    20230 / 30000
Saving Progress
    20240 / 30000
Saving Progress
    20250 / 30000
Saving Progress
    20260 / 30000
Saving Progress
    20270 / 30000
Saving Progress
    20280 / 30000
    20280 / 30000
Saving Progress
    20290 / 30000
Saving Progress
    20300 / 30000
Saving Progress
    20310 / 30000
Saving Progress
    20320 / 30000
Saving Progress
    20330 / 30000
Saving Progress
    20340 / 30000
    20340 / 30000
Saving Progress
    20350 / 30000
Saving Progress
    20360 / 30000
Saving Progress
    20370 / 30000
Saving Progress
    20380 / 30000
Saving Progress
    20390 / 30000
Saving Progress
    20400 / 30000
    20400 / 30000
Saving Progress
    20410 / 30000
Saving Progress
    20420 / 30000
Saving Progress
    20430 / 30000
Saving Progress
    20440 / 30000
Saving Progress
    20450 / 30000
Saving Progress
    20460 / 30000
    20460 / 30000
Saving Progress
    20470 / 30000
Saving Progress
    20480 / 30000
Saving Progress
    20490 / 30000
Saving Progress
    20500 / 30000
Saving Progress
    20510 / 30000
Saving Progress
    20520 / 30000
    20520 / 30000
Saving Progress
    20530 / 30000
Saving Progress
    20540 / 30000
Saving Progress
    20550 / 30000
Saving Progress
    20560 / 30000
Saving Progress
    20570 / 30000
Saving Progress
    20580 / 30000
    20580 / 30000
Saving Progress
    20590 / 30000
Saving Progress
    20600 / 30000
Saving Progress
    20610 / 30000
Saving Progress
    20620 / 30000
Saving Progress
    20630 / 30000
Saving Progress
    20640 / 30000
    20640 / 30000
Saving Progress
    20650 / 30000
Saving Progress
    20660 / 30000
Saving Progress
    20670 / 30000
Saving Progress
    20680 / 30000
Saving Progress
    20690 / 30000
Saving Progress
    20700 / 30000
    20700 / 30000
Saving Progress
    20710 / 30000
Saving Progress
    20720 / 30000
Saving Progress
    20730 / 30000
Saving Progress
    20740 / 30000
Saving Progress
    20750 / 30000
Saving Progress
    20760 / 30000
    20760 / 30000
Saving Progress
    20770 / 30000
Saving Progress
    20780 / 30000
Saving Progress
    20790 / 30000
Saving Progress
    20800 / 30000
Saving Progress
    20810 / 30000
Saving Progress
    20820 / 30000
    20820 / 30000
Saving Progress
    20830 / 30000
Saving Progress
    20840 / 30000
Saving Progress
    20850 / 30000
Saving Progress
    20860 / 30000
Saving Progress
    20870 / 30000
Saving Progress
    20880 / 30000
    20880 / 30000
Saving Progress
    20890 / 30000
Saving Progress
    20900 / 30000
Saving Progress
    20910 / 30000
Saving Progress
    20920 / 30000
Saving Progress
    20930 / 30000
Saving Progress
    20940 / 30000
    20940 / 30000
Saving Progress
    20950 / 30000
Saving Progress
    20960 / 30000
Saving Progress
    20970 / 30000
Saving Progress
    20980 / 30000
Saving Progress
    20990 / 30000
Saving Progress
    21000 / 30000
    21000 / 30000
Saving Progress
    21010 / 30000
Saving Progress
    21020 / 30000
Saving Progress
    21030 / 30000
Saving Progress
    21040 / 30000
Saving Progress
    21050 / 30000
Saving Progress
    21060 / 30000
    21060 / 30000
Saving Progress
    21070 / 30000
Saving Progress
    21080 / 30000
Saving Progress
    21090 / 30000
Saving Progress
    21100 / 30000
Saving Progress
    21110 / 30000
Saving Progress
    21120 / 30000
    21120 / 30000
Saving Progress
    21130 / 30000
Saving Progress
    21140 / 30000
Saving Progress
    21150 / 30000
Saving Progress
    21160 / 30000
Saving Progress
    21170 / 30000
Saving Progress
    21180 / 30000
    21180 / 30000
Saving Progress
    21190 / 30000
Saving Progress
    21200 / 30000
Saving Progress
    21210 / 30000
Saving Progress
    21220 / 30000
Saving Progress
    21230 / 30000
Saving Progress
    21240 / 30000
    21240 / 30000
Saving Progress
    21250 / 30000
Saving Progress
    21260 / 30000
Saving Progress
    21270 / 30000
Saving Progress
    21280 / 30000
Saving Progress
    21290 / 30000
Saving Progress
    21300 / 30000
    21300 / 30000
Saving Progress
    21310 / 30000
Saving Progress
    21320 / 30000
Saving Progress
    21330 / 30000
Saving Progress
    21340 / 30000
Saving Progress
    21350 / 30000
Saving Progress
    21360 / 30000
    21360 / 30000
Saving Progress
    21370 / 30000
Saving Progress
    21380 / 30000
Saving Progress
    21390 / 30000
Saving Progress
    21400 / 30000
Saving Progress
    21410 / 30000
Saving Progress
    21420 / 30000
    21420 / 30000
Saving Progress
    21430 / 30000
Saving Progress
    21440 / 30000
Saving Progress
    21450 / 30000
Saving Progress
    21460 / 30000
Saving Progress
    21470 / 30000
Saving Progress
    21480 / 30000
    21480 / 30000
Saving Progress
    21490 / 30000
Saving Progress
    21500 / 30000
Saving Progress
    21510 / 30000
Saving Progress
    21520 / 30000
Saving Progress
    21530 / 30000
Saving Progress
    21540 / 30000
    21540 / 30000
Saving Progress
    21550 / 30000
Saving Progress
    21560 / 30000
Saving Progress
    21570 / 30000
Saving Progress
    21580 / 30000
Saving Progress
    21590 / 30000
Saving Progress
    21600 / 30000
    21600 / 30000
Saving Progress
    21610 / 30000
Saving Progress
    21620 / 30000
Saving Progress
    21630 / 30000
Saving Progress
    21640 / 30000
Saving Progress
    21650 / 30000
Saving Progress
    21660 / 30000
    21660 / 30000
Saving Progress
    21670 / 30000
Saving Progress
    21680 / 30000
Saving Progress
    21690 / 30000
Saving Progress
    21700 / 30000
Saving Progress
    21710 / 30000
Saving Progress
    21720 / 30000
    21720 / 30000
Saving Progress
    21730 / 30000
Saving Progress
    21740 / 30000
Saving Progress
    21750 / 30000
Saving Progress
    21760 / 30000
Saving Progress
    21770 / 30000
Saving Progress
    21780 / 30000
    21780 / 30000
Saving Progress
    21790 / 30000
Saving Progress
    21800 / 30000
Saving Progress
    21810 / 30000
Saving Progress
    21820 / 30000
Saving Progress
    21830 / 30000
Saving Progress
    21840 / 30000
    21840 / 30000
Saving Progress
    21850 / 30000
Saving Progress
    21860 / 30000
Saving Progress
    21870 / 30000
Saving Progress
    21880 / 30000
Saving Progress
    21890 / 30000
Saving Progress
    21900 / 30000
    21900 / 30000
Saving Progress
    21910 / 30000
Saving Progress
    21920 / 30000
Saving Progress
    21930 / 30000
Saving Progress
    21940 / 30000
Saving Progress
    21950 / 30000
Saving Progress
    21960 / 30000
    21960 / 30000
Saving Progress
    21970 / 30000
Saving Progress
    21980 / 30000
Saving Progress
    21990 / 30000
Saving Progress
    22000 / 30000
Saving Progress
    22010 / 30000
Saving Progress
    22020 / 30000
    22020 / 30000
Saving Progress
    22030 / 30000
Saving Progress
    22040 / 30000
Saving Progress
    22050 / 30000
Saving Progress
    22060 / 30000
Saving Progress
    22070 / 30000
Saving Progress
    22080 / 30000
    22080 / 30000
Saving Progress
    22090 / 30000
Saving Progress
    22100 / 30000
Saving Progress
    22110 / 30000
Saving Progress
    22120 / 30000
Saving Progress
    22130 / 30000
Saving Progress
    22140 / 30000
    22140 / 30000
Saving Progress
    22150 / 30000
Saving Progress
    22160 / 30000
Saving Progress
    22170 / 30000
Saving Progress
    22180 / 30000
Saving Progress
    22190 / 30000
Saving Progress
    22200 / 30000
    22200 / 30000
Saving Progress
    22210 / 30000
Saving Progress
    22220 / 30000
Saving Progress
    22230 / 30000
Saving Progress
    22240 / 30000
Saving Progress
    22250 / 30000
Saving Progress
    22260 / 30000
    22260 / 30000
Saving Progress
    22270 / 30000
Saving Progress
    22280 / 30000
Saving Progress
    22290 / 30000
Saving Progress
    22300 / 30000
Saving Progress
    22310 / 30000
Saving Progress
    22320 / 30000
    22320 / 30000
Saving Progress
    22330 / 30000
Saving Progress
    22340 / 30000
Saving Progress
    22350 / 30000
Saving Progress
    22360 / 30000
Saving Progress
    22370 / 30000
Saving Progress
    22380 / 30000
    22380 / 30000
Saving Progress
    22390 / 30000
Saving Progress
    22400 / 30000
Saving Progress
    22410 / 30000
Saving Progress
    22420 / 30000
Saving Progress
    22430 / 30000
Saving Progress
    22440 / 30000
    22440 / 30000
Saving Progress
    22450 / 30000
Saving Progress
    22460 / 30000
Saving Progress
    22470 / 30000
Saving Progress
    22480 / 30000
Saving Progress
    22490 / 30000
Saving Progress
    22500 / 30000
    22500 / 30000
Saving Progress
    22510 / 30000
Saving Progress
    22520 / 30000
Saving Progress
    22530 / 30000
Saving Progress
    22540 / 30000
Saving Progress
    22550 / 30000
Saving Progress
    22560 / 30000
    22560 / 30000
Saving Progress
    22570 / 30000
Saving Progress
    22580 / 30000
Saving Progress
    22590 / 30000
Saving Progress
    22600 / 30000
Saving Progress
    22610 / 30000
Saving Progress
    22620 / 30000
    22620 / 30000
Saving Progress
    22630 / 30000
Saving Progress
    22640 / 30000
Saving Progress
    22650 / 30000
Saving Progress
    22660 / 30000
Saving Progress
    22670 / 30000
Saving Progress
    22680 / 30000
    22680 / 30000
Saving Progress
    22690 / 30000
Saving Progress
    22700 / 30000
Saving Progress
    22710 / 30000
Saving Progress
    22720 / 30000
Saving Progress
    22730 / 30000
Saving Progress
    22740 / 30000
    22740 / 30000
Saving Progress
    22750 / 30000
Saving Progress
    22760 / 30000
Saving Progress
    22770 / 30000
Saving Progress
    22780 / 30000
Saving Progress
    22790 / 30000
Saving Progress
    22800 / 30000
    22800 / 30000
Saving Progress
    22810 / 30000
Saving Progress
    22820 / 30000
Saving Progress
    22830 / 30000
Saving Progress
    22840 / 30000
Saving Progress
    22850 / 30000
Saving Progress
    22860 / 30000
    22860 / 30000
Saving Progress
    22870 / 30000
Saving Progress
    22880 / 30000
Saving Progress
    22890 / 30000
Saving Progress
    22900 / 30000
Saving Progress
    22910 / 30000
Saving Progress
    22920 / 30000
    22920 / 30000
Saving Progress
    22930 / 30000
Saving Progress
    22940 / 30000
Saving Progress
    22950 / 30000
Saving Progress
    22960 / 30000
Saving Progress
    22970 / 30000
Saving Progress
    22980 / 30000
    22980 / 30000
Saving Progress
    22990 / 30000
Saving Progress
    23000 / 30000
Saving Progress
    23010 / 30000
Saving Progress
    23020 / 30000
Saving Progress
    23030 / 30000
Saving Progress
    23040 / 30000
    23040 / 30000
Saving Progress
    23050 / 30000
Saving Progress
    23060 / 30000
Saving Progress
    23070 / 30000
Saving Progress
    23080 / 30000
Saving Progress
    23090 / 30000
Saving Progress
    23100 / 30000
    23100 / 30000
Saving Progress
    23110 / 30000
Saving Progress
    23120 / 30000
Saving Progress
    23130 / 30000
Saving Progress
    23140 / 30000
Saving Progress
    23150 / 30000
Saving Progress
    23160 / 30000
    23160 / 30000
Saving Progress
    23170 / 30000
Saving Progress
    23180 / 30000
Saving Progress
    23190 / 30000
Saving Progress
    23200 / 30000
Saving Progress
    23210 / 30000
Saving Progress
    23220 / 30000
    23220 / 30000
Saving Progress
    23230 / 30000
Saving Progress
    23240 / 30000
Saving Progress
    23250 / 30000
Saving Progress
    23260 / 30000
Saving Progress
    23270 / 30000
Saving Progress
    23280 / 30000
    23280 / 30000
Saving Progress
    23290 / 30000
Saving Progress
    23300 / 30000
Saving Progress
    23310 / 30000
Saving Progress
    23320 / 30000
Saving Progress
    23330 / 30000
Saving Progress
    23340 / 30000
    23340 / 30000
Saving Progress
    23350 / 30000
Saving Progress
    23360 / 30000
Saving Progress
    23370 / 30000
Saving Progress
    23380 / 30000
Saving Progress
    23390 / 30000
Saving Progress
    23400 / 30000
    23400 / 30000
Saving Progress
    23410 / 30000
Saving Progress
    23420 / 30000
Saving Progress
    23430 / 30000
Saving Progress
    23440 / 30000
Saving Progress
    23450 / 30000
Saving Progress
    23460 / 30000
    23460 / 30000
Saving Progress
    23470 / 30000
Saving Progress
    23480 / 30000
Saving Progress
    23490 / 30000
Saving Progress
    23500 / 30000
Saving Progress
    23510 / 30000
Saving Progress
    23520 / 30000
    23520 / 30000
Saving Progress
    23530 / 30000
Saving Progress
    23540 / 30000
Saving Progress
    23550 / 30000
Saving Progress
    23560 / 30000
Saving Progress
    23570 / 30000
Saving Progress
    23580 / 30000
    23580 / 30000
Saving Progress
    23590 / 30000
Saving Progress
    23600 / 30000
Saving Progress
    23610 / 30000
Saving Progress
    23620 / 30000
Saving Progress
    23630 / 30000
Saving Progress
    23640 / 30000
    23640 / 30000
Saving Progress
    23650 / 30000
Saving Progress
    23660 / 30000
Saving Progress
    23670 / 30000
Saving Progress
    23680 / 30000
Saving Progress
    23690 / 30000
Saving Progress
    23700 / 30000
    23700 / 30000
Saving Progress
    23710 / 30000
Saving Progress
    23720 / 30000
Saving Progress
    23730 / 30000
Saving Progress
    23740 / 30000
Saving Progress
    23750 / 30000
Saving Progress
    23760 / 30000
    23760 / 30000
Saving Progress
    23770 / 30000
Saving Progress
    23780 / 30000
Saving Progress
    23790 / 30000
Saving Progress
    23800 / 30000
Saving Progress
    23810 / 30000
Saving Progress
    23820 / 30000
    23820 / 30000
Saving Progress
    23830 / 30000
Saving Progress
    23840 / 30000
Saving Progress
    23850 / 30000
Saving Progress
    23860 / 30000
Saving Progress
    23870 / 30000
Saving Progress
    23880 / 30000
    23880 / 30000
Saving Progress
    23890 / 30000
Saving Progress
    23900 / 30000
Saving Progress
    23910 / 30000
Saving Progress
    23920 / 30000
Saving Progress
    23930 / 30000
Saving Progress
    23940 / 30000
    23940 / 30000
Saving Progress
    23950 / 30000
Saving Progress
    23960 / 30000
Saving Progress
    23970 / 30000
Saving Progress
    23980 / 30000
Saving Progress
    23990 / 30000
Saving Progress
    24000 / 30000
    24000 / 30000
Saving Progress
    24010 / 30000
Saving Progress
    24020 / 30000
Saving Progress
    24030 / 30000
Saving Progress
    24040 / 30000
Saving Progress
    24050 / 30000
Saving Progress
    24060 / 30000
    24060 / 30000
Saving Progress
    24070 / 30000
Saving Progress
    24080 / 30000
Saving Progress
    24090 / 30000
Saving Progress
    24100 / 30000
Saving Progress
    24110 / 30000
Saving Progress
    24120 / 30000
    24120 / 30000
Saving Progress
    24130 / 30000
Saving Progress
    24140 / 30000
Saving Progress
    24150 / 30000
Saving Progress
    24160 / 30000
Saving Progress
    24170 / 30000
Saving Progress
    24180 / 30000
    24180 / 30000
Saving Progress
    24190 / 30000
Saving Progress
    24200 / 30000
Saving Progress
    24210 / 30000
Saving Progress
    24220 / 30000
Saving Progress
    24230 / 30000
Saving Progress
    24240 / 30000
    24240 / 30000
Saving Progress
    24250 / 30000
Saving Progress
    24260 / 30000
Saving Progress
    24270 / 30000
Saving Progress
    24280 / 30000
Saving Progress
    24290 / 30000
Saving Progress
    24300 / 30000
    24300 / 30000
Saving Progress
    24310 / 30000
Saving Progress
    24320 / 30000
Saving Progress
    24330 / 30000
Saving Progress
    24340 / 30000
Saving Progress
    24350 / 30000
Saving Progress
    24360 / 30000
    24360 / 30000
Saving Progress
    24370 / 30000
Saving Progress
    24380 / 30000
Saving Progress
    24390 / 30000
Saving Progress
    24400 / 30000
Saving Progress
    24410 / 30000
Saving Progress
    24420 / 30000
    24420 / 30000
Saving Progress
    24430 / 30000
Saving Progress
    24440 / 30000
Saving Progress
    24450 / 30000
Saving Progress
    24460 / 30000
Saving Progress
    24470 / 30000
Saving Progress
    24480 / 30000
    24480 / 30000
Saving Progress
    24490 / 30000
Saving Progress
    24500 / 30000
Saving Progress
    24510 / 30000
Saving Progress
    24520 / 30000
Saving Progress
    24530 / 30000
Saving Progress
    24540 / 30000
    24540 / 30000
Saving Progress
    24550 / 30000
Saving Progress
    24560 / 30000
Saving Progress
    24570 / 30000
Saving Progress
    24580 / 30000
Saving Progress
    24590 / 30000
Saving Progress
    24600 / 30000
    24600 / 30000
Saving Progress
    24610 / 30000
Saving Progress
    24620 / 30000
Saving Progress
    24630 / 30000
Saving Progress
    24640 / 30000
Saving Progress
    24650 / 30000
Saving Progress
    24660 / 30000
    24660 / 30000
Saving Progress
    24670 / 30000
Saving Progress
    24680 / 30000
Saving Progress
    24690 / 30000
Saving Progress
    24700 / 30000
Saving Progress
    24710 / 30000
Saving Progress
    24720 / 30000
    24720 / 30000
Saving Progress
    24730 / 30000
Saving Progress
    24740 / 30000
Saving Progress
    24750 / 30000
Saving Progress
    24760 / 30000
Saving Progress
    24770 / 30000
Saving Progress
    24780 / 30000
    24780 / 30000
Saving Progress
    24790 / 30000
Saving Progress
    24800 / 30000
Saving Progress
    24810 / 30000
Saving Progress
    24820 / 30000
Saving Progress
    24830 / 30000
Saving Progress
    24840 / 30000
    24840 / 30000
Saving Progress
    24850 / 30000
Saving Progress
    24860 / 30000
Saving Progress
    24870 / 30000
Saving Progress
    24880 / 30000
Saving Progress
    24890 / 30000
Saving Progress
    24900 / 30000
    24900 / 30000
Saving Progress
    24910 / 30000
Saving Progress
    24920 / 30000
Saving Progress
    24930 / 30000
Saving Progress
    24940 / 30000
Saving Progress
    24950 / 30000
Saving Progress
    24960 / 30000
    24960 / 30000
Saving Progress
    24970 / 30000
Saving Progress
    24980 / 30000
Saving Progress
    24990 / 30000
Saving Progress
    25000 / 30000
Saving Progress
    25010 / 30000
Saving Progress
    25020 / 30000
    25020 / 30000
Saving Progress
    25030 / 30000
Saving Progress
    25040 / 30000
Saving Progress
    25050 / 30000
Saving Progress
    25060 / 30000
Saving Progress
    25070 / 30000
Saving Progress
    25080 / 30000
    25080 / 30000
Saving Progress
    25090 / 30000
Saving Progress
    25100 / 30000
Saving Progress
    25110 / 30000
Saving Progress
    25120 / 30000
Saving Progress
    25130 / 30000
Saving Progress
    25140 / 30000
    25140 / 30000
Saving Progress
    25150 / 30000
Saving Progress
    25160 / 30000
Saving Progress
    25170 / 30000
Saving Progress
    25180 / 30000
Saving Progress
    25190 / 30000
Saving Progress
    25200 / 30000
    25200 / 30000
Saving Progress
    25210 / 30000
Saving Progress
    25220 / 30000
Saving Progress
    25230 / 30000
Saving Progress
    25240 / 30000
Saving Progress
    25250 / 30000
Saving Progress
    25260 / 30000
    25260 / 30000
Saving Progress
    25270 / 30000
Saving Progress
    25280 / 30000
Saving Progress
    25290 / 30000
Saving Progress
    25300 / 30000
Saving Progress
    25310 / 30000
Saving Progress
    25320 / 30000
    25320 / 30000
Saving Progress
    25330 / 30000
Saving Progress
    25340 / 30000
Saving Progress
    25350 / 30000
Saving Progress
    25360 / 30000
Saving Progress
    25370 / 30000
Saving Progress
    25380 / 30000
    25380 / 30000
Saving Progress
    25390 / 30000
Saving Progress
    25400 / 30000
Saving Progress
    25410 / 30000
Saving Progress
    25420 / 30000
Saving Progress
    25430 / 30000
Saving Progress
    25440 / 30000
    25440 / 30000
Saving Progress
    25450 / 30000
Saving Progress
    25460 / 30000
Saving Progress
    25470 / 30000
Saving Progress
    25480 / 30000
Saving Progress
    25490 / 30000
Saving Progress
    25500 / 30000
    25500 / 30000
Saving Progress
    25510 / 30000
Saving Progress
    25520 / 30000
Saving Progress
    25530 / 30000
Saving Progress
    25540 / 30000
Saving Progress
    25550 / 30000
Saving Progress
    25560 / 30000
    25560 / 30000
Saving Progress
    25570 / 30000
Saving Progress
    25580 / 30000
Saving Progress
    25590 / 30000
Saving Progress
    25600 / 30000
Saving Progress
    25610 / 30000
Saving Progress
    25620 / 30000
    25620 / 30000
Saving Progress
    25630 / 30000
Saving Progress
    25640 / 30000
Saving Progress
    25650 / 30000
Saving Progress
    25660 / 30000
Saving Progress
    25670 / 30000
Saving Progress
    25680 / 30000
    25680 / 30000
Saving Progress
    25690 / 30000
Saving Progress
    25700 / 30000
Saving Progress
    25710 / 30000
Saving Progress
    25720 / 30000
Saving Progress
    25730 / 30000
Saving Progress
    25740 / 30000
    25740 / 30000
Saving Progress
    25750 / 30000
Saving Progress
    25760 / 30000
Saving Progress
    25770 / 30000
Saving Progress
    25780 / 30000
Saving Progress
    25790 / 30000
Saving Progress
    25800 / 30000
    25800 / 30000
Saving Progress
    25810 / 30000
Saving Progress
    25820 / 30000
Saving Progress
    25830 / 30000
Saving Progress
    25840 / 30000
Saving Progress
    25850 / 30000
Saving Progress
    25860 / 30000
    25860 / 30000
Saving Progress
    25870 / 30000
Saving Progress
    25880 / 30000
Saving Progress
    25890 / 30000
Saving Progress
    25900 / 30000
Saving Progress
    25910 / 30000
Saving Progress
    25920 / 30000
    25920 / 30000
Saving Progress
    25930 / 30000
Saving Progress
    25940 / 30000
Saving Progress
    25950 / 30000
Saving Progress
    25960 / 30000
Saving Progress
    25970 / 30000
Saving Progress
    25980 / 30000
    25980 / 30000
Saving Progress
    25990 / 30000
Saving Progress
    26000 / 30000
Saving Progress
    26010 / 30000
Saving Progress
    26020 / 30000
Saving Progress
    26030 / 30000
Saving Progress
    26040 / 30000
    26040 / 30000
Saving Progress
    26050 / 30000
Saving Progress
    26060 / 30000
Saving Progress
    26070 / 30000
Saving Progress
    26080 / 30000
Saving Progress
    26090 / 30000
Saving Progress
    26100 / 30000
    26100 / 30000
Saving Progress
    26110 / 30000
Saving Progress
    26120 / 30000
Saving Progress
    26130 / 30000
Saving Progress
    26140 / 30000
Saving Progress
    26150 / 30000
Saving Progress
    26160 / 30000
    26160 / 30000
Saving Progress
    26170 / 30000
Saving Progress
    26180 / 30000
Saving Progress
    26190 / 30000
Saving Progress
    26200 / 30000
Saving Progress
    26210 / 30000
Saving Progress
    26220 / 30000
    26220 / 30000
Saving Progress
    26230 / 30000
Saving Progress
    26240 / 30000
Saving Progress
    26250 / 30000
Saving Progress
    26260 / 30000
Saving Progress
    26270 / 30000
Saving Progress
    26280 / 30000
    26280 / 30000
Saving Progress
    26290 / 30000
Saving Progress
    26300 / 30000
Saving Progress
    26310 / 30000
Saving Progress
    26320 / 30000
Saving Progress
    26330 / 30000
Saving Progress
    26340 / 30000
    26340 / 30000
Saving Progress
    26350 / 30000
Saving Progress
    26360 / 30000
Saving Progress
    26370 / 30000
Saving Progress
    26380 / 30000
Saving Progress
    26390 / 30000
Saving Progress
    26400 / 30000
    26400 / 30000
Saving Progress
    26410 / 30000
Saving Progress
    26420 / 30000
Saving Progress
    26430 / 30000
Saving Progress
    26440 / 30000
Saving Progress
    26450 / 30000
Saving Progress
    26460 / 30000
    26460 / 30000
Saving Progress
    26470 / 30000
Saving Progress
    26480 / 30000
Saving Progress
    26490 / 30000
Saving Progress
    26500 / 30000
Saving Progress
    26510 / 30000
Saving Progress
    26520 / 30000
    26520 / 30000
Saving Progress
    26530 / 30000
Saving Progress
    26540 / 30000
Saving Progress
    26550 / 30000
Saving Progress
    26560 / 30000
Saving Progress
    26570 / 30000
Saving Progress
    26580 / 30000
    26580 / 30000
Saving Progress
    26590 / 30000
Saving Progress
    26600 / 30000
Saving Progress
    26610 / 30000
Saving Progress
    26620 / 30000
Saving Progress
    26630 / 30000
Saving Progress
    26640 / 30000
    26640 / 30000
Saving Progress
    26650 / 30000
Saving Progress
    26660 / 30000
Saving Progress
    26670 / 30000
Saving Progress
    26680 / 30000
Saving Progress
    26690 / 30000
Saving Progress
    26700 / 30000
    26700 / 30000
Saving Progress
    26710 / 30000
Saving Progress
    26720 / 30000
Saving Progress
    26730 / 30000
Saving Progress
    26740 / 30000
Saving Progress
    26750 / 30000
Saving Progress
    26760 / 30000
    26760 / 30000
Saving Progress
    26770 / 30000
Saving Progress
    26780 / 30000
Saving Progress
    26790 / 30000
Saving Progress
    26800 / 30000
Saving Progress
    26810 / 30000
Saving Progress
    26820 / 30000
    26820 / 30000
Saving Progress
    26830 / 30000
Saving Progress
    26840 / 30000
Saving Progress
    26850 / 30000
Saving Progress
    26860 / 30000
Saving Progress
    26870 / 30000
Saving Progress
    26880 / 30000
    26880 / 30000
Saving Progress
    26890 / 30000
Saving Progress
    26900 / 30000
Saving Progress
    26910 / 30000
Saving Progress
    26920 / 30000
Saving Progress
    26930 / 30000
Saving Progress
    26940 / 30000
    26940 / 30000
Saving Progress
    26950 / 30000
Saving Progress
    26960 / 30000
Saving Progress
    26970 / 30000
Saving Progress
    26980 / 30000
Saving Progress
    26990 / 30000
Saving Progress
    27000 / 30000
    27000 / 30000
Saving Progress
    27010 / 30000
Saving Progress
    27020 / 30000
Saving Progress
    27030 / 30000
Saving Progress
    27040 / 30000
Saving Progress
    27050 / 30000
Saving Progress
    27060 / 30000
    27060 / 30000
Saving Progress
    27070 / 30000
Saving Progress
    27080 / 30000
Saving Progress
    27090 / 30000
Saving Progress
    27100 / 30000
Saving Progress
    27110 / 30000
Saving Progress
    27120 / 30000
    27120 / 30000
Saving Progress
    27130 / 30000
Saving Progress
    27140 / 30000
Saving Progress
    27150 / 30000
Saving Progress
    27160 / 30000
Saving Progress
    27170 / 30000
Saving Progress
    27180 / 30000
    27180 / 30000
Saving Progress
    27190 / 30000
Saving Progress
    27200 / 30000
Saving Progress
    27210 / 30000
Saving Progress
    27220 / 30000
Saving Progress
    27230 / 30000
Saving Progress
    27240 / 30000
    27240 / 30000
Saving Progress
    27250 / 30000
Saving Progress
    27260 / 30000
Saving Progress
    27270 / 30000
Saving Progress
    27280 / 30000
Saving Progress
    27290 / 30000
Saving Progress
    27300 / 30000
    27300 / 30000
Saving Progress
    27310 / 30000
Saving Progress
    27320 / 30000
Saving Progress
    27330 / 30000
Saving Progress
    27340 / 30000
Saving Progress
    27350 / 30000
Saving Progress
    27360 / 30000
    27360 / 30000
Saving Progress
    27370 / 30000
Saving Progress
    27380 / 30000
Saving Progress
    27390 / 30000
Saving Progress
    27400 / 30000
Saving Progress
    27410 / 30000
Saving Progress
    27420 / 30000
    27420 / 30000
Saving Progress
    27430 / 30000
Saving Progress
    27440 / 30000
Saving Progress
    27450 / 30000
Saving Progress
    27460 / 30000
Saving Progress
    27470 / 30000
Saving Progress
    27480 / 30000
    27480 / 30000
Saving Progress
    27490 / 30000
Saving Progress
    27500 / 30000
Saving Progress
    27510 / 30000
Saving Progress
    27520 / 30000
Saving Progress
    27530 / 30000
Saving Progress
    27540 / 30000
    27540 / 30000
Saving Progress
    27550 / 30000
Saving Progress
    27560 / 30000
Saving Progress
    27570 / 30000
Saving Progress
    27580 / 30000
Saving Progress
    27590 / 30000
Saving Progress
    27600 / 30000
    27600 / 30000
Saving Progress
    27610 / 30000
Saving Progress
    27620 / 30000
Saving Progress
    27630 / 30000
Saving Progress
    27640 / 30000
Saving Progress
    27650 / 30000
Saving Progress
    27660 / 30000
    27660 / 30000
Saving Progress
    27670 / 30000
Saving Progress
    27680 / 30000
Saving Progress
    27690 / 30000
Saving Progress
    27700 / 30000
Saving Progress
    27710 / 30000
Saving Progress
    27720 / 30000
    27720 / 30000
Saving Progress
    27730 / 30000
Saving Progress
    27740 / 30000
Saving Progress
    27750 / 30000
Saving Progress
    27760 / 30000
Saving Progress
    27770 / 30000
Saving Progress
    27780 / 30000
    27780 / 30000
Saving Progress
    27790 / 30000
Saving Progress
    27800 / 30000
Saving Progress
    27810 / 30000
Saving Progress
    27820 / 30000
Saving Progress
    27830 / 30000
Saving Progress
    27840 / 30000
    27840 / 30000
Saving Progress
    27850 / 30000
Saving Progress
    27860 / 30000
Saving Progress
    27870 / 30000
Saving Progress
    27880 / 30000
Saving Progress
    27890 / 30000
Saving Progress
    27900 / 30000
    27900 / 30000
Saving Progress
    27910 / 30000
Saving Progress
    27920 / 30000
Saving Progress
    27930 / 30000
Saving Progress
    27940 / 30000
Saving Progress
    27950 / 30000
Saving Progress
    27960 / 30000
    27960 / 30000
Saving Progress
    27970 / 30000
Saving Progress
    27980 / 30000
Saving Progress
    27990 / 30000
Saving Progress
    28000 / 30000
Saving Progress
    28010 / 30000
Saving Progress
    28020 / 30000
    28020 / 30000
Saving Progress
    28030 / 30000
Saving Progress
    28040 / 30000
Saving Progress
    28050 / 30000
Saving Progress
    28060 / 30000
Saving Progress
    28070 / 30000
Saving Progress
    28080 / 30000
    28080 / 30000
Saving Progress
    28090 / 30000
Saving Progress
    28100 / 30000
Saving Progress
    28110 / 30000
Saving Progress
    28120 / 30000
Saving Progress
    28130 / 30000
Saving Progress
    28140 / 30000
    28140 / 30000
Saving Progress
    28150 / 30000
Saving Progress
    28160 / 30000
Saving Progress
    28170 / 30000
Saving Progress
    28180 / 30000
Saving Progress
    28190 / 30000
Saving Progress
    28200 / 30000
    28200 / 30000
Saving Progress
    28210 / 30000
Saving Progress
    28220 / 30000
Saving Progress
    28230 / 30000
Saving Progress
    28240 / 30000
Saving Progress
    28250 / 30000
Saving Progress
    28260 / 30000
    28260 / 30000
Saving Progress
    28270 / 30000
Saving Progress
    28280 / 30000
Saving Progress
    28290 / 30000
Saving Progress
    28300 / 30000
Saving Progress
    28310 / 30000
Saving Progress
    28320 / 30000
    28320 / 30000
Saving Progress
    28330 / 30000
Saving Progress
    28340 / 30000
Saving Progress
    28350 / 30000
Saving Progress
    28360 / 30000
Saving Progress
    28370 / 30000
Saving Progress
    28380 / 30000
    28380 / 30000
Saving Progress
    28390 / 30000
Saving Progress
    28400 / 30000
Saving Progress
    28410 / 30000
Saving Progress
    28420 / 30000
Saving Progress
    28430 / 30000
Saving Progress
    28440 / 30000
    28440 / 30000
Saving Progress
    28450 / 30000
Saving Progress
    28460 / 30000
Saving Progress
    28470 / 30000
Saving Progress
    28480 / 30000
Saving Progress
    28490 / 30000
Saving Progress
    28500 / 30000
    28500 / 30000
Saving Progress
    28510 / 30000
Saving Progress
    28520 / 30000
Saving Progress
    28530 / 30000
Saving Progress
    28540 / 30000
Saving Progress
    28550 / 30000
Saving Progress
    28560 / 30000
    28560 / 30000
Saving Progress
    28570 / 30000
Saving Progress
    28580 / 30000
Saving Progress
    28590 / 30000
Saving Progress
    28600 / 30000
Saving Progress
    28610 / 30000
Saving Progress
    28620 / 30000
    28620 / 30000
Saving Progress
    28630 / 30000
Saving Progress
    28640 / 30000
Saving Progress
    28650 / 30000
Saving Progress
    28660 / 30000
Saving Progress
    28670 / 30000
Saving Progress
    28680 / 30000
    28680 / 30000
Saving Progress
    28690 / 30000
Saving Progress
    28700 / 30000
Saving Progress
    28710 / 30000
Saving Progress
    28720 / 30000
Saving Progress
    28730 / 30000
Saving Progress
    28740 / 30000
    28740 / 30000
Saving Progress
    28750 / 30000
Saving Progress
    28760 / 30000
Saving Progress
    28770 / 30000
Saving Progress
    28780 / 30000
Saving Progress
    28790 / 30000
Saving Progress
    28800 / 30000
    28800 / 30000
Saving Progress
    28810 / 30000
Saving Progress
    28820 / 30000
Saving Progress
    28830 / 30000
Saving Progress
    28840 / 30000
Saving Progress
    28850 / 30000
Saving Progress
    28860 / 30000
    28860 / 30000
Saving Progress
    28870 / 30000
Saving Progress
    28880 / 30000
Saving Progress
    28890 / 30000
Saving Progress
    28900 / 30000
Saving Progress
    28910 / 30000
Saving Progress
    28920 / 30000
    28920 / 30000
Saving Progress
    28930 / 30000
Saving Progress
    28940 / 30000
Saving Progress
    28950 / 30000
Saving Progress
    28960 / 30000
Saving Progress
    28970 / 30000
Saving Progress
    28980 / 30000
    28980 / 30000
Saving Progress
    28990 / 30000
Saving Progress
    29000 / 30000
Saving Progress
    29010 / 30000
Saving Progress
    29020 / 30000
Saving Progress
    29030 / 30000
Saving Progress
    29040 / 30000
    29040 / 30000
Saving Progress
    29050 / 30000
Saving Progress
    29060 / 30000
Saving Progress
    29070 / 30000
Saving Progress
    29080 / 30000
Saving Progress
    29090 / 30000
Saving Progress
    29100 / 30000
    29100 / 30000
Saving Progress
    29110 / 30000
Saving Progress
    29120 / 30000
Saving Progress
    29130 / 30000
Saving Progress
    29140 / 30000
Saving Progress
    29150 / 30000
Saving Progress
    29160 / 30000
    29160 / 30000
Saving Progress
    29170 / 30000
Saving Progress
    29180 / 30000
Saving Progress
    29190 / 30000
Saving Progress
    29200 / 30000
Saving Progress
    29210 / 30000
Saving Progress
    29220 / 30000
    29220 / 30000
Saving Progress
    29230 / 30000
Saving Progress
    29240 / 30000
Saving Progress
    29250 / 30000
Saving Progress
    29260 / 30000
Saving Progress
    29270 / 30000
Saving Progress
    29280 / 30000
    29280 / 30000
Saving Progress
    29290 / 30000
Saving Progress
    29300 / 30000
Saving Progress
    29310 / 30000
Saving Progress
    29320 / 30000
Saving Progress
    29330 / 30000
Saving Progress
    29340 / 30000
    29340 / 30000
Saving Progress
    29350 / 30000
Saving Progress
    29360 / 30000
Saving Progress
    29370 / 30000
Saving Progress
    29380 / 30000
Saving Progress
    29390 / 30000
Saving Progress
    29400 / 30000
    29400 / 30000
Saving Progress
    29410 / 30000
Saving Progress
    29420 / 30000
Saving Progress
    29430 / 30000
Saving Progress
    29440 / 30000
Saving Progress
    29450 / 30000
Saving Progress
    29460 / 30000
    29460 / 30000
Saving Progress
    29470 / 30000
Saving Progress
    29480 / 30000
Saving Progress
    29490 / 30000
Saving Progress
    29500 / 30000
Saving Progress
    29510 / 30000
Saving Progress
    29520 / 30000
    29520 / 30000
Saving Progress
    29530 / 30000
Saving Progress
    29540 / 30000
Saving Progress
    29550 / 30000
Saving Progress
    29560 / 30000
Saving Progress
    29570 / 30000
Saving Progress
    29580 / 30000
    29580 / 30000
Saving Progress
    29590 / 30000
Saving Progress
    29600 / 30000
Saving Progress
    29610 / 30000
Saving Progress
    29620 / 30000
Saving Progress
    29630 / 30000
Saving Progress
    29640 / 30000
    29640 / 30000
Saving Progress
    29650 / 30000
Saving Progress
    29660 / 30000
Saving Progress
    29670 / 30000
Saving Progress
    29680 / 30000
Saving Progress
    29690 / 30000
Saving Progress
    29700 / 30000
    29700 / 30000
Saving Progress
    29710 / 30000
Saving Progress
    29720 / 30000
Saving Progress
    29730 / 30000
Saving Progress
    29740 / 30000
Saving Progress
    29750 / 30000
Saving Progress
    29760 / 30000
    29760 / 30000
Saving Progress
    29770 / 30000
Saving Progress
    29780 / 30000
Saving Progress
    29790 / 30000
Saving Progress
    29800 / 30000
Saving Progress
    29810 / 30000
Saving Progress
    29820 / 30000
    29820 / 30000
Saving Progress
    29830 / 30000
Saving Progress
    29840 / 30000
Saving Progress
    29850 / 30000
Saving Progress
    29860 / 30000
Saving Progress
    29870 / 30000
Saving Progress
    29880 / 30000
    29880 / 30000
Saving Progress
    29890 / 30000
Saving Progress
    29900 / 30000
Saving Progress
    29910 / 30000
Saving Progress
    29920 / 30000
Saving Progress
    29930 / 30000
Saving Progress
    29940 / 30000
    29940 / 30000
Saving Progress
    29950 / 30000
Saving Progress
    29960 / 30000
Saving Progress
    29970 / 30000
Saving Progress
    29980 / 30000
Saving Progress
    29990 / 30000
Saving Progress

    30000 / 30000 processed

Writing Histograms
Time elapsed during RAINIER execution: 8.500e+02 sec
